
dhry.elf:     file format elf32-littleriscv


Disassembly of section .memory:

00000000 <start-0x10000>:
	...

00010000 <start>:
   10000:	10000537          	lui	a0,0x10000
   10004:	05300593          	li	a1,83
   10008:	05400613          	li	a2,84
   1000c:	04100693          	li	a3,65
   10010:	05200713          	li	a4,82
   10014:	00a00793          	li	a5,10
   10018:	00b52023          	sw	a1,0(a0) # 10000000 <end+0xffecc06>
   1001c:	00c52023          	sw	a2,0(a0)
   10020:	00d52023          	sw	a3,0(a0)
   10024:	00e52023          	sw	a4,0(a0)
   10028:	00c52023          	sw	a2,0(a0)
   1002c:	00f52023          	sw	a5,0(a0)
   10030:	00000537          	lui	a0,0x0
   10034:	00000517          	auipc	a0,0x0
   10038:	00051513          	slli	a0,a0,0x0
   1003c:	01f51513          	slli	a0,a0,0x1f
   10040:	00000593          	li	a1,0
   10044:	00b51533          	sll	a0,a0,a1
   10048:	01f00593          	li	a1,31
   1004c:	00b51533          	sll	a0,a0,a1
   10050:	00010137          	lui	sp,0x10
   10054:	2b5020ef          	jal	12b08 <main>
   10058:	10000537          	lui	a0,0x10000
   1005c:	04400593          	li	a1,68
   10060:	04f00613          	li	a2,79
   10064:	04e00693          	li	a3,78
   10068:	04500713          	li	a4,69
   1006c:	00a00793          	li	a5,10
   10070:	00b52023          	sw	a1,0(a0) # 10000000 <end+0xffecc06>
   10074:	00c52023          	sw	a2,0(a0)
   10078:	00d52023          	sw	a3,0(a0)
   1007c:	00e52023          	sw	a4,0(a0)
   10080:	00f52023          	sw	a5,0(a0)
   10084:	00100073          	ebreak

00010088 <time>:
   10088:	c0002573          	rdcycle	a0
   1008c:	00008067          	ret

00010090 <insn>:
   10090:	c0202573          	rdinstret	a0
   10094:	00008067          	ret

00010098 <iterate>:
   10098:	ff010113          	addi	sp,sp,-16 # fff0 <start-0x10>
   1009c:	01212023          	sw	s2,0(sp)
   100a0:	01c52903          	lw	s2,28(a0)
   100a4:	00812423          	sw	s0,8(sp)
   100a8:	00912223          	sw	s1,4(sp)
   100ac:	00112623          	sw	ra,12(sp)
   100b0:	00050413          	mv	s0,a0
   100b4:	02052c23          	sw	zero,56(a0)
   100b8:	02052e23          	sw	zero,60(a0)
   100bc:	00000493          	li	s1,0
   100c0:	03249063          	bne	s1,s2,100e0 <iterate+0x48>
   100c4:	00c12083          	lw	ra,12(sp)
   100c8:	00812403          	lw	s0,8(sp)
   100cc:	00412483          	lw	s1,4(sp)
   100d0:	00012903          	lw	s2,0(sp)
   100d4:	00000513          	li	a0,0
   100d8:	01010113          	addi	sp,sp,16
   100dc:	00008067          	ret
   100e0:	00100593          	li	a1,1
   100e4:	00040513          	mv	a0,s0
   100e8:	424000ef          	jal	1050c <core_bench_list>
   100ec:	03845583          	lhu	a1,56(s0)
   100f0:	210010ef          	jal	11300 <crcu16>
   100f4:	02a41c23          	sh	a0,56(s0)
   100f8:	fff00593          	li	a1,-1
   100fc:	00040513          	mv	a0,s0
   10100:	40c000ef          	jal	1050c <core_bench_list>
   10104:	03845583          	lhu	a1,56(s0)
   10108:	1f8010ef          	jal	11300 <crcu16>
   1010c:	02a41c23          	sh	a0,56(s0)
   10110:	00049463          	bnez	s1,10118 <iterate+0x80>
   10114:	02a41d23          	sh	a0,58(s0)
   10118:	00148493          	addi	s1,s1,1
   1011c:	fa5ff06f          	j	100c0 <iterate+0x28>

00010120 <cmp_idx>:
   10120:	02061e63          	bnez	a2,1015c <cmp_idx+0x3c>
   10124:	00051783          	lh	a5,0(a0)
   10128:	f007f713          	andi	a4,a5,-256
   1012c:	01079793          	slli	a5,a5,0x10
   10130:	0107d793          	srli	a5,a5,0x10
   10134:	0087d793          	srli	a5,a5,0x8
   10138:	00f767b3          	or	a5,a4,a5
   1013c:	00f51023          	sh	a5,0(a0)
   10140:	00059783          	lh	a5,0(a1)
   10144:	f007f713          	andi	a4,a5,-256
   10148:	01079793          	slli	a5,a5,0x10
   1014c:	0107d793          	srli	a5,a5,0x10
   10150:	0087d793          	srli	a5,a5,0x8
   10154:	00f767b3          	or	a5,a4,a5
   10158:	00f59023          	sh	a5,0(a1)
   1015c:	00251503          	lh	a0,2(a0)
   10160:	00259783          	lh	a5,2(a1)
   10164:	40f50533          	sub	a0,a0,a5
   10168:	00008067          	ret

0001016c <calc_func>:
   1016c:	fe010113          	addi	sp,sp,-32
   10170:	00912a23          	sw	s1,20(sp)
   10174:	00051483          	lh	s1,0(a0)
   10178:	00112e23          	sw	ra,28(sp)
   1017c:	00812c23          	sw	s0,24(sp)
   10180:	4074d793          	srai	a5,s1,0x7
   10184:	01212823          	sw	s2,16(sp)
   10188:	01312623          	sw	s3,12(sp)
   1018c:	0017f793          	andi	a5,a5,1
   10190:	02078263          	beqz	a5,101b4 <calc_func+0x48>
   10194:	07f4f513          	andi	a0,s1,127
   10198:	01c12083          	lw	ra,28(sp)
   1019c:	01812403          	lw	s0,24(sp)
   101a0:	01412483          	lw	s1,20(sp)
   101a4:	01012903          	lw	s2,16(sp)
   101a8:	00c12983          	lw	s3,12(sp)
   101ac:	02010113          	addi	sp,sp,32
   101b0:	00008067          	ret
   101b4:	4034d693          	srai	a3,s1,0x3
   101b8:	01100793          	li	a5,17
   101bc:	00f6f693          	andi	a3,a3,15
   101c0:	02f686b3          	mul	a3,a3,a5
   101c4:	0074f613          	andi	a2,s1,7
   101c8:	0385d783          	lhu	a5,56(a1)
   101cc:	00050993          	mv	s3,a0
   101d0:	00058413          	mv	s0,a1
   101d4:	01069713          	slli	a4,a3,0x10
   101d8:	41075713          	srai	a4,a4,0x10
   101dc:	02060c63          	beqz	a2,10214 <calc_func+0xa8>
   101e0:	00100693          	li	a3,1
   101e4:	00048913          	mv	s2,s1
   101e8:	06d61063          	bne	a2,a3,10248 <calc_func+0xdc>
   101ec:	00078613          	mv	a2,a5
   101f0:	00070593          	mv	a1,a4
   101f4:	02840513          	addi	a0,s0,40
   101f8:	3d1000ef          	jal	10dc8 <core_bench_matrix>
   101fc:	03c45783          	lhu	a5,60(s0)
   10200:	01051913          	slli	s2,a0,0x10
   10204:	41095913          	srai	s2,s2,0x10
   10208:	04079063          	bnez	a5,10248 <calc_func+0xdc>
   1020c:	02a41e23          	sh	a0,60(s0)
   10210:	0380006f          	j	10248 <calc_func+0xdc>
   10214:	02100613          	li	a2,33
   10218:	00d66463          	bltu	a2,a3,10220 <calc_func+0xb4>
   1021c:	02200713          	li	a4,34
   10220:	00241683          	lh	a3,2(s0)
   10224:	00041603          	lh	a2,0(s0)
   10228:	01442583          	lw	a1,20(s0)
   1022c:	01842503          	lw	a0,24(s0)
   10230:	695000ef          	jal	110c4 <core_bench_state>
   10234:	03e45783          	lhu	a5,62(s0)
   10238:	01051913          	slli	s2,a0,0x10
   1023c:	41095913          	srai	s2,s2,0x10
   10240:	00079463          	bnez	a5,10248 <calc_func+0xdc>
   10244:	02a41f23          	sh	a0,62(s0)
   10248:	03845583          	lhu	a1,56(s0)
   1024c:	01091513          	slli	a0,s2,0x10
   10250:	01055513          	srli	a0,a0,0x10
   10254:	0ac010ef          	jal	11300 <crcu16>
   10258:	02a41c23          	sh	a0,56(s0)
   1025c:	f004f493          	andi	s1,s1,-256
   10260:	07f97513          	andi	a0,s2,127
   10264:	009564b3          	or	s1,a0,s1
   10268:	0804e493          	ori	s1,s1,128
   1026c:	00999023          	sh	s1,0(s3)
   10270:	f29ff06f          	j	10198 <calc_func+0x2c>

00010274 <cmp_complex>:
   10274:	fe010113          	addi	sp,sp,-32
   10278:	00912a23          	sw	s1,20(sp)
   1027c:	00058493          	mv	s1,a1
   10280:	00060593          	mv	a1,a2
   10284:	00112e23          	sw	ra,28(sp)
   10288:	00812c23          	sw	s0,24(sp)
   1028c:	00c12623          	sw	a2,12(sp)
   10290:	eddff0ef          	jal	1016c <calc_func>
   10294:	00c12583          	lw	a1,12(sp)
   10298:	00050413          	mv	s0,a0
   1029c:	00048513          	mv	a0,s1
   102a0:	ecdff0ef          	jal	1016c <calc_func>
   102a4:	01c12083          	lw	ra,28(sp)
   102a8:	40a40533          	sub	a0,s0,a0
   102ac:	01812403          	lw	s0,24(sp)
   102b0:	01412483          	lw	s1,20(sp)
   102b4:	02010113          	addi	sp,sp,32
   102b8:	00008067          	ret

000102bc <copy_info>:
   102bc:	00059783          	lh	a5,0(a1)
   102c0:	00f51023          	sh	a5,0(a0)
   102c4:	00259783          	lh	a5,2(a1)
   102c8:	00f51123          	sh	a5,2(a0)
   102cc:	00008067          	ret

000102d0 <core_list_insert_new>:
   102d0:	00050813          	mv	a6,a0
   102d4:	00062503          	lw	a0,0(a2)
   102d8:	00850893          	addi	a7,a0,8
   102dc:	04e8f463          	bgeu	a7,a4,10324 <core_list_insert_new+0x54>
   102e0:	0006a703          	lw	a4,0(a3)
   102e4:	00470313          	addi	t1,a4,4
   102e8:	02f37e63          	bgeu	t1,a5,10324 <core_list_insert_new+0x54>
   102ec:	01162023          	sw	a7,0(a2)
   102f0:	00082783          	lw	a5,0(a6)
   102f4:	00f52023          	sw	a5,0(a0)
   102f8:	00a82023          	sw	a0,0(a6)
   102fc:	00e52223          	sw	a4,4(a0)
   10300:	0006a783          	lw	a5,0(a3)
   10304:	00059703          	lh	a4,0(a1)
   10308:	00478793          	addi	a5,a5,4
   1030c:	00f6a023          	sw	a5,0(a3)
   10310:	00452783          	lw	a5,4(a0)
   10314:	00e79023          	sh	a4,0(a5)
   10318:	00259703          	lh	a4,2(a1)
   1031c:	00e79123          	sh	a4,2(a5)
   10320:	00008067          	ret
   10324:	00000513          	li	a0,0
   10328:	00008067          	ret

0001032c <core_list_remove>:
   1032c:	00050793          	mv	a5,a0
   10330:	00052503          	lw	a0,0(a0)
   10334:	0047a703          	lw	a4,4(a5)
   10338:	00452683          	lw	a3,4(a0)
   1033c:	00d7a223          	sw	a3,4(a5)
   10340:	00e52223          	sw	a4,4(a0)
   10344:	00052703          	lw	a4,0(a0)
   10348:	00e7a023          	sw	a4,0(a5)
   1034c:	00052023          	sw	zero,0(a0)
   10350:	00008067          	ret

00010354 <core_list_undo_remove>:
   10354:	0045a683          	lw	a3,4(a1)
   10358:	00452703          	lw	a4,4(a0)
   1035c:	00d52223          	sw	a3,4(a0)
   10360:	00e5a223          	sw	a4,4(a1)
   10364:	0005a703          	lw	a4,0(a1)
   10368:	00e52023          	sw	a4,0(a0)
   1036c:	00a5a023          	sw	a0,0(a1)
   10370:	00008067          	ret

00010374 <core_list_find>:
   10374:	00259783          	lh	a5,2(a1)
   10378:	0207d063          	bgez	a5,10398 <core_list_find+0x24>
   1037c:	00050a63          	beqz	a0,10390 <core_list_find+0x1c>
   10380:	00452783          	lw	a5,4(a0)
   10384:	00059703          	lh	a4,0(a1)
   10388:	0007c783          	lbu	a5,0(a5)
   1038c:	02f71063          	bne	a4,a5,103ac <core_list_find+0x38>
   10390:	00008067          	ret
   10394:	00052503          	lw	a0,0(a0)
   10398:	fe050ce3          	beqz	a0,10390 <core_list_find+0x1c>
   1039c:	00452703          	lw	a4,4(a0)
   103a0:	00271703          	lh	a4,2(a4)
   103a4:	fef718e3          	bne	a4,a5,10394 <core_list_find+0x20>
   103a8:	00008067          	ret
   103ac:	00052503          	lw	a0,0(a0)
   103b0:	fcdff06f          	j	1037c <core_list_find+0x8>

000103b4 <core_list_reverse>:
   103b4:	00050793          	mv	a5,a0
   103b8:	00000513          	li	a0,0
   103bc:	00079463          	bnez	a5,103c4 <core_list_reverse+0x10>
   103c0:	00008067          	ret
   103c4:	0007a703          	lw	a4,0(a5)
   103c8:	00a7a023          	sw	a0,0(a5)
   103cc:	00078513          	mv	a0,a5
   103d0:	00070793          	mv	a5,a4
   103d4:	fe9ff06f          	j	103bc <core_list_reverse+0x8>

000103d8 <core_list_mergesort>:
   103d8:	fd010113          	addi	sp,sp,-48
   103dc:	01512a23          	sw	s5,20(sp)
   103e0:	00100a93          	li	s5,1
   103e4:	01312e23          	sw	s3,28(sp)
   103e8:	01712623          	sw	s7,12(sp)
   103ec:	01812423          	sw	s8,8(sp)
   103f0:	01a12023          	sw	s10,0(sp)
   103f4:	02112623          	sw	ra,44(sp)
   103f8:	02812423          	sw	s0,40(sp)
   103fc:	02912223          	sw	s1,36(sp)
   10400:	03212023          	sw	s2,32(sp)
   10404:	01412c23          	sw	s4,24(sp)
   10408:	01612823          	sw	s6,16(sp)
   1040c:	01912223          	sw	s9,4(sp)
   10410:	00058b93          	mv	s7,a1
   10414:	00060c13          	mv	s8,a2
   10418:	00050993          	mv	s3,a0
   1041c:	000a8d13          	mv	s10,s5
   10420:	00098413          	mv	s0,s3
   10424:	00000c93          	li	s9,0
   10428:	00000b13          	li	s6,0
   1042c:	00000993          	li	s3,0
   10430:	02040c63          	beqz	s0,10468 <core_list_mergesort+0x90>
   10434:	001c8c93          	addi	s9,s9,1
   10438:	00040793          	mv	a5,s0
   1043c:	00000493          	li	s1,0
   10440:	0154d863          	bge	s1,s5,10450 <core_list_mergesort+0x78>
   10444:	0007a783          	lw	a5,0(a5)
   10448:	00148493          	addi	s1,s1,1
   1044c:	fe079ae3          	bnez	a5,10440 <core_list_mergesort+0x68>
   10450:	00040913          	mv	s2,s0
   10454:	000a8a13          	mv	s4,s5
   10458:	00078413          	mv	s0,a5
   1045c:	02904863          	bgtz	s1,1048c <core_list_mergesort+0xb4>
   10460:	fd4058e3          	blez	s4,10430 <core_list_mergesort+0x58>
   10464:	00041a63          	bnez	s0,10478 <core_list_mergesort+0xa0>
   10468:	000b2023          	sw	zero,0(s6)
   1046c:	079d5263          	bge	s10,s9,104d0 <core_list_mergesort+0xf8>
   10470:	001a9a93          	slli	s5,s5,0x1
   10474:	fadff06f          	j	10420 <core_list_mergesort+0x48>
   10478:	02049c63          	bnez	s1,104b0 <core_list_mergesort+0xd8>
   1047c:	00040793          	mv	a5,s0
   10480:	fffa0a13          	addi	s4,s4,-1
   10484:	00042403          	lw	s0,0(s0)
   10488:	0180006f          	j	104a0 <core_list_mergesort+0xc8>
   1048c:	000a0463          	beqz	s4,10494 <core_list_mergesort+0xbc>
   10490:	02041063          	bnez	s0,104b0 <core_list_mergesort+0xd8>
   10494:	00090793          	mv	a5,s2
   10498:	00092903          	lw	s2,0(s2)
   1049c:	fff48493          	addi	s1,s1,-1
   104a0:	020b0463          	beqz	s6,104c8 <core_list_mergesort+0xf0>
   104a4:	00fb2023          	sw	a5,0(s6)
   104a8:	00078b13          	mv	s6,a5
   104ac:	fb1ff06f          	j	1045c <core_list_mergesort+0x84>
   104b0:	00442583          	lw	a1,4(s0)
   104b4:	00492503          	lw	a0,4(s2)
   104b8:	000c0613          	mv	a2,s8
   104bc:	000b80e7          	jalr	s7
   104c0:	faa04ee3          	bgtz	a0,1047c <core_list_mergesort+0xa4>
   104c4:	fd1ff06f          	j	10494 <core_list_mergesort+0xbc>
   104c8:	00078993          	mv	s3,a5
   104cc:	fddff06f          	j	104a8 <core_list_mergesort+0xd0>
   104d0:	02c12083          	lw	ra,44(sp)
   104d4:	02812403          	lw	s0,40(sp)
   104d8:	02412483          	lw	s1,36(sp)
   104dc:	02012903          	lw	s2,32(sp)
   104e0:	01812a03          	lw	s4,24(sp)
   104e4:	01412a83          	lw	s5,20(sp)
   104e8:	01012b03          	lw	s6,16(sp)
   104ec:	00c12b83          	lw	s7,12(sp)
   104f0:	00812c03          	lw	s8,8(sp)
   104f4:	00412c83          	lw	s9,4(sp)
   104f8:	00012d03          	lw	s10,0(sp)
   104fc:	00098513          	mv	a0,s3
   10500:	01c12983          	lw	s3,28(sp)
   10504:	03010113          	addi	sp,sp,48
   10508:	00008067          	ret

0001050c <core_bench_list>:
   1050c:	fb010113          	addi	sp,sp,-80
   10510:	04812423          	sw	s0,72(sp)
   10514:	03812423          	sw	s8,40(sp)
   10518:	02452403          	lw	s0,36(a0)
   1051c:	00451c03          	lh	s8,4(a0)
   10520:	04912223          	sw	s1,68(sp)
   10524:	05212023          	sw	s2,64(sp)
   10528:	03412c23          	sw	s4,56(sp)
   1052c:	03512a23          	sw	s5,52(sp)
   10530:	03612823          	sw	s6,48(sp)
   10534:	03712623          	sw	s7,44(sp)
   10538:	04112623          	sw	ra,76(sp)
   1053c:	03312e23          	sw	s3,60(sp)
   10540:	00050613          	mv	a2,a0
   10544:	00058b93          	mv	s7,a1
   10548:	00058a13          	mv	s4,a1
   1054c:	00000a93          	li	s5,0
   10550:	00000b13          	li	s6,0
   10554:	00000913          	li	s2,0
   10558:	00000493          	li	s1,0
   1055c:	0d8ac863          	blt	s5,s8,1062c <core_bench_list+0x120>
   10560:	00291913          	slli	s2,s2,0x2
   10564:	41690933          	sub	s2,s2,s6
   10568:	012484b3          	add	s1,s1,s2
   1056c:	01049493          	slli	s1,s1,0x10
   10570:	0104d493          	srli	s1,s1,0x10
   10574:	01705c63          	blez	s7,1058c <core_bench_list+0x80>
   10578:	000105b7          	lui	a1,0x10
   1057c:	00040513          	mv	a0,s0
   10580:	27458593          	addi	a1,a1,628 # 10274 <cmp_complex>
   10584:	e55ff0ef          	jal	103d8 <core_list_mergesort>
   10588:	00050413          	mv	s0,a0
   1058c:	00042503          	lw	a0,0(s0)
   10590:	d9dff0ef          	jal	1032c <core_list_remove>
   10594:	00050993          	mv	s3,a0
   10598:	01c10593          	addi	a1,sp,28
   1059c:	00040513          	mv	a0,s0
   105a0:	01411f23          	sh	s4,30(sp)
   105a4:	dd1ff0ef          	jal	10374 <core_list_find>
   105a8:	00050913          	mv	s2,a0
   105ac:	14051663          	bnez	a0,106f8 <core_bench_list+0x1ec>
   105b0:	00042903          	lw	s2,0(s0)
   105b4:	14091263          	bnez	s2,106f8 <core_bench_list+0x1ec>
   105b8:	00042783          	lw	a5,0(s0)
   105bc:	0049a703          	lw	a4,4(s3)
   105c0:	000105b7          	lui	a1,0x10
   105c4:	0047a683          	lw	a3,4(a5)
   105c8:	00040513          	mv	a0,s0
   105cc:	00000613          	li	a2,0
   105d0:	00d9a223          	sw	a3,4(s3)
   105d4:	00e7a223          	sw	a4,4(a5)
   105d8:	0007a703          	lw	a4,0(a5)
   105dc:	12058593          	addi	a1,a1,288 # 10120 <cmp_idx>
   105e0:	00e9a023          	sw	a4,0(s3)
   105e4:	0137a023          	sw	s3,0(a5)
   105e8:	df1ff0ef          	jal	103d8 <core_list_mergesort>
   105ec:	00052903          	lw	s2,0(a0)
   105f0:	00050413          	mv	s0,a0
   105f4:	12091063          	bnez	s2,10714 <core_bench_list+0x208>
   105f8:	04c12083          	lw	ra,76(sp)
   105fc:	04812403          	lw	s0,72(sp)
   10600:	04012903          	lw	s2,64(sp)
   10604:	03c12983          	lw	s3,60(sp)
   10608:	03812a03          	lw	s4,56(sp)
   1060c:	03412a83          	lw	s5,52(sp)
   10610:	03012b03          	lw	s6,48(sp)
   10614:	02c12b83          	lw	s7,44(sp)
   10618:	02812c03          	lw	s8,40(sp)
   1061c:	00048513          	mv	a0,s1
   10620:	04412483          	lw	s1,68(sp)
   10624:	05010113          	addi	sp,sp,80
   10628:	00008067          	ret
   1062c:	0ffaf793          	zext.b	a5,s5
   10630:	01c10593          	addi	a1,sp,28
   10634:	00040513          	mv	a0,s0
   10638:	00c12623          	sw	a2,12(sp)
   1063c:	00f11e23          	sh	a5,28(sp)
   10640:	01411f23          	sh	s4,30(sp)
   10644:	d31ff0ef          	jal	10374 <core_list_find>
   10648:	00050993          	mv	s3,a0
   1064c:	00040513          	mv	a0,s0
   10650:	d65ff0ef          	jal	103b4 <core_list_reverse>
   10654:	00c12603          	lw	a2,12(sp)
   10658:	00050413          	mv	s0,a0
   1065c:	04099663          	bnez	s3,106a8 <core_bench_list+0x19c>
   10660:	00052783          	lw	a5,0(a0)
   10664:	001b0b13          	addi	s6,s6,1
   10668:	010b1b13          	slli	s6,s6,0x10
   1066c:	0047a783          	lw	a5,4(a5)
   10670:	010b5b13          	srli	s6,s6,0x10
   10674:	00178783          	lb	a5,1(a5)
   10678:	0017f793          	andi	a5,a5,1
   1067c:	00f484b3          	add	s1,s1,a5
   10680:	01049493          	slli	s1,s1,0x10
   10684:	0104d493          	srli	s1,s1,0x10
   10688:	000a4863          	bltz	s4,10698 <core_bench_list+0x18c>
   1068c:	001a0713          	addi	a4,s4,1
   10690:	01071a13          	slli	s4,a4,0x10
   10694:	410a5a13          	srai	s4,s4,0x10
   10698:	001a8793          	addi	a5,s5,1
   1069c:	01079a93          	slli	s5,a5,0x10
   106a0:	410ada93          	srai	s5,s5,0x10
   106a4:	eb9ff06f          	j	1055c <core_bench_list+0x50>
   106a8:	0049a783          	lw	a5,4(s3)
   106ac:	00079783          	lh	a5,0(a5)
   106b0:	0017f713          	andi	a4,a5,1
   106b4:	00070c63          	beqz	a4,106cc <core_bench_list+0x1c0>
   106b8:	4097d793          	srai	a5,a5,0x9
   106bc:	0017f793          	andi	a5,a5,1
   106c0:	00f487b3          	add	a5,s1,a5
   106c4:	01079493          	slli	s1,a5,0x10
   106c8:	0104d493          	srli	s1,s1,0x10
   106cc:	0009a783          	lw	a5,0(s3)
   106d0:	00078c63          	beqz	a5,106e8 <core_bench_list+0x1dc>
   106d4:	0007a703          	lw	a4,0(a5)
   106d8:	00e9a023          	sw	a4,0(s3)
   106dc:	00042703          	lw	a4,0(s0)
   106e0:	00e7a023          	sw	a4,0(a5)
   106e4:	00f42023          	sw	a5,0(s0)
   106e8:	00190913          	addi	s2,s2,1
   106ec:	01091913          	slli	s2,s2,0x10
   106f0:	01095913          	srli	s2,s2,0x10
   106f4:	f95ff06f          	j	10688 <core_bench_list+0x17c>
   106f8:	00442783          	lw	a5,4(s0)
   106fc:	00048593          	mv	a1,s1
   10700:	00079503          	lh	a0,0(a5)
   10704:	461000ef          	jal	11364 <crc16>
   10708:	00050493          	mv	s1,a0
   1070c:	00092903          	lw	s2,0(s2)
   10710:	ea5ff06f          	j	105b4 <core_bench_list+0xa8>
   10714:	00442783          	lw	a5,4(s0)
   10718:	00048593          	mv	a1,s1
   1071c:	00079503          	lh	a0,0(a5)
   10720:	445000ef          	jal	11364 <crc16>
   10724:	00050493          	mv	s1,a0
   10728:	00092903          	lw	s2,0(s2)
   1072c:	ec9ff06f          	j	105f4 <core_bench_list+0xe8>

00010730 <core_list_init>:
   10730:	01400793          	li	a5,20
   10734:	02f55533          	divu	a0,a0,a5
   10738:	fc010113          	addi	sp,sp,-64
   1073c:	02912a23          	sw	s1,52(sp)
   10740:	03212823          	sw	s2,48(sp)
   10744:	02812c23          	sw	s0,56(sp)
   10748:	03312623          	sw	s3,44(sp)
   1074c:	03412423          	sw	s4,40(sp)
   10750:	03512223          	sw	s5,36(sp)
   10754:	03612023          	sw	s6,32(sp)
   10758:	02112e23          	sw	ra,60(sp)
   1075c:	ffff87b7          	lui	a5,0xffff8
   10760:	0005a023          	sw	zero,0(a1)
   10764:	08078793          	addi	a5,a5,128 # ffff8080 <end+0xfffe4c86>
   10768:	00058413          	mv	s0,a1
   1076c:	00060993          	mv	s3,a2
   10770:	01810693          	addi	a3,sp,24
   10774:	00c10613          	addi	a2,sp,12
   10778:	00000a13          	li	s4,0
   1077c:	10100b13          	li	s6,257
   10780:	ffe50493          	addi	s1,a0,-2
   10784:	00349913          	slli	s2,s1,0x3
   10788:	01258933          	add	s2,a1,s2
   1078c:	0125a223          	sw	s2,4(a1)
   10790:	00f91023          	sh	a5,0(s2)
   10794:	00858793          	addi	a5,a1,8
   10798:	00f12623          	sw	a5,12(sp)
   1079c:	00490793          	addi	a5,s2,4
   107a0:	00f12c23          	sw	a5,24(sp)
   107a4:	00249a93          	slli	s5,s1,0x2
   107a8:	800007b7          	lui	a5,0x80000
   107ac:	fff78793          	addi	a5,a5,-1 # 7fffffff <end+0x7ffecc05>
   107b0:	01590ab3          	add	s5,s2,s5
   107b4:	00f12e23          	sw	a5,28(sp)
   107b8:	00091123          	sh	zero,2(s2)
   107bc:	000a8793          	mv	a5,s5
   107c0:	00090713          	mv	a4,s2
   107c4:	01c10593          	addi	a1,sp,28
   107c8:	00040513          	mv	a0,s0
   107cc:	b05ff0ef          	jal	102d0 <core_list_insert_new>
   107d0:	069a6063          	bltu	s4,s1,10830 <core_list_init+0x100>
   107d4:	00042783          	lw	a5,0(s0)
   107d8:	00500713          	li	a4,5
   107dc:	00004637          	lui	a2,0x4
   107e0:	02e4d4b3          	divu	s1,s1,a4
   107e4:	fff60613          	addi	a2,a2,-1 # 3fff <start-0xc001>
   107e8:	00100713          	li	a4,1
   107ec:	0007a583          	lw	a1,0(a5)
   107f0:	08059463          	bnez	a1,10878 <core_list_init+0x148>
   107f4:	000105b7          	lui	a1,0x10
   107f8:	00040513          	mv	a0,s0
   107fc:	00000613          	li	a2,0
   10800:	12058593          	addi	a1,a1,288 # 10120 <cmp_idx>
   10804:	bd5ff0ef          	jal	103d8 <core_list_mergesort>
   10808:	03c12083          	lw	ra,60(sp)
   1080c:	03812403          	lw	s0,56(sp)
   10810:	03412483          	lw	s1,52(sp)
   10814:	03012903          	lw	s2,48(sp)
   10818:	02c12983          	lw	s3,44(sp)
   1081c:	02812a03          	lw	s4,40(sp)
   10820:	02412a83          	lw	s5,36(sp)
   10824:	02012b03          	lw	s6,32(sp)
   10828:	04010113          	addi	sp,sp,64
   1082c:	00008067          	ret
   10830:	010a1793          	slli	a5,s4,0x10
   10834:	0107d793          	srli	a5,a5,0x10
   10838:	0137c733          	xor	a4,a5,s3
   1083c:	00371713          	slli	a4,a4,0x3
   10840:	0077f793          	andi	a5,a5,7
   10844:	07877713          	andi	a4,a4,120
   10848:	00f76733          	or	a4,a4,a5
   1084c:	03670733          	mul	a4,a4,s6
   10850:	000a8793          	mv	a5,s5
   10854:	01810693          	addi	a3,sp,24
   10858:	00c10613          	addi	a2,sp,12
   1085c:	01c10593          	addi	a1,sp,28
   10860:	00040513          	mv	a0,s0
   10864:	001a0a13          	addi	s4,s4,1
   10868:	00e11e23          	sh	a4,28(sp)
   1086c:	00090713          	mv	a4,s2
   10870:	a61ff0ef          	jal	102d0 <core_list_insert_new>
   10874:	f5dff06f          	j	107d0 <core_list_init+0xa0>
   10878:	0047a503          	lw	a0,4(a5)
   1087c:	01071793          	slli	a5,a4,0x10
   10880:	02976463          	bltu	a4,s1,108a8 <core_list_init+0x178>
   10884:	01071693          	slli	a3,a4,0x10
   10888:	0106d693          	srli	a3,a3,0x10
   1088c:	00168793          	addi	a5,a3,1
   10890:	00879793          	slli	a5,a5,0x8
   10894:	7007f793          	andi	a5,a5,1792
   10898:	0136c6b3          	xor	a3,a3,s3
   1089c:	00d7e7b3          	or	a5,a5,a3
   108a0:	00c7f7b3          	and	a5,a5,a2
   108a4:	01079793          	slli	a5,a5,0x10
   108a8:	4107d793          	srai	a5,a5,0x10
   108ac:	00f51123          	sh	a5,2(a0)
   108b0:	00170713          	addi	a4,a4,1
   108b4:	00058793          	mv	a5,a1
   108b8:	f35ff06f          	j	107ec <core_list_init+0xbc>

000108bc <core_init_matrix>:
   108bc:	06060c63          	beqz	a2,10934 <core_init_matrix+0x78>
   108c0:	00000713          	li	a4,0
   108c4:	00000793          	li	a5,0
   108c8:	0100006f          	j	108d8 <core_init_matrix+0x1c>
   108cc:	00178793          	addi	a5,a5,1
   108d0:	02f78733          	mul	a4,a5,a5
   108d4:	00371713          	slli	a4,a4,0x3
   108d8:	fea76ae3          	bltu	a4,a0,108cc <core_init_matrix+0x10>
   108dc:	fff78513          	addi	a0,a5,-1
   108e0:	02a50333          	mul	t1,a0,a0
   108e4:	fff58713          	addi	a4,a1,-1
   108e8:	ffc77713          	andi	a4,a4,-4
   108ec:	00470713          	addi	a4,a4,4
   108f0:	00000e93          	li	t4,0
   108f4:	00000f13          	li	t5,0
   108f8:	00100593          	li	a1,1
   108fc:	000102b7          	lui	t0,0x10
   10900:	00131313          	slli	t1,t1,0x1
   10904:	006707b3          	add	a5,a4,t1
   10908:	406003b3          	neg	t2,t1
   1090c:	02aee863          	bltu	t4,a0,1093c <core_init_matrix+0x80>
   10910:	00f6a423          	sw	a5,8(a3)
   10914:	006787b3          	add	a5,a5,t1
   10918:	fff78793          	addi	a5,a5,-1
   1091c:	ffc7f793          	andi	a5,a5,-4
   10920:	00478793          	addi	a5,a5,4
   10924:	00e6a223          	sw	a4,4(a3)
   10928:	00f6a623          	sw	a5,12(a3)
   1092c:	00a6a023          	sw	a0,0(a3)
   10930:	00008067          	ret
   10934:	00100613          	li	a2,1
   10938:	f89ff06f          	j	108c0 <core_init_matrix+0x4>
   1093c:	ff010113          	addi	sp,sp,-16
   10940:	00812623          	sw	s0,12(sp)
   10944:	001f1893          	slli	a7,t5,0x1
   10948:	00f888b3          	add	a7,a7,a5
   1094c:	00058813          	mv	a6,a1
   10950:	00a58e33          	add	t3,a1,a0
   10954:	03060633          	mul	a2,a2,a6
   10958:	01081f93          	slli	t6,a6,0x10
   1095c:	010fdf93          	srli	t6,t6,0x10
   10960:	01138433          	add	s0,t2,a7
   10964:	00180813          	addi	a6,a6,1
   10968:	00288893          	addi	a7,a7,2
   1096c:	02566633          	rem	a2,a2,t0
   10970:	00cf85b3          	add	a1,t6,a2
   10974:	01059593          	slli	a1,a1,0x10
   10978:	0105d593          	srli	a1,a1,0x10
   1097c:	feb89f23          	sh	a1,-2(a7)
   10980:	01f585b3          	add	a1,a1,t6
   10984:	0ff5f593          	zext.b	a1,a1
   10988:	00b41023          	sh	a1,0(s0)
   1098c:	fd0e14e3          	bne	t3,a6,10954 <core_init_matrix+0x98>
   10990:	001e8e93          	addi	t4,t4,1
   10994:	00af0f33          	add	t5,t5,a0
   10998:	000e0593          	mv	a1,t3
   1099c:	faaee4e3          	bltu	t4,a0,10944 <core_init_matrix+0x88>
   109a0:	00f6a423          	sw	a5,8(a3)
   109a4:	006787b3          	add	a5,a5,t1
   109a8:	fff78793          	addi	a5,a5,-1
   109ac:	00c12403          	lw	s0,12(sp)
   109b0:	ffc7f793          	andi	a5,a5,-4
   109b4:	00478793          	addi	a5,a5,4
   109b8:	00e6a223          	sw	a4,4(a3)
   109bc:	00f6a623          	sw	a5,12(a3)
   109c0:	00a6a023          	sw	a0,0(a3)
   109c4:	01010113          	addi	sp,sp,16
   109c8:	00008067          	ret

000109cc <matrix_sum>:
   109cc:	00050713          	mv	a4,a0
   109d0:	00000e13          	li	t3,0
   109d4:	00000313          	li	t1,0
   109d8:	00000513          	li	a0,0
   109dc:	00000893          	li	a7,0
   109e0:	00000813          	li	a6,0
   109e4:	00e31463          	bne	t1,a4,109ec <matrix_sum+0x20>
   109e8:	00008067          	ret
   109ec:	002e1693          	slli	a3,t3,0x2
   109f0:	00d586b3          	add	a3,a1,a3
   109f4:	00000e93          	li	t4,0
   109f8:	00088f13          	mv	t5,a7
   109fc:	0006a883          	lw	a7,0(a3)
   10a00:	01051793          	slli	a5,a0,0x10
   10a04:	0107d793          	srli	a5,a5,0x10
   10a08:	01180833          	add	a6,a6,a7
   10a0c:	03065663          	bge	a2,a6,10a38 <matrix_sum+0x6c>
   10a10:	00a78793          	addi	a5,a5,10
   10a14:	01079513          	slli	a0,a5,0x10
   10a18:	41055513          	srai	a0,a0,0x10
   10a1c:	00000813          	li	a6,0
   10a20:	001e8e93          	addi	t4,t4,1
   10a24:	00468693          	addi	a3,a3,4
   10a28:	fdd718e3          	bne	a4,t4,109f8 <matrix_sum+0x2c>
   10a2c:	00130313          	addi	t1,t1,1
   10a30:	00ee0e33          	add	t3,t3,a4
   10a34:	fb1ff06f          	j	109e4 <matrix_sum+0x18>
   10a38:	011f2f33          	slt	t5,t5,a7
   10a3c:	01e787b3          	add	a5,a5,t5
   10a40:	01079513          	slli	a0,a5,0x10
   10a44:	41055513          	srai	a0,a0,0x10
   10a48:	fd9ff06f          	j	10a20 <matrix_sum+0x54>

00010a4c <matrix_mul_const>:
   10a4c:	00000813          	li	a6,0
   10a50:	00000893          	li	a7,0
   10a54:	00a89463          	bne	a7,a0,10a5c <matrix_mul_const+0x10>
   10a58:	00008067          	ret
   10a5c:	00181713          	slli	a4,a6,0x1
   10a60:	00281793          	slli	a5,a6,0x2
   10a64:	00e60733          	add	a4,a2,a4
   10a68:	00f587b3          	add	a5,a1,a5
   10a6c:	00000313          	li	t1,0
   10a70:	00071e03          	lh	t3,0(a4)
   10a74:	00130313          	addi	t1,t1,1
   10a78:	00270713          	addi	a4,a4,2
   10a7c:	02de0e33          	mul	t3,t3,a3
   10a80:	00478793          	addi	a5,a5,4
   10a84:	ffc7ae23          	sw	t3,-4(a5)
   10a88:	fe6514e3          	bne	a0,t1,10a70 <matrix_mul_const+0x24>
   10a8c:	00188893          	addi	a7,a7,1
   10a90:	00a80833          	add	a6,a6,a0
   10a94:	fc1ff06f          	j	10a54 <matrix_mul_const+0x8>

00010a98 <matrix_add_const>:
   10a98:	00000693          	li	a3,0
   10a9c:	00000713          	li	a4,0
   10aa0:	00a71463          	bne	a4,a0,10aa8 <matrix_add_const+0x10>
   10aa4:	00008067          	ret
   10aa8:	00169793          	slli	a5,a3,0x1
   10aac:	00f587b3          	add	a5,a1,a5
   10ab0:	00000813          	li	a6,0
   10ab4:	0007d883          	lhu	a7,0(a5)
   10ab8:	00180813          	addi	a6,a6,1
   10abc:	00278793          	addi	a5,a5,2
   10ac0:	00c888b3          	add	a7,a7,a2
   10ac4:	ff179f23          	sh	a7,-2(a5)
   10ac8:	ff0516e3          	bne	a0,a6,10ab4 <matrix_add_const+0x1c>
   10acc:	00170713          	addi	a4,a4,1
   10ad0:	00a686b3          	add	a3,a3,a0
   10ad4:	fcdff06f          	j	10aa0 <matrix_add_const+0x8>

00010ad8 <matrix_mul_vect>:
   10ad8:	00151e93          	slli	t4,a0,0x1
   10adc:	00000813          	li	a6,0
   10ae0:	00000713          	li	a4,0
   10ae4:	00a71463          	bne	a4,a0,10aec <matrix_mul_vect+0x14>
   10ae8:	00008067          	ret
   10aec:	00181e13          	slli	t3,a6,0x1
   10af0:	01c60e33          	add	t3,a2,t3
   10af4:	00000793          	li	a5,0
   10af8:	00000893          	li	a7,0
   10afc:	00fe0333          	add	t1,t3,a5
   10b00:	00f68f33          	add	t5,a3,a5
   10b04:	00031303          	lh	t1,0(t1)
   10b08:	000f1f03          	lh	t5,0(t5)
   10b0c:	00278793          	addi	a5,a5,2
   10b10:	03e30333          	mul	t1,t1,t5
   10b14:	006888b3          	add	a7,a7,t1
   10b18:	fefe92e3          	bne	t4,a5,10afc <matrix_mul_vect+0x24>
   10b1c:	00271793          	slli	a5,a4,0x2
   10b20:	00f587b3          	add	a5,a1,a5
   10b24:	0117a023          	sw	a7,0(a5)
   10b28:	00170713          	addi	a4,a4,1
   10b2c:	00a80833          	add	a6,a6,a0
   10b30:	fb5ff06f          	j	10ae4 <matrix_mul_vect+0xc>

00010b34 <matrix_mul_matrix>:
   10b34:	00000e13          	li	t3,0
   10b38:	00151393          	slli	t2,a0,0x1
   10b3c:	00000813          	li	a6,0
   10b40:	00ae1863          	bne	t3,a0,10b50 <matrix_mul_matrix+0x1c>
   10b44:	00008067          	ret
   10b48:	00070893          	mv	a7,a4
   10b4c:	0200006f          	j	10b6c <matrix_mul_matrix+0x38>
   10b50:	ff010113          	addi	sp,sp,-16
   10b54:	00812623          	sw	s0,12(sp)
   10b58:	00281793          	slli	a5,a6,0x2
   10b5c:	00181f13          	slli	t5,a6,0x1
   10b60:	00f587b3          	add	a5,a1,a5
   10b64:	01e60f33          	add	t5,a2,t5
   10b68:	00000893          	li	a7,0
   10b6c:	00189713          	slli	a4,a7,0x1
   10b70:	00e68733          	add	a4,a3,a4
   10b74:	000f0f93          	mv	t6,t5
   10b78:	00000e93          	li	t4,0
   10b7c:	00000313          	li	t1,0
   10b80:	000f9283          	lh	t0,0(t6)
   10b84:	00071403          	lh	s0,0(a4)
   10b88:	002f8f93          	addi	t6,t6,2
   10b8c:	00770733          	add	a4,a4,t2
   10b90:	028282b3          	mul	t0,t0,s0
   10b94:	005e8eb3          	add	t4,t4,t0
   10b98:	00030293          	mv	t0,t1
   10b9c:	00130313          	addi	t1,t1,1
   10ba0:	fe6510e3          	bne	a0,t1,10b80 <matrix_mul_matrix+0x4c>
   10ba4:	01d7a023          	sw	t4,0(a5)
   10ba8:	00188713          	addi	a4,a7,1
   10bac:	00478793          	addi	a5,a5,4
   10bb0:	f8589ce3          	bne	a7,t0,10b48 <matrix_mul_matrix+0x14>
   10bb4:	001e0e13          	addi	t3,t3,1
   10bb8:	00a80833          	add	a6,a6,a0
   10bbc:	f8ae1ee3          	bne	t3,a0,10b58 <matrix_mul_matrix+0x24>
   10bc0:	00c12403          	lw	s0,12(sp)
   10bc4:	01010113          	addi	sp,sp,16
   10bc8:	00008067          	ret

00010bcc <matrix_mul_matrix_bitextract>:
   10bcc:	ff010113          	addi	sp,sp,-16
   10bd0:	00812623          	sw	s0,12(sp)
   10bd4:	00000313          	li	t1,0
   10bd8:	00151413          	slli	s0,a0,0x1
   10bdc:	00000f13          	li	t5,0
   10be0:	00af1863          	bne	t5,a0,10bf0 <matrix_mul_matrix_bitextract+0x24>
   10be4:	00c12403          	lw	s0,12(sp)
   10be8:	01010113          	addi	sp,sp,16
   10bec:	00008067          	ret
   10bf0:	00231713          	slli	a4,t1,0x2
   10bf4:	00131293          	slli	t0,t1,0x1
   10bf8:	00e58733          	add	a4,a1,a4
   10bfc:	005602b3          	add	t0,a2,t0
   10c00:	00000e13          	li	t3,0
   10c04:	001e1813          	slli	a6,t3,0x1
   10c08:	01068833          	add	a6,a3,a6
   10c0c:	00028393          	mv	t2,t0
   10c10:	00000f93          	li	t6,0
   10c14:	00000e93          	li	t4,0
   10c18:	00081883          	lh	a7,0(a6)
   10c1c:	00039783          	lh	a5,0(t2)
   10c20:	00880833          	add	a6,a6,s0
   10c24:	00238393          	addi	t2,t2,2
   10c28:	031787b3          	mul	a5,a5,a7
   10c2c:	4027d893          	srai	a7,a5,0x2
   10c30:	4057d793          	srai	a5,a5,0x5
   10c34:	00f8f893          	andi	a7,a7,15
   10c38:	07f7f793          	andi	a5,a5,127
   10c3c:	02f887b3          	mul	a5,a7,a5
   10c40:	00ff8fb3          	add	t6,t6,a5
   10c44:	000e8793          	mv	a5,t4
   10c48:	001e8e93          	addi	t4,t4,1
   10c4c:	fdd516e3          	bne	a0,t4,10c18 <matrix_mul_matrix_bitextract+0x4c>
   10c50:	01f72023          	sw	t6,0(a4)
   10c54:	001e0813          	addi	a6,t3,1
   10c58:	00470713          	addi	a4,a4,4
   10c5c:	00fe1863          	bne	t3,a5,10c6c <matrix_mul_matrix_bitextract+0xa0>
   10c60:	001f0f13          	addi	t5,t5,1
   10c64:	00a30333          	add	t1,t1,a0
   10c68:	f79ff06f          	j	10be0 <matrix_mul_matrix_bitextract+0x14>
   10c6c:	00080e13          	mv	t3,a6
   10c70:	f95ff06f          	j	10c04 <matrix_mul_matrix_bitextract+0x38>

00010c74 <matrix_test>:
   10c74:	fe010113          	addi	sp,sp,-32
   10c78:	01212823          	sw	s2,16(sp)
   10c7c:	00060913          	mv	s2,a2
   10c80:	00912a23          	sw	s1,20(sp)
   10c84:	00070613          	mv	a2,a4
   10c88:	01412423          	sw	s4,8(sp)
   10c8c:	00058493          	mv	s1,a1
   10c90:	fffffa37          	lui	s4,0xfffff
   10c94:	00090593          	mv	a1,s2
   10c98:	00112e23          	sw	ra,28(sp)
   10c9c:	01476a33          	or	s4,a4,s4
   10ca0:	00812c23          	sw	s0,24(sp)
   10ca4:	01312623          	sw	s3,12(sp)
   10ca8:	01512223          	sw	s5,4(sp)
   10cac:	00070993          	mv	s3,a4
   10cb0:	01612023          	sw	s6,0(sp)
   10cb4:	00050413          	mv	s0,a0
   10cb8:	00068a93          	mv	s5,a3
   10cbc:	dddff0ef          	jal	10a98 <matrix_add_const>
   10cc0:	00098693          	mv	a3,s3
   10cc4:	00090613          	mv	a2,s2
   10cc8:	00048593          	mv	a1,s1
   10ccc:	00040513          	mv	a0,s0
   10cd0:	d7dff0ef          	jal	10a4c <matrix_mul_const>
   10cd4:	000a0613          	mv	a2,s4
   10cd8:	00048593          	mv	a1,s1
   10cdc:	00040513          	mv	a0,s0
   10ce0:	cedff0ef          	jal	109cc <matrix_sum>
   10ce4:	00000593          	li	a1,0
   10ce8:	67c000ef          	jal	11364 <crc16>
   10cec:	000a8693          	mv	a3,s5
   10cf0:	00050b13          	mv	s6,a0
   10cf4:	00090613          	mv	a2,s2
   10cf8:	00048593          	mv	a1,s1
   10cfc:	00040513          	mv	a0,s0
   10d00:	dd9ff0ef          	jal	10ad8 <matrix_mul_vect>
   10d04:	000a0613          	mv	a2,s4
   10d08:	00048593          	mv	a1,s1
   10d0c:	00040513          	mv	a0,s0
   10d10:	cbdff0ef          	jal	109cc <matrix_sum>
   10d14:	000b0593          	mv	a1,s6
   10d18:	64c000ef          	jal	11364 <crc16>
   10d1c:	000a8693          	mv	a3,s5
   10d20:	00050b13          	mv	s6,a0
   10d24:	00090613          	mv	a2,s2
   10d28:	00048593          	mv	a1,s1
   10d2c:	00040513          	mv	a0,s0
   10d30:	e05ff0ef          	jal	10b34 <matrix_mul_matrix>
   10d34:	000a0613          	mv	a2,s4
   10d38:	00048593          	mv	a1,s1
   10d3c:	00040513          	mv	a0,s0
   10d40:	c8dff0ef          	jal	109cc <matrix_sum>
   10d44:	000b0593          	mv	a1,s6
   10d48:	61c000ef          	jal	11364 <crc16>
   10d4c:	000a8693          	mv	a3,s5
   10d50:	00050b13          	mv	s6,a0
   10d54:	00090613          	mv	a2,s2
   10d58:	00048593          	mv	a1,s1
   10d5c:	00040513          	mv	a0,s0
   10d60:	e6dff0ef          	jal	10bcc <matrix_mul_matrix_bitextract>
   10d64:	000a0613          	mv	a2,s4
   10d68:	00048593          	mv	a1,s1
   10d6c:	00040513          	mv	a0,s0
   10d70:	c5dff0ef          	jal	109cc <matrix_sum>
   10d74:	000b0593          	mv	a1,s6
   10d78:	5ec000ef          	jal	11364 <crc16>
   10d7c:	41300633          	neg	a2,s3
   10d80:	01061613          	slli	a2,a2,0x10
   10d84:	00050493          	mv	s1,a0
   10d88:	00090593          	mv	a1,s2
   10d8c:	00040513          	mv	a0,s0
   10d90:	41065613          	srai	a2,a2,0x10
   10d94:	d05ff0ef          	jal	10a98 <matrix_add_const>
   10d98:	01c12083          	lw	ra,28(sp)
   10d9c:	01812403          	lw	s0,24(sp)
   10da0:	01049513          	slli	a0,s1,0x10
   10da4:	01012903          	lw	s2,16(sp)
   10da8:	01412483          	lw	s1,20(sp)
   10dac:	00c12983          	lw	s3,12(sp)
   10db0:	00812a03          	lw	s4,8(sp)
   10db4:	00412a83          	lw	s5,4(sp)
   10db8:	00012b03          	lw	s6,0(sp)
   10dbc:	41055513          	srai	a0,a0,0x10
   10dc0:	02010113          	addi	sp,sp,32
   10dc4:	00008067          	ret

00010dc8 <core_bench_matrix>:
   10dc8:	ff010113          	addi	sp,sp,-16
   10dcc:	00812423          	sw	s0,8(sp)
   10dd0:	00852683          	lw	a3,8(a0)
   10dd4:	00060413          	mv	s0,a2
   10dd8:	00058713          	mv	a4,a1
   10ddc:	00452603          	lw	a2,4(a0)
   10de0:	00c52583          	lw	a1,12(a0)
   10de4:	00052503          	lw	a0,0(a0)
   10de8:	00112623          	sw	ra,12(sp)
   10dec:	e89ff0ef          	jal	10c74 <matrix_test>
   10df0:	00040593          	mv	a1,s0
   10df4:	00812403          	lw	s0,8(sp)
   10df8:	00c12083          	lw	ra,12(sp)
   10dfc:	01010113          	addi	sp,sp,16
   10e00:	5640006f          	j	11364 <crc16>

00010e04 <core_init_state>:
   10e04:	00158713          	addi	a4,a1,1
   10e08:	ff010113          	addi	sp,sp,-16
   10e0c:	01071713          	slli	a4,a4,0x10
   10e10:	00812623          	sw	s0,12(sp)
   10e14:	00912423          	sw	s1,8(sp)
   10e18:	fff50e13          	addi	t3,a0,-1
   10e1c:	01075713          	srli	a4,a4,0x10
   10e20:	00000693          	li	a3,0
   10e24:	00000793          	li	a5,0
   10e28:	00000593          	li	a1,0
   10e2c:	02c00e93          	li	t4,44
   10e30:	00700f13          	li	t5,7
   10e34:	00013fb7          	lui	t6,0x13
   10e38:	00400293          	li	t0,4
   10e3c:	00100393          	li	t2,1
   10e40:	00f588b3          	add	a7,a1,a5
   10e44:	00188413          	addi	s0,a7,1
   10e48:	01c46c63          	bltu	s0,t3,10e60 <core_init_state+0x5c>
   10e4c:	0aa5e663          	bltu	a1,a0,10ef8 <core_init_state+0xf4>
   10e50:	00c12403          	lw	s0,12(sp)
   10e54:	00812483          	lw	s1,8(sp)
   10e58:	01010113          	addi	sp,sp,16
   10e5c:	00008067          	ret
   10e60:	02078863          	beqz	a5,10e90 <core_init_state+0x8c>
   10e64:	00000813          	li	a6,0
   10e68:	01068333          	add	t1,a3,a6
   10e6c:	00034483          	lbu	s1,0(t1)
   10e70:	01058333          	add	t1,a1,a6
   10e74:	00660333          	add	t1,a2,t1
   10e78:	00930023          	sb	s1,0(t1)
   10e7c:	00180813          	addi	a6,a6,1
   10e80:	ff0794e3          	bne	a5,a6,10e68 <core_init_state+0x64>
   10e84:	011608b3          	add	a7,a2,a7
   10e88:	01d88023          	sb	t4,0(a7)
   10e8c:	00040593          	mv	a1,s0
   10e90:	00175693          	srli	a3,a4,0x1
   10e94:	00777813          	andi	a6,a4,7
   10e98:	278f8793          	addi	a5,t6,632 # 13278 <intpat>
   10e9c:	00c6f693          	andi	a3,a3,12
   10ea0:	05e80663          	beq	a6,t5,10eec <core_init_state+0xe8>
   10ea4:	0302ee63          	bltu	t0,a6,10ee0 <core_init_state+0xdc>
   10ea8:	ffd80813          	addi	a6,a6,-3
   10eac:	01081813          	slli	a6,a6,0x10
   10eb0:	01085813          	srli	a6,a6,0x10
   10eb4:	00d787b3          	add	a5,a5,a3
   10eb8:	0103fe63          	bgeu	t2,a6,10ed4 <core_init_state+0xd0>
   10ebc:	0007a683          	lw	a3,0(a5)
   10ec0:	00400793          	li	a5,4
   10ec4:	00170713          	addi	a4,a4,1
   10ec8:	01071713          	slli	a4,a4,0x10
   10ecc:	01075713          	srli	a4,a4,0x10
   10ed0:	f71ff06f          	j	10e40 <core_init_state+0x3c>
   10ed4:	0107a683          	lw	a3,16(a5)
   10ed8:	00800793          	li	a5,8
   10edc:	fe9ff06f          	j	10ec4 <core_init_state+0xc0>
   10ee0:	00d787b3          	add	a5,a5,a3
   10ee4:	0207a683          	lw	a3,32(a5)
   10ee8:	ff1ff06f          	j	10ed8 <core_init_state+0xd4>
   10eec:	00d787b3          	add	a5,a5,a3
   10ef0:	0307a683          	lw	a3,48(a5)
   10ef4:	fe5ff06f          	j	10ed8 <core_init_state+0xd4>
   10ef8:	00b607b3          	add	a5,a2,a1
   10efc:	00078023          	sb	zero,0(a5)
   10f00:	00158593          	addi	a1,a1,1
   10f04:	f49ff06f          	j	10e4c <core_init_state+0x48>

00010f08 <core_state_transition>:
   10f08:	00052703          	lw	a4,0(a0)
   10f0c:	00050613          	mv	a2,a0
   10f10:	00100313          	li	t1,1
   10f14:	00000513          	li	a0,0
   10f18:	02c00e13          	li	t3,44
   10f1c:	00700e93          	li	t4,7
   10f20:	00013f37          	lui	t5,0x13
   10f24:	00900813          	li	a6,9
   10f28:	04500f93          	li	t6,69
   10f2c:	02e00893          	li	a7,46
   10f30:	00074783          	lbu	a5,0(a4)
   10f34:	00078463          	beqz	a5,10f3c <core_state_transition+0x34>
   10f38:	00651663          	bne	a0,t1,10f44 <core_state_transition+0x3c>
   10f3c:	00e62023          	sw	a4,0(a2)
   10f40:	00008067          	ret
   10f44:	00170713          	addi	a4,a4,1
   10f48:	ffc78ae3          	beq	a5,t3,10f3c <core_state_transition+0x34>
   10f4c:	feaee2e3          	bltu	t4,a0,10f30 <core_state_transition+0x28>
   10f50:	00251693          	slli	a3,a0,0x2
   10f54:	258f0293          	addi	t0,t5,600 # 13258 <state_known_crc+0x88>
   10f58:	005686b3          	add	a3,a3,t0
   10f5c:	0006a683          	lw	a3,0(a3)
   10f60:	00068067          	jr	a3
   10f64:	00500513          	li	a0,5
   10f68:	01178c63          	beq	a5,a7,10f80 <core_state_transition+0x78>
   10f6c:	02f8e263          	bltu	a7,a5,10f90 <core_state_transition+0x88>
   10f70:	fd578793          	addi	a5,a5,-43
   10f74:	0fd7f793          	andi	a5,a5,253
   10f78:	00200513          	li	a0,2
   10f7c:	02079463          	bnez	a5,10fa4 <core_state_transition+0x9c>
   10f80:	0005a783          	lw	a5,0(a1)
   10f84:	00178793          	addi	a5,a5,1
   10f88:	00f5a023          	sw	a5,0(a1)
   10f8c:	fa5ff06f          	j	10f30 <core_state_transition+0x28>
   10f90:	fd078793          	addi	a5,a5,-48
   10f94:	0ff7f793          	zext.b	a5,a5
   10f98:	00900693          	li	a3,9
   10f9c:	00400513          	li	a0,4
   10fa0:	fef6f0e3          	bgeu	a3,a5,10f80 <core_state_transition+0x78>
   10fa4:	0045a783          	lw	a5,4(a1)
   10fa8:	00100513          	li	a0,1
   10fac:	00178793          	addi	a5,a5,1
   10fb0:	00f5a223          	sw	a5,4(a1)
   10fb4:	fcdff06f          	j	10f80 <core_state_transition+0x78>
   10fb8:	0085a683          	lw	a3,8(a1)
   10fbc:	fd078513          	addi	a0,a5,-48
   10fc0:	0ff57513          	zext.b	a0,a0
   10fc4:	00168693          	addi	a3,a3,1
   10fc8:	00a87c63          	bgeu	a6,a0,10fe0 <core_state_transition+0xd8>
   10fcc:	02e00513          	li	a0,46
   10fd0:	00a79e63          	bne	a5,a0,10fec <core_state_transition+0xe4>
   10fd4:	00d5a423          	sw	a3,8(a1)
   10fd8:	00500513          	li	a0,5
   10fdc:	f55ff06f          	j	10f30 <core_state_transition+0x28>
   10fe0:	00d5a423          	sw	a3,8(a1)
   10fe4:	00400513          	li	a0,4
   10fe8:	f49ff06f          	j	10f30 <core_state_transition+0x28>
   10fec:	00d5a423          	sw	a3,8(a1)
   10ff0:	00100513          	li	a0,1
   10ff4:	f3dff06f          	j	10f30 <core_state_transition+0x28>
   10ff8:	01179a63          	bne	a5,a7,1100c <core_state_transition+0x104>
   10ffc:	0105a783          	lw	a5,16(a1)
   11000:	00178793          	addi	a5,a5,1
   11004:	00f5a823          	sw	a5,16(a1)
   11008:	fd1ff06f          	j	10fd8 <core_state_transition+0xd0>
   1100c:	fd078793          	addi	a5,a5,-48
   11010:	0ff7f793          	zext.b	a5,a5
   11014:	00900693          	li	a3,9
   11018:	fcf6f6e3          	bgeu	a3,a5,10fe4 <core_state_transition+0xdc>
   1101c:	0105a783          	lw	a5,16(a1)
   11020:	00178793          	addi	a5,a5,1
   11024:	00f5a823          	sw	a5,16(a1)
   11028:	fc9ff06f          	j	10ff0 <core_state_transition+0xe8>
   1102c:	0df7f693          	andi	a3,a5,223
   11030:	01f69c63          	bne	a3,t6,11048 <core_state_transition+0x140>
   11034:	0145a783          	lw	a5,20(a1)
   11038:	00300513          	li	a0,3
   1103c:	00178793          	addi	a5,a5,1
   11040:	00f5aa23          	sw	a5,20(a1)
   11044:	eedff06f          	j	10f30 <core_state_transition+0x28>
   11048:	fd078793          	addi	a5,a5,-48
   1104c:	0ff7f793          	zext.b	a5,a5
   11050:	00900693          	li	a3,9
   11054:	f8f6f2e3          	bgeu	a3,a5,10fd8 <core_state_transition+0xd0>
   11058:	0145a783          	lw	a5,20(a1)
   1105c:	00178793          	addi	a5,a5,1
   11060:	00f5aa23          	sw	a5,20(a1)
   11064:	f8dff06f          	j	10ff0 <core_state_transition+0xe8>
   11068:	00c5a683          	lw	a3,12(a1)
   1106c:	fd578793          	addi	a5,a5,-43
   11070:	0fd7f793          	andi	a5,a5,253
   11074:	00168693          	addi	a3,a3,1
   11078:	00d5a623          	sw	a3,12(a1)
   1107c:	00600513          	li	a0,6
   11080:	f60798e3          	bnez	a5,10ff0 <core_state_transition+0xe8>
   11084:	eadff06f          	j	10f30 <core_state_transition+0x28>
   11088:	0185a683          	lw	a3,24(a1)
   1108c:	fd078793          	addi	a5,a5,-48
   11090:	0ff7f793          	zext.b	a5,a5
   11094:	00168693          	addi	a3,a3,1
   11098:	00d5ac23          	sw	a3,24(a1)
   1109c:	f4f86ae3          	bltu	a6,a5,10ff0 <core_state_transition+0xe8>
   110a0:	00700513          	li	a0,7
   110a4:	e8dff06f          	j	10f30 <core_state_transition+0x28>
   110a8:	fd078793          	addi	a5,a5,-48
   110ac:	0ff7f793          	zext.b	a5,a5
   110b0:	fef878e3          	bgeu	a6,a5,110a0 <core_state_transition+0x198>
   110b4:	0045a783          	lw	a5,4(a1)
   110b8:	00178793          	addi	a5,a5,1
   110bc:	00f5a223          	sw	a5,4(a1)
   110c0:	f31ff06f          	j	10ff0 <core_state_transition+0xe8>

000110c4 <core_bench_state>:
   110c4:	f8010113          	addi	sp,sp,-128
   110c8:	06812c23          	sw	s0,120(sp)
   110cc:	06912a23          	sw	s1,116(sp)
   110d0:	07212823          	sw	s2,112(sp)
   110d4:	07312623          	sw	s3,108(sp)
   110d8:	07412423          	sw	s4,104(sp)
   110dc:	07512223          	sw	s5,100(sp)
   110e0:	05712e23          	sw	s7,92(sp)
   110e4:	05812c23          	sw	s8,88(sp)
   110e8:	00070a13          	mv	s4,a4
   110ec:	00078493          	mv	s1,a5
   110f0:	06112e23          	sw	ra,124(sp)
   110f4:	07612023          	sw	s6,96(sp)
   110f8:	00050b93          	mv	s7,a0
   110fc:	00058413          	mv	s0,a1
   11100:	00060c13          	mv	s8,a2
   11104:	00068a93          	mv	s5,a3
   11108:	00b12623          	sw	a1,12(sp)
   1110c:	00000793          	li	a5,0
   11110:	03010913          	addi	s2,sp,48
   11114:	01010993          	addi	s3,sp,16
   11118:	02000713          	li	a4,32
   1111c:	00f906b3          	add	a3,s2,a5
   11120:	0006a023          	sw	zero,0(a3)
   11124:	00f986b3          	add	a3,s3,a5
   11128:	0006a023          	sw	zero,0(a3)
   1112c:	00478793          	addi	a5,a5,4
   11130:	fee796e3          	bne	a5,a4,1111c <core_bench_state+0x58>
   11134:	00c12783          	lw	a5,12(sp)
   11138:	0007c783          	lbu	a5,0(a5)
   1113c:	08079e63          	bnez	a5,111d8 <core_bench_state+0x114>
   11140:	00812623          	sw	s0,12(sp)
   11144:	00040b13          	mv	s6,s0
   11148:	00040793          	mv	a5,s0
   1114c:	01740bb3          	add	s7,s0,s7
   11150:	02c00693          	li	a3,44
   11154:	0b77e463          	bltu	a5,s7,111fc <core_bench_state+0x138>
   11158:	00812623          	sw	s0,12(sp)
   1115c:	00c12783          	lw	a5,12(sp)
   11160:	0007c783          	lbu	a5,0(a5)
   11164:	0a079863          	bnez	a5,11214 <core_bench_state+0x150>
   11168:	00812623          	sw	s0,12(sp)
   1116c:	02c00713          	li	a4,44
   11170:	0d7b6463          	bltu	s6,s7,11238 <core_bench_state+0x174>
   11174:	00000413          	li	s0,0
   11178:	02000a13          	li	s4,32
   1117c:	008987b3          	add	a5,s3,s0
   11180:	0007a503          	lw	a0,0(a5)
   11184:	00048593          	mv	a1,s1
   11188:	1a8000ef          	jal	11330 <crcu32>
   1118c:	008907b3          	add	a5,s2,s0
   11190:	00050593          	mv	a1,a0
   11194:	0007a503          	lw	a0,0(a5)
   11198:	00440413          	addi	s0,s0,4
   1119c:	194000ef          	jal	11330 <crcu32>
   111a0:	00050493          	mv	s1,a0
   111a4:	fd441ce3          	bne	s0,s4,1117c <core_bench_state+0xb8>
   111a8:	07c12083          	lw	ra,124(sp)
   111ac:	07812403          	lw	s0,120(sp)
   111b0:	07412483          	lw	s1,116(sp)
   111b4:	07012903          	lw	s2,112(sp)
   111b8:	06c12983          	lw	s3,108(sp)
   111bc:	06812a03          	lw	s4,104(sp)
   111c0:	06412a83          	lw	s5,100(sp)
   111c4:	06012b03          	lw	s6,96(sp)
   111c8:	05c12b83          	lw	s7,92(sp)
   111cc:	05812c03          	lw	s8,88(sp)
   111d0:	08010113          	addi	sp,sp,128
   111d4:	00008067          	ret
   111d8:	00090593          	mv	a1,s2
   111dc:	00c10513          	addi	a0,sp,12
   111e0:	d29ff0ef          	jal	10f08 <core_state_transition>
   111e4:	00251793          	slli	a5,a0,0x2
   111e8:	00f987b3          	add	a5,s3,a5
   111ec:	0007a703          	lw	a4,0(a5)
   111f0:	00170713          	addi	a4,a4,1
   111f4:	00e7a023          	sw	a4,0(a5)
   111f8:	f3dff06f          	j	11134 <core_bench_state+0x70>
   111fc:	0007c703          	lbu	a4,0(a5)
   11200:	00d70663          	beq	a4,a3,1120c <core_bench_state+0x148>
   11204:	01874733          	xor	a4,a4,s8
   11208:	00e78023          	sb	a4,0(a5)
   1120c:	014787b3          	add	a5,a5,s4
   11210:	f45ff06f          	j	11154 <core_bench_state+0x90>
   11214:	00090593          	mv	a1,s2
   11218:	00c10513          	addi	a0,sp,12
   1121c:	cedff0ef          	jal	10f08 <core_state_transition>
   11220:	00251793          	slli	a5,a0,0x2
   11224:	00f987b3          	add	a5,s3,a5
   11228:	0007a703          	lw	a4,0(a5)
   1122c:	00170713          	addi	a4,a4,1
   11230:	00e7a023          	sw	a4,0(a5)
   11234:	f29ff06f          	j	1115c <core_bench_state+0x98>
   11238:	000b4783          	lbu	a5,0(s6)
   1123c:	00e78663          	beq	a5,a4,11248 <core_bench_state+0x184>
   11240:	0157c7b3          	xor	a5,a5,s5
   11244:	00fb0023          	sb	a5,0(s6)
   11248:	014b0b33          	add	s6,s6,s4
   1124c:	f25ff06f          	j	11170 <core_bench_state+0xac>

00011250 <get_seed_32>:
   11250:	fff50513          	addi	a0,a0,-1
   11254:	00400793          	li	a5,4
   11258:	04a7ec63          	bltu	a5,a0,112b0 <get_seed_32+0x60>
   1125c:	000137b7          	lui	a5,0x13
   11260:	2e478793          	addi	a5,a5,740 # 132e4 <errpat+0x3c>
   11264:	00251513          	slli	a0,a0,0x2
   11268:	00f50533          	add	a0,a0,a5
   1126c:	00052783          	lw	a5,0(a0)
   11270:	00078067          	jr	a5
   11274:	000137b7          	lui	a5,0x13
   11278:	3347a503          	lw	a0,820(a5) # 13334 <seed1_volatile>
   1127c:	00008067          	ret
   11280:	000137b7          	lui	a5,0x13
   11284:	3307a503          	lw	a0,816(a5) # 13330 <seed2_volatile>
   11288:	00008067          	ret
   1128c:	000137b7          	lui	a5,0x13
   11290:	3407a503          	lw	a0,832(a5) # 13340 <seed3_volatile>
   11294:	00008067          	ret
   11298:	000137b7          	lui	a5,0x13
   1129c:	33c7a503          	lw	a0,828(a5) # 1333c <seed4_volatile>
   112a0:	00008067          	ret
   112a4:	000137b7          	lui	a5,0x13
   112a8:	32c7a503          	lw	a0,812(a5) # 1332c <seed5_volatile>
   112ac:	00008067          	ret
   112b0:	00000513          	li	a0,0
   112b4:	00008067          	ret

000112b8 <crcu8>:
   112b8:	ffffa637          	lui	a2,0xffffa
   112bc:	00050693          	mv	a3,a0
   112c0:	00800713          	li	a4,8
   112c4:	00058513          	mv	a0,a1
   112c8:	00160613          	addi	a2,a2,1 # ffffa001 <end+0xfffe6c07>
   112cc:	00a6c7b3          	xor	a5,a3,a0
   112d0:	0017f793          	andi	a5,a5,1
   112d4:	40f007b3          	neg	a5,a5
   112d8:	00155593          	srli	a1,a0,0x1
   112dc:	00c7f7b3          	and	a5,a5,a2
   112e0:	00f5c5b3          	xor	a1,a1,a5
   112e4:	fff70713          	addi	a4,a4,-1
   112e8:	01059513          	slli	a0,a1,0x10
   112ec:	0ff77713          	zext.b	a4,a4
   112f0:	0016d693          	srli	a3,a3,0x1
   112f4:	01055513          	srli	a0,a0,0x10
   112f8:	fc071ae3          	bnez	a4,112cc <crcu8+0x14>
   112fc:	00008067          	ret

00011300 <crcu16>:
   11300:	ff010113          	addi	sp,sp,-16
   11304:	00812423          	sw	s0,8(sp)
   11308:	00050413          	mv	s0,a0
   1130c:	0ff57513          	zext.b	a0,a0
   11310:	00112623          	sw	ra,12(sp)
   11314:	fa5ff0ef          	jal	112b8 <crcu8>
   11318:	00050593          	mv	a1,a0
   1131c:	00845513          	srli	a0,s0,0x8
   11320:	00812403          	lw	s0,8(sp)
   11324:	00c12083          	lw	ra,12(sp)
   11328:	01010113          	addi	sp,sp,16
   1132c:	f8dff06f          	j	112b8 <crcu8>

00011330 <crcu32>:
   11330:	ff010113          	addi	sp,sp,-16
   11334:	00812423          	sw	s0,8(sp)
   11338:	00050413          	mv	s0,a0
   1133c:	01051513          	slli	a0,a0,0x10
   11340:	01055513          	srli	a0,a0,0x10
   11344:	00112623          	sw	ra,12(sp)
   11348:	fb9ff0ef          	jal	11300 <crcu16>
   1134c:	00050593          	mv	a1,a0
   11350:	01045513          	srli	a0,s0,0x10
   11354:	00812403          	lw	s0,8(sp)
   11358:	00c12083          	lw	ra,12(sp)
   1135c:	01010113          	addi	sp,sp,16
   11360:	fa1ff06f          	j	11300 <crcu16>

00011364 <crc16>:
   11364:	01051513          	slli	a0,a0,0x10
   11368:	01055513          	srli	a0,a0,0x10
   1136c:	f95ff06f          	j	11300 <crcu16>

00011370 <check_data_types>:
   11370:	00000513          	li	a0,0
   11374:	00008067          	ret

00011378 <start_time>:
   11378:	c0002773          	rdcycle	a4
   1137c:	000137b7          	lui	a5,0x13
   11380:	32e7a423          	sw	a4,808(a5) # 13328 <start_cycle>
   11384:	00008067          	ret

00011388 <stop_time>:
   11388:	c0002773          	rdcycle	a4
   1138c:	000137b7          	lui	a5,0x13
   11390:	32e7a223          	sw	a4,804(a5) # 13324 <stop_cycle>
   11394:	00008067          	ret

00011398 <get_time>:
   11398:	000137b7          	lui	a5,0x13
   1139c:	3247a503          	lw	a0,804(a5) # 13324 <stop_cycle>
   113a0:	000137b7          	lui	a5,0x13
   113a4:	3287a783          	lw	a5,808(a5) # 13328 <start_cycle>
   113a8:	40f50533          	sub	a0,a0,a5
   113ac:	00008067          	ret

000113b0 <time_in_secs>:
   113b0:	05f5e7b7          	lui	a5,0x5f5e
   113b4:	10078793          	addi	a5,a5,256 # 5f5e100 <end+0x5f4ad06>
   113b8:	02f55533          	divu	a0,a0,a5
   113bc:	00008067          	ret

000113c0 <portable_init>:
   113c0:	00100793          	li	a5,1
   113c4:	00f50023          	sb	a5,0(a0)
   113c8:	00008067          	ret

000113cc <portable_fini>:
   113cc:	00050023          	sb	zero,0(a0)
   113d0:	00008067          	ret

000113d4 <number>:
   113d4:	0407f813          	andi	a6,a5,64
   113d8:	fb010113          	addi	sp,sp,-80
   113dc:	0a081a63          	bnez	a6,11490 <number+0xbc>
   113e0:	000138b7          	lui	a7,0x13
   113e4:	ab088893          	addi	a7,a7,-1360 # 12ab0 <static_memblk+0xc90>
   113e8:	0107ff93          	andi	t6,a5,16
   113ec:	0a0f9863          	bnez	t6,1149c <number+0xc8>
   113f0:	0017f813          	andi	a6,a5,1
   113f4:	03000f13          	li	t5,48
   113f8:	00081463          	bnez	a6,11400 <number+0x2c>
   113fc:	02000f13          	li	t5,32
   11400:	0027f813          	andi	a6,a5,2
   11404:	00000313          	li	t1,0
   11408:	00080a63          	beqz	a6,1141c <number+0x48>
   1140c:	0805dc63          	bgez	a1,114a4 <number+0xd0>
   11410:	40b005b3          	neg	a1,a1
   11414:	fff68693          	addi	a3,a3,-1
   11418:	02d00313          	li	t1,45
   1141c:	0207f293          	andi	t0,a5,32
   11420:	00028863          	beqz	t0,11430 <number+0x5c>
   11424:	01000813          	li	a6,16
   11428:	0b061263          	bne	a2,a6,114cc <number+0xf8>
   1142c:	ffe68693          	addi	a3,a3,-2
   11430:	0a059663          	bnez	a1,114dc <number+0x108>
   11434:	03000593          	li	a1,48
   11438:	00b10623          	sb	a1,12(sp)
   1143c:	00100813          	li	a6,1
   11440:	00080593          	mv	a1,a6
   11444:	00e85463          	bge	a6,a4,1144c <number+0x78>
   11448:	00070593          	mv	a1,a4
   1144c:	0117f793          	andi	a5,a5,17
   11450:	40b686b3          	sub	a3,a3,a1
   11454:	0e078263          	beqz	a5,11538 <number+0x164>
   11458:	00030663          	beqz	t1,11464 <number+0x90>
   1145c:	00650023          	sb	t1,0(a0)
   11460:	00150513          	addi	a0,a0,1
   11464:	00028c63          	beqz	t0,1147c <number+0xa8>
   11468:	00800793          	li	a5,8
   1146c:	0cf61e63          	bne	a2,a5,11548 <number+0x174>
   11470:	03000793          	li	a5,48
   11474:	00f50023          	sb	a5,0(a0)
   11478:	00150513          	addi	a0,a0,1
   1147c:	100f8c63          	beqz	t6,11594 <number+0x1c0>
   11480:	00050793          	mv	a5,a0
   11484:	00a58633          	add	a2,a1,a0
   11488:	03000893          	li	a7,48
   1148c:	11c0006f          	j	115a8 <number+0x1d4>
   11490:	000138b7          	lui	a7,0x13
   11494:	ad888893          	addi	a7,a7,-1320 # 12ad8 <static_memblk+0xcb8>
   11498:	f51ff06f          	j	113e8 <number+0x14>
   1149c:	ffe7f793          	andi	a5,a5,-2
   114a0:	f5dff06f          	j	113fc <number+0x28>
   114a4:	0047f813          	andi	a6,a5,4
   114a8:	00080863          	beqz	a6,114b8 <number+0xe4>
   114ac:	fff68693          	addi	a3,a3,-1
   114b0:	02b00313          	li	t1,43
   114b4:	f69ff06f          	j	1141c <number+0x48>
   114b8:	0087f813          	andi	a6,a5,8
   114bc:	f60800e3          	beqz	a6,1141c <number+0x48>
   114c0:	fff68693          	addi	a3,a3,-1
   114c4:	02000313          	li	t1,32
   114c8:	f55ff06f          	j	1141c <number+0x48>
   114cc:	ff860813          	addi	a6,a2,-8
   114d0:	00183813          	seqz	a6,a6
   114d4:	410686b3          	sub	a3,a3,a6
   114d8:	f59ff06f          	j	11430 <number+0x5c>
   114dc:	00c10e13          	addi	t3,sp,12
   114e0:	00000813          	li	a6,0
   114e4:	02c5feb3          	remu	t4,a1,a2
   114e8:	00058393          	mv	t2,a1
   114ec:	00180813          	addi	a6,a6,1
   114f0:	001e0e13          	addi	t3,t3,1
   114f4:	01d88eb3          	add	t4,a7,t4
   114f8:	000ece83          	lbu	t4,0(t4)
   114fc:	02c5d5b3          	divu	a1,a1,a2
   11500:	ffde0fa3          	sb	t4,-1(t3)
   11504:	fec3f0e3          	bgeu	t2,a2,114e4 <number+0x110>
   11508:	f39ff06f          	j	11440 <number+0x6c>
   1150c:	00178793          	addi	a5,a5,1
   11510:	ffc78fa3          	sb	t3,-1(a5)
   11514:	40f88733          	sub	a4,a7,a5
   11518:	fee04ae3          	bgtz	a4,1150c <number+0x138>
   1151c:	fff6c793          	not	a5,a3
   11520:	41f7d793          	srai	a5,a5,0x1f
   11524:	00f6f7b3          	and	a5,a3,a5
   11528:	fff68693          	addi	a3,a3,-1
   1152c:	40f686b3          	sub	a3,a3,a5
   11530:	00f50533          	add	a0,a0,a5
   11534:	f25ff06f          	j	11458 <number+0x84>
   11538:	00050793          	mv	a5,a0
   1153c:	00d508b3          	add	a7,a0,a3
   11540:	02000e13          	li	t3,32
   11544:	fd1ff06f          	j	11514 <number+0x140>
   11548:	01000793          	li	a5,16
   1154c:	f2f618e3          	bne	a2,a5,1147c <number+0xa8>
   11550:	03000793          	li	a5,48
   11554:	00f50023          	sb	a5,0(a0)
   11558:	07800793          	li	a5,120
   1155c:	00f500a3          	sb	a5,1(a0)
   11560:	00250513          	addi	a0,a0,2
   11564:	f19ff06f          	j	1147c <number+0xa8>
   11568:	00178793          	addi	a5,a5,1
   1156c:	ffe78fa3          	sb	t5,-1(a5)
   11570:	40f60733          	sub	a4,a2,a5
   11574:	fee04ae3          	bgtz	a4,11568 <number+0x194>
   11578:	fff6c793          	not	a5,a3
   1157c:	41f7d793          	srai	a5,a5,0x1f
   11580:	00f6f7b3          	and	a5,a3,a5
   11584:	fff68693          	addi	a3,a3,-1
   11588:	40f686b3          	sub	a3,a3,a5
   1158c:	00f50533          	add	a0,a0,a5
   11590:	ef1ff06f          	j	11480 <number+0xac>
   11594:	00050793          	mv	a5,a0
   11598:	00d50633          	add	a2,a0,a3
   1159c:	fd5ff06f          	j	11570 <number+0x19c>
   115a0:	00178793          	addi	a5,a5,1
   115a4:	ff178fa3          	sb	a7,-1(a5)
   115a8:	40f60733          	sub	a4,a2,a5
   115ac:	fee84ae3          	blt	a6,a4,115a0 <number+0x1cc>
   115b0:	00b507b3          	add	a5,a0,a1
   115b4:	fff00713          	li	a4,-1
   115b8:	00c10593          	addi	a1,sp,12
   115bc:	41078633          	sub	a2,a5,a6
   115c0:	fff80813          	addi	a6,a6,-1
   115c4:	02e81863          	bne	a6,a4,115f4 <number+0x220>
   115c8:	00078713          	mv	a4,a5
   115cc:	00f685b3          	add	a1,a3,a5
   115d0:	02000513          	li	a0,32
   115d4:	40e58633          	sub	a2,a1,a4
   115d8:	02c04663          	bgtz	a2,11604 <number+0x230>
   115dc:	fff6c713          	not	a4,a3
   115e0:	41f75713          	srai	a4,a4,0x1f
   115e4:	00e6f533          	and	a0,a3,a4
   115e8:	00f50533          	add	a0,a0,a5
   115ec:	05010113          	addi	sp,sp,80
   115f0:	00008067          	ret
   115f4:	01058533          	add	a0,a1,a6
   115f8:	00054503          	lbu	a0,0(a0)
   115fc:	00a60023          	sb	a0,0(a2)
   11600:	fbdff06f          	j	115bc <number+0x1e8>
   11604:	00a70023          	sb	a0,0(a4)
   11608:	00170713          	addi	a4,a4,1
   1160c:	fc9ff06f          	j	115d4 <number+0x200>

00011610 <uart_send_char>:
   11610:	100007b7          	lui	a5,0x10000
   11614:	00a7a023          	sw	a0,0(a5) # 10000000 <end+0xffecc06>
   11618:	00008067          	ret

0001161c <ee_printf>:
   1161c:	e9010113          	addi	sp,sp,-368
   11620:	14812423          	sw	s0,328(sp)
   11624:	00050313          	mv	t1,a0
   11628:	15410413          	addi	s0,sp,340
   1162c:	02010513          	addi	a0,sp,32
   11630:	15212023          	sw	s2,320(sp)
   11634:	13312e23          	sw	s3,316(sp)
   11638:	13412c23          	sw	s4,312(sp)
   1163c:	13512a23          	sw	s5,308(sp)
   11640:	13612823          	sw	s6,304(sp)
   11644:	14112623          	sw	ra,332(sp)
   11648:	14912223          	sw	s1,324(sp)
   1164c:	13712623          	sw	s7,300(sp)
   11650:	13812423          	sw	s8,296(sp)
   11654:	14b12a23          	sw	a1,340(sp)
   11658:	14c12c23          	sw	a2,344(sp)
   1165c:	14d12e23          	sw	a3,348(sp)
   11660:	16e12023          	sw	a4,352(sp)
   11664:	16f12223          	sw	a5,356(sp)
   11668:	17012423          	sw	a6,360(sp)
   1166c:	17112623          	sw	a7,364(sp)
   11670:	00812223          	sw	s0,4(sp)
   11674:	00050913          	mv	s2,a0
   11678:	02500993          	li	s3,37
   1167c:	02d00a13          	li	s4,45
   11680:	03000a93          	li	s5,48
   11684:	02000b13          	li	s6,32
   11688:	00034783          	lbu	a5,0(t1)
   1168c:	04079663          	bnez	a5,116d8 <ee_printf+0xbc>
   11690:	00050023          	sb	zero,0(a0)
   11694:	10000737          	lui	a4,0x10000
   11698:	00000513          	li	a0,0
   1169c:	00a907b3          	add	a5,s2,a0
   116a0:	0007c783          	lbu	a5,0(a5)
   116a4:	6e079263          	bnez	a5,11d88 <ee_printf+0x76c>
   116a8:	14c12083          	lw	ra,332(sp)
   116ac:	14812403          	lw	s0,328(sp)
   116b0:	14412483          	lw	s1,324(sp)
   116b4:	14012903          	lw	s2,320(sp)
   116b8:	13c12983          	lw	s3,316(sp)
   116bc:	13812a03          	lw	s4,312(sp)
   116c0:	13412a83          	lw	s5,308(sp)
   116c4:	13012b03          	lw	s6,304(sp)
   116c8:	12c12b83          	lw	s7,300(sp)
   116cc:	12812c03          	lw	s8,296(sp)
   116d0:	17010113          	addi	sp,sp,368
   116d4:	00008067          	ret
   116d8:	01378a63          	beq	a5,s3,116ec <ee_printf+0xd0>
   116dc:	00f50023          	sb	a5,0(a0)
   116e0:	00030493          	mv	s1,t1
   116e4:	00150513          	addi	a0,a0,1
   116e8:	2600006f          	j	11948 <ee_printf+0x32c>
   116ec:	00000793          	li	a5,0
   116f0:	02b00693          	li	a3,43
   116f4:	02300613          	li	a2,35
   116f8:	0700006f          	j	11768 <ee_printf+0x14c>
   116fc:	07470263          	beq	a4,s4,11760 <ee_printf+0x144>
   11700:	0d570063          	beq	a4,s5,117c0 <ee_printf+0x1a4>
   11704:	fd070593          	addi	a1,a4,-48 # fffffd0 <end+0xffecbd6>
   11708:	0ff5f593          	zext.b	a1,a1
   1170c:	00900613          	li	a2,9
   11710:	00000693          	li	a3,0
   11714:	00a00813          	li	a6,10
   11718:	06b66463          	bltu	a2,a1,11780 <ee_printf+0x164>
   1171c:	0004c583          	lbu	a1,0(s1)
   11720:	fd058713          	addi	a4,a1,-48
   11724:	0ff77713          	zext.b	a4,a4
   11728:	0ae67063          	bgeu	a2,a4,117c8 <ee_printf+0x1ac>
   1172c:	0004c583          	lbu	a1,0(s1)
   11730:	02e00613          	li	a2,46
   11734:	fff00713          	li	a4,-1
   11738:	0cc59a63          	bne	a1,a2,1180c <ee_printf+0x1f0>
   1173c:	0014c803          	lbu	a6,1(s1)
   11740:	00900593          	li	a1,9
   11744:	00148613          	addi	a2,s1,1
   11748:	fd080713          	addi	a4,a6,-48
   1174c:	0ff77713          	zext.b	a4,a4
   11750:	12e5e263          	bltu	a1,a4,11874 <ee_printf+0x258>
   11754:	00000713          	li	a4,0
   11758:	00a00313          	li	t1,10
   1175c:	0900006f          	j	117ec <ee_printf+0x1d0>
   11760:	0107e793          	ori	a5,a5,16
   11764:	00048313          	mv	t1,s1
   11768:	00134703          	lbu	a4,1(t1)
   1176c:	00130493          	addi	s1,t1,1
   11770:	02d70c63          	beq	a4,a3,117a8 <ee_printf+0x18c>
   11774:	f8e6e4e3          	bltu	a3,a4,116fc <ee_printf+0xe0>
   11778:	03670c63          	beq	a4,s6,117b0 <ee_printf+0x194>
   1177c:	02c70e63          	beq	a4,a2,117b8 <ee_printf+0x19c>
   11780:	02a00613          	li	a2,42
   11784:	fff00693          	li	a3,-1
   11788:	fac712e3          	bne	a4,a2,1172c <ee_printf+0x110>
   1178c:	00042683          	lw	a3,0(s0)
   11790:	00230493          	addi	s1,t1,2
   11794:	00440413          	addi	s0,s0,4
   11798:	f806dae3          	bgez	a3,1172c <ee_printf+0x110>
   1179c:	40d006b3          	neg	a3,a3
   117a0:	0107e793          	ori	a5,a5,16
   117a4:	f89ff06f          	j	1172c <ee_printf+0x110>
   117a8:	0047e793          	ori	a5,a5,4
   117ac:	fb9ff06f          	j	11764 <ee_printf+0x148>
   117b0:	0087e793          	ori	a5,a5,8
   117b4:	fb1ff06f          	j	11764 <ee_printf+0x148>
   117b8:	0207e793          	ori	a5,a5,32
   117bc:	fa9ff06f          	j	11764 <ee_printf+0x148>
   117c0:	0017e793          	ori	a5,a5,1
   117c4:	fa1ff06f          	j	11764 <ee_printf+0x148>
   117c8:	030686b3          	mul	a3,a3,a6
   117cc:	00148493          	addi	s1,s1,1
   117d0:	00b686b3          	add	a3,a3,a1
   117d4:	fd068693          	addi	a3,a3,-48
   117d8:	f45ff06f          	j	1171c <ee_printf+0x100>
   117dc:	02670733          	mul	a4,a4,t1
   117e0:	00160613          	addi	a2,a2,1
   117e4:	01170733          	add	a4,a4,a7
   117e8:	fd070713          	addi	a4,a4,-48
   117ec:	00064883          	lbu	a7,0(a2)
   117f0:	fd088813          	addi	a6,a7,-48
   117f4:	0ff87813          	zext.b	a6,a6
   117f8:	ff05f2e3          	bgeu	a1,a6,117dc <ee_printf+0x1c0>
   117fc:	fff74593          	not	a1,a4
   11800:	41f5d593          	srai	a1,a1,0x1f
   11804:	00b77733          	and	a4,a4,a1
   11808:	00060493          	mv	s1,a2
   1180c:	0004c603          	lbu	a2,0(s1)
   11810:	04c00593          	li	a1,76
   11814:	fff00813          	li	a6,-1
   11818:	0df67893          	andi	a7,a2,223
   1181c:	00b89663          	bne	a7,a1,11828 <ee_printf+0x20c>
   11820:	00060813          	mv	a6,a2
   11824:	00148493          	addi	s1,s1,1
   11828:	0004c583          	lbu	a1,0(s1)
   1182c:	07800613          	li	a2,120
   11830:	02b66463          	bltu	a2,a1,11858 <ee_printf+0x23c>
   11834:	06000613          	li	a2,96
   11838:	06b66063          	bltu	a2,a1,11898 <ee_printf+0x27c>
   1183c:	04100613          	li	a2,65
   11840:	22c58a63          	beq	a1,a2,11a74 <ee_printf+0x458>
   11844:	05800613          	li	a2,88
   11848:	0407e793          	ori	a5,a5,64
   1184c:	54c58463          	beq	a1,a2,11d94 <ee_printf+0x778>
   11850:	02500793          	li	a5,37
   11854:	00f58863          	beq	a1,a5,11864 <ee_printf+0x248>
   11858:	02500793          	li	a5,37
   1185c:	00f50023          	sb	a5,0(a0)
   11860:	00150513          	addi	a0,a0,1
   11864:	0004c783          	lbu	a5,0(s1)
   11868:	50078263          	beqz	a5,11d6c <ee_printf+0x750>
   1186c:	00f50023          	sb	a5,0(a0)
   11870:	e75ff06f          	j	116e4 <ee_printf+0xc8>
   11874:	02a00713          	li	a4,42
   11878:	00e81a63          	bne	a6,a4,1188c <ee_printf+0x270>
   1187c:	00042703          	lw	a4,0(s0)
   11880:	00248613          	addi	a2,s1,2
   11884:	00440413          	addi	s0,s0,4
   11888:	f75ff06f          	j	117fc <ee_printf+0x1e0>
   1188c:	00060493          	mv	s1,a2
   11890:	00000713          	li	a4,0
   11894:	f79ff06f          	j	1180c <ee_printf+0x1f0>
   11898:	f9f58613          	addi	a2,a1,-97
   1189c:	0ff67613          	zext.b	a2,a2
   118a0:	01700893          	li	a7,23
   118a4:	fac8e6e3          	bltu	a7,a2,11850 <ee_printf+0x234>
   118a8:	000138b7          	lui	a7,0x13
   118ac:	00261613          	slli	a2,a2,0x2
   118b0:	37088893          	addi	a7,a7,880 # 13370 <seed3_volatile+0x30>
   118b4:	01160633          	add	a2,a2,a7
   118b8:	00062603          	lw	a2,0(a2)
   118bc:	00060067          	jr	a2
   118c0:	0107f793          	andi	a5,a5,16
   118c4:	04079663          	bnez	a5,11910 <ee_printf+0x2f4>
   118c8:	00050793          	mv	a5,a0
   118cc:	00d50633          	add	a2,a0,a3
   118d0:	02000593          	li	a1,32
   118d4:	0080006f          	j	118dc <ee_printf+0x2c0>
   118d8:	feb78fa3          	sb	a1,-1(a5)
   118dc:	00178793          	addi	a5,a5,1
   118e0:	40f60733          	sub	a4,a2,a5
   118e4:	fee04ae3          	bgtz	a4,118d8 <ee_printf+0x2bc>
   118e8:	00d02633          	sgtz	a2,a3
   118ec:	fff68793          	addi	a5,a3,-1
   118f0:	00000713          	li	a4,0
   118f4:	00d05663          	blez	a3,11900 <ee_printf+0x2e4>
   118f8:	00100713          	li	a4,1
   118fc:	40d70733          	sub	a4,a4,a3
   11900:	00f706b3          	add	a3,a4,a5
   11904:	40c00733          	neg	a4,a2
   11908:	00e7f7b3          	and	a5,a5,a4
   1190c:	00f50533          	add	a0,a0,a5
   11910:	00042783          	lw	a5,0(s0)
   11914:	00150713          	addi	a4,a0,1
   11918:	00440613          	addi	a2,s0,4
   1191c:	00f50023          	sb	a5,0(a0)
   11920:	02000813          	li	a6,32
   11924:	00070793          	mv	a5,a4
   11928:	00d50533          	add	a0,a0,a3
   1192c:	40f505b3          	sub	a1,a0,a5
   11930:	02b04063          	bgtz	a1,11950 <ee_printf+0x334>
   11934:	00000513          	li	a0,0
   11938:	00d05463          	blez	a3,11940 <ee_printf+0x324>
   1193c:	fff68513          	addi	a0,a3,-1
   11940:	00a70533          	add	a0,a4,a0
   11944:	00060413          	mv	s0,a2
   11948:	00148313          	addi	t1,s1,1
   1194c:	d3dff06f          	j	11688 <ee_printf+0x6c>
   11950:	00178793          	addi	a5,a5,1
   11954:	ff078fa3          	sb	a6,-1(a5)
   11958:	fd5ff06f          	j	1192c <ee_printf+0x310>
   1195c:	00042603          	lw	a2,0(s0)
   11960:	00440813          	addi	a6,s0,4
   11964:	00061663          	bnez	a2,11970 <ee_printf+0x354>
   11968:	00013637          	lui	a2,0x13
   1196c:	b0060613          	addi	a2,a2,-1280 # 12b00 <static_memblk+0xce0>
   11970:	00e605b3          	add	a1,a2,a4
   11974:	00060713          	mv	a4,a2
   11978:	00074883          	lbu	a7,0(a4)
   1197c:	00088463          	beqz	a7,11984 <ee_printf+0x368>
   11980:	02b71063          	bne	a4,a1,119a0 <ee_printf+0x384>
   11984:	0107f793          	andi	a5,a5,16
   11988:	40c70733          	sub	a4,a4,a2
   1198c:	04079c63          	bnez	a5,119e4 <ee_printf+0x3c8>
   11990:	00050793          	mv	a5,a0
   11994:	00d508b3          	add	a7,a0,a3
   11998:	02000313          	li	t1,32
   1199c:	0140006f          	j	119b0 <ee_printf+0x394>
   119a0:	00170713          	addi	a4,a4,1
   119a4:	fd5ff06f          	j	11978 <ee_printf+0x35c>
   119a8:	00178793          	addi	a5,a5,1
   119ac:	fe678fa3          	sb	t1,-1(a5)
   119b0:	40f885b3          	sub	a1,a7,a5
   119b4:	feb74ae3          	blt	a4,a1,119a8 <ee_printf+0x38c>
   119b8:	00e6a8b3          	slt	a7,a3,a4
   119bc:	00000793          	li	a5,0
   119c0:	00e6c463          	blt	a3,a4,119c8 <ee_printf+0x3ac>
   119c4:	40d707b3          	sub	a5,a4,a3
   119c8:	fff68593          	addi	a1,a3,-1
   119cc:	00b787b3          	add	a5,a5,a1
   119d0:	00000593          	li	a1,0
   119d4:	00089463          	bnez	a7,119dc <ee_printf+0x3c0>
   119d8:	40e685b3          	sub	a1,a3,a4
   119dc:	00b50533          	add	a0,a0,a1
   119e0:	00078693          	mv	a3,a5
   119e4:	00000793          	li	a5,0
   119e8:	04e7c063          	blt	a5,a4,11a28 <ee_printf+0x40c>
   119ec:	fff74793          	not	a5,a4
   119f0:	41f7d793          	srai	a5,a5,0x1f
   119f4:	00f777b3          	and	a5,a4,a5
   119f8:	00f507b3          	add	a5,a0,a5
   119fc:	00078613          	mv	a2,a5
   11a00:	00d78533          	add	a0,a5,a3
   11a04:	02000893          	li	a7,32
   11a08:	40c505b3          	sub	a1,a0,a2
   11a0c:	02b74a63          	blt	a4,a1,11a40 <ee_printf+0x424>
   11a10:	00000513          	li	a0,0
   11a14:	00e6c463          	blt	a3,a4,11a1c <ee_printf+0x400>
   11a18:	40e68533          	sub	a0,a3,a4
   11a1c:	00f50533          	add	a0,a0,a5
   11a20:	00080413          	mv	s0,a6
   11a24:	f25ff06f          	j	11948 <ee_printf+0x32c>
   11a28:	00f605b3          	add	a1,a2,a5
   11a2c:	0005c883          	lbu	a7,0(a1)
   11a30:	00f505b3          	add	a1,a0,a5
   11a34:	00178793          	addi	a5,a5,1
   11a38:	01158023          	sb	a7,0(a1)
   11a3c:	fadff06f          	j	119e8 <ee_printf+0x3cc>
   11a40:	01160023          	sb	a7,0(a2)
   11a44:	00160613          	addi	a2,a2,1
   11a48:	fc1ff06f          	j	11a08 <ee_printf+0x3ec>
   11a4c:	fff00613          	li	a2,-1
   11a50:	00c69663          	bne	a3,a2,11a5c <ee_printf+0x440>
   11a54:	0017e793          	ori	a5,a5,1
   11a58:	00800693          	li	a3,8
   11a5c:	00042583          	lw	a1,0(s0)
   11a60:	00440b93          	addi	s7,s0,4
   11a64:	01000613          	li	a2,16
   11a68:	96dff0ef          	jal	113d4 <number>
   11a6c:	000b8413          	mv	s0,s7
   11a70:	ed9ff06f          	j	11948 <ee_printf+0x32c>
   11a74:	0407e793          	ori	a5,a5,64
   11a78:	06c00713          	li	a4,108
   11a7c:	00042e03          	lw	t3,0(s0)
   11a80:	00440413          	addi	s0,s0,4
   11a84:	12e81a63          	bne	a6,a4,11bb8 <ee_printf+0x59c>
   11a88:	0407f713          	andi	a4,a5,64
   11a8c:	06071663          	bnez	a4,11af8 <ee_printf+0x4dc>
   11a90:	00013737          	lui	a4,0x13
   11a94:	ab070713          	addi	a4,a4,-1360 # 12ab0 <static_memblk+0xc90>
   11a98:	00000893          	li	a7,0
   11a9c:	00000813          	li	a6,0
   11aa0:	00600f13          	li	t5,6
   11aa4:	03a00e93          	li	t4,58
   11aa8:	011e0633          	add	a2,t3,a7
   11aac:	00064603          	lbu	a2,0(a2)
   11ab0:	12080313          	addi	t1,a6,288
   11ab4:	00230333          	add	t1,t1,sp
   11ab8:	00465593          	srli	a1,a2,0x4
   11abc:	00f67613          	andi	a2,a2,15
   11ac0:	00b705b3          	add	a1,a4,a1
   11ac4:	00c70633          	add	a2,a4,a2
   11ac8:	0005c583          	lbu	a1,0(a1)
   11acc:	00064603          	lbu	a2,0(a2)
   11ad0:	00188893          	addi	a7,a7,1
   11ad4:	eeb30423          	sb	a1,-280(t1)
   11ad8:	eec304a3          	sb	a2,-279(t1)
   11adc:	00280593          	addi	a1,a6,2
   11ae0:	03e88263          	beq	a7,t5,11b04 <ee_printf+0x4e8>
   11ae4:	12058613          	addi	a2,a1,288
   11ae8:	002605b3          	add	a1,a2,sp
   11aec:	00380813          	addi	a6,a6,3
   11af0:	efd58423          	sb	t4,-280(a1)
   11af4:	fb5ff06f          	j	11aa8 <ee_printf+0x48c>
   11af8:	00013737          	lui	a4,0x13
   11afc:	ad870713          	addi	a4,a4,-1320 # 12ad8 <static_memblk+0xcb8>
   11b00:	f99ff06f          	j	11a98 <ee_printf+0x47c>
   11b04:	0107f793          	andi	a5,a5,16
   11b08:	06078e63          	beqz	a5,11b84 <ee_printf+0x568>
   11b0c:	00000793          	li	a5,0
   11b10:	00810713          	addi	a4,sp,8
   11b14:	08b7c063          	blt	a5,a1,11b94 <ee_printf+0x578>
   11b18:	00b50533          	add	a0,a0,a1
   11b1c:	00050793          	mv	a5,a0
   11b20:	00d50633          	add	a2,a0,a3
   11b24:	02000813          	li	a6,32
   11b28:	40f60733          	sub	a4,a2,a5
   11b2c:	08e5c063          	blt	a1,a4,11bac <ee_printf+0x590>
   11b30:	00000793          	li	a5,0
   11b34:	00b6c463          	blt	a3,a1,11b3c <ee_printf+0x520>
   11b38:	40b687b3          	sub	a5,a3,a1
   11b3c:	00f50533          	add	a0,a0,a5
   11b40:	e09ff06f          	j	11948 <ee_printf+0x32c>
   11b44:	00178793          	addi	a5,a5,1
   11b48:	ff078fa3          	sb	a6,-1(a5)
   11b4c:	40f60733          	sub	a4,a2,a5
   11b50:	fee5cae3          	blt	a1,a4,11b44 <ee_printf+0x528>
   11b54:	00b6a633          	slt	a2,a3,a1
   11b58:	00000793          	li	a5,0
   11b5c:	00b6c463          	blt	a3,a1,11b64 <ee_printf+0x548>
   11b60:	40d587b3          	sub	a5,a1,a3
   11b64:	fff68713          	addi	a4,a3,-1
   11b68:	00e787b3          	add	a5,a5,a4
   11b6c:	00000713          	li	a4,0
   11b70:	00061463          	bnez	a2,11b78 <ee_printf+0x55c>
   11b74:	40b68733          	sub	a4,a3,a1
   11b78:	00e50533          	add	a0,a0,a4
   11b7c:	00078693          	mv	a3,a5
   11b80:	f8dff06f          	j	11b0c <ee_printf+0x4f0>
   11b84:	00050793          	mv	a5,a0
   11b88:	00d50633          	add	a2,a0,a3
   11b8c:	02000813          	li	a6,32
   11b90:	fbdff06f          	j	11b4c <ee_printf+0x530>
   11b94:	00f70833          	add	a6,a4,a5
   11b98:	00084803          	lbu	a6,0(a6)
   11b9c:	00f50633          	add	a2,a0,a5
   11ba0:	00178793          	addi	a5,a5,1
   11ba4:	01060023          	sb	a6,0(a2)
   11ba8:	f6dff06f          	j	11b14 <ee_printf+0x4f8>
   11bac:	01078023          	sb	a6,0(a5)
   11bb0:	00178793          	addi	a5,a5,1
   11bb4:	f75ff06f          	j	11b28 <ee_printf+0x50c>
   11bb8:	00000313          	li	t1,0
   11bbc:	00000893          	li	a7,0
   11bc0:	06300293          	li	t0,99
   11bc4:	000133b7          	lui	t2,0x13
   11bc8:	03000b93          	li	s7,48
   11bcc:	00400f93          	li	t6,4
   11bd0:	02e00f13          	li	t5,46
   11bd4:	006e0733          	add	a4,t3,t1
   11bd8:	00074803          	lbu	a6,0(a4)
   11bdc:	12088613          	addi	a2,a7,288
   11be0:	00188713          	addi	a4,a7,1
   11be4:	00260eb3          	add	t4,a2,sp
   11be8:	02081263          	bnez	a6,11c0c <ee_printf+0x5f0>
   11bec:	ef7e8423          	sb	s7,-280(t4)
   11bf0:	00130313          	addi	t1,t1,1
   11bf4:	0bf30063          	beq	t1,t6,11c94 <ee_printf+0x678>
   11bf8:	00170893          	addi	a7,a4,1
   11bfc:	12070713          	addi	a4,a4,288
   11c00:	00270733          	add	a4,a4,sp
   11c04:	efe70423          	sb	t5,-280(a4)
   11c08:	fcdff06f          	j	11bd4 <ee_printf+0x5b8>
   11c0c:	ab038613          	addi	a2,t2,-1360 # 12ab0 <static_memblk+0xc90>
   11c10:	0502de63          	bge	t0,a6,11c6c <ee_printf+0x650>
   11c14:	06400593          	li	a1,100
   11c18:	02b84c33          	div	s8,a6,a1
   11c1c:	12070713          	addi	a4,a4,288
   11c20:	00270733          	add	a4,a4,sp
   11c24:	00288893          	addi	a7,a7,2
   11c28:	02b865b3          	rem	a1,a6,a1
   11c2c:	01860c33          	add	s8,a2,s8
   11c30:	000c4c03          	lbu	s8,0(s8)
   11c34:	00a00813          	li	a6,10
   11c38:	ef8e8423          	sb	s8,-280(t4)
   11c3c:	0305ceb3          	div	t4,a1,a6
   11c40:	0305e833          	rem	a6,a1,a6
   11c44:	01d60eb3          	add	t4,a2,t4
   11c48:	000ece83          	lbu	t4,0(t4)
   11c4c:	efd70423          	sb	t4,-280(a4)
   11c50:	01060633          	add	a2,a2,a6
   11c54:	00064603          	lbu	a2,0(a2)
   11c58:	12088593          	addi	a1,a7,288
   11c5c:	00188713          	addi	a4,a7,1
   11c60:	002588b3          	add	a7,a1,sp
   11c64:	eec88423          	sb	a2,-280(a7)
   11c68:	f89ff06f          	j	11bf0 <ee_printf+0x5d4>
   11c6c:	00900593          	li	a1,9
   11c70:	ff05d0e3          	bge	a1,a6,11c50 <ee_printf+0x634>
   11c74:	00a00893          	li	a7,10
   11c78:	031845b3          	div	a1,a6,a7
   11c7c:	00b605b3          	add	a1,a2,a1
   11c80:	0005c583          	lbu	a1,0(a1)
   11c84:	03186833          	rem	a6,a6,a7
   11c88:	00070893          	mv	a7,a4
   11c8c:	eebe8423          	sb	a1,-280(t4)
   11c90:	fc1ff06f          	j	11c50 <ee_printf+0x634>
   11c94:	0107f793          	andi	a5,a5,16
   11c98:	08078263          	beqz	a5,11d1c <ee_printf+0x700>
   11c9c:	00000793          	li	a5,0
   11ca0:	00810613          	addi	a2,sp,8
   11ca4:	08e7c463          	blt	a5,a4,11d2c <ee_printf+0x710>
   11ca8:	fff74793          	not	a5,a4
   11cac:	41f7d793          	srai	a5,a5,0x1f
   11cb0:	00f777b3          	and	a5,a4,a5
   11cb4:	00f507b3          	add	a5,a0,a5
   11cb8:	00078613          	mv	a2,a5
   11cbc:	00f68533          	add	a0,a3,a5
   11cc0:	02000813          	li	a6,32
   11cc4:	40c505b3          	sub	a1,a0,a2
   11cc8:	06b74e63          	blt	a4,a1,11d44 <ee_printf+0x728>
   11ccc:	00000513          	li	a0,0
   11cd0:	e6e6c6e3          	blt	a3,a4,11b3c <ee_printf+0x520>
   11cd4:	40e68533          	sub	a0,a3,a4
   11cd8:	e65ff06f          	j	11b3c <ee_printf+0x520>
   11cdc:	00178793          	addi	a5,a5,1
   11ce0:	ff078fa3          	sb	a6,-1(a5)
   11ce4:	40f58633          	sub	a2,a1,a5
   11ce8:	fec74ae3          	blt	a4,a2,11cdc <ee_printf+0x6c0>
   11cec:	00e6a5b3          	slt	a1,a3,a4
   11cf0:	00000793          	li	a5,0
   11cf4:	00e6c463          	blt	a3,a4,11cfc <ee_printf+0x6e0>
   11cf8:	40d707b3          	sub	a5,a4,a3
   11cfc:	fff68613          	addi	a2,a3,-1
   11d00:	00c787b3          	add	a5,a5,a2
   11d04:	00000613          	li	a2,0
   11d08:	00059463          	bnez	a1,11d10 <ee_printf+0x6f4>
   11d0c:	40e68633          	sub	a2,a3,a4
   11d10:	00c50533          	add	a0,a0,a2
   11d14:	00078693          	mv	a3,a5
   11d18:	f85ff06f          	j	11c9c <ee_printf+0x680>
   11d1c:	00050793          	mv	a5,a0
   11d20:	00d505b3          	add	a1,a0,a3
   11d24:	02000813          	li	a6,32
   11d28:	fbdff06f          	j	11ce4 <ee_printf+0x6c8>
   11d2c:	00f60833          	add	a6,a2,a5
   11d30:	00084803          	lbu	a6,0(a6)
   11d34:	00f505b3          	add	a1,a0,a5
   11d38:	00178793          	addi	a5,a5,1
   11d3c:	01058023          	sb	a6,0(a1)
   11d40:	f65ff06f          	j	11ca4 <ee_printf+0x688>
   11d44:	01060023          	sb	a6,0(a2)
   11d48:	00160613          	addi	a2,a2,1
   11d4c:	f79ff06f          	j	11cc4 <ee_printf+0x6a8>
   11d50:	06c00613          	li	a2,108
   11d54:	0027e793          	ori	a5,a5,2
   11d58:	00c81e63          	bne	a6,a2,11d74 <ee_printf+0x758>
   11d5c:	00a00613          	li	a2,10
   11d60:	00042583          	lw	a1,0(s0)
   11d64:	00440413          	addi	s0,s0,4
   11d68:	0180006f          	j	11d80 <ee_printf+0x764>
   11d6c:	fff48493          	addi	s1,s1,-1
   11d70:	bd9ff06f          	j	11948 <ee_printf+0x32c>
   11d74:	00042583          	lw	a1,0(s0)
   11d78:	00a00613          	li	a2,10
   11d7c:	00440413          	addi	s0,s0,4
   11d80:	e54ff0ef          	jal	113d4 <number>
   11d84:	bc5ff06f          	j	11948 <ee_printf+0x32c>
   11d88:	00f72023          	sw	a5,0(a4)
   11d8c:	00150513          	addi	a0,a0,1
   11d90:	90dff06f          	j	1169c <ee_printf+0x80>
   11d94:	01000613          	li	a2,16
   11d98:	fc9ff06f          	j	11d60 <ee_printf+0x744>
   11d9c:	00800613          	li	a2,8
   11da0:	fc1ff06f          	j	11d60 <ee_printf+0x744>
   11da4:	2741                	.insn	2, 0x2741
   11da6:	0000                	.insn	2, 0x
   11da8:	7200                	.insn	2, 0x7200
   11daa:	7369                	.insn	2, 0x7369
   11dac:	01007663          	bgeu	zero,a6,11db8 <ee_printf+0x79c>
   11db0:	001d                	.insn	2, 0x001d
   11db2:	0000                	.insn	2, 0x
   11db4:	7205                	.insn	2, 0x7205
   11db6:	3376                	.insn	2, 0x3376
   11db8:	6932                	.insn	2, 0x6932
   11dba:	7032                	.insn	2, 0x7032
   11dbc:	5f31                	.insn	2, 0x5f31
   11dbe:	326d                	.insn	2, 0x326d
   11dc0:	3070                	.insn	2, 0x3070
   11dc2:	7a5f 6d6d 6c75      	.insn	6, 0x6c756d6d7a5f
   11dc8:	7031                	.insn	2, 0x7031
   11dca:	0030                	.insn	2, 0x0030
   11dcc:	3a434347          	.insn	4, 0x3a434347
   11dd0:	2820                	.insn	2, 0x2820
   11dd2:	36343067          	.insn	4, 0x36343067
   11dd6:	3639                	.insn	2, 0x3639
   11dd8:	6664                	.insn	2, 0x6664
   11dda:	3930                	.insn	2, 0x3930
   11ddc:	3336                	.insn	2, 0x3336
   11dde:	2029                	.insn	2, 0x2029
   11de0:	3431                	.insn	2, 0x3431
   11de2:	322e                	.insn	2, 0x322e
   11de4:	302e                	.insn	2, 0x302e
   11de6:	4100                	.insn	2, 0x4100
   11de8:	0029                	.insn	2, 0x0029
   11dea:	0000                	.insn	2, 0x
   11dec:	6972                	.insn	2, 0x6972
   11dee:	00766373          	.insn	4, 0x00766373
   11df2:	1f01                	.insn	2, 0x1f01
   11df4:	0000                	.insn	2, 0x
   11df6:	0400                	.insn	2, 0x0400
   11df8:	0510                	.insn	2, 0x0510
   11dfa:	7672                	.insn	2, 0x7672
   11dfc:	32693233          	.insn	4, 0x32693233
   11e00:	3170                	.insn	2, 0x3170
   11e02:	6d5f 7032 5f30      	.insn	6, 0x5f3070326d5f
   11e08:	6d7a                	.insn	2, 0x6d7a
   11e0a:	756d                	.insn	2, 0x756d
   11e0c:	316c                	.insn	2, 0x316c
   11e0e:	3070                	.insn	2, 0x3070
   11e10:	0000                	.insn	2, 0x
	...

00011e14 <mem_name>:
   11e14:	29e8                	.insn	2, 0x29e8
   11e16:	0001                	.insn	2, 0x0001
   11e18:	29f0                	.insn	2, 0x29f0
   11e1a:	0001                	.insn	2, 0x0001
   11e1c:	29f8                	.insn	2, 0x29f8
   11e1e:	0001                	.insn	2, 0x0001

00011e20 <static_memblk>:
	...
   125f0:	6b36                	.insn	2, 0x6b36
   125f2:	7020                	.insn	2, 0x7020
   125f4:	7265                	.insn	2, 0x7265
   125f6:	6f66                	.insn	2, 0x6f66
   125f8:	6d72                	.insn	2, 0x6d72
   125fa:	6e61                	.insn	2, 0x6e61
   125fc:	72206563          	bltu	zero,sp,12d26 <main+0x21e>
   12600:	6e75                	.insn	2, 0x6e75
   12602:	7020                	.insn	2, 0x7020
   12604:	7261                	.insn	2, 0x7261
   12606:	6d61                	.insn	2, 0x6d61
   12608:	7465                	.insn	2, 0x7465
   1260a:	7265                	.insn	2, 0x7265
   1260c:	6f662073          	.insn	4, 0x6f662073
   12610:	2072                	.insn	2, 0x2072
   12612:	65726f63          	bltu	tp,s7,12c70 <main+0x168>
   12616:	616d                	.insn	2, 0x616d
   12618:	6b72                	.insn	2, 0x6b72
   1261a:	0a2e                	.insn	2, 0x0a2e
   1261c:	0000                	.insn	2, 0x
   1261e:	0000                	.insn	2, 0x
   12620:	6b36                	.insn	2, 0x6b36
   12622:	7620                	.insn	2, 0x7620
   12624:	6c61                	.insn	2, 0x6c61
   12626:	6469                	.insn	2, 0x6469
   12628:	7461                	.insn	2, 0x7461
   1262a:	6f69                	.insn	2, 0x6f69
   1262c:	206e                	.insn	2, 0x206e
   1262e:	7572                	.insn	2, 0x7572
   12630:	206e                	.insn	2, 0x206e
   12632:	6170                	.insn	2, 0x6170
   12634:	6172                	.insn	2, 0x6172
   12636:	656d                	.insn	2, 0x656d
   12638:	6574                	.insn	2, 0x6574
   1263a:	7372                	.insn	2, 0x7372
   1263c:	6620                	.insn	2, 0x6620
   1263e:	6320726f          	jal	tp,19c70 <end+0x6876>
   12642:	6d65726f          	jal	tp,69d18 <end+0x5691e>
   12646:	7261                	.insn	2, 0x7261
   12648:	000a2e6b          	.insn	4, 0x000a2e6b
   1264c:	7250                	.insn	2, 0x7250
   1264e:	6c69666f          	jal	a2,a8d14 <end+0x9591a>
   12652:	2065                	.insn	2, 0x2065
   12654:	656e6567          	.insn	4, 0x656e6567
   12658:	6172                	.insn	2, 0x6172
   1265a:	6974                	.insn	2, 0x6974
   1265c:	72206e6f          	jal	t3,18d7e <end+0x5984>
   12660:	6e75                	.insn	2, 0x6e75
   12662:	7020                	.insn	2, 0x7020
   12664:	7261                	.insn	2, 0x7261
   12666:	6d61                	.insn	2, 0x6d61
   12668:	7465                	.insn	2, 0x7465
   1266a:	7265                	.insn	2, 0x7265
   1266c:	6f662073          	.insn	4, 0x6f662073
   12670:	2072                	.insn	2, 0x2072
   12672:	65726f63          	bltu	tp,s7,12cd0 <main+0x1c8>
   12676:	616d                	.insn	2, 0x616d
   12678:	6b72                	.insn	2, 0x6b72
   1267a:	0a2e                	.insn	2, 0x0a2e
   1267c:	0000                	.insn	2, 0x
   1267e:	0000                	.insn	2, 0x
   12680:	4b32                	.insn	2, 0x4b32
   12682:	7020                	.insn	2, 0x7020
   12684:	7265                	.insn	2, 0x7265
   12686:	6f66                	.insn	2, 0x6f66
   12688:	6d72                	.insn	2, 0x6d72
   1268a:	6e61                	.insn	2, 0x6e61
   1268c:	72206563          	bltu	zero,sp,12db6 <main+0x2ae>
   12690:	6e75                	.insn	2, 0x6e75
   12692:	7020                	.insn	2, 0x7020
   12694:	7261                	.insn	2, 0x7261
   12696:	6d61                	.insn	2, 0x6d61
   12698:	7465                	.insn	2, 0x7465
   1269a:	7265                	.insn	2, 0x7265
   1269c:	6f662073          	.insn	4, 0x6f662073
   126a0:	2072                	.insn	2, 0x2072
   126a2:	65726f63          	bltu	tp,s7,12d00 <main+0x1f8>
   126a6:	616d                	.insn	2, 0x616d
   126a8:	6b72                	.insn	2, 0x6b72
   126aa:	0a2e                	.insn	2, 0x0a2e
   126ac:	0000                	.insn	2, 0x
   126ae:	0000                	.insn	2, 0x
   126b0:	4b32                	.insn	2, 0x4b32
   126b2:	7620                	.insn	2, 0x7620
   126b4:	6c61                	.insn	2, 0x6c61
   126b6:	6469                	.insn	2, 0x6469
   126b8:	7461                	.insn	2, 0x7461
   126ba:	6f69                	.insn	2, 0x6f69
   126bc:	206e                	.insn	2, 0x206e
   126be:	7572                	.insn	2, 0x7572
   126c0:	206e                	.insn	2, 0x206e
   126c2:	6170                	.insn	2, 0x6170
   126c4:	6172                	.insn	2, 0x6172
   126c6:	656d                	.insn	2, 0x656d
   126c8:	6574                	.insn	2, 0x6574
   126ca:	7372                	.insn	2, 0x7372
   126cc:	6620                	.insn	2, 0x6620
   126ce:	6320726f          	jal	tp,19d00 <end+0x6906>
   126d2:	6d65726f          	jal	tp,69da8 <end+0x569ae>
   126d6:	7261                	.insn	2, 0x7261
   126d8:	000a2e6b          	.insn	4, 0x000a2e6b
   126dc:	5d75255b          	.insn	4, 0x5d75255b
   126e0:	5245                	.insn	2, 0x5245
   126e2:	4f52                	.insn	2, 0x4f52
   126e4:	2152                	.insn	2, 0x2152
   126e6:	6c20                	.insn	2, 0x6c20
   126e8:	7369                	.insn	2, 0x7369
   126ea:	2074                	.insn	2, 0x2074
   126ec:	20637263          	bgeu	t1,t1,128f0 <static_memblk+0xad0>
   126f0:	7830                	.insn	2, 0x7830
   126f2:	3025                	.insn	2, 0x3025
   126f4:	7834                	.insn	2, 0x7834
   126f6:	2d20                	.insn	2, 0x2d20
   126f8:	7320                	.insn	2, 0x7320
   126fa:	6f68                	.insn	2, 0x6f68
   126fc:	6c75                	.insn	2, 0x6c75
   126fe:	2064                	.insn	2, 0x2064
   12700:	6562                	.insn	2, 0x6562
   12702:	3020                	.insn	2, 0x3020
   12704:	2578                	.insn	2, 0x2578
   12706:	3430                	.insn	2, 0x3430
   12708:	0a78                	.insn	2, 0x0a78
   1270a:	0000                	.insn	2, 0x
   1270c:	5d75255b          	.insn	4, 0x5d75255b
   12710:	5245                	.insn	2, 0x5245
   12712:	4f52                	.insn	2, 0x4f52
   12714:	2152                	.insn	2, 0x2152
   12716:	6d20                	.insn	2, 0x6d20
   12718:	7461                	.insn	2, 0x7461
   1271a:	6972                	.insn	2, 0x6972
   1271c:	2078                	.insn	2, 0x2078
   1271e:	20637263          	bgeu	t1,t1,12922 <static_memblk+0xb02>
   12722:	7830                	.insn	2, 0x7830
   12724:	3025                	.insn	2, 0x3025
   12726:	7834                	.insn	2, 0x7834
   12728:	2d20                	.insn	2, 0x2d20
   1272a:	7320                	.insn	2, 0x7320
   1272c:	6f68                	.insn	2, 0x6f68
   1272e:	6c75                	.insn	2, 0x6c75
   12730:	2064                	.insn	2, 0x2064
   12732:	6562                	.insn	2, 0x6562
   12734:	3020                	.insn	2, 0x3020
   12736:	2578                	.insn	2, 0x2578
   12738:	3430                	.insn	2, 0x3430
   1273a:	0a78                	.insn	2, 0x0a78
   1273c:	0000                	.insn	2, 0x
   1273e:	0000                	.insn	2, 0x
   12740:	5d75255b          	.insn	4, 0x5d75255b
   12744:	5245                	.insn	2, 0x5245
   12746:	4f52                	.insn	2, 0x4f52
   12748:	2152                	.insn	2, 0x2152
   1274a:	7320                	.insn	2, 0x7320
   1274c:	6174                	.insn	2, 0x6174
   1274e:	6574                	.insn	2, 0x6574
   12750:	6320                	.insn	2, 0x6320
   12752:	6372                	.insn	2, 0x6372
   12754:	3020                	.insn	2, 0x3020
   12756:	2578                	.insn	2, 0x2578
   12758:	3430                	.insn	2, 0x3430
   1275a:	2078                	.insn	2, 0x2078
   1275c:	202d                	.insn	2, 0x202d
   1275e:	756f6873          	.insn	4, 0x756f6873
   12762:	646c                	.insn	2, 0x646c
   12764:	6220                	.insn	2, 0x6220
   12766:	2065                	.insn	2, 0x2065
   12768:	7830                	.insn	2, 0x7830
   1276a:	3025                	.insn	2, 0x3025
   1276c:	7834                	.insn	2, 0x7834
   1276e:	000a                	.insn	2, 0x000a
   12770:	65726f43          	.insn	4, 0x65726f43
   12774:	614d                	.insn	2, 0x614d
   12776:	6b72                	.insn	2, 0x6b72
   12778:	5320                	.insn	2, 0x5320
   1277a:	7a69                	.insn	2, 0x7a69
   1277c:	2065                	.insn	2, 0x2065
   1277e:	2020                	.insn	2, 0x2020
   12780:	3a20                	.insn	2, 0x3a20
   12782:	2520                	.insn	2, 0x2520
   12784:	756c                	.insn	2, 0x756c
   12786:	000a                	.insn	2, 0x000a
   12788:	6f54                	.insn	2, 0x6f54
   1278a:	6174                	.insn	2, 0x6174
   1278c:	206c                	.insn	2, 0x206c
   1278e:	6974                	.insn	2, 0x6974
   12790:	20736b63          	bltu	t1,t2,129a6 <static_memblk+0xb86>
   12794:	2020                	.insn	2, 0x2020
   12796:	2020                	.insn	2, 0x2020
   12798:	3a20                	.insn	2, 0x3a20
   1279a:	2520                	.insn	2, 0x2520
   1279c:	756c                	.insn	2, 0x756c
   1279e:	6b20                	.insn	2, 0x6b20
   127a0:	000a                	.insn	2, 0x000a
   127a2:	0000                	.insn	2, 0x
   127a4:	6f54                	.insn	2, 0x6f54
   127a6:	6174                	.insn	2, 0x6174
   127a8:	206c                	.insn	2, 0x206c
   127aa:	6974                	.insn	2, 0x6974
   127ac:	656d                	.insn	2, 0x656d
   127ae:	2820                	.insn	2, 0x2820
   127b0:	73636573          	.insn	4, 0x73636573
   127b4:	3a29                	.insn	2, 0x3a29
   127b6:	2520                	.insn	2, 0x2520
   127b8:	0a64                	.insn	2, 0x0a64
   127ba:	0000                	.insn	2, 0x
   127bc:	7449                	.insn	2, 0x7449
   127be:	7265                	.insn	2, 0x7265
   127c0:	7461                	.insn	2, 0x7461
   127c2:	6f69                	.insn	2, 0x6f69
   127c4:	736e                	.insn	2, 0x736e
   127c6:	6365532f          	.insn	4, 0x6365532f
   127ca:	2020                	.insn	2, 0x2020
   127cc:	3a20                	.insn	2, 0x3a20
   127ce:	2520                	.insn	2, 0x2520
   127d0:	0a64                	.insn	2, 0x0a64
   127d2:	0000                	.insn	2, 0x
   127d4:	5245                	.insn	2, 0x5245
   127d6:	4f52                	.insn	2, 0x4f52
   127d8:	2152                	.insn	2, 0x2152
   127da:	4d20                	.insn	2, 0x4d20
   127dc:	7375                	.insn	2, 0x7375
   127de:	2074                	.insn	2, 0x2074
   127e0:	7865                	.insn	2, 0x7865
   127e2:	6365                	.insn	2, 0x6365
   127e4:	7475                	.insn	2, 0x7475
   127e6:	2065                	.insn	2, 0x2065
   127e8:	6f66                	.insn	2, 0x6f66
   127ea:	2072                	.insn	2, 0x2072
   127ec:	7461                	.insn	2, 0x7461
   127ee:	6c20                	.insn	2, 0x6c20
   127f0:	6165                	.insn	2, 0x6165
   127f2:	31207473          	.insn	4, 0x31207473
   127f6:	2030                	.insn	2, 0x2030
   127f8:	73636573          	.insn	4, 0x73636573
   127fc:	6620                	.insn	2, 0x6620
   127fe:	6120726f          	jal	tp,19e10 <end+0x6a16>
   12802:	7620                	.insn	2, 0x7620
   12804:	6c61                	.insn	2, 0x6c61
   12806:	6469                	.insn	2, 0x6469
   12808:	7220                	.insn	2, 0x7220
   1280a:	7365                	.insn	2, 0x7365
   1280c:	6c75                	.insn	2, 0x6c75
   1280e:	2174                	.insn	2, 0x2174
   12810:	000a                	.insn	2, 0x000a
   12812:	0000                	.insn	2, 0x
   12814:	7449                	.insn	2, 0x7449
   12816:	7265                	.insn	2, 0x7265
   12818:	7461                	.insn	2, 0x7461
   1281a:	6f69                	.insn	2, 0x6f69
   1281c:	736e                	.insn	2, 0x736e
   1281e:	2020                	.insn	2, 0x2020
   12820:	2020                	.insn	2, 0x2020
   12822:	2020                	.insn	2, 0x2020
   12824:	3a20                	.insn	2, 0x3a20
   12826:	2520                	.insn	2, 0x2520
   12828:	756c                	.insn	2, 0x756c
   1282a:	000a                	.insn	2, 0x000a
   1282c:	31434347          	.insn	4, 0x31434347
   12830:	2e34                	.insn	2, 0x2e34
   12832:	2e32                	.insn	2, 0x2e32
   12834:	0030                	.insn	2, 0x0030
   12836:	0000                	.insn	2, 0x
   12838:	706d6f43          	.insn	4, 0x706d6f43
   1283c:	6c69                	.insn	2, 0x6c69
   1283e:	7265                	.insn	2, 0x7265
   12840:	7620                	.insn	2, 0x7620
   12842:	7265                	.insn	2, 0x7265
   12844:	6e6f6973          	.insn	4, 0x6e6f6973
   12848:	3a20                	.insn	2, 0x3a20
   1284a:	2520                	.insn	2, 0x2520
   1284c:	00000a73          	.insn	4, 0x0a73
   12850:	20656553          	.insn	4, 0x20656553
   12854:	614d                	.insn	2, 0x614d
   12856:	6966656b          	.insn	4, 0x6966656b
   1285a:	656c                	.insn	2, 0x656c
   1285c:	0000                	.insn	2, 0x
   1285e:	0000                	.insn	2, 0x
   12860:	706d6f43          	.insn	4, 0x706d6f43
   12864:	6c69                	.insn	2, 0x6c69
   12866:	7265                	.insn	2, 0x7265
   12868:	6620                	.insn	2, 0x6620
   1286a:	616c                	.insn	2, 0x616c
   1286c:	20207367          	.insn	4, 0x20207367
   12870:	3a20                	.insn	2, 0x3a20
   12872:	2520                	.insn	2, 0x2520
   12874:	00000a73          	.insn	4, 0x0a73
   12878:	54415453          	.insn	4, 0x54415453
   1287c:	4349                	.insn	2, 0x4349
   1287e:	0000                	.insn	2, 0x
   12880:	654d                	.insn	2, 0x654d
   12882:	6f6d                	.insn	2, 0x6f6d
   12884:	7972                	.insn	2, 0x7972
   12886:	6c20                	.insn	2, 0x6c20
   12888:	7461636f          	jal	t1,28fce <end+0x15bd4>
   1288c:	6f69                	.insn	2, 0x6f69
   1288e:	206e                	.insn	2, 0x206e
   12890:	3a20                	.insn	2, 0x3a20
   12892:	2520                	.insn	2, 0x2520
   12894:	00000a73          	.insn	4, 0x0a73
   12898:	64656573          	.insn	4, 0x64656573
   1289c:	20637263          	bgeu	t1,t1,12aa0 <static_memblk+0xc80>
   128a0:	2020                	.insn	2, 0x2020
   128a2:	2020                	.insn	2, 0x2020
   128a4:	2020                	.insn	2, 0x2020
   128a6:	2020                	.insn	2, 0x2020
   128a8:	3a20                	.insn	2, 0x3a20
   128aa:	3020                	.insn	2, 0x3020
   128ac:	2578                	.insn	2, 0x2578
   128ae:	3430                	.insn	2, 0x3430
   128b0:	0a78                	.insn	2, 0x0a78
   128b2:	0000                	.insn	2, 0x
   128b4:	5d64255b          	.insn	4, 0x5d64255b
   128b8:	6c637263          	bgeu	t1,t1,12f7c <main+0x474>
   128bc:	7369                	.insn	2, 0x7369
   128be:	2074                	.insn	2, 0x2074
   128c0:	2020                	.insn	2, 0x2020
   128c2:	2020                	.insn	2, 0x2020
   128c4:	2020                	.insn	2, 0x2020
   128c6:	203a                	.insn	2, 0x203a
   128c8:	7830                	.insn	2, 0x7830
   128ca:	3025                	.insn	2, 0x3025
   128cc:	7834                	.insn	2, 0x7834
   128ce:	000a                	.insn	2, 0x000a
   128d0:	5d64255b          	.insn	4, 0x5d64255b
   128d4:	6d637263          	bgeu	t1,s6,12f98 <main+0x490>
   128d8:	7461                	.insn	2, 0x7461
   128da:	6972                	.insn	2, 0x6972
   128dc:	2078                	.insn	2, 0x2078
   128de:	2020                	.insn	2, 0x2020
   128e0:	2020                	.insn	2, 0x2020
   128e2:	203a                	.insn	2, 0x203a
   128e4:	7830                	.insn	2, 0x7830
   128e6:	3025                	.insn	2, 0x3025
   128e8:	7834                	.insn	2, 0x7834
   128ea:	000a                	.insn	2, 0x000a
   128ec:	5d64255b          	.insn	4, 0x5d64255b
   128f0:	73637263          	bgeu	t1,s6,13014 <main+0x50c>
   128f4:	6174                	.insn	2, 0x6174
   128f6:	6574                	.insn	2, 0x6574
   128f8:	2020                	.insn	2, 0x2020
   128fa:	2020                	.insn	2, 0x2020
   128fc:	2020                	.insn	2, 0x2020
   128fe:	203a                	.insn	2, 0x203a
   12900:	7830                	.insn	2, 0x7830
   12902:	3025                	.insn	2, 0x3025
   12904:	7834                	.insn	2, 0x7834
   12906:	000a                	.insn	2, 0x000a
   12908:	5d64255b          	.insn	4, 0x5d64255b
   1290c:	66637263          	bgeu	t1,t1,12f70 <main+0x468>
   12910:	6e69                	.insn	2, 0x6e69
   12912:	6c61                	.insn	2, 0x6c61
   12914:	2020                	.insn	2, 0x2020
   12916:	2020                	.insn	2, 0x2020
   12918:	2020                	.insn	2, 0x2020
   1291a:	203a                	.insn	2, 0x203a
   1291c:	7830                	.insn	2, 0x7830
   1291e:	3025                	.insn	2, 0x3025
   12920:	7834                	.insn	2, 0x7834
   12922:	000a                	.insn	2, 0x000a
   12924:	72726f43          	.insn	4, 0x72726f43
   12928:	6365                	.insn	2, 0x6365
   1292a:	2074                	.insn	2, 0x2074
   1292c:	7265706f          	j	6a052 <end+0x56c58>
   12930:	7461                	.insn	2, 0x7461
   12932:	6f69                	.insn	2, 0x6f69
   12934:	206e                	.insn	2, 0x206e
   12936:	6176                	.insn	2, 0x6176
   12938:	696c                	.insn	2, 0x696c
   1293a:	6164                	.insn	2, 0x6164
   1293c:	6574                	.insn	2, 0x6574
   1293e:	2e64                	.insn	2, 0x2e64
   12940:	5320                	.insn	2, 0x5320
   12942:	6565                	.insn	2, 0x6565
   12944:	5220                	.insn	2, 0x5220
   12946:	4145                	.insn	2, 0x4145
   12948:	4d44                	.insn	2, 0x4d44
   1294a:	2e45                	.insn	2, 0x2e45
   1294c:	646d                	.insn	2, 0x646d
   1294e:	6620                	.insn	2, 0x6620
   12950:	7220726f          	jal	tp,1a072 <end+0x6c78>
   12954:	6e75                	.insn	2, 0x6e75
   12956:	6120                	.insn	2, 0x6120
   12958:	646e                	.insn	2, 0x646e
   1295a:	7220                	.insn	2, 0x7220
   1295c:	7065                	.insn	2, 0x7065
   1295e:	6974726f          	jal	tp,5a7f4 <end+0x473fa>
   12962:	676e                	.insn	2, 0x676e
   12964:	7220                	.insn	2, 0x7220
   12966:	6c75                	.insn	2, 0x6c75
   12968:	7365                	.insn	2, 0x7365
   1296a:	0a2e                	.insn	2, 0x0a2e
   1296c:	0000                	.insn	2, 0x
   1296e:	0000                	.insn	2, 0x
   12970:	7245                	.insn	2, 0x7245
   12972:	6f72                	.insn	2, 0x6f72
   12974:	7372                	.insn	2, 0x7372
   12976:	6420                	.insn	2, 0x6420
   12978:	7465                	.insn	2, 0x7465
   1297a:	6365                	.insn	2, 0x6365
   1297c:	6574                	.insn	2, 0x6574
   1297e:	0a64                	.insn	2, 0x0a64
   12980:	0000                	.insn	2, 0x
   12982:	0000                	.insn	2, 0x
   12984:	6e6e6143          	.insn	4, 0x6e6e6143
   12988:	7620746f          	jal	s0,1a0ea <end+0x6cf0>
   1298c:	6c61                	.insn	2, 0x6c61
   1298e:	6469                	.insn	2, 0x6469
   12990:	7461                	.insn	2, 0x7461
   12992:	2065                	.insn	2, 0x2065
   12994:	7265706f          	j	6a0ba <end+0x56cc0>
   12998:	7461                	.insn	2, 0x7461
   1299a:	6f69                	.insn	2, 0x6f69
   1299c:	206e                	.insn	2, 0x206e
   1299e:	6f66                	.insn	2, 0x6f66
   129a0:	2072                	.insn	2, 0x2072
   129a2:	6874                	.insn	2, 0x6874
   129a4:	7365                	.insn	2, 0x7365
   129a6:	2065                	.insn	2, 0x2065
   129a8:	64656573          	.insn	4, 0x64656573
   129ac:	7620                	.insn	2, 0x7620
   129ae:	6c61                	.insn	2, 0x6c61
   129b0:	6575                	.insn	2, 0x6575
   129b2:	70202c73          	.insn	4, 0x70202c73
   129b6:	656c                	.insn	2, 0x656c
   129b8:	7361                	.insn	2, 0x7361
   129ba:	2065                	.insn	2, 0x2065
   129bc:	706d6f63          	bltu	s10,t1,130da <main+0x5d2>
   129c0:	7261                	.insn	2, 0x7261
   129c2:	2065                	.insn	2, 0x2065
   129c4:	68746977          	.insn	4, 0x68746977
   129c8:	7220                	.insn	2, 0x7220
   129ca:	7365                	.insn	2, 0x7365
   129cc:	6c75                	.insn	2, 0x6c75
   129ce:	7374                	.insn	2, 0x7374
   129d0:	6f20                	.insn	2, 0x6f20
   129d2:	206e                	.insn	2, 0x206e
   129d4:	2061                	.insn	2, 0x2061
   129d6:	776f6e6b          	.insn	4, 0x776f6e6b
   129da:	206e                	.insn	2, 0x206e
   129dc:	6c70                	.insn	2, 0x6c70
   129de:	7461                	.insn	2, 0x7461
   129e0:	6f66                	.insn	2, 0x6f66
   129e2:	6d72                	.insn	2, 0x6d72
   129e4:	0a2e                	.insn	2, 0x0a2e
   129e6:	0000                	.insn	2, 0x
   129e8:	74617453          	.insn	4, 0x74617453
   129ec:	6369                	.insn	2, 0x6369
   129ee:	0000                	.insn	2, 0x
   129f0:	6548                	.insn	2, 0x6548
   129f2:	7061                	.insn	2, 0x7061
   129f4:	0000                	.insn	2, 0x
   129f6:	0000                	.insn	2, 0x
   129f8:	63617453          	.insn	4, 0x63617453
   129fc:	0000006b          	.insn	4, 0x006b
   12a00:	3054                	.insn	2, 0x3054
   12a02:	332e                	.insn	2, 0x332e
   12a04:	2d65                	.insn	2, 0x2d65
   12a06:	4631                	.insn	2, 0x4631
   12a08:	0000                	.insn	2, 0x
   12a0a:	0000                	.insn	2, 0x
   12a0c:	542d                	.insn	2, 0x542d
   12a0e:	542e                	.insn	2, 0x542e
   12a10:	71542b2b          	.insn	4, 0x71542b2b
   12a14:	0000                	.insn	2, 0x
   12a16:	0000                	.insn	2, 0x
   12a18:	5431                	.insn	2, 0x5431
   12a1a:	65342e33          	.insn	4, 0x65342e33
   12a1e:	7a34                	.insn	2, 0x7a34
   12a20:	0000                	.insn	2, 0x
   12a22:	0000                	.insn	2, 0x
   12a24:	302e3433          	.insn	4, 0x302e3433
   12a28:	2d65                	.insn	2, 0x2d65
   12a2a:	5e54                	.insn	2, 0x5e54
   12a2c:	0000                	.insn	2, 0x
   12a2e:	0000                	.insn	2, 0x
   12a30:	2e35                	.insn	2, 0x2e35
   12a32:	3035                	.insn	2, 0x3035
   12a34:	6530                	.insn	2, 0x6530
   12a36:	0000332b          	.insn	4, 0x332b
   12a3a:	0000                	.insn	2, 0x
   12a3c:	2e2d                	.insn	2, 0x2e2d
   12a3e:	3231                	.insn	2, 0x3231
   12a40:	322d6533          	.insn	4, 0x322d6533
   12a44:	0000                	.insn	2, 0x
   12a46:	0000                	.insn	2, 0x
   12a48:	382d                	.insn	2, 0x382d
   12a4a:	382b6537          	lui	a0,0x382b6
   12a4e:	00003233          	snez	tp,zero
   12a52:	0000                	.insn	2, 0x
   12a54:	362e302b          	.insn	4, 0x362e302b
   12a58:	2d65                	.insn	2, 0x2d65
   12a5a:	3231                	.insn	2, 0x3231
   12a5c:	0000                	.insn	2, 0x
   12a5e:	0000                	.insn	2, 0x
   12a60:	352e3533          	.insn	4, 0x352e3533
   12a64:	3434                	.insn	2, 0x3434
   12a66:	3030                	.insn	2, 0x3030
   12a68:	0000                	.insn	2, 0x
   12a6a:	0000                	.insn	2, 0x
   12a6c:	312e                	.insn	2, 0x312e
   12a6e:	3332                	.insn	2, 0x3332
   12a70:	3534                	.insn	2, 0x3534
   12a72:	3030                	.insn	2, 0x3030
   12a74:	0000                	.insn	2, 0x
   12a76:	0000                	.insn	2, 0x
   12a78:	312d                	.insn	2, 0x312d
   12a7a:	3031                	.insn	2, 0x3031
   12a7c:	372e                	.insn	2, 0x372e
   12a7e:	3030                	.insn	2, 0x3030
   12a80:	0000                	.insn	2, 0x
   12a82:	0000                	.insn	2, 0x
   12a84:	362e302b          	.insn	4, 0x362e302b
   12a88:	3434                	.insn	2, 0x3434
   12a8a:	3030                	.insn	2, 0x3030
   12a8c:	0000                	.insn	2, 0x
   12a8e:	0000                	.insn	2, 0x
   12a90:	3035                	.insn	2, 0x3035
   12a92:	3231                	.insn	2, 0x3231
   12a94:	0000                	.insn	2, 0x
   12a96:	0000                	.insn	2, 0x
   12a98:	3231                	.insn	2, 0x3231
   12a9a:	00003433          	snez	s0,zero
   12a9e:	0000                	.insn	2, 0x
   12aa0:	382d                	.insn	2, 0x382d
   12aa2:	00003437          	lui	s0,0x3
   12aa6:	0000                	.insn	2, 0x
   12aa8:	3232312b          	.insn	4, 0x3232312b
   12aac:	0000                	.insn	2, 0x
   12aae:	0000                	.insn	2, 0x
   12ab0:	3130                	.insn	2, 0x3130
   12ab2:	3332                	.insn	2, 0x3332
   12ab4:	3534                	.insn	2, 0x3534
   12ab6:	3736                	.insn	2, 0x3736
   12ab8:	3938                	.insn	2, 0x3938
   12aba:	6261                	.insn	2, 0x6261
   12abc:	66656463          	bltu	a0,t1,13124 <main+0x61c>
   12ac0:	6a696867          	.insn	4, 0x6a696867
   12ac4:	6e6d6c6b          	.insn	4, 0x6e6d6c6b
   12ac8:	7271706f          	j	2a9ee <end+0x175f4>
   12acc:	76757473          	.insn	4, 0x76757473
   12ad0:	7a797877          	.insn	4, 0x7a797877
   12ad4:	0000                	.insn	2, 0x
   12ad6:	0000                	.insn	2, 0x
   12ad8:	3130                	.insn	2, 0x3130
   12ada:	3332                	.insn	2, 0x3332
   12adc:	3534                	.insn	2, 0x3534
   12ade:	3736                	.insn	2, 0x3736
   12ae0:	3938                	.insn	2, 0x3938
   12ae2:	4241                	.insn	2, 0x4241
   12ae4:	46454443          	.insn	4, 0x46454443
   12ae8:	4a494847          	.insn	4, 0x4a494847
   12aec:	4e4d4c4b          	.insn	4, 0x4e4d4c4b
   12af0:	5251504f          	.insn	4, 0x5251504f
   12af4:	56555453          	.insn	4, 0x56555453
   12af8:	5a595857          	.insn	4, 0x5a595857
   12afc:	0000                	.insn	2, 0x
   12afe:	0000                	.insn	2, 0x
   12b00:	4e3c                	.insn	2, 0x4e3c
   12b02:	4c55                	.insn	2, 0x4c55
   12b04:	3e4c                	.insn	2, 0x3e4c
	...

00012b08 <main>:
   12b08:	f8010113          	addi	sp,sp,-128
   12b0c:	00810613          	addi	a2,sp,8
   12b10:	00410593          	addi	a1,sp,4
   12b14:	04e10513          	addi	a0,sp,78
   12b18:	06112e23          	sw	ra,124(sp)
   12b1c:	06812c23          	sw	s0,120(sp)
   12b20:	06912a23          	sw	s1,116(sp)
   12b24:	07212823          	sw	s2,112(sp)
   12b28:	07312623          	sw	s3,108(sp)
   12b2c:	07412423          	sw	s4,104(sp)
   12b30:	07512223          	sw	s5,100(sp)
   12b34:	07612023          	sw	s6,96(sp)
   12b38:	05712e23          	sw	s7,92(sp)
   12b3c:	05812c23          	sw	s8,88(sp)
   12b40:	05912a23          	sw	s9,84(sp)
   12b44:	00012223          	sw	zero,4(sp)
   12b48:	879fe0ef          	jal	113c0 <portable_init>
   12b4c:	00100513          	li	a0,1
   12b50:	f00fe0ef          	jal	11250 <get_seed_32>
   12b54:	00a11623          	sh	a0,12(sp)
   12b58:	00200513          	li	a0,2
   12b5c:	ef4fe0ef          	jal	11250 <get_seed_32>
   12b60:	00a11723          	sh	a0,14(sp)
   12b64:	00300513          	li	a0,3
   12b68:	ee8fe0ef          	jal	11250 <get_seed_32>
   12b6c:	00a11823          	sh	a0,16(sp)
   12b70:	00400513          	li	a0,4
   12b74:	edcfe0ef          	jal	11250 <get_seed_32>
   12b78:	02a12423          	sw	a0,40(sp)
   12b7c:	00500513          	li	a0,5
   12b80:	ed0fe0ef          	jal	11250 <get_seed_32>
   12b84:	00051463          	bnez	a0,12b8c <main+0x84>
   12b88:	00700513          	li	a0,7
   12b8c:	00c12783          	lw	a5,12(sp)
   12b90:	02a12623          	sw	a0,44(sp)
   12b94:	34079863          	bnez	a5,12ee4 <main+0x3dc>
   12b98:	01011783          	lh	a5,16(sp)
   12b9c:	00079663          	bnez	a5,12ba8 <main+0xa0>
   12ba0:	06600793          	li	a5,102
   12ba4:	00f11823          	sh	a5,16(sp)
   12ba8:	000126b7          	lui	a3,0x12
   12bac:	e2068793          	addi	a5,a3,-480 # 11e20 <static_memblk>
   12bb0:	00257713          	andi	a4,a0,2
   12bb4:	00e03733          	snez	a4,a4
   12bb8:	00f12a23          	sw	a5,20(sp)
   12bbc:	00157793          	andi	a5,a0,1
   12bc0:	00e787b3          	add	a5,a5,a4
   12bc4:	04011623          	sh	zero,76(sp)
   12bc8:	00457713          	andi	a4,a0,4
   12bcc:	e2068593          	addi	a1,a3,-480
   12bd0:	00070863          	beqz	a4,12be0 <main+0xd8>
   12bd4:	00178793          	addi	a5,a5,1
   12bd8:	01079793          	slli	a5,a5,0x10
   12bdc:	0107d793          	srli	a5,a5,0x10
   12be0:	7d000613          	li	a2,2000
   12be4:	02f65633          	divu	a2,a2,a5
   12be8:	00c10693          	addi	a3,sp,12
   12bec:	00000713          	li	a4,0
   12bf0:	00000793          	li	a5,0
   12bf4:	00100313          	li	t1,1
   12bf8:	00300893          	li	a7,3
   12bfc:	02c12223          	sw	a2,36(sp)
   12c00:	00e31833          	sll	a6,t1,a4
   12c04:	00a87833          	and	a6,a6,a0
   12c08:	00080e63          	beqz	a6,12c24 <main+0x11c>
   12c0c:	02c78833          	mul	a6,a5,a2
   12c10:	00178793          	addi	a5,a5,1
   12c14:	01079793          	slli	a5,a5,0x10
   12c18:	0107d793          	srli	a5,a5,0x10
   12c1c:	01058833          	add	a6,a1,a6
   12c20:	0106a623          	sw	a6,12(a3)
   12c24:	00170713          	addi	a4,a4,1
   12c28:	00468693          	addi	a3,a3,4
   12c2c:	fd171ae3          	bne	a4,a7,12c00 <main+0xf8>
   12c30:	02c12783          	lw	a5,44(sp)
   12c34:	0017f793          	andi	a5,a5,1
   12c38:	00078c63          	beqz	a5,12c50 <main+0x148>
   12c3c:	00c11603          	lh	a2,12(sp)
   12c40:	01812583          	lw	a1,24(sp)
   12c44:	02412503          	lw	a0,36(sp)
   12c48:	ae9fd0ef          	jal	10730 <core_list_init>
   12c4c:	02a12823          	sw	a0,48(sp)
   12c50:	02c12783          	lw	a5,44(sp)
   12c54:	0027f793          	andi	a5,a5,2
   12c58:	02078263          	beqz	a5,12c7c <main+0x174>
   12c5c:	00e11783          	lh	a5,14(sp)
   12c60:	00c11603          	lh	a2,12(sp)
   12c64:	01c12583          	lw	a1,28(sp)
   12c68:	02412503          	lw	a0,36(sp)
   12c6c:	01079793          	slli	a5,a5,0x10
   12c70:	03410693          	addi	a3,sp,52
   12c74:	00c7e633          	or	a2,a5,a2
   12c78:	c45fd0ef          	jal	108bc <core_init_matrix>
   12c7c:	02c12783          	lw	a5,44(sp)
   12c80:	0047f793          	andi	a5,a5,4
   12c84:	00078a63          	beqz	a5,12c98 <main+0x190>
   12c88:	02012603          	lw	a2,32(sp)
   12c8c:	00c11583          	lh	a1,12(sp)
   12c90:	02412503          	lw	a0,36(sp)
   12c94:	970fe0ef          	jal	10e04 <core_init_state>
   12c98:	02812783          	lw	a5,40(sp)
   12c9c:	04079663          	bnez	a5,12ce8 <main+0x1e0>
   12ca0:	00100793          	li	a5,1
   12ca4:	02f12423          	sw	a5,40(sp)
   12ca8:	00a00413          	li	s0,10
   12cac:	02812783          	lw	a5,40(sp)
   12cb0:	028787b3          	mul	a5,a5,s0
   12cb4:	02f12423          	sw	a5,40(sp)
   12cb8:	ec0fe0ef          	jal	11378 <start_time>
   12cbc:	00c10513          	addi	a0,sp,12
   12cc0:	bd8fd0ef          	jal	10098 <iterate>
   12cc4:	ec4fe0ef          	jal	11388 <stop_time>
   12cc8:	ed0fe0ef          	jal	11398 <get_time>
   12ccc:	ee4fe0ef          	jal	113b0 <time_in_secs>
   12cd0:	fc050ee3          	beqz	a0,12cac <main+0x1a4>
   12cd4:	02a45433          	divu	s0,s0,a0
   12cd8:	02812783          	lw	a5,40(sp)
   12cdc:	00140413          	addi	s0,s0,1 # 3001 <start-0xcfff>
   12ce0:	028787b3          	mul	a5,a5,s0
   12ce4:	02f12423          	sw	a5,40(sp)
   12ce8:	e90fe0ef          	jal	11378 <start_time>
   12cec:	00c10513          	addi	a0,sp,12
   12cf0:	ba8fd0ef          	jal	10098 <iterate>
   12cf4:	e94fe0ef          	jal	11388 <stop_time>
   12cf8:	ea0fe0ef          	jal	11398 <get_time>
   12cfc:	00050993          	mv	s3,a0
   12d00:	00c11503          	lh	a0,12(sp)
   12d04:	00000593          	li	a1,0
   12d08:	00013937          	lui	s2,0x13
   12d0c:	e58fe0ef          	jal	11364 <crc16>
   12d10:	00050593          	mv	a1,a0
   12d14:	00e11503          	lh	a0,14(sp)
   12d18:	e4cfe0ef          	jal	11364 <crc16>
   12d1c:	00050593          	mv	a1,a0
   12d20:	01011503          	lh	a0,16(sp)
   12d24:	e40fe0ef          	jal	11364 <crc16>
   12d28:	00050593          	mv	a1,a0
   12d2c:	02411503          	lh	a0,36(sp)
   12d30:	e34fe0ef          	jal	11364 <crc16>
   12d34:	000087b7          	lui	a5,0x8
   12d38:	b0578793          	addi	a5,a5,-1275 # 7b05 <start-0x84fb>
   12d3c:	00050493          	mv	s1,a0
   12d40:	30f50a63          	beq	a0,a5,13054 <main+0x54c>
   12d44:	1ca7e063          	bltu	a5,a0,12f04 <main+0x3fc>
   12d48:	000027b7          	lui	a5,0x2
   12d4c:	8f278793          	addi	a5,a5,-1806 # 18f2 <start-0xe70e>
   12d50:	32f50663          	beq	a0,a5,1307c <main+0x574>
   12d54:	000057b7          	lui	a5,0x5
   12d58:	eaf78793          	addi	a5,a5,-337 # 4eaf <start-0xb151>
   12d5c:	30f50663          	beq	a0,a5,13068 <main+0x560>
   12d60:	fff00b13          	li	s6,-1
   12d64:	e0cfe0ef          	jal	11370 <check_data_types>
   12d68:	02412583          	lw	a1,36(sp)
   12d6c:	01650433          	add	s0,a0,s6
   12d70:	00012537          	lui	a0,0x12
   12d74:	77050513          	addi	a0,a0,1904 # 12770 <static_memblk+0x950>
   12d78:	8a5fe0ef          	jal	1161c <ee_printf>
   12d7c:	3e800593          	li	a1,1000
   12d80:	02b9d5b3          	divu	a1,s3,a1
   12d84:	00012537          	lui	a0,0x12
   12d88:	78850513          	addi	a0,a0,1928 # 12788 <static_memblk+0x968>
   12d8c:	01041413          	slli	s0,s0,0x10
   12d90:	01045413          	srli	s0,s0,0x10
   12d94:	889fe0ef          	jal	1161c <ee_printf>
   12d98:	00098513          	mv	a0,s3
   12d9c:	e14fe0ef          	jal	113b0 <time_in_secs>
   12da0:	00050593          	mv	a1,a0
   12da4:	00012537          	lui	a0,0x12
   12da8:	7a450513          	addi	a0,a0,1956 # 127a4 <static_memblk+0x984>
   12dac:	871fe0ef          	jal	1161c <ee_printf>
   12db0:	00098513          	mv	a0,s3
   12db4:	dfcfe0ef          	jal	113b0 <time_in_secs>
   12db8:	02050463          	beqz	a0,12de0 <main+0x2d8>
   12dbc:	33892783          	lw	a5,824(s2) # 13338 <default_num_contexts>
   12dc0:	02812a03          	lw	s4,40(sp)
   12dc4:	00098513          	mv	a0,s3
   12dc8:	02fa0a33          	mul	s4,s4,a5
   12dcc:	de4fe0ef          	jal	113b0 <time_in_secs>
   12dd0:	02aa55b3          	divu	a1,s4,a0
   12dd4:	00012537          	lui	a0,0x12
   12dd8:	7bc50513          	addi	a0,a0,1980 # 127bc <static_memblk+0x99c>
   12ddc:	841fe0ef          	jal	1161c <ee_printf>
   12de0:	00098513          	mv	a0,s3
   12de4:	dccfe0ef          	jal	113b0 <time_in_secs>
   12de8:	00900793          	li	a5,9
   12dec:	2aa7f263          	bgeu	a5,a0,13090 <main+0x588>
   12df0:	33892783          	lw	a5,824(s2)
   12df4:	02812583          	lw	a1,40(sp)
   12df8:	00013537          	lui	a0,0x13
   12dfc:	81450513          	addi	a0,a0,-2028 # 12814 <static_memblk+0x9f4>
   12e00:	02f585b3          	mul	a1,a1,a5
   12e04:	01041413          	slli	s0,s0,0x10
   12e08:	41045413          	srai	s0,s0,0x10
   12e0c:	811fe0ef          	jal	1161c <ee_printf>
   12e10:	000135b7          	lui	a1,0x13
   12e14:	00013537          	lui	a0,0x13
   12e18:	82c58593          	addi	a1,a1,-2004 # 1282c <static_memblk+0xa0c>
   12e1c:	83850513          	addi	a0,a0,-1992 # 12838 <static_memblk+0xa18>
   12e20:	ffcfe0ef          	jal	1161c <ee_printf>
   12e24:	000135b7          	lui	a1,0x13
   12e28:	00013537          	lui	a0,0x13
   12e2c:	85058593          	addi	a1,a1,-1968 # 12850 <static_memblk+0xa30>
   12e30:	86050513          	addi	a0,a0,-1952 # 12860 <static_memblk+0xa40>
   12e34:	fe8fe0ef          	jal	1161c <ee_printf>
   12e38:	000135b7          	lui	a1,0x13
   12e3c:	00013537          	lui	a0,0x13
   12e40:	87858593          	addi	a1,a1,-1928 # 12878 <static_memblk+0xa58>
   12e44:	88050513          	addi	a0,a0,-1920 # 12880 <static_memblk+0xa60>
   12e48:	fd4fe0ef          	jal	1161c <ee_printf>
   12e4c:	00013537          	lui	a0,0x13
   12e50:	00048593          	mv	a1,s1
   12e54:	89850513          	addi	a0,a0,-1896 # 12898 <static_memblk+0xa78>
   12e58:	fc4fe0ef          	jal	1161c <ee_printf>
   12e5c:	02c12783          	lw	a5,44(sp)
   12e60:	0017f793          	andi	a5,a5,1
   12e64:	26079a63          	bnez	a5,130d8 <main+0x5d0>
   12e68:	02c12783          	lw	a5,44(sp)
   12e6c:	0027f793          	andi	a5,a5,2
   12e70:	2a079663          	bnez	a5,1311c <main+0x614>
   12e74:	02c12783          	lw	a5,44(sp)
   12e78:	0047f793          	andi	a5,a5,4
   12e7c:	2e079263          	bnez	a5,13160 <main+0x658>
   12e80:	00000493          	li	s1,0
   12e84:	04400993          	li	s3,68
   12e88:	00013a37          	lui	s4,0x13
   12e8c:	33892783          	lw	a5,824(s2)
   12e90:	2ef4c063          	blt	s1,a5,13170 <main+0x668>
   12e94:	30041463          	bnez	s0,1319c <main+0x694>
   12e98:	00013537          	lui	a0,0x13
   12e9c:	92450513          	addi	a0,a0,-1756 # 12924 <static_memblk+0xb04>
   12ea0:	f7cfe0ef          	jal	1161c <ee_printf>
   12ea4:	04e10513          	addi	a0,sp,78
   12ea8:	d24fe0ef          	jal	113cc <portable_fini>
   12eac:	07c12083          	lw	ra,124(sp)
   12eb0:	07812403          	lw	s0,120(sp)
   12eb4:	07412483          	lw	s1,116(sp)
   12eb8:	07012903          	lw	s2,112(sp)
   12ebc:	06c12983          	lw	s3,108(sp)
   12ec0:	06812a03          	lw	s4,104(sp)
   12ec4:	06412a83          	lw	s5,100(sp)
   12ec8:	06012b03          	lw	s6,96(sp)
   12ecc:	05c12b83          	lw	s7,92(sp)
   12ed0:	05812c03          	lw	s8,88(sp)
   12ed4:	05412c83          	lw	s9,84(sp)
   12ed8:	00000513          	li	a0,0
   12edc:	08010113          	addi	sp,sp,128
   12ee0:	00008067          	ret
   12ee4:	00100713          	li	a4,1
   12ee8:	cce790e3          	bne	a5,a4,12ba8 <main+0xa0>
   12eec:	01011783          	lh	a5,16(sp)
   12ef0:	ca079ce3          	bnez	a5,12ba8 <main+0xa0>
   12ef4:	341537b7          	lui	a5,0x34153
   12ef8:	41578793          	addi	a5,a5,1045 # 34153415 <end+0x3414001b>
   12efc:	00f12623          	sw	a5,12(sp)
   12f00:	ca1ff06f          	j	12ba0 <main+0x98>
   12f04:	000097b7          	lui	a5,0x9
   12f08:	a0278793          	addi	a5,a5,-1534 # 8a02 <start-0x75fe>
   12f0c:	02f50263          	beq	a0,a5,12f30 <main+0x428>
   12f10:	0000f7b7          	lui	a5,0xf
   12f14:	9f578793          	addi	a5,a5,-1547 # e9f5 <start-0x160b>
   12f18:	e4f514e3          	bne	a0,a5,12d60 <main+0x258>
   12f1c:	00012537          	lui	a0,0x12
   12f20:	68050513          	addi	a0,a0,1664 # 12680 <static_memblk+0x860>
   12f24:	ef8fe0ef          	jal	1161c <ee_printf>
   12f28:	00300793          	li	a5,3
   12f2c:	0140006f          	j	12f40 <main+0x438>
   12f30:	00012537          	lui	a0,0x12
   12f34:	5f050513          	addi	a0,a0,1520 # 125f0 <static_memblk+0x7d0>
   12f38:	ee4fe0ef          	jal	1161c <ee_printf>
   12f3c:	00000793          	li	a5,0
   12f40:	00013a37          	lui	s4,0x13
   12f44:	00179793          	slli	a5,a5,0x1
   12f48:	1b8a0a13          	addi	s4,s4,440 # 131b8 <list_known_crc>
   12f4c:	00000b13          	li	s6,0
   12f50:	00000413          	li	s0,0
   12f54:	04400b93          	li	s7,68
   12f58:	00fa0a33          	add	s4,s4,a5
   12f5c:	00012c37          	lui	s8,0x12
   12f60:	00012cb7          	lui	s9,0x12
   12f64:	33892783          	lw	a5,824(s2)
   12f68:	def45ee3          	bge	s0,a5,12d64 <main+0x25c>
   12f6c:	03740ab3          	mul	s5,s0,s7
   12f70:	050a8793          	addi	a5,s5,80
   12f74:	00278ab3          	add	s5,a5,sp
   12f78:	fdcaa783          	lw	a5,-36(s5)
   12f7c:	fe0a9e23          	sh	zero,-4(s5)
   12f80:	0017f793          	andi	a5,a5,1
   12f84:	02078463          	beqz	a5,12fac <main+0x4a4>
   12f88:	ff6ad603          	lhu	a2,-10(s5)
   12f8c:	000a5683          	lhu	a3,0(s4)
   12f90:	00d60e63          	beq	a2,a3,12fac <main+0x4a4>
   12f94:	00040593          	mv	a1,s0
   12f98:	6dcc0513          	addi	a0,s8,1756 # 126dc <static_memblk+0x8bc>
   12f9c:	e80fe0ef          	jal	1161c <ee_printf>
   12fa0:	ffcad783          	lhu	a5,-4(s5)
   12fa4:	00178793          	addi	a5,a5,1
   12fa8:	fefa9e23          	sh	a5,-4(s5)
   12fac:	03740ab3          	mul	s5,s0,s7
   12fb0:	050a8793          	addi	a5,s5,80
   12fb4:	00278ab3          	add	s5,a5,sp
   12fb8:	fdcaa783          	lw	a5,-36(s5)
   12fbc:	0027f793          	andi	a5,a5,2
   12fc0:	02078463          	beqz	a5,12fe8 <main+0x4e0>
   12fc4:	ff8ad603          	lhu	a2,-8(s5)
   12fc8:	00ca5683          	lhu	a3,12(s4)
   12fcc:	00d60e63          	beq	a2,a3,12fe8 <main+0x4e0>
   12fd0:	00040593          	mv	a1,s0
   12fd4:	70cc8513          	addi	a0,s9,1804 # 1270c <static_memblk+0x8ec>
   12fd8:	e44fe0ef          	jal	1161c <ee_printf>
   12fdc:	ffcad783          	lhu	a5,-4(s5)
   12fe0:	00178793          	addi	a5,a5,1
   12fe4:	fefa9e23          	sh	a5,-4(s5)
   12fe8:	03740ab3          	mul	s5,s0,s7
   12fec:	050a8793          	addi	a5,s5,80
   12ff0:	00278ab3          	add	s5,a5,sp
   12ff4:	fdcaa783          	lw	a5,-36(s5)
   12ff8:	0047f793          	andi	a5,a5,4
   12ffc:	02078663          	beqz	a5,13028 <main+0x520>
   13000:	ffaad603          	lhu	a2,-6(s5)
   13004:	018a5683          	lhu	a3,24(s4)
   13008:	02d60063          	beq	a2,a3,13028 <main+0x520>
   1300c:	00012537          	lui	a0,0x12
   13010:	00040593          	mv	a1,s0
   13014:	74050513          	addi	a0,a0,1856 # 12740 <static_memblk+0x920>
   13018:	e04fe0ef          	jal	1161c <ee_printf>
   1301c:	ffcad783          	lhu	a5,-4(s5)
   13020:	00178793          	addi	a5,a5,1
   13024:	fefa9e23          	sh	a5,-4(s5)
   13028:	037407b3          	mul	a5,s0,s7
   1302c:	00140413          	addi	s0,s0,1
   13030:	01041413          	slli	s0,s0,0x10
   13034:	01045413          	srli	s0,s0,0x10
   13038:	05078793          	addi	a5,a5,80
   1303c:	002787b3          	add	a5,a5,sp
   13040:	ffc7d783          	lhu	a5,-4(a5)
   13044:	016787b3          	add	a5,a5,s6
   13048:	01079b13          	slli	s6,a5,0x10
   1304c:	410b5b13          	srai	s6,s6,0x10
   13050:	f15ff06f          	j	12f64 <main+0x45c>
   13054:	00012537          	lui	a0,0x12
   13058:	62050513          	addi	a0,a0,1568 # 12620 <static_memblk+0x800>
   1305c:	dc0fe0ef          	jal	1161c <ee_printf>
   13060:	00100793          	li	a5,1
   13064:	eddff06f          	j	12f40 <main+0x438>
   13068:	00012537          	lui	a0,0x12
   1306c:	64c50513          	addi	a0,a0,1612 # 1264c <static_memblk+0x82c>
   13070:	dacfe0ef          	jal	1161c <ee_printf>
   13074:	00200793          	li	a5,2
   13078:	ec9ff06f          	j	12f40 <main+0x438>
   1307c:	00012537          	lui	a0,0x12
   13080:	6b050513          	addi	a0,a0,1712 # 126b0 <static_memblk+0x890>
   13084:	d98fe0ef          	jal	1161c <ee_printf>
   13088:	00400793          	li	a5,4
   1308c:	eb5ff06f          	j	12f40 <main+0x438>
   13090:	00012537          	lui	a0,0x12
   13094:	7d450513          	addi	a0,a0,2004 # 127d4 <static_memblk+0x9b4>
   13098:	d84fe0ef          	jal	1161c <ee_printf>
   1309c:	00140413          	addi	s0,s0,1
   130a0:	d51ff06f          	j	12df0 <main+0x2e8>
   130a4:	033487b3          	mul	a5,s1,s3
   130a8:	00048593          	mv	a1,s1
   130ac:	00148493          	addi	s1,s1,1
   130b0:	8b4a0513          	addi	a0,s4,-1868
   130b4:	01049493          	slli	s1,s1,0x10
   130b8:	0104d493          	srli	s1,s1,0x10
   130bc:	05078793          	addi	a5,a5,80
   130c0:	002787b3          	add	a5,a5,sp
   130c4:	ff67d603          	lhu	a2,-10(a5)
   130c8:	d54fe0ef          	jal	1161c <ee_printf>
   130cc:	33892783          	lw	a5,824(s2)
   130d0:	fcf4cae3          	blt	s1,a5,130a4 <main+0x59c>
   130d4:	d95ff06f          	j	12e68 <main+0x360>
   130d8:	00000493          	li	s1,0
   130dc:	04400993          	li	s3,68
   130e0:	00013a37          	lui	s4,0x13
   130e4:	fe9ff06f          	j	130cc <main+0x5c4>
   130e8:	033487b3          	mul	a5,s1,s3
   130ec:	00048593          	mv	a1,s1
   130f0:	00148493          	addi	s1,s1,1
   130f4:	8d0a0513          	addi	a0,s4,-1840 # 128d0 <static_memblk+0xab0>
   130f8:	01049493          	slli	s1,s1,0x10
   130fc:	0104d493          	srli	s1,s1,0x10
   13100:	05078793          	addi	a5,a5,80
   13104:	002787b3          	add	a5,a5,sp
   13108:	ff87d603          	lhu	a2,-8(a5)
   1310c:	d10fe0ef          	jal	1161c <ee_printf>
   13110:	33892783          	lw	a5,824(s2)
   13114:	fcf4cae3          	blt	s1,a5,130e8 <main+0x5e0>
   13118:	d5dff06f          	j	12e74 <main+0x36c>
   1311c:	00000493          	li	s1,0
   13120:	04400993          	li	s3,68
   13124:	00013a37          	lui	s4,0x13
   13128:	fe9ff06f          	j	13110 <main+0x608>
   1312c:	033487b3          	mul	a5,s1,s3
   13130:	00048593          	mv	a1,s1
   13134:	00148493          	addi	s1,s1,1
   13138:	8eca0513          	addi	a0,s4,-1812 # 128ec <static_memblk+0xacc>
   1313c:	01049493          	slli	s1,s1,0x10
   13140:	0104d493          	srli	s1,s1,0x10
   13144:	05078793          	addi	a5,a5,80
   13148:	002787b3          	add	a5,a5,sp
   1314c:	ffa7d603          	lhu	a2,-6(a5)
   13150:	cccfe0ef          	jal	1161c <ee_printf>
   13154:	33892783          	lw	a5,824(s2)
   13158:	fcf4cae3          	blt	s1,a5,1312c <main+0x624>
   1315c:	d25ff06f          	j	12e80 <main+0x378>
   13160:	00000493          	li	s1,0
   13164:	04400993          	li	s3,68
   13168:	00013a37          	lui	s4,0x13
   1316c:	fe9ff06f          	j	13154 <main+0x64c>
   13170:	033487b3          	mul	a5,s1,s3
   13174:	00048593          	mv	a1,s1
   13178:	00148493          	addi	s1,s1,1
   1317c:	908a0513          	addi	a0,s4,-1784 # 12908 <static_memblk+0xae8>
   13180:	01049493          	slli	s1,s1,0x10
   13184:	0104d493          	srli	s1,s1,0x10
   13188:	05078793          	addi	a5,a5,80
   1318c:	002787b3          	add	a5,a5,sp
   13190:	ff47d603          	lhu	a2,-12(a5)
   13194:	c88fe0ef          	jal	1161c <ee_printf>
   13198:	cf5ff06f          	j	12e8c <main+0x384>
   1319c:	00805863          	blez	s0,131ac <main+0x6a4>
   131a0:	00013537          	lui	a0,0x13
   131a4:	97050513          	addi	a0,a0,-1680 # 12970 <static_memblk+0xb50>
   131a8:	cf9ff06f          	j	12ea0 <main+0x398>
   131ac:	00013537          	lui	a0,0x13
   131b0:	98450513          	addi	a0,a0,-1660 # 12984 <static_memblk+0xb64>
   131b4:	cedff06f          	j	12ea0 <main+0x398>

000131b8 <list_known_crc>:
   131b8:	d4b0                	.insn	2, 0xd4b0
   131ba:	3340                	.insn	2, 0x3340
   131bc:	6a79                	.insn	2, 0x6a79
   131be:	e714                	.insn	2, 0xe714
   131c0:	e3c1                	.insn	2, 0xe3c1
	...

000131c4 <matrix_known_crc>:
   131c4:	be52                	.insn	2, 0xbe52
   131c6:	1199                	.insn	2, 0x1199
   131c8:	5608                	.insn	2, 0x5608
   131ca:	07471fd7          	.insn	4, 0x07471fd7
	...

000131d0 <state_known_crc>:
   131d0:	39bf5e47          	.insn	4, 0x39bf5e47
   131d4:	e5a4                	.insn	2, 0xe5a4
   131d6:	8e3a                	.insn	2, 0x8e3a
   131d8:	8d84                	.insn	2, 0x8d84
   131da:	2941                	.insn	2, 0x2941
   131dc:	0000                	.insn	2, 0x
   131de:	7200                	.insn	2, 0x7200
   131e0:	7369                	.insn	2, 0x7369
   131e2:	01007663          	bgeu	zero,a6,131ee <state_known_crc+0x1e>
   131e6:	001f 0000 1004      	.insn	6, 0x10040000001f
   131ec:	7205                	.insn	2, 0x7205
   131ee:	3376                	.insn	2, 0x3376
   131f0:	6932                	.insn	2, 0x6932
   131f2:	7032                	.insn	2, 0x7032
   131f4:	5f31                	.insn	2, 0x5f31
   131f6:	326d                	.insn	2, 0x326d
   131f8:	3070                	.insn	2, 0x3070
   131fa:	7a5f 6d6d 6c75      	.insn	6, 0x6c756d6d7a5f
   13200:	7031                	.insn	2, 0x7031
   13202:	0030                	.insn	2, 0x0030
   13204:	2941                	.insn	2, 0x2941
   13206:	0000                	.insn	2, 0x
   13208:	7200                	.insn	2, 0x7200
   1320a:	7369                	.insn	2, 0x7369
   1320c:	01007663          	bgeu	zero,a6,13218 <state_known_crc+0x48>
   13210:	001f 0000 1004      	.insn	6, 0x10040000001f
   13216:	7205                	.insn	2, 0x7205
   13218:	3376                	.insn	2, 0x3376
   1321a:	6932                	.insn	2, 0x6932
   1321c:	7032                	.insn	2, 0x7032
   1321e:	5f31                	.insn	2, 0x5f31
   13220:	326d                	.insn	2, 0x326d
   13222:	3070                	.insn	2, 0x3070
   13224:	7a5f 6d6d 6c75      	.insn	6, 0x6c756d6d7a5f
   1322a:	7031                	.insn	2, 0x7031
   1322c:	0030                	.insn	2, 0x0030
   1322e:	2941                	.insn	2, 0x2941
   13230:	0000                	.insn	2, 0x
   13232:	7200                	.insn	2, 0x7200
   13234:	7369                	.insn	2, 0x7369
   13236:	01007663          	bgeu	zero,a6,13242 <state_known_crc+0x72>
   1323a:	001f 0000 1004      	.insn	6, 0x10040000001f
   13240:	7205                	.insn	2, 0x7205
   13242:	3376                	.insn	2, 0x3376
   13244:	6932                	.insn	2, 0x6932
   13246:	7032                	.insn	2, 0x7032
   13248:	5f31                	.insn	2, 0x5f31
   1324a:	326d                	.insn	2, 0x326d
   1324c:	3070                	.insn	2, 0x3070
   1324e:	7a5f 6d6d 6c75      	.insn	6, 0x6c756d6d7a5f
   13254:	7031                	.insn	2, 0x7031
   13256:	0030                	.insn	2, 0x0030
   13258:	0f64                	.insn	2, 0x0f64
   1325a:	0001                	.insn	2, 0x0001
   1325c:	0f30                	.insn	2, 0x0f30
   1325e:	0001                	.insn	2, 0x0001
   13260:	0fb8                	.insn	2, 0x0fb8
   13262:	0001                	.insn	2, 0x0001
   13264:	1068                	.insn	2, 0x1068
   13266:	0001                	.insn	2, 0x0001
   13268:	0ff8                	.insn	2, 0x0ff8
   1326a:	0001                	.insn	2, 0x0001
   1326c:	102c                	.insn	2, 0x102c
   1326e:	0001                	.insn	2, 0x0001
   13270:	1088                	.insn	2, 0x1088
   13272:	0001                	.insn	2, 0x0001
   13274:	10a8                	.insn	2, 0x10a8
   13276:	0001                	.insn	2, 0x0001

00013278 <intpat>:
   13278:	2a90                	.insn	2, 0x2a90
   1327a:	0001                	.insn	2, 0x0001
   1327c:	2a98                	.insn	2, 0x2a98
   1327e:	0001                	.insn	2, 0x0001
   13280:	2aa0                	.insn	2, 0x2aa0
   13282:	0001                	.insn	2, 0x0001
   13284:	2aa8                	.insn	2, 0x2aa8
   13286:	0001                	.insn	2, 0x0001

00013288 <floatpat>:
   13288:	2a60                	.insn	2, 0x2a60
   1328a:	0001                	.insn	2, 0x0001
   1328c:	2a6c                	.insn	2, 0x2a6c
   1328e:	0001                	.insn	2, 0x0001
   13290:	2a78                	.insn	2, 0x2a78
   13292:	0001                	.insn	2, 0x0001
   13294:	2a84                	.insn	2, 0x2a84
   13296:	0001                	.insn	2, 0x0001

00013298 <scipat>:
   13298:	2a30                	.insn	2, 0x2a30
   1329a:	0001                	.insn	2, 0x0001
   1329c:	2a3c                	.insn	2, 0x2a3c
   1329e:	0001                	.insn	2, 0x0001
   132a0:	2a48                	.insn	2, 0x2a48
   132a2:	0001                	.insn	2, 0x0001
   132a4:	2a54                	.insn	2, 0x2a54
   132a6:	0001                	.insn	2, 0x0001

000132a8 <errpat>:
   132a8:	2a00                	.insn	2, 0x2a00
   132aa:	0001                	.insn	2, 0x0001
   132ac:	2a0c                	.insn	2, 0x2a0c
   132ae:	0001                	.insn	2, 0x0001
   132b0:	2a18                	.insn	2, 0x2a18
   132b2:	0001                	.insn	2, 0x0001
   132b4:	2a24                	.insn	2, 0x2a24
   132b6:	0001                	.insn	2, 0x0001
   132b8:	2941                	.insn	2, 0x2941
   132ba:	0000                	.insn	2, 0x
   132bc:	7200                	.insn	2, 0x7200
   132be:	7369                	.insn	2, 0x7369
   132c0:	01007663          	bgeu	zero,a6,132cc <errpat+0x24>
   132c4:	001f 0000 1004      	.insn	6, 0x10040000001f
   132ca:	7205                	.insn	2, 0x7205
   132cc:	3376                	.insn	2, 0x3376
   132ce:	6932                	.insn	2, 0x6932
   132d0:	7032                	.insn	2, 0x7032
   132d2:	5f31                	.insn	2, 0x5f31
   132d4:	326d                	.insn	2, 0x326d
   132d6:	3070                	.insn	2, 0x3070
   132d8:	7a5f 6d6d 6c75      	.insn	6, 0x6c756d6d7a5f
   132de:	7031                	.insn	2, 0x7031
   132e0:	0030                	.insn	2, 0x0030
   132e2:	0000                	.insn	2, 0x
   132e4:	1274                	.insn	2, 0x1274
   132e6:	0001                	.insn	2, 0x0001
   132e8:	1280                	.insn	2, 0x1280
   132ea:	0001                	.insn	2, 0x0001
   132ec:	128c                	.insn	2, 0x128c
   132ee:	0001                	.insn	2, 0x0001
   132f0:	1298                	.insn	2, 0x1298
   132f2:	0001                	.insn	2, 0x0001
   132f4:	12a4                	.insn	2, 0x12a4
   132f6:	0001                	.insn	2, 0x0001
   132f8:	2941                	.insn	2, 0x2941
   132fa:	0000                	.insn	2, 0x
   132fc:	7200                	.insn	2, 0x7200
   132fe:	7369                	.insn	2, 0x7369
   13300:	01007663          	bgeu	zero,a6,1330c <errpat+0x64>
   13304:	001f 0000 1004      	.insn	6, 0x10040000001f
   1330a:	7205                	.insn	2, 0x7205
   1330c:	3376                	.insn	2, 0x3376
   1330e:	6932                	.insn	2, 0x6932
   13310:	7032                	.insn	2, 0x7032
   13312:	5f31                	.insn	2, 0x5f31
   13314:	326d                	.insn	2, 0x326d
   13316:	3070                	.insn	2, 0x3070
   13318:	7a5f 6d6d 6c75      	.insn	6, 0x6c756d6d7a5f
   1331e:	7031                	.insn	2, 0x7031
   13320:	0030                	.insn	2, 0x0030
	...

00013324 <stop_cycle>:
   13324:	0000                	.insn	2, 0x
	...

00013328 <start_cycle>:
   13328:	0000                	.insn	2, 0x
	...

0001332c <seed5_volatile>:
   1332c:	0000                	.insn	2, 0x
	...

00013330 <seed2_volatile>:
   13330:	0000                	.insn	2, 0x
	...

00013334 <seed1_volatile>:
   13334:	0000                	.insn	2, 0x
	...

00013338 <default_num_contexts>:
   13338:	0001                	.insn	2, 0x0001
	...

0001333c <seed4_volatile>:
   1333c:	0001                	.insn	2, 0x0001
	...

00013340 <seed3_volatile>:
   13340:	0066                	.insn	2, 0x0066
   13342:	0000                	.insn	2, 0x
   13344:	2941                	.insn	2, 0x2941
   13346:	0000                	.insn	2, 0x
   13348:	7200                	.insn	2, 0x7200
   1334a:	7369                	.insn	2, 0x7369
   1334c:	01007663          	bgeu	zero,a6,13358 <seed3_volatile+0x18>
   13350:	001f 0000 1004      	.insn	6, 0x10040000001f
   13356:	7205                	.insn	2, 0x7205
   13358:	3376                	.insn	2, 0x3376
   1335a:	6932                	.insn	2, 0x6932
   1335c:	7032                	.insn	2, 0x7032
   1335e:	5f31                	.insn	2, 0x5f31
   13360:	326d                	.insn	2, 0x326d
   13362:	3070                	.insn	2, 0x3070
   13364:	7a5f 6d6d 6c75      	.insn	6, 0x6c756d6d7a5f
   1336a:	7031                	.insn	2, 0x7031
   1336c:	0030                	.insn	2, 0x0030
   1336e:	0000                	.insn	2, 0x
   13370:	1a78                	.insn	2, 0x1a78
   13372:	0001                	.insn	2, 0x0001
   13374:	1850                	.insn	2, 0x1850
   13376:	0001                	.insn	2, 0x0001
   13378:	18c0                	.insn	2, 0x18c0
   1337a:	0001                	.insn	2, 0x0001
   1337c:	1d50                	.insn	2, 0x1d50
   1337e:	0001                	.insn	2, 0x0001
   13380:	1850                	.insn	2, 0x1850
   13382:	0001                	.insn	2, 0x0001
   13384:	1850                	.insn	2, 0x1850
   13386:	0001                	.insn	2, 0x0001
   13388:	1850                	.insn	2, 0x1850
   1338a:	0001                	.insn	2, 0x0001
   1338c:	1850                	.insn	2, 0x1850
   1338e:	0001                	.insn	2, 0x0001
   13390:	1d50                	.insn	2, 0x1d50
   13392:	0001                	.insn	2, 0x0001
   13394:	1850                	.insn	2, 0x1850
   13396:	0001                	.insn	2, 0x0001
   13398:	1850                	.insn	2, 0x1850
   1339a:	0001                	.insn	2, 0x0001
   1339c:	1850                	.insn	2, 0x1850
   1339e:	0001                	.insn	2, 0x0001
   133a0:	1850                	.insn	2, 0x1850
   133a2:	0001                	.insn	2, 0x0001
   133a4:	1850                	.insn	2, 0x1850
   133a6:	0001                	.insn	2, 0x0001
   133a8:	1d9c                	.insn	2, 0x1d9c
   133aa:	0001                	.insn	2, 0x0001
   133ac:	1a4c                	.insn	2, 0x1a4c
   133ae:	0001                	.insn	2, 0x0001
   133b0:	1850                	.insn	2, 0x1850
   133b2:	0001                	.insn	2, 0x0001
   133b4:	1850                	.insn	2, 0x1850
   133b6:	0001                	.insn	2, 0x0001
   133b8:	195c                	.insn	2, 0x195c
   133ba:	0001                	.insn	2, 0x0001
   133bc:	1850                	.insn	2, 0x1850
   133be:	0001                	.insn	2, 0x0001
   133c0:	1d5c                	.insn	2, 0x1d5c
   133c2:	0001                	.insn	2, 0x0001
   133c4:	1850                	.insn	2, 0x1850
   133c6:	0001                	.insn	2, 0x0001
   133c8:	1850                	.insn	2, 0x1850
   133ca:	0001                	.insn	2, 0x0001
   133cc:	1d94                	.insn	2, 0x1d94
   133ce:	0001                	.insn	2, 0x0001
   133d0:	2941                	.insn	2, 0x2941
   133d2:	0000                	.insn	2, 0x
   133d4:	7200                	.insn	2, 0x7200
   133d6:	7369                	.insn	2, 0x7369
   133d8:	01007663          	bgeu	zero,a6,133e4 <seed3_volatile+0xa4>
   133dc:	001f 0000 1004      	.insn	6, 0x10040000001f
   133e2:	7205                	.insn	2, 0x7205
   133e4:	3376                	.insn	2, 0x3376
   133e6:	6932                	.insn	2, 0x6932
   133e8:	7032                	.insn	2, 0x7032
   133ea:	5f31                	.insn	2, 0x5f31
   133ec:	326d                	.insn	2, 0x326d
   133ee:	3070                	.insn	2, 0x3070
   133f0:	7a5f 6d6d 6c75      	.insn	6, 0x6c756d6d7a5f
   133f6:	7031                	.insn	2, 0x7031
   133f8:	0030                	.insn	2, 0x0030
