#-----------------------------------------------------------
# Vivado v2024.2 (64-bit)
# SW Build 5239630 on Fri Nov 08 22:34:34 MST 2024
# IP Build 5239520 on Sun Nov 10 16:12:51 MST 2024
# SharedData Build 5239561 on Fri Nov 08 14:39:27 MST 2024
# Start of session at: Thu May 28 15:18:26 2026
# Process ID         : 1983366
# Current directory  : /net/users/oelmouden/picorv32
# Command line       : vivado -mode tcl -notrace -source /net/users/oelmouden/picorv32/work/fmax_synthesis/vivado/xc7a100t-csg324-1/picorv32/rv32im_fast/scripts/init_script.tcl -source /net/users/oelmouden/picorv32/work/fmax_synthesis/vivado/xc7a100t-csg324-1/picorv32/rv32im_fast/scripts/analyze_script.tcl -source /net/users/oelmouden/picorv32/work/fmax_synthesis/vivado/xc7a100t-csg324-1/picorv32/rv32im_fast/scripts/find_fmax.tcl -source /net/users/oelmouden/picorv32/work/fmax_synthesis/vivado/xc7a100t-csg324-1/picorv32/rv32im_fast/scripts/exit.tcl
# Log file           : /net/users/oelmouden/picorv32/vivado.log
# Journal file       : /net/users/oelmouden/picorv32/vivado.jou
# Running On         : naouna.ims.bordeaux
# Platform           : RedHatEnterprise
# Operating System   : Red Hat Enterprise Linux release 8.10 (Ootpa)
# Processor Detail   : Intel(R) Xeon(R) CPU E5-2670 v3 @ 2.30GHz
# CPU Frequency      : 3100.000 MHz
# CPU Physical cores : 24
# CPU Logical cores  : 48
# Host memory        : 810985 MB
# Swap memory        : 4294 MB
# Total Virtual      : 815280 MB
# Available Virtual  : 803843 MB
#-----------------------------------------------------------
source /net/users/oelmouden/picorv32/work/fmax_synthesis/vivado/xc7a100t-csg324-1/picorv32/rv32im_fast/scripts/init_script.tcl -notrace
source /net/users/oelmouden/picorv32/work/fmax_synthesis/vivado/xc7a100t-csg324-1/picorv32/rv32im_fast/scripts/analyze_script.tcl -notrace
<grey>[analyze_script.tcl]<end> <cyan>Verilog/SystemVerilog files:<end>
  - /net/users/oelmouden/picorv32/work/fmax_synthesis/vivado/xc7a100t-csg324-1/picorv32/rv32im_fast/rtl/picorv32.v
  - /net/users/oelmouden/picorv32/work/fmax_synthesis/vivado/xc7a100t-csg324-1/picorv32/rv32im_fast/rtl/picorv32_soc_top.v
  - /net/users/oelmouden/picorv32/work/fmax_synthesis/vivado/xc7a100t-csg324-1/picorv32/rv32im_fast/rtl/picorv32_simple_ram.v
read_verilog: Time (s): cpu = 00:00:08 ; elapsed = 00:00:08 . Memory (MB): peak = 1727.398 ; gain = 26.828 ; free physical = 743145 ; free virtual = 766167
<grey>[analyze_script.tcl]<end> <cyan>VHDL files:<end>
<grey>[analyze_script.tcl]<end> <cyan>note: no vhdl file in source directory<end>
source /net/users/oelmouden/picorv32/work/fmax_synthesis/vivado/xc7a100t-csg324-1/picorv32/rv32im_fast/scripts/find_fmax.tcl -notrace
<grey>[analyze_script.tcl]<end> <cyan>Verilog/SystemVerilog files:<end>
  - /net/users/oelmouden/picorv32/work/fmax_synthesis/vivado/xc7a100t-csg324-1/picorv32/rv32im_fast/rtl/picorv32.v
  - /net/users/oelmouden/picorv32/work/fmax_synthesis/vivado/xc7a100t-csg324-1/picorv32/rv32im_fast/rtl/picorv32_soc_top.v
  - /net/users/oelmouden/picorv32/work/fmax_synthesis/vivado/xc7a100t-csg324-1/picorv32/rv32im_fast/rtl/picorv32_simple_ram.v
WARNING: [filemgmt 56-12] File '/net/users/oelmouden/picorv32/work/fmax_synthesis/vivado/xc7a100t-csg324-1/picorv32/rv32im_fast/rtl/picorv32.v' cannot be added to the project because it already exists in the project, skipping this file
WARNING: [filemgmt 56-12] File '/net/users/oelmouden/picorv32/work/fmax_synthesis/vivado/xc7a100t-csg324-1/picorv32/rv32im_fast/rtl/picorv32_soc_top.v' cannot be added to the project because it already exists in the project, skipping this file
WARNING: [filemgmt 56-12] File '/net/users/oelmouden/picorv32/work/fmax_synthesis/vivado/xc7a100t-csg324-1/picorv32/rv32im_fast/rtl/picorv32_simple_ram.v' cannot be added to the project because it already exists in the project, skipping this file
<grey>[analyze_script.tcl]<end> <cyan>VHDL files:<end>
<grey>[analyze_script.tcl]<end> <cyan>note: no vhdl file in source directory<end>


<bold><cyan>######################################<end>
<bold><cyan>   Running synthesis at 55 MHz <end>
<bold><cyan>######################################<end>

Command: synth_design -flatten_hierarchy full -part xc7a100t-csg324-1 -top picorv32_soc_top -verilog_define VIVADO
Starting synth_design
Attempting to get a license for feature 'Synthesis' and/or device 'xc7a100t'
INFO: [Common 17-349] Got license for feature 'Synthesis' and/or device 'xc7a100t'
INFO: [Device 21-403] Loading part xc7a100tcsg324-1
INFO: [Synth 8-7079] Multithreading enabled for synth_design using a maximum of 7 processes.
INFO: [Synth 8-7078] Launching helper process for spawning children vivado processes
INFO: [Synth 8-7075] Helper process launched with PID 1983406
---------------------------------------------------------------------------------
Starting RTL Elaboration : Time (s): cpu = 00:00:05 ; elapsed = 00:00:05 . Memory (MB): peak = 2340.457 ; gain = 428.832 ; free physical = 742353 ; free virtual = 765375
---------------------------------------------------------------------------------
INFO: [Synth 8-6157] synthesizing module 'picorv32_soc_top' [/net/users/oelmouden/picorv32/work/fmax_synthesis/vivado/xc7a100t-csg324-1/picorv32/rv32im_fast/rtl/picorv32_soc_top.v:5]
INFO: [Synth 8-6157] synthesizing module 'picorv32' [/net/users/oelmouden/picorv32/work/fmax_synthesis/vivado/xc7a100t-csg324-1/picorv32/rv32im_fast/rtl/picorv32.v:62]
	Parameter ENABLE_COUNTERS bound to: 1'b1 
	Parameter ENABLE_COUNTERS64 bound to: 1'b1 
	Parameter ENABLE_REGS_16_31 bound to: 1'b1 
	Parameter ENABLE_REGS_DUALPORT bound to: 1'b1 
	Parameter LATCHED_MEM_RDATA bound to: 1'b0 
	Parameter TWO_STAGE_SHIFT bound to: 1'b1 
	Parameter BARREL_SHIFTER bound to: 1'b0 
	Parameter TWO_CYCLE_COMPARE bound to: 1'b0 
	Parameter TWO_CYCLE_ALU bound to: 1'b0 
	Parameter COMPRESSED_ISA bound to: 1'b0 
	Parameter CATCH_MISALIGN bound to: 1'b1 
	Parameter CATCH_ILLINSN bound to: 1'b1 
	Parameter ENABLE_PCPI bound to: 1'b0 
	Parameter ENABLE_MUL bound to: 1'b0 
	Parameter ENABLE_FAST_MUL bound to: 1'b1 
	Parameter ENABLE_DIV bound to: 1'b1 
	Parameter ENABLE_IRQ bound to: 1'b0 
	Parameter ENABLE_IRQ_QREGS bound to: 1'b1 
	Parameter ENABLE_IRQ_TIMER bound to: 1'b1 
	Parameter ENABLE_TRACE bound to: 1'b0 
	Parameter REGS_INIT_ZERO bound to: 1'b0 
	Parameter MASKED_IRQ bound to: 0 - type: integer 
	Parameter LATCHED_IRQ bound to: -1 - type: integer 
	Parameter PROGADDR_RESET bound to: 0 - type: integer 
	Parameter PROGADDR_IRQ bound to: 16 - type: integer 
	Parameter STACKADDR bound to: -1 - type: integer 
INFO: [Synth 8-6157] synthesizing module 'picorv32_pcpi_fast_mul' [/net/users/oelmouden/picorv32/work/fmax_synthesis/vivado/xc7a100t-csg324-1/picorv32/rv32im_fast/rtl/picorv32.v:2318]
INFO: [Synth 8-155] case statement is not full and has no default [/net/users/oelmouden/picorv32/work/fmax_synthesis/vivado/xc7a100t-csg324-1/picorv32/rv32im_fast/rtl/picorv32.v:2355]
INFO: [Synth 8-6155] done synthesizing module 'picorv32_pcpi_fast_mul' (0#1) [/net/users/oelmouden/picorv32/work/fmax_synthesis/vivado/xc7a100t-csg324-1/picorv32/rv32im_fast/rtl/picorv32.v:2318]
INFO: [Synth 8-6157] synthesizing module 'picorv32_pcpi_div' [/net/users/oelmouden/picorv32/work/fmax_synthesis/vivado/xc7a100t-csg324-1/picorv32/rv32im_fast/rtl/picorv32.v:2420]
INFO: [Synth 8-155] case statement is not full and has no default [/net/users/oelmouden/picorv32/work/fmax_synthesis/vivado/xc7a100t-csg324-1/picorv32/rv32im_fast/rtl/picorv32.v:2445]
INFO: [Synth 8-6155] done synthesizing module 'picorv32_pcpi_div' (0#1) [/net/users/oelmouden/picorv32/work/fmax_synthesis/vivado/xc7a100t-csg324-1/picorv32/rv32im_fast/rtl/picorv32.v:2420]
INFO: [Synth 8-155] case statement is not full and has no default [/net/users/oelmouden/picorv32/work/fmax_synthesis/vivado/xc7a100t-csg324-1/picorv32/rv32im_fast/rtl/picorv32.v:331]
WARNING: [Synth 8-151] case item 1'b0 is unreachable [/net/users/oelmouden/picorv32/work/fmax_synthesis/vivado/xc7a100t-csg324-1/picorv32/rv32im_fast/rtl/picorv32.v:1268]
WARNING: [Synth 8-151] case item 1'b0 is unreachable [/net/users/oelmouden/picorv32/work/fmax_synthesis/vivado/xc7a100t-csg324-1/picorv32/rv32im_fast/rtl/picorv32.v:1314]
INFO: [Synth 8-155] case statement is not full and has no default [/net/users/oelmouden/picorv32/work/fmax_synthesis/vivado/xc7a100t-csg324-1/picorv32/rv32im_fast/rtl/picorv32.v:1314]
WARNING: [Synth 8-151] case item 1'b0 is unreachable [/net/users/oelmouden/picorv32/work/fmax_synthesis/vivado/xc7a100t-csg324-1/picorv32/rv32im_fast/rtl/picorv32.v:1497]
INFO: [Synth 8-155] case statement is not full and has no default [/net/users/oelmouden/picorv32/work/fmax_synthesis/vivado/xc7a100t-csg324-1/picorv32/rv32im_fast/rtl/picorv32.v:1497]
WARNING: [Synth 8-151] case item 1'b0 is unreachable [/net/users/oelmouden/picorv32/work/fmax_synthesis/vivado/xc7a100t-csg324-1/picorv32/rv32im_fast/rtl/picorv32.v:1583]
WARNING: [Synth 8-151] case item 1'b0 is unreachable [/net/users/oelmouden/picorv32/work/fmax_synthesis/vivado/xc7a100t-csg324-1/picorv32/rv32im_fast/rtl/picorv32.v:1583]
WARNING: [Synth 8-151] case item 1'b0 is unreachable [/net/users/oelmouden/picorv32/work/fmax_synthesis/vivado/xc7a100t-csg324-1/picorv32/rv32im_fast/rtl/picorv32.v:1583]
WARNING: [Synth 8-151] case item 1'b0 is unreachable [/net/users/oelmouden/picorv32/work/fmax_synthesis/vivado/xc7a100t-csg324-1/picorv32/rv32im_fast/rtl/picorv32.v:1583]
WARNING: [Synth 8-151] case item 1'b0 is unreachable [/net/users/oelmouden/picorv32/work/fmax_synthesis/vivado/xc7a100t-csg324-1/picorv32/rv32im_fast/rtl/picorv32.v:1583]
INFO: [Synth 8-6155] done synthesizing module 'picorv32' (0#1) [/net/users/oelmouden/picorv32/work/fmax_synthesis/vivado/xc7a100t-csg324-1/picorv32/rv32im_fast/rtl/picorv32.v:62]
INFO: [Synth 8-6157] synthesizing module 'picorv32_simple_ram' [/net/users/oelmouden/picorv32/work/fmax_synthesis/vivado/xc7a100t-csg324-1/picorv32/rv32im_fast/rtl/picorv32_simple_ram.v:5]
	Parameter MEM_WORDS bound to: 1024 - type: integer 
INFO: [Synth 8-6155] done synthesizing module 'picorv32_simple_ram' (0#1) [/net/users/oelmouden/picorv32/work/fmax_synthesis/vivado/xc7a100t-csg324-1/picorv32/rv32im_fast/rtl/picorv32_simple_ram.v:5]
INFO: [Synth 8-6155] done synthesizing module 'picorv32_soc_top' (0#1) [/net/users/oelmouden/picorv32/work/fmax_synthesis/vivado/xc7a100t-csg324-1/picorv32/rv32im_fast/rtl/picorv32_soc_top.v:5]
WARNING: [Synth 8-6014] Unused sequential element pcpi_insn_valid_q_reg was removed.  [/net/users/oelmouden/picorv32/work/fmax_synthesis/vivado/xc7a100t-csg324-1/picorv32/rv32im_fast/rtl/picorv32.v:2365]
WARNING: [Synth 8-6014] Unused sequential element rs1_q_reg was removed.  [/net/users/oelmouden/picorv32/work/fmax_synthesis/vivado/xc7a100t-csg324-1/picorv32/rv32im_fast/rtl/picorv32.v:2367]
WARNING: [Synth 8-6014] Unused sequential element rs2_q_reg was removed.  [/net/users/oelmouden/picorv32/work/fmax_synthesis/vivado/xc7a100t-csg324-1/picorv32/rv32im_fast/rtl/picorv32.v:2368]
WARNING: [Synth 8-6014] Unused sequential element rd_q_reg was removed.  [/net/users/oelmouden/picorv32/work/fmax_synthesis/vivado/xc7a100t-csg324-1/picorv32/rv32im_fast/rtl/picorv32.v:2374]
WARNING: [Synth 8-6014] Unused sequential element pcpi_wr_reg was removed.  [/net/users/oelmouden/picorv32/work/fmax_synthesis/vivado/xc7a100t-csg324-1/picorv32/rv32im_fast/rtl/picorv32.v:2466]
WARNING: [Synth 8-6014] Unused sequential element mem_la_firstword_reg_reg was removed.  [/net/users/oelmouden/picorv32/work/fmax_synthesis/vivado/xc7a100t-csg324-1/picorv32/rv32im_fast/rtl/picorv32.v:392]
WARNING: [Synth 8-6014] Unused sequential element last_mem_valid_reg was removed.  [/net/users/oelmouden/picorv32/work/fmax_synthesis/vivado/xc7a100t-csg324-1/picorv32/rv32im_fast/rtl/picorv32.v:393]
WARNING: [Synth 8-6014] Unused sequential element next_insn_opcode_reg was removed.  [/net/users/oelmouden/picorv32/work/fmax_synthesis/vivado/xc7a100t-csg324-1/picorv32/rv32im_fast/rtl/picorv32.v:433]
WARNING: [Synth 8-6014] Unused sequential element mem_la_secondword_reg was removed.  [/net/users/oelmouden/picorv32/work/fmax_synthesis/vivado/xc7a100t-csg324-1/picorv32/rv32im_fast/rtl/picorv32.v:571]
WARNING: [Synth 8-6014] Unused sequential element prefetched_high_word_reg was removed.  [/net/users/oelmouden/picorv32/work/fmax_synthesis/vivado/xc7a100t-csg324-1/picorv32/rv32im_fast/rtl/picorv32.v:572]
WARNING: [Synth 8-6014] Unused sequential element q_ascii_instr_reg was removed.  [/net/users/oelmouden/picorv32/work/fmax_synthesis/vivado/xc7a100t-csg324-1/picorv32/rv32im_fast/rtl/picorv32.v:779]
WARNING: [Synth 8-6014] Unused sequential element q_insn_imm_reg was removed.  [/net/users/oelmouden/picorv32/work/fmax_synthesis/vivado/xc7a100t-csg324-1/picorv32/rv32im_fast/rtl/picorv32.v:780]
WARNING: [Synth 8-6014] Unused sequential element q_insn_opcode_reg was removed.  [/net/users/oelmouden/picorv32/work/fmax_synthesis/vivado/xc7a100t-csg324-1/picorv32/rv32im_fast/rtl/picorv32.v:781]
WARNING: [Synth 8-6014] Unused sequential element q_insn_rs1_reg was removed.  [/net/users/oelmouden/picorv32/work/fmax_synthesis/vivado/xc7a100t-csg324-1/picorv32/rv32im_fast/rtl/picorv32.v:782]
WARNING: [Synth 8-6014] Unused sequential element q_insn_rs2_reg was removed.  [/net/users/oelmouden/picorv32/work/fmax_synthesis/vivado/xc7a100t-csg324-1/picorv32/rv32im_fast/rtl/picorv32.v:783]
WARNING: [Synth 8-6014] Unused sequential element q_insn_rd_reg was removed.  [/net/users/oelmouden/picorv32/work/fmax_synthesis/vivado/xc7a100t-csg324-1/picorv32/rv32im_fast/rtl/picorv32.v:784]
WARNING: [Synth 8-6014] Unused sequential element dbg_next_reg was removed.  [/net/users/oelmouden/picorv32/work/fmax_synthesis/vivado/xc7a100t-csg324-1/picorv32/rv32im_fast/rtl/picorv32.v:785]
WARNING: [Synth 8-6014] Unused sequential element dbg_valid_insn_reg was removed.  [/net/users/oelmouden/picorv32/work/fmax_synthesis/vivado/xc7a100t-csg324-1/picorv32/rv32im_fast/rtl/picorv32.v:788]
WARNING: [Synth 8-6014] Unused sequential element cached_ascii_instr_reg was removed.  [/net/users/oelmouden/picorv32/work/fmax_synthesis/vivado/xc7a100t-csg324-1/picorv32/rv32im_fast/rtl/picorv32.v:793]
WARNING: [Synth 8-6014] Unused sequential element cached_insn_imm_reg was removed.  [/net/users/oelmouden/picorv32/work/fmax_synthesis/vivado/xc7a100t-csg324-1/picorv32/rv32im_fast/rtl/picorv32.v:794]
WARNING: [Synth 8-6014] Unused sequential element cached_insn_opcode_reg was removed.  [/net/users/oelmouden/picorv32/work/fmax_synthesis/vivado/xc7a100t-csg324-1/picorv32/rv32im_fast/rtl/picorv32.v:796]
WARNING: [Synth 8-6014] Unused sequential element cached_insn_rs1_reg was removed.  [/net/users/oelmouden/picorv32/work/fmax_synthesis/vivado/xc7a100t-csg324-1/picorv32/rv32im_fast/rtl/picorv32.v:799]
WARNING: [Synth 8-6014] Unused sequential element cached_insn_rs2_reg was removed.  [/net/users/oelmouden/picorv32/work/fmax_synthesis/vivado/xc7a100t-csg324-1/picorv32/rv32im_fast/rtl/picorv32.v:800]
WARNING: [Synth 8-6014] Unused sequential element cached_insn_rd_reg was removed.  [/net/users/oelmouden/picorv32/work/fmax_synthesis/vivado/xc7a100t-csg324-1/picorv32/rv32im_fast/rtl/picorv32.v:801]
WARNING: [Synth 8-6014] Unused sequential element dbg_insn_addr_reg was removed.  [/net/users/oelmouden/picorv32/work/fmax_synthesis/vivado/xc7a100t-csg324-1/picorv32/rv32im_fast/rtl/picorv32.v:805]
WARNING: [Synth 8-6014] Unused sequential element clear_prefetched_high_word_q_reg was removed.  [/net/users/oelmouden/picorv32/work/fmax_synthesis/vivado/xc7a100t-csg324-1/picorv32/rv32im_fast/rtl/picorv32.v:1293]
WARNING: [Synth 8-6014] Unused sequential element set_mem_do_rinst_reg was removed.  [/net/users/oelmouden/picorv32/work/fmax_synthesis/vivado/xc7a100t-csg324-1/picorv32/rv32im_fast/rtl/picorv32.v:1406]
WARNING: [Synth 8-6014] Unused sequential element set_mem_do_rdata_reg was removed.  [/net/users/oelmouden/picorv32/work/fmax_synthesis/vivado/xc7a100t-csg324-1/picorv32/rv32im_fast/rtl/picorv32.v:1407]
WARNING: [Synth 8-6014] Unused sequential element set_mem_do_wdata_reg was removed.  [/net/users/oelmouden/picorv32/work/fmax_synthesis/vivado/xc7a100t-csg324-1/picorv32/rv32im_fast/rtl/picorv32.v:1408]
WARNING: [Synth 8-6014] Unused sequential element alu_out_0_q_reg was removed.  [/net/users/oelmouden/picorv32/work/fmax_synthesis/vivado/xc7a100t-csg324-1/picorv32/rv32im_fast/rtl/picorv32.v:1410]
WARNING: [Synth 8-6014] Unused sequential element alu_wait_reg was removed.  [/net/users/oelmouden/picorv32/work/fmax_synthesis/vivado/xc7a100t-csg324-1/picorv32/rv32im_fast/rtl/picorv32.v:1413]
WARNING: [Synth 8-6014] Unused sequential element alu_wait_2_reg was removed.  [/net/users/oelmouden/picorv32/work/fmax_synthesis/vivado/xc7a100t-csg324-1/picorv32/rv32im_fast/rtl/picorv32.v:1414]
WARNING: [Synth 8-6014] Unused sequential element dbg_rs1val_reg was removed.  [/net/users/oelmouden/picorv32/work/fmax_synthesis/vivado/xc7a100t-csg324-1/picorv32/rv32im_fast/rtl/picorv32.v:1417]
WARNING: [Synth 8-6014] Unused sequential element dbg_rs2val_reg was removed.  [/net/users/oelmouden/picorv32/work/fmax_synthesis/vivado/xc7a100t-csg324-1/picorv32/rv32im_fast/rtl/picorv32.v:1418]
WARNING: [Synth 8-6014] Unused sequential element dbg_rs1val_valid_reg was removed.  [/net/users/oelmouden/picorv32/work/fmax_synthesis/vivado/xc7a100t-csg324-1/picorv32/rv32im_fast/rtl/picorv32.v:1419]
WARNING: [Synth 8-6014] Unused sequential element dbg_rs2val_valid_reg was removed.  [/net/users/oelmouden/picorv32/work/fmax_synthesis/vivado/xc7a100t-csg324-1/picorv32/rv32im_fast/rtl/picorv32.v:1420]
WARNING: [Synth 8-6014] Unused sequential element next_irq_pending_reg was removed.  [/net/users/oelmouden/picorv32/work/fmax_synthesis/vivado/xc7a100t-csg324-1/picorv32/rv32im_fast/rtl/picorv32.v:1440]
WARNING: [Synth 8-6014] Unused sequential element decoder_trigger_q_reg was removed.  [/net/users/oelmouden/picorv32/work/fmax_synthesis/vivado/xc7a100t-csg324-1/picorv32/rv32im_fast/rtl/picorv32.v:1447]
WARNING: [Synth 8-6014] Unused sequential element decoder_pseudo_trigger_q_reg was removed.  [/net/users/oelmouden/picorv32/work/fmax_synthesis/vivado/xc7a100t-csg324-1/picorv32/rv32im_fast/rtl/picorv32.v:1449]
WARNING: [Synth 8-6014] Unused sequential element latched_trace_reg was removed.  [/net/users/oelmouden/picorv32/work/fmax_synthesis/vivado/xc7a100t-csg324-1/picorv32/rv32im_fast/rtl/picorv32.v:1465]
WARNING: [Synth 8-6014] Unused sequential element irq_active_reg was removed.  [/net/users/oelmouden/picorv32/work/fmax_synthesis/vivado/xc7a100t-csg324-1/picorv32/rv32im_fast/rtl/picorv32.v:1471]
WARNING: [Synth 8-6014] Unused sequential element irq_delay_reg was removed.  [/net/users/oelmouden/picorv32/work/fmax_synthesis/vivado/xc7a100t-csg324-1/picorv32/rv32im_fast/rtl/picorv32.v:1472]
WARNING: [Synth 8-6014] Unused sequential element irq_mask_reg was removed.  [/net/users/oelmouden/picorv32/work/fmax_synthesis/vivado/xc7a100t-csg324-1/picorv32/rv32im_fast/rtl/picorv32.v:1473]
WARNING: [Synth 8-6014] Unused sequential element irq_state_reg was removed.  [/net/users/oelmouden/picorv32/work/fmax_synthesis/vivado/xc7a100t-csg324-1/picorv32/rv32im_fast/rtl/picorv32.v:1475]
WARNING: [Synth 8-6014] Unused sequential element timer_reg was removed.  [/net/users/oelmouden/picorv32/work/fmax_synthesis/vivado/xc7a100t-csg324-1/picorv32/rv32im_fast/rtl/picorv32.v:1477]
WARNING: [Synth 8-6014] Unused sequential element current_pc_reg was removed.  [/net/users/oelmouden/picorv32/work/fmax_synthesis/vivado/xc7a100t-csg324-1/picorv32/rv32im_fast/rtl/picorv32.v:1495]
WARNING: [Synth 8-6014] Unused sequential element irq_pending_reg was removed.  [/net/users/oelmouden/picorv32/work/fmax_synthesis/vivado/xc7a100t-csg324-1/picorv32/rv32im_fast/rtl/picorv32.v:1963]
WARNING: [Synth 8-6014] Unused sequential element trace_valid_reg was removed.  [/net/users/oelmouden/picorv32/work/fmax_synthesis/vivado/xc7a100t-csg324-1/picorv32/rv32im_fast/rtl/picorv32.v:1452]
WARNING: [Synth 8-7129] Port pcpi_insn[24] in module picorv32_pcpi_div is either unconnected or has no load
WARNING: [Synth 8-7129] Port pcpi_insn[23] in module picorv32_pcpi_div is either unconnected or has no load
WARNING: [Synth 8-7129] Port pcpi_insn[22] in module picorv32_pcpi_div is either unconnected or has no load
WARNING: [Synth 8-7129] Port pcpi_insn[21] in module picorv32_pcpi_div is either unconnected or has no load
WARNING: [Synth 8-7129] Port pcpi_insn[20] in module picorv32_pcpi_div is either unconnected or has no load
WARNING: [Synth 8-7129] Port pcpi_insn[19] in module picorv32_pcpi_div is either unconnected or has no load
WARNING: [Synth 8-7129] Port pcpi_insn[18] in module picorv32_pcpi_div is either unconnected or has no load
WARNING: [Synth 8-7129] Port pcpi_insn[17] in module picorv32_pcpi_div is either unconnected or has no load
WARNING: [Synth 8-7129] Port pcpi_insn[16] in module picorv32_pcpi_div is either unconnected or has no load
WARNING: [Synth 8-7129] Port pcpi_insn[15] in module picorv32_pcpi_div is either unconnected or has no load
WARNING: [Synth 8-7129] Port pcpi_insn[11] in module picorv32_pcpi_div is either unconnected or has no load
WARNING: [Synth 8-7129] Port pcpi_insn[10] in module picorv32_pcpi_div is either unconnected or has no load
WARNING: [Synth 8-7129] Port pcpi_insn[9] in module picorv32_pcpi_div is either unconnected or has no load
WARNING: [Synth 8-7129] Port pcpi_insn[8] in module picorv32_pcpi_div is either unconnected or has no load
WARNING: [Synth 8-7129] Port pcpi_insn[7] in module picorv32_pcpi_div is either unconnected or has no load
WARNING: [Synth 8-7129] Port pcpi_insn[24] in module picorv32_pcpi_fast_mul is either unconnected or has no load
WARNING: [Synth 8-7129] Port pcpi_insn[23] in module picorv32_pcpi_fast_mul is either unconnected or has no load
WARNING: [Synth 8-7129] Port pcpi_insn[22] in module picorv32_pcpi_fast_mul is either unconnected or has no load
WARNING: [Synth 8-7129] Port pcpi_insn[21] in module picorv32_pcpi_fast_mul is either unconnected or has no load
WARNING: [Synth 8-7129] Port pcpi_insn[20] in module picorv32_pcpi_fast_mul is either unconnected or has no load
WARNING: [Synth 8-7129] Port pcpi_insn[19] in module picorv32_pcpi_fast_mul is either unconnected or has no load
WARNING: [Synth 8-7129] Port pcpi_insn[18] in module picorv32_pcpi_fast_mul is either unconnected or has no load
WARNING: [Synth 8-7129] Port pcpi_insn[17] in module picorv32_pcpi_fast_mul is either unconnected or has no load
WARNING: [Synth 8-7129] Port pcpi_insn[16] in module picorv32_pcpi_fast_mul is either unconnected or has no load
WARNING: [Synth 8-7129] Port pcpi_insn[15] in module picorv32_pcpi_fast_mul is either unconnected or has no load
WARNING: [Synth 8-7129] Port pcpi_insn[11] in module picorv32_pcpi_fast_mul is either unconnected or has no load
WARNING: [Synth 8-7129] Port pcpi_insn[10] in module picorv32_pcpi_fast_mul is either unconnected or has no load
WARNING: [Synth 8-7129] Port pcpi_insn[9] in module picorv32_pcpi_fast_mul is either unconnected or has no load
WARNING: [Synth 8-7129] Port pcpi_insn[8] in module picorv32_pcpi_fast_mul is either unconnected or has no load
WARNING: [Synth 8-7129] Port pcpi_insn[7] in module picorv32_pcpi_fast_mul is either unconnected or has no load
WARNING: [Synth 8-7129] Port pcpi_wr in module picorv32 is either unconnected or has no load
WARNING: [Synth 8-7129] Port pcpi_rd[31] in module picorv32 is either unconnected or has no load
WARNING: [Synth 8-7129] Port pcpi_rd[30] in module picorv32 is either unconnected or has no load
WARNING: [Synth 8-7129] Port pcpi_rd[29] in module picorv32 is either unconnected or has no load
WARNING: [Synth 8-7129] Port pcpi_rd[28] in module picorv32 is either unconnected or has no load
WARNING: [Synth 8-7129] Port pcpi_rd[27] in module picorv32 is either unconnected or has no load
WARNING: [Synth 8-7129] Port pcpi_rd[26] in module picorv32 is either unconnected or has no load
WARNING: [Synth 8-7129] Port pcpi_rd[25] in module picorv32 is either unconnected or has no load
WARNING: [Synth 8-7129] Port pcpi_rd[24] in module picorv32 is either unconnected or has no load
WARNING: [Synth 8-7129] Port pcpi_rd[23] in module picorv32 is either unconnected or has no load
WARNING: [Synth 8-7129] Port pcpi_rd[22] in module picorv32 is either unconnected or has no load
WARNING: [Synth 8-7129] Port pcpi_rd[21] in module picorv32 is either unconnected or has no load
WARNING: [Synth 8-7129] Port pcpi_rd[20] in module picorv32 is either unconnected or has no load
WARNING: [Synth 8-7129] Port pcpi_rd[19] in module picorv32 is either unconnected or has no load
WARNING: [Synth 8-7129] Port pcpi_rd[18] in module picorv32 is either unconnected or has no load
WARNING: [Synth 8-7129] Port pcpi_rd[17] in module picorv32 is either unconnected or has no load
WARNING: [Synth 8-7129] Port pcpi_rd[16] in module picorv32 is either unconnected or has no load
WARNING: [Synth 8-7129] Port pcpi_rd[15] in module picorv32 is either unconnected or has no load
WARNING: [Synth 8-7129] Port pcpi_rd[14] in module picorv32 is either unconnected or has no load
WARNING: [Synth 8-7129] Port pcpi_rd[13] in module picorv32 is either unconnected or has no load
WARNING: [Synth 8-7129] Port pcpi_rd[12] in module picorv32 is either unconnected or has no load
WARNING: [Synth 8-7129] Port pcpi_rd[11] in module picorv32 is either unconnected or has no load
WARNING: [Synth 8-7129] Port pcpi_rd[10] in module picorv32 is either unconnected or has no load
WARNING: [Synth 8-7129] Port pcpi_rd[9] in module picorv32 is either unconnected or has no load
WARNING: [Synth 8-7129] Port pcpi_rd[8] in module picorv32 is either unconnected or has no load
WARNING: [Synth 8-7129] Port pcpi_rd[7] in module picorv32 is either unconnected or has no load
WARNING: [Synth 8-7129] Port pcpi_rd[6] in module picorv32 is either unconnected or has no load
WARNING: [Synth 8-7129] Port pcpi_rd[5] in module picorv32 is either unconnected or has no load
WARNING: [Synth 8-7129] Port pcpi_rd[4] in module picorv32 is either unconnected or has no load
WARNING: [Synth 8-7129] Port pcpi_rd[3] in module picorv32 is either unconnected or has no load
WARNING: [Synth 8-7129] Port pcpi_rd[2] in module picorv32 is either unconnected or has no load
WARNING: [Synth 8-7129] Port pcpi_rd[1] in module picorv32 is either unconnected or has no load
WARNING: [Synth 8-7129] Port pcpi_rd[0] in module picorv32 is either unconnected or has no load
WARNING: [Synth 8-7129] Port pcpi_wait in module picorv32 is either unconnected or has no load
WARNING: [Synth 8-7129] Port pcpi_ready in module picorv32 is either unconnected or has no load
WARNING: [Synth 8-7129] Port irq[31] in module picorv32 is either unconnected or has no load
WARNING: [Synth 8-7129] Port irq[30] in module picorv32 is either unconnected or has no load
WARNING: [Synth 8-7129] Port irq[29] in module picorv32 is either unconnected or has no load
WARNING: [Synth 8-7129] Port irq[28] in module picorv32 is either unconnected or has no load
WARNING: [Synth 8-7129] Port irq[27] in module picorv32 is either unconnected or has no load
WARNING: [Synth 8-7129] Port irq[26] in module picorv32 is either unconnected or has no load
WARNING: [Synth 8-7129] Port irq[25] in module picorv32 is either unconnected or has no load
WARNING: [Synth 8-7129] Port irq[24] in module picorv32 is either unconnected or has no load
WARNING: [Synth 8-7129] Port irq[23] in module picorv32 is either unconnected or has no load
WARNING: [Synth 8-7129] Port irq[22] in module picorv32 is either unconnected or has no load
WARNING: [Synth 8-7129] Port irq[21] in module picorv32 is either unconnected or has no load
WARNING: [Synth 8-7129] Port irq[20] in module picorv32 is either unconnected or has no load
WARNING: [Synth 8-7129] Port irq[19] in module picorv32 is either unconnected or has no load
WARNING: [Synth 8-7129] Port irq[18] in module picorv32 is either unconnected or has no load
WARNING: [Synth 8-7129] Port irq[17] in module picorv32 is either unconnected or has no load
WARNING: [Synth 8-7129] Port irq[16] in module picorv32 is either unconnected or has no load
WARNING: [Synth 8-7129] Port irq[15] in module picorv32 is either unconnected or has no load
WARNING: [Synth 8-7129] Port irq[14] in module picorv32 is either unconnected or has no load
WARNING: [Synth 8-7129] Port irq[13] in module picorv32 is either unconnected or has no load
WARNING: [Synth 8-7129] Port irq[12] in module picorv32 is either unconnected or has no load
WARNING: [Synth 8-7129] Port irq[11] in module picorv32 is either unconnected or has no load
WARNING: [Synth 8-7129] Port irq[10] in module picorv32 is either unconnected or has no load
WARNING: [Synth 8-7129] Port irq[9] in module picorv32 is either unconnected or has no load
WARNING: [Synth 8-7129] Port irq[8] in module picorv32 is either unconnected or has no load
WARNING: [Synth 8-7129] Port irq[7] in module picorv32 is either unconnected or has no load
WARNING: [Synth 8-7129] Port irq[6] in module picorv32 is either unconnected or has no load
WARNING: [Synth 8-7129] Port irq[5] in module picorv32 is either unconnected or has no load
WARNING: [Synth 8-7129] Port irq[4] in module picorv32 is either unconnected or has no load
WARNING: [Synth 8-7129] Port irq[3] in module picorv32 is either unconnected or has no load
WARNING: [Synth 8-7129] Port irq[2] in module picorv32 is either unconnected or has no load
WARNING: [Synth 8-7129] Port irq[1] in module picorv32 is either unconnected or has no load
WARNING: [Synth 8-7129] Port irq[0] in module picorv32 is either unconnected or has no load
---------------------------------------------------------------------------------
Finished RTL Elaboration : Time (s): cpu = 00:00:06 ; elapsed = 00:00:07 . Memory (MB): peak = 2425.426 ; gain = 513.801 ; free physical = 742261 ; free virtual = 765284
---------------------------------------------------------------------------------
---------------------------------------------------------------------------------
Start Handling Custom Attributes
---------------------------------------------------------------------------------
---------------------------------------------------------------------------------
Finished Handling Custom Attributes : Time (s): cpu = 00:00:07 ; elapsed = 00:00:07 . Memory (MB): peak = 2440.270 ; gain = 528.645 ; free physical = 742251 ; free virtual = 765274
---------------------------------------------------------------------------------
---------------------------------------------------------------------------------
Finished RTL Optimization Phase 1 : Time (s): cpu = 00:00:07 ; elapsed = 00:00:07 . Memory (MB): peak = 2440.270 ; gain = 528.645 ; free physical = 742251 ; free virtual = 765274
---------------------------------------------------------------------------------
Netlist sorting complete. Time (s): cpu = 00:00:00.02 ; elapsed = 00:00:00.02 . Memory (MB): peak = 2440.270 ; gain = 0.000 ; free physical = 742252 ; free virtual = 765274
INFO: [Project 1-570] Preparing netlist for logic optimization

Processing XDC Constraints
Initializing timing engine
Parsing XDC File [/net/users/oelmouden/picorv32/work/fmax_synthesis/vivado/xc7a100t-csg324-1/picorv32/rv32im_fast/constraints.xdc]
WARNING: [Vivado 12-2489] -period contains time 18.181818 which will be rounded to 18.182 to ensure it is an integer multiple of 1 picosecond [/net/users/oelmouden/picorv32/work/fmax_synthesis/vivado/xc7a100t-csg324-1/picorv32/rv32im_fast/constraints.xdc:1]
Finished Parsing XDC File [/net/users/oelmouden/picorv32/work/fmax_synthesis/vivado/xc7a100t-csg324-1/picorv32/rv32im_fast/constraints.xdc]
Completed Processing XDC Constraints

Netlist sorting complete. Time (s): cpu = 00:00:00 ; elapsed = 00:00:00 . Memory (MB): peak = 2584.020 ; gain = 0.000 ; free physical = 742172 ; free virtual = 765194
INFO: [Project 1-111] Unisim Transformation Summary:
No Unisim elements were transformed.

Constraint Validation Runtime : Time (s): cpu = 00:00:00.03 ; elapsed = 00:00:00.01 . Memory (MB): peak = 2584.020 ; gain = 0.000 ; free physical = 742172 ; free virtual = 765195
---------------------------------------------------------------------------------
Finished Constraint Validation : Time (s): cpu = 00:00:15 ; elapsed = 00:00:15 . Memory (MB): peak = 2584.020 ; gain = 672.395 ; free physical = 742170 ; free virtual = 765193
---------------------------------------------------------------------------------
---------------------------------------------------------------------------------
Start Loading Part and Timing Information
---------------------------------------------------------------------------------
Loading part: xc7a100tcsg324-1
---------------------------------------------------------------------------------
Finished Loading Part and Timing Information : Time (s): cpu = 00:00:15 ; elapsed = 00:00:15 . Memory (MB): peak = 2592.023 ; gain = 680.398 ; free physical = 742170 ; free virtual = 765193
---------------------------------------------------------------------------------
---------------------------------------------------------------------------------
Start Applying 'set_property' XDC Constraints
---------------------------------------------------------------------------------
---------------------------------------------------------------------------------
Finished applying 'set_property' XDC Constraints : Time (s): cpu = 00:00:15 ; elapsed = 00:00:15 . Memory (MB): peak = 2592.023 ; gain = 680.398 ; free physical = 742170 ; free virtual = 765193
---------------------------------------------------------------------------------
INFO: [Synth 8-802] inferred FSM for state register 'mem_state_reg' in module 'picorv32'
---------------------------------------------------------------------------------------------------
                   State |                     New Encoding |                Previous Encoding 
---------------------------------------------------------------------------------------------------
                 iSTATE2 |                               00 |                               00
                 iSTATE0 |                               01 |                               10
                  iSTATE |                               10 |                               01
                 iSTATE1 |                               11 |                               11
---------------------------------------------------------------------------------------------------
INFO: [Synth 8-3354] encoded FSM with state register 'mem_state_reg' using encoding 'sequential' in module 'picorv32'
---------------------------------------------------------------------------------
Finished RTL Optimization Phase 2 : Time (s): cpu = 00:00:16 ; elapsed = 00:00:16 . Memory (MB): peak = 2592.023 ; gain = 680.398 ; free physical = 742170 ; free virtual = 765194
---------------------------------------------------------------------------------
---------------------------------------------------------------------------------
Start RTL Component Statistics 
---------------------------------------------------------------------------------
Detailed RTL Component Info : 
+---Adders : 
	   2 Input   63 Bit       Adders := 1     
	   2 Input   32 Bit       Adders := 7     
	   3 Input   32 Bit       Adders := 1     
	   2 Input    5 Bit       Adders := 1     
	   2 Input    4 Bit       Adders := 1     
+---XORs : 
	   2 Input     32 Bit         XORs := 1     
+---Registers : 
	               64 Bit    Registers := 1     
	               63 Bit    Registers := 1     
	               36 Bit    Registers := 1     
	               33 Bit    Registers := 2     
	               32 Bit    Registers := 18    
	                8 Bit    Registers := 1     
	                5 Bit    Registers := 6     
	                4 Bit    Registers := 3     
	                2 Bit    Registers := 1     
	                1 Bit    Registers := 89    
+---Multipliers : 
	              33x33  Multipliers := 1     
+---RAMs : 
	              32K Bit	(1024 X 32 bit)          RAMs := 1     
	             1024 Bit	(32 X 32 bit)          RAMs := 1     
+---Muxes : 
	   2 Input   63 Bit        Muxes := 2     
	   2 Input   33 Bit        Muxes := 2     
	   2 Input   32 Bit        Muxes := 33    
	   3 Input   32 Bit        Muxes := 3     
	   5 Input   32 Bit        Muxes := 1     
	   6 Input   32 Bit        Muxes := 1     
	   4 Input   32 Bit        Muxes := 7     
	   2 Input   16 Bit        Muxes := 1     
	   4 Input    8 Bit        Muxes := 2     
	   2 Input    8 Bit        Muxes := 3     
	   5 Input    4 Bit        Muxes := 1     
	   2 Input    4 Bit        Muxes := 1     
	   4 Input    4 Bit        Muxes := 1     
	   3 Input    4 Bit        Muxes := 1     
	   2 Input    3 Bit        Muxes := 3     
	   4 Input    2 Bit        Muxes := 1     
	   2 Input    2 Bit        Muxes := 2     
	   2 Input    1 Bit        Muxes := 32    
	   4 Input    1 Bit        Muxes := 18    
	   3 Input    1 Bit        Muxes := 4     
	   7 Input    1 Bit        Muxes := 4     
---------------------------------------------------------------------------------
Finished RTL Component Statistics 
---------------------------------------------------------------------------------
---------------------------------------------------------------------------------
Start Part Resource Summary
---------------------------------------------------------------------------------
Part Resources:
DSPs: 240 (col length:80)
BRAMs: 270 (col length: RAMB18 80 RAMB36 40)
---------------------------------------------------------------------------------
Finished Part Resource Summary
---------------------------------------------------------------------------------
---------------------------------------------------------------------------------
Start Cross Boundary and Area Optimization
---------------------------------------------------------------------------------
WARNING: [Synth 8-7080] Parallel synthesis criteria is not met
DSP Report: Generating DSP rd0, operation Mode is: A2*B2.
DSP Report: register rs1_reg is absorbed into DSP rd0.
DSP Report: register rd0 is absorbed into DSP rd0.
DSP Report: operator rd0 is absorbed into DSP rd0.
DSP Report: operator rd0 is absorbed into DSP rd0.
DSP Report: Generating DSP rd_reg, operation Mode is: (PCIN>>17)+A2*B2.
DSP Report: register rs2_reg is absorbed into DSP rd_reg.
DSP Report: register rs1_reg is absorbed into DSP rd_reg.
DSP Report: register rd_reg is absorbed into DSP rd_reg.
DSP Report: operator rd0 is absorbed into DSP rd_reg.
DSP Report: operator rd0 is absorbed into DSP rd_reg.
DSP Report: Generating DSP rd0, operation Mode is: A2*B2.
DSP Report: register rd0 is absorbed into DSP rd0.
DSP Report: register rd0 is absorbed into DSP rd0.
DSP Report: operator rd0 is absorbed into DSP rd0.
DSP Report: operator rd0 is absorbed into DSP rd0.
DSP Report: Generating DSP rd_reg, operation Mode is: (PCIN>>17)+A2*B2.
DSP Report: register rs2_reg is absorbed into DSP rd_reg.
DSP Report: register rd_reg is absorbed into DSP rd_reg.
DSP Report: register rd_reg is absorbed into DSP rd_reg.
DSP Report: operator rd0 is absorbed into DSP rd_reg.
DSP Report: operator rd0 is absorbed into DSP rd_reg.
WARNING: [Synth 8-7129] Port pcpi_wr in module picorv32 is either unconnected or has no load
WARNING: [Synth 8-7129] Port pcpi_rd[31] in module picorv32 is either unconnected or has no load
WARNING: [Synth 8-7129] Port pcpi_rd[30] in module picorv32 is either unconnected or has no load
INFO: [Common 17-14] Message 'Synth 8-7129' appears 100 times and further instances of the messages will be disabled. Use the Tcl command set_msg_config to change the current settings.
WARNING: [Synth 8-3332] Sequential element (rd_reg[47]) is unused and will be removed from module picorv32_pcpi_fast_mul.
WARNING: [Synth 8-3332] Sequential element (rd_reg[46]) is unused and will be removed from module picorv32_pcpi_fast_mul.
WARNING: [Synth 8-3332] Sequential element (rd_reg[45]) is unused and will be removed from module picorv32_pcpi_fast_mul.
WARNING: [Synth 8-3332] Sequential element (rd_reg[44]) is unused and will be removed from module picorv32_pcpi_fast_mul.
WARNING: [Synth 8-3332] Sequential element (rd_reg[43]) is unused and will be removed from module picorv32_pcpi_fast_mul.
WARNING: [Synth 8-3332] Sequential element (rd_reg[42]) is unused and will be removed from module picorv32_pcpi_fast_mul.
WARNING: [Synth 8-3332] Sequential element (rd_reg[41]) is unused and will be removed from module picorv32_pcpi_fast_mul.
WARNING: [Synth 8-3332] Sequential element (rd_reg[40]) is unused and will be removed from module picorv32_pcpi_fast_mul.
WARNING: [Synth 8-3332] Sequential element (rd_reg[39]) is unused and will be removed from module picorv32_pcpi_fast_mul.
WARNING: [Synth 8-3332] Sequential element (rd_reg[38]) is unused and will be removed from module picorv32_pcpi_fast_mul.
WARNING: [Synth 8-3332] Sequential element (rd_reg[37]) is unused and will be removed from module picorv32_pcpi_fast_mul.
WARNING: [Synth 8-3332] Sequential element (rd_reg[36]) is unused and will be removed from module picorv32_pcpi_fast_mul.
WARNING: [Synth 8-3332] Sequential element (rd_reg[35]) is unused and will be removed from module picorv32_pcpi_fast_mul.
WARNING: [Synth 8-3332] Sequential element (rd_reg[34]) is unused and will be removed from module picorv32_pcpi_fast_mul.
WARNING: [Synth 8-3332] Sequential element (rd_reg[33]) is unused and will be removed from module picorv32_pcpi_fast_mul.
WARNING: [Synth 8-3332] Sequential element (rd_reg[32]) is unused and will be removed from module picorv32_pcpi_fast_mul.
WARNING: [Synth 8-3332] Sequential element (rd_reg[31]) is unused and will be removed from module picorv32_pcpi_fast_mul.
WARNING: [Synth 8-3332] Sequential element (rd_reg[30]) is unused and will be removed from module picorv32_pcpi_fast_mul.
WARNING: [Synth 8-3332] Sequential element (rd_reg[29]) is unused and will be removed from module picorv32_pcpi_fast_mul.
WARNING: [Synth 8-3332] Sequential element (rd_reg[28]) is unused and will be removed from module picorv32_pcpi_fast_mul.
WARNING: [Synth 8-3332] Sequential element (rd_reg[27]) is unused and will be removed from module picorv32_pcpi_fast_mul.
WARNING: [Synth 8-3332] Sequential element (rd_reg[26]) is unused and will be removed from module picorv32_pcpi_fast_mul.
WARNING: [Synth 8-3332] Sequential element (rd_reg[25]) is unused and will be removed from module picorv32_pcpi_fast_mul.
WARNING: [Synth 8-3332] Sequential element (rd_reg[24]) is unused and will be removed from module picorv32_pcpi_fast_mul.
WARNING: [Synth 8-3332] Sequential element (rd_reg[23]) is unused and will be removed from module picorv32_pcpi_fast_mul.
WARNING: [Synth 8-3332] Sequential element (rd_reg[22]) is unused and will be removed from module picorv32_pcpi_fast_mul.
WARNING: [Synth 8-3332] Sequential element (rd_reg[21]) is unused and will be removed from module picorv32_pcpi_fast_mul.
WARNING: [Synth 8-3332] Sequential element (rd_reg[20]) is unused and will be removed from module picorv32_pcpi_fast_mul.
WARNING: [Synth 8-3332] Sequential element (rd_reg[19]) is unused and will be removed from module picorv32_pcpi_fast_mul.
WARNING: [Synth 8-3332] Sequential element (rd_reg[18]) is unused and will be removed from module picorv32_pcpi_fast_mul.
WARNING: [Synth 8-3332] Sequential element (rd_reg[17]) is unused and will be removed from module picorv32_pcpi_fast_mul.
WARNING: [Synth 8-3332] Sequential element (rd_reg[47]__0) is unused and will be removed from module picorv32_pcpi_fast_mul.
WARNING: [Synth 8-3332] Sequential element (rd_reg[46]__0) is unused and will be removed from module picorv32_pcpi_fast_mul.
WARNING: [Synth 8-3332] Sequential element (rd_reg[45]__0) is unused and will be removed from module picorv32_pcpi_fast_mul.
WARNING: [Synth 8-3332] Sequential element (rd_reg[44]__0) is unused and will be removed from module picorv32_pcpi_fast_mul.
WARNING: [Synth 8-3332] Sequential element (rd_reg[43]__0) is unused and will be removed from module picorv32_pcpi_fast_mul.
WARNING: [Synth 8-3332] Sequential element (rd_reg[42]__0) is unused and will be removed from module picorv32_pcpi_fast_mul.
WARNING: [Synth 8-3332] Sequential element (rd_reg[41]__0) is unused and will be removed from module picorv32_pcpi_fast_mul.
WARNING: [Synth 8-3332] Sequential element (rd_reg[40]__0) is unused and will be removed from module picorv32_pcpi_fast_mul.
WARNING: [Synth 8-3332] Sequential element (rd_reg[39]__0) is unused and will be removed from module picorv32_pcpi_fast_mul.
WARNING: [Synth 8-3332] Sequential element (rd_reg[38]__0) is unused and will be removed from module picorv32_pcpi_fast_mul.
WARNING: [Synth 8-3332] Sequential element (rd_reg[37]__0) is unused and will be removed from module picorv32_pcpi_fast_mul.
WARNING: [Synth 8-3332] Sequential element (rd_reg[36]__0) is unused and will be removed from module picorv32_pcpi_fast_mul.
WARNING: [Synth 8-3332] Sequential element (rd_reg[35]__0) is unused and will be removed from module picorv32_pcpi_fast_mul.
WARNING: [Synth 8-3332] Sequential element (rd_reg[34]__0) is unused and will be removed from module picorv32_pcpi_fast_mul.
WARNING: [Synth 8-3332] Sequential element (rd_reg[33]__0) is unused and will be removed from module picorv32_pcpi_fast_mul.
WARNING: [Synth 8-3332] Sequential element (rd_reg[32]__0) is unused and will be removed from module picorv32_pcpi_fast_mul.
WARNING: [Synth 8-3332] Sequential element (rd_reg[31]__0) is unused and will be removed from module picorv32_pcpi_fast_mul.
WARNING: [Synth 8-3332] Sequential element (rd_reg[30]__0) is unused and will be removed from module picorv32_pcpi_fast_mul.
WARNING: [Synth 8-3332] Sequential element (rd_reg[29]__0) is unused and will be removed from module picorv32_pcpi_fast_mul.
WARNING: [Synth 8-3332] Sequential element (rd_reg[28]__0) is unused and will be removed from module picorv32_pcpi_fast_mul.
WARNING: [Synth 8-3332] Sequential element (rd_reg[27]__0) is unused and will be removed from module picorv32_pcpi_fast_mul.
WARNING: [Synth 8-3332] Sequential element (rd_reg[26]__0) is unused and will be removed from module picorv32_pcpi_fast_mul.
WARNING: [Synth 8-3332] Sequential element (rd_reg[25]__0) is unused and will be removed from module picorv32_pcpi_fast_mul.
WARNING: [Synth 8-3332] Sequential element (rd_reg[24]__0) is unused and will be removed from module picorv32_pcpi_fast_mul.
WARNING: [Synth 8-3332] Sequential element (rd_reg[23]__0) is unused and will be removed from module picorv32_pcpi_fast_mul.
WARNING: [Synth 8-3332] Sequential element (rd_reg[22]__0) is unused and will be removed from module picorv32_pcpi_fast_mul.
WARNING: [Synth 8-3332] Sequential element (rd_reg[21]__0) is unused and will be removed from module picorv32_pcpi_fast_mul.
WARNING: [Synth 8-3332] Sequential element (rd_reg[20]__0) is unused and will be removed from module picorv32_pcpi_fast_mul.
WARNING: [Synth 8-3332] Sequential element (rd_reg[19]__0) is unused and will be removed from module picorv32_pcpi_fast_mul.
WARNING: [Synth 8-3332] Sequential element (rd_reg[18]__0) is unused and will be removed from module picorv32_pcpi_fast_mul.
WARNING: [Synth 8-3332] Sequential element (rd_reg[17]__0) is unused and will be removed from module picorv32_pcpi_fast_mul.
---------------------------------------------------------------------------------
Finished Cross Boundary and Area Optimization : Time (s): cpu = 00:00:22 ; elapsed = 00:00:23 . Memory (MB): peak = 2592.023 ; gain = 680.398 ; free physical = 742165 ; free virtual = 765195
---------------------------------------------------------------------------------
 Sort Area is  rd0_0 : 0 0 : 2737 5129 : Used 1 time 0
 Sort Area is  rd0_0 : 0 1 : 2392 5129 : Used 1 time 0
 Sort Area is  rd0_3 : 0 0 : 2338 4501 : Used 1 time 0
 Sort Area is  rd0_3 : 0 1 : 2163 4501 : Used 1 time 0
---------------------------------------------------------------------------------
Start ROM, RAM, DSP, Shift Register and Retiming Reporting
---------------------------------------------------------------------------------

Block RAM: Preliminary Mapping Report (see note below)
+-----------------+----------------+------------------------+---+---+------------------------+---+---+------------------+--------+--------+
|Module Name      | RTL Object     | PORT A (Depth x Width) | W | R | PORT B (Depth x Width) | W | R | Ports driving FF | RAMB18 | RAMB36 | 
+-----------------+----------------+------------------------+---+---+------------------------+---+---+------------------+--------+--------+
|picorv32_soc_top | ram/memory_reg | 1 K x 32(READ_FIRST)   | W |   | 1 K x 32(WRITE_FIRST)  |   | R | Port A and B     | 0      | 1      | 
+-----------------+----------------+------------------------+---+---+------------------------+---+---+------------------+--------+--------+

Note: The table above is a preliminary report that shows the Block RAMs at the current stage of the synthesis flow. Some Block RAMs may be reimplemented as non Block RAM primitives later in the synthesis flow. Multiple instantiated Block RAMs are reported only once. 

Distributed RAM: Preliminary Mapping Report (see note below)
+------------+-------------+-----------+----------------------+--------------+
|Module Name | RTL Object  | Inference | Size (Depth x Width) | Primitives   | 
+------------+-------------+-----------+----------------------+--------------+
|cpu         | cpuregs_reg | Implied   | 32 x 32              | RAM32M x 12  | 
+------------+-------------+-----------+----------------------+--------------+

Note: The table above is a preliminary report that shows the Distributed RAMs at the current stage of the synthesis flow. Some Distributed RAMs may be reimplemented as non Distributed RAM primitives later in the synthesis flow. Multiple instantiated RAMs are reported only once.

DSP: Preliminary Mapping Report (see note below. The ' indicates corresponding REG is set)
+-----------------------+------------------+--------+--------+--------+--------+--------+------+------+------+------+-------+------+------+
|Module Name            | DSP Mapping      | A Size | B Size | C Size | D Size | P Size | AREG | BREG | CREG | DREG | ADREG | MREG | PREG | 
+-----------------------+------------------+--------+--------+--------+--------+--------+------+------+------+------+-------+------+------+
|picorv32_pcpi_fast_mul | A2*B2            | 18     | 16     | -      | -      | 48     | 1    | 1    | -    | -    | -     | 0    | 0    | 
|picorv32_pcpi_fast_mul | (PCIN>>17)+A2*B2 | 16     | 16     | -      | -      | 48     | 1    | 1    | -    | -    | -     | 0    | 1    | 
|picorv32_pcpi_fast_mul | A2*B2            | 18     | 18     | -      | -      | 48     | 1    | 1    | -    | -    | -     | 0    | 0    | 
|picorv32_pcpi_fast_mul | (PCIN>>17)+A2*B2 | 18     | 16     | -      | -      | 48     | 1    | 1    | -    | -    | -     | 0    | 1    | 
+-----------------------+------------------+--------+--------+--------+--------+--------+------+------+------+------+-------+------+------+

Note: The table above is a preliminary report that shows the DSPs inferred at the current stage of the synthesis flow. Some DSP may be reimplemented as non DSP primitives later in the synthesis flow. Multiple instantiated DSPs are reported only once.
---------------------------------------------------------------------------------
Finished ROM, RAM, DSP, Shift Register and Retiming Reporting
---------------------------------------------------------------------------------
---------------------------------------------------------------------------------
Start Applying XDC Timing Constraints
---------------------------------------------------------------------------------
---------------------------------------------------------------------------------
Finished Applying XDC Timing Constraints : Time (s): cpu = 00:00:31 ; elapsed = 00:00:32 . Memory (MB): peak = 2674.023 ; gain = 762.398 ; free physical = 742084 ; free virtual = 765114
---------------------------------------------------------------------------------
---------------------------------------------------------------------------------
Start Timing Optimization
---------------------------------------------------------------------------------
---------------------------------------------------------------------------------
Finished Timing Optimization : Time (s): cpu = 00:00:31 ; elapsed = 00:00:32 . Memory (MB): peak = 2677.023 ; gain = 765.398 ; free physical = 742081 ; free virtual = 765111
---------------------------------------------------------------------------------
---------------------------------------------------------------------------------
Start ROM, RAM, DSP, Shift Register and Retiming Reporting
---------------------------------------------------------------------------------

Block RAM: Final Mapping Report
+-----------------+----------------+------------------------+---+---+------------------------+---+---+------------------+--------+--------+
|Module Name      | RTL Object     | PORT A (Depth x Width) | W | R | PORT B (Depth x Width) | W | R | Ports driving FF | RAMB18 | RAMB36 | 
+-----------------+----------------+------------------------+---+---+------------------------+---+---+------------------+--------+--------+
|picorv32_soc_top | ram/memory_reg | 1 K x 32(READ_FIRST)   | W |   | 1 K x 32(WRITE_FIRST)  |   | R | Port A and B     | 0      | 1      | 
+-----------------+----------------+------------------------+---+---+------------------------+---+---+------------------+--------+--------+


Distributed RAM: Final Mapping Report
+------------+-------------+-----------+----------------------+--------------+
|Module Name | RTL Object  | Inference | Size (Depth x Width) | Primitives   | 
+------------+-------------+-----------+----------------------+--------------+
|cpu         | cpuregs_reg | Implied   | 32 x 32              | RAM32M x 12  | 
+------------+-------------+-----------+----------------------+--------------+

---------------------------------------------------------------------------------
Finished ROM, RAM, DSP, Shift Register and Retiming Reporting
---------------------------------------------------------------------------------
---------------------------------------------------------------------------------
Start Technology Mapping
---------------------------------------------------------------------------------
INFO: [Synth 8-7052] The timing for the instance ram/memory_reg (implemented as a Block RAM) might be sub-optimal as no optional output register could be merged into the ram block. Providing additional output register may help in improving timing.
---------------------------------------------------------------------------------
Finished Technology Mapping : Time (s): cpu = 00:00:32 ; elapsed = 00:00:33 . Memory (MB): peak = 2706.070 ; gain = 794.445 ; free physical = 742054 ; free virtual = 765084
---------------------------------------------------------------------------------
---------------------------------------------------------------------------------
Start IO Insertion
---------------------------------------------------------------------------------
---------------------------------------------------------------------------------
Start Flattening Before IO Insertion
---------------------------------------------------------------------------------
---------------------------------------------------------------------------------
Finished Flattening Before IO Insertion
---------------------------------------------------------------------------------
---------------------------------------------------------------------------------
Start Final Netlist Cleanup
---------------------------------------------------------------------------------
---------------------------------------------------------------------------------
Finished Final Netlist Cleanup
---------------------------------------------------------------------------------
---------------------------------------------------------------------------------
Finished IO Insertion : Time (s): cpu = 00:00:36 ; elapsed = 00:00:37 . Memory (MB): peak = 2859.883 ; gain = 948.258 ; free physical = 741916 ; free virtual = 764946
---------------------------------------------------------------------------------
---------------------------------------------------------------------------------
Start Renaming Generated Instances
---------------------------------------------------------------------------------
---------------------------------------------------------------------------------
Finished Renaming Generated Instances : Time (s): cpu = 00:00:36 ; elapsed = 00:00:37 . Memory (MB): peak = 2859.883 ; gain = 948.258 ; free physical = 741916 ; free virtual = 764946
---------------------------------------------------------------------------------
---------------------------------------------------------------------------------
Start Handling Custom Attributes
---------------------------------------------------------------------------------
---------------------------------------------------------------------------------
Finished Handling Custom Attributes : Time (s): cpu = 00:00:36 ; elapsed = 00:00:37 . Memory (MB): peak = 2862.852 ; gain = 951.227 ; free physical = 741908 ; free virtual = 764938
---------------------------------------------------------------------------------
---------------------------------------------------------------------------------
Start Writing Synthesis Report
---------------------------------------------------------------------------------

DSP Final Report (the ' indicates corresponding REG is set)
+-----------------------+--------------------+--------+--------+--------+--------+--------+------+------+------+------+-------+------+------+
|Module Name            | DSP Mapping        | A Size | B Size | C Size | D Size | P Size | AREG | BREG | CREG | DREG | ADREG | MREG | PREG | 
+-----------------------+--------------------+--------+--------+--------+--------+--------+------+------+------+------+-------+------+------+
|picorv32_pcpi_fast_mul | A''*B'             | 17     | 18     | -      | -      | 48     | 2    | 1    | -    | -    | -     | 0    | 0    | 
|picorv32_pcpi_fast_mul | (PCIN>>17+A'*B')'  | 30     | 18     | -      | -      | 48     | 1    | 1    | -    | -    | -     | 0    | 1    | 
|picorv32_pcpi_fast_mul | A''*B''            | 17     | 17     | -      | -      | 48     | 2    | 2    | -    | -    | -     | 0    | 0    | 
|picorv32_pcpi_fast_mul | (PCIN>>17+A''*B')' | 17     | 18     | -      | -      | 48     | 2    | 1    | -    | -    | -     | 0    | 1    | 
+-----------------------+--------------------+--------+--------+--------+--------+--------+------+------+------+------+-------+------+------+


Report BlackBoxes: 
+-+--------------+----------+
| |BlackBox name |Instances |
+-+--------------+----------+
+-+--------------+----------+

Report Cell Usage: 
+------+---------+------+
|      |Cell     |Count |
+------+---------+------+
|1     |BUFG     |     1|
|2     |CARRY4   |   143|
|3     |DSP48E1  |     4|
|7     |LUT1     |   134|
|8     |LUT2     |   196|
|9     |LUT3     |   154|
|10    |LUT4     |   356|
|11    |LUT5     |   218|
|12    |LUT6     |   499|
|13    |MUXF7    |     1|
|14    |RAM32M   |    10|
|15    |RAM32X1D |     4|
|16    |RAMB36E1 |     1|
|17    |FDRE     |   810|
|18    |FDSE     |    26|
|19    |IBUF     |     2|
|20    |OBUF     |     1|
+------+---------+------+
---------------------------------------------------------------------------------
Finished Writing Synthesis Report : Time (s): cpu = 00:00:36 ; elapsed = 00:00:37 . Memory (MB): peak = 2862.852 ; gain = 951.227 ; free physical = 741908 ; free virtual = 764938
---------------------------------------------------------------------------------
Synthesis finished with 0 errors, 0 critical warnings and 130 warnings.
Synthesis Optimization Runtime : Time (s): cpu = 00:00:33 ; elapsed = 00:00:35 . Memory (MB): peak = 2862.852 ; gain = 807.477 ; free physical = 741908 ; free virtual = 764938
Synthesis Optimization Complete : Time (s): cpu = 00:00:36 ; elapsed = 00:00:37 . Memory (MB): peak = 2862.859 ; gain = 951.227 ; free physical = 741908 ; free virtual = 764938
INFO: [Project 1-571] Translating synthesized netlist
Netlist sorting complete. Time (s): cpu = 00:00:00.01 ; elapsed = 00:00:00.01 . Memory (MB): peak = 2862.859 ; gain = 0.000 ; free physical = 742069 ; free virtual = 765099
INFO: [Netlist 29-17] Analyzing 163 Unisim elements for replacement
INFO: [Netlist 29-28] Unisim Transformation completed in 0 CPU seconds
WARNING: [Netlist 29-101] Netlist 'picorv32_soc_top' is not ideal for floorplanning, since the cellview 'picorv32_soc_top' contains a large number of primitives.  Please consider enabling hierarchy in synthesis if you want to do floorplanning.
INFO: [Project 1-570] Preparing netlist for logic optimization
Parsing XDC File [/net/users/oelmouden/picorv32/work/fmax_synthesis/vivado/xc7a100t-csg324-1/picorv32/rv32im_fast/constraints.xdc]
WARNING: [Vivado 12-2489] -period contains time 18.181818 which will be rounded to 18.182 to ensure it is an integer multiple of 1 picosecond [/net/users/oelmouden/picorv32/work/fmax_synthesis/vivado/xc7a100t-csg324-1/picorv32/rv32im_fast/constraints.xdc:1]
Finished Parsing XDC File [/net/users/oelmouden/picorv32/work/fmax_synthesis/vivado/xc7a100t-csg324-1/picorv32/rv32im_fast/constraints.xdc]
INFO: [Opt 31-138] Pushed 0 inverter(s) to 0 load pin(s).
Netlist sorting complete. Time (s): cpu = 00:00:00 ; elapsed = 00:00:00 . Memory (MB): peak = 2918.879 ; gain = 0.000 ; free physical = 742069 ; free virtual = 765099
INFO: [Project 1-111] Unisim Transformation Summary:
  A total of 14 instances were transformed.
  RAM32M => RAM32M (RAMD32(x6), RAMS32(x2)): 10 instances
  RAM32X1D => RAM32X1D (RAMD32(x2)): 4 instances

Synth Design complete | Checksum: f69f57ba
INFO: [Common 17-83] Releasing license: Synthesis
33 Infos, 225 Warnings, 0 Critical Warnings and 0 Errors encountered.
synth_design completed successfully
synth_design: Time (s): cpu = 00:00:47 ; elapsed = 00:00:45 . Memory (MB): peak = 2918.879 ; gain = 1188.512 ; free physical = 742069 ; free virtual = 765099
INFO: [Common 17-2834] synth_design peak Physical Memory [PSS] (MB): overall = 2098.975; main = 2098.975; forked = 333.721
INFO: [Common 17-2834] synth_design peak Virtual Memory [VSS] (MB): overall = 4166.984; main = 2918.883; forked = 1552.957
Command: opt_design -sweep -remap -propconst
Attempting to get a license for feature 'Implementation' and/or device 'xc7a100t'
INFO: [Common 17-349] Got license for feature 'Implementation' and/or device 'xc7a100t'
Running DRC as a precondition to command opt_design

Starting DRC Task
INFO: [DRC 23-27] Running DRC with 8 threads
INFO: [Project 1-461] DRC finished with 0 Errors
INFO: [Project 1-462] Please refer to the DRC report (report_drc) for more information.

Time (s): cpu = 00:00:02 ; elapsed = 00:00:00.57 . Memory (MB): peak = 2918.879 ; gain = 0.000 ; free physical = 742068 ; free virtual = 765098

Starting Logic Optimization Task

Phase 1 Initialization

Phase 1.1 Core Generation And Design Setup
Phase 1.1 Core Generation And Design Setup | Checksum: 227f2d8d2

Time (s): cpu = 00:00:00 ; elapsed = 00:00:00 . Memory (MB): peak = 2918.879 ; gain = 0.000 ; free physical = 742064 ; free virtual = 765094

Phase 1.2 Setup Constraints And Sort Netlist
Phase 1.2 Setup Constraints And Sort Netlist | Checksum: 227f2d8d2

Time (s): cpu = 00:00:00.01 ; elapsed = 00:00:00.01 . Memory (MB): peak = 2918.879 ; gain = 0.000 ; free physical = 742064 ; free virtual = 765094
Phase 1 Initialization | Checksum: 227f2d8d2

Time (s): cpu = 00:00:00.01 ; elapsed = 00:00:00.01 . Memory (MB): peak = 2918.879 ; gain = 0.000 ; free physical = 742064 ; free virtual = 765094

Phase 2 Timer Update And Timing Data Collection

Phase 2.1 Timer Update
INFO: [Timing 38-35] Done setting XDC timing constraints.
Phase 2.1 Timer Update | Checksum: 227f2d8d2

Time (s): cpu = 00:00:08 ; elapsed = 00:00:08 . Memory (MB): peak = 3278.832 ; gain = 359.953 ; free physical = 741717 ; free virtual = 764747

Phase 2.2 Timing Data Collection
Phase 2.2 Timing Data Collection | Checksum: 227f2d8d2

Time (s): cpu = 00:00:08 ; elapsed = 00:00:08 . Memory (MB): peak = 3278.832 ; gain = 359.953 ; free physical = 741717 ; free virtual = 764747
Phase 2 Timer Update And Timing Data Collection | Checksum: 227f2d8d2

Time (s): cpu = 00:00:08 ; elapsed = 00:00:08 . Memory (MB): peak = 3278.832 ; gain = 359.953 ; free physical = 741717 ; free virtual = 764747

Phase 3 Constant propagation
INFO: [Opt 31-138] Pushed 0 inverter(s) to 0 load pin(s).
Phase 3 Constant propagation | Checksum: 19a31d398

Time (s): cpu = 00:00:08 ; elapsed = 00:00:08 . Memory (MB): peak = 3278.832 ; gain = 359.953 ; free physical = 741717 ; free virtual = 764747
Constant propagation | Checksum: 19a31d398
INFO: [Opt 31-389] Phase Constant propagation created 0 cells and removed 0 cells

Phase 4 Sweep
INFO: [Constraints 18-11670] Building netlist checker database with flags, 0x8
Done building netlist checker database: Time (s): cpu = 00:00:00 ; elapsed = 00:00:00 . Memory (MB): peak = 3278.832 ; gain = 0.000 ; free physical = 741717 ; free virtual = 764747
Phase 4 Sweep | Checksum: 20be9e34c

Time (s): cpu = 00:00:08 ; elapsed = 00:00:08 . Memory (MB): peak = 3278.832 ; gain = 359.953 ; free physical = 741716 ; free virtual = 764746
Sweep | Checksum: 20be9e34c
INFO: [Opt 31-389] Phase Sweep created 1 cells and removed 0 cells

Phase 5 Remap
Phase 5 Remap | Checksum: 20be9e34c

Time (s): cpu = 00:00:08 ; elapsed = 00:00:08 . Memory (MB): peak = 3278.832 ; gain = 359.953 ; free physical = 741716 ; free virtual = 764746
Remap | Checksum: 20be9e34c
INFO: [Opt 31-389] Phase Remap created 0 cells and removed 0 cells

Phase 6 Post Processing Netlist
Phase 6 Post Processing Netlist | Checksum: 20be9e34c

Time (s): cpu = 00:00:08 ; elapsed = 00:00:08 . Memory (MB): peak = 3278.832 ; gain = 359.953 ; free physical = 741716 ; free virtual = 764746
Post Processing Netlist | Checksum: 20be9e34c
INFO: [Opt 31-389] Phase Post Processing Netlist created 0 cells and removed 0 cells

Phase 7 Finalization

Phase 7.1 Finalizing Design Cores and Updating Shapes
Phase 7.1 Finalizing Design Cores and Updating Shapes | Checksum: 21ef379f4

Time (s): cpu = 00:00:08 ; elapsed = 00:00:08 . Memory (MB): peak = 3278.832 ; gain = 359.953 ; free physical = 741717 ; free virtual = 764747

Phase 7.2 Verifying Netlist Connectivity
Phase 7.2 Verifying Netlist Connectivity | Checksum: 21ef379f4

Time (s): cpu = 00:00:08 ; elapsed = 00:00:08 . Memory (MB): peak = 3278.832 ; gain = 359.953 ; free physical = 741717 ; free virtual = 764747
Phase 7 Finalization | Checksum: 21ef379f4

Time (s): cpu = 00:00:08 ; elapsed = 00:00:08 . Memory (MB): peak = 3278.832 ; gain = 359.953 ; free physical = 741717 ; free virtual = 764747
Opt_design Change Summary
=========================


---------------------------------------------------------------------------------------------------------------------
|  Phase                    |  #Cells created  |  #Cells Removed  |  #Constrained objects preventing optimizations  |
---------------------------------------------------------------------------------------------------------------------
|  Constant propagation     |               0  |               0  |                                              0  |
|  Sweep                    |               1  |               0  |                                              0  |
|  Remap                    |               0  |               0  |                                              0  |
|  Post Processing Netlist  |               0  |               0  |                                              0  |
---------------------------------------------------------------------------------------------------------------------


Ending Logic Optimization Task | Checksum: 21ef379f4

Time (s): cpu = 00:00:08 ; elapsed = 00:00:08 . Memory (MB): peak = 3278.832 ; gain = 359.953 ; free physical = 741717 ; free virtual = 764747

Starting Netlist Obfuscation Task
Netlist sorting complete. Time (s): cpu = 00:00:00 ; elapsed = 00:00:00 . Memory (MB): peak = 3278.832 ; gain = 0.000 ; free physical = 741717 ; free virtual = 764747
Ending Netlist Obfuscation Task | Checksum: 21ef379f4

Time (s): cpu = 00:00:00 ; elapsed = 00:00:00 . Memory (MB): peak = 3278.832 ; gain = 0.000 ; free physical = 741717 ; free virtual = 764747
INFO: [Common 17-83] Releasing license: Implementation
47 Infos, 225 Warnings, 0 Critical Warnings and 0 Errors encountered.
opt_design completed successfully
opt_design: Time (s): cpu = 00:00:12 ; elapsed = 00:00:11 . Memory (MB): peak = 3278.832 ; gain = 359.953 ; free physical = 741717 ; free virtual = 764747
Command: opt_design -directive Explore
INFO: [Vivado_Tcl 4-136] Directive used for opt_design is: Explore
Attempting to get a license for feature 'Implementation' and/or device 'xc7a100t'
INFO: [Common 17-349] Got license for feature 'Implementation' and/or device 'xc7a100t'
Running DRC as a precondition to command opt_design

Starting DRC Task
INFO: [DRC 23-27] Running DRC with 8 threads
INFO: [Project 1-461] DRC finished with 0 Errors
INFO: [Project 1-462] Please refer to the DRC report (report_drc) for more information.

Time (s): cpu = 00:00:01 ; elapsed = 00:00:00.29 . Memory (MB): peak = 3299.027 ; gain = 20.195 ; free physical = 741696 ; free virtual = 764726

Starting Logic Optimization Task

Phase 1 Initialization

Phase 1.1 Core Generation And Design Setup
Phase 1.1 Core Generation And Design Setup | Checksum: 21ef379f4

Time (s): cpu = 00:00:00.01 ; elapsed = 00:00:00 . Memory (MB): peak = 3299.027 ; gain = 0.000 ; free physical = 741677 ; free virtual = 764707

Phase 1.2 Setup Constraints And Sort Netlist
Phase 1.2 Setup Constraints And Sort Netlist | Checksum: 21ef379f4

Time (s): cpu = 00:00:00.01 ; elapsed = 00:00:00 . Memory (MB): peak = 3299.027 ; gain = 0.000 ; free physical = 741677 ; free virtual = 764707
Phase 1 Initialization | Checksum: 21ef379f4

Time (s): cpu = 00:00:00.01 ; elapsed = 00:00:00 . Memory (MB): peak = 3299.027 ; gain = 0.000 ; free physical = 741676 ; free virtual = 764706

Phase 2 Timer Update And Timing Data Collection

Phase 2.1 Timer Update
INFO: [Timing 38-35] Done setting XDC timing constraints.
Phase 2.1 Timer Update | Checksum: 21ef379f4

Time (s): cpu = 00:00:00.26 ; elapsed = 00:00:00.1 . Memory (MB): peak = 3316.871 ; gain = 17.844 ; free physical = 741671 ; free virtual = 764701

Phase 2.2 Timing Data Collection
Phase 2.2 Timing Data Collection | Checksum: 21ef379f4

Time (s): cpu = 00:00:00.26 ; elapsed = 00:00:00.1 . Memory (MB): peak = 3316.871 ; gain = 17.844 ; free physical = 741665 ; free virtual = 764695
Phase 2 Timer Update And Timing Data Collection | Checksum: 21ef379f4

Time (s): cpu = 00:00:00.26 ; elapsed = 00:00:00.1 . Memory (MB): peak = 3316.871 ; gain = 17.844 ; free physical = 741665 ; free virtual = 764695

Phase 3 Retarget
INFO: [Opt 31-1851] Number of loadless carry chains removed were: 0
INFO: [Opt 31-1834] Total Chains To Be Transformed Were: 0 AND Number of Transformed insts Created are: 0
INFO: [Opt 31-138] Pushed 0 inverter(s) to 0 load pin(s).
INFO: [Opt 31-49] Retargeted 0 cell(s).
Phase 3 Retarget | Checksum: 21ef379f4

Time (s): cpu = 00:00:00.3 ; elapsed = 00:00:00.15 . Memory (MB): peak = 3316.871 ; gain = 17.844 ; free physical = 741664 ; free virtual = 764694
Retarget | Checksum: 21ef379f4
INFO: [Opt 31-389] Phase Retarget created 0 cells and removed 0 cells

Phase 4 Constant propagation
INFO: [Opt 31-138] Pushed 0 inverter(s) to 0 load pin(s).
Phase 4 Constant propagation | Checksum: 21ef379f4

Time (s): cpu = 00:00:00.32 ; elapsed = 00:00:00.17 . Memory (MB): peak = 3316.871 ; gain = 17.844 ; free physical = 741664 ; free virtual = 764694
Constant propagation | Checksum: 21ef379f4
INFO: [Opt 31-389] Phase Constant propagation created 0 cells and removed 0 cells

Phase 5 Sweep
INFO: [Constraints 18-11670] Building netlist checker database with flags, 0x8
Done building netlist checker database: Time (s): cpu = 00:00:00 ; elapsed = 00:00:00 . Memory (MB): peak = 3316.871 ; gain = 0.000 ; free physical = 741664 ; free virtual = 764694
Phase 5 Sweep | Checksum: 21ef379f4

Time (s): cpu = 00:00:00.34 ; elapsed = 00:00:00.19 . Memory (MB): peak = 3316.871 ; gain = 17.844 ; free physical = 741664 ; free virtual = 764694
Sweep | Checksum: 21ef379f4
INFO: [Opt 31-389] Phase Sweep created 0 cells and removed 0 cells

Phase 6 BUFG optimization
Phase 6 BUFG optimization | Checksum: 21ef379f4

Time (s): cpu = 00:00:00.39 ; elapsed = 00:00:00.22 . Memory (MB): peak = 3348.887 ; gain = 49.859 ; free physical = 741664 ; free virtual = 764694
BUFG optimization | Checksum: 21ef379f4
INFO: [Opt 31-662] Phase BUFG optimization created 0 cells of which 0 are BUFGs and removed 0 cells.

Phase 7 Shift Register Optimization
INFO: [Opt 31-1064] SRL Remap converted 0 SRLs to 0 registers and converted 0 registers of register chains to 0 SRLs
Phase 7 Shift Register Optimization | Checksum: 21ef379f4

Time (s): cpu = 00:00:00.39 ; elapsed = 00:00:00.22 . Memory (MB): peak = 3348.887 ; gain = 49.859 ; free physical = 741664 ; free virtual = 764694
Shift Register Optimization | Checksum: 21ef379f4
INFO: [Opt 31-389] Phase Shift Register Optimization created 0 cells and removed 0 cells
INFO: [Opt 31-1555] control_set_opt supports Versal devices only, and device 7a100t is unsupported

Phase 8 Post Processing Netlist
Phase 8 Post Processing Netlist | Checksum: 21ef379f4

Time (s): cpu = 00:00:00.4 ; elapsed = 00:00:00.23 . Memory (MB): peak = 3348.887 ; gain = 49.859 ; free physical = 741664 ; free virtual = 764694
Post Processing Netlist | Checksum: 21ef379f4
INFO: [Opt 31-389] Phase Post Processing Netlist created 0 cells and removed 0 cells

Phase 9 Finalization

Phase 9.1 Finalizing Design Cores and Updating Shapes
Phase 9.1 Finalizing Design Cores and Updating Shapes | Checksum: 21ef379f4

Time (s): cpu = 00:00:00.4 ; elapsed = 00:00:00.23 . Memory (MB): peak = 3348.887 ; gain = 49.859 ; free physical = 741664 ; free virtual = 764694

Phase 9.2 Verifying Netlist Connectivity

Starting Connectivity Check Task

Time (s): cpu = 00:00:00.01 ; elapsed = 00:00:00.01 . Memory (MB): peak = 3348.887 ; gain = 0.000 ; free physical = 741664 ; free virtual = 764694
Phase 9.2 Verifying Netlist Connectivity | Checksum: 21ef379f4

Time (s): cpu = 00:00:00.41 ; elapsed = 00:00:00.24 . Memory (MB): peak = 3348.887 ; gain = 49.859 ; free physical = 741664 ; free virtual = 764694
Phase 9 Finalization | Checksum: 21ef379f4

Time (s): cpu = 00:00:00.41 ; elapsed = 00:00:00.24 . Memory (MB): peak = 3348.887 ; gain = 49.859 ; free physical = 741664 ; free virtual = 764694
Opt_design Change Summary
=========================


-------------------------------------------------------------------------------------------------------------------------
|  Phase                        |  #Cells created  |  #Cells Removed  |  #Constrained objects preventing optimizations  |
-------------------------------------------------------------------------------------------------------------------------
|  Retarget                     |               0  |               0  |                                              0  |
|  Constant propagation         |               0  |               0  |                                              0  |
|  Sweep                        |               0  |               0  |                                              0  |
|  BUFG optimization            |               0  |               0  |                                              0  |
|  Shift Register Optimization  |               0  |               0  |                                              0  |
|  Post Processing Netlist      |               0  |               0  |                                              0  |
-------------------------------------------------------------------------------------------------------------------------


Ending Logic Optimization Task | Checksum: 21ef379f4

Time (s): cpu = 00:00:00.41 ; elapsed = 00:00:00.24 . Memory (MB): peak = 3348.887 ; gain = 49.859 ; free physical = 741664 ; free virtual = 764694

Starting Netlist Obfuscation Task
Netlist sorting complete. Time (s): cpu = 00:00:00 ; elapsed = 00:00:00 . Memory (MB): peak = 3348.887 ; gain = 0.000 ; free physical = 741664 ; free virtual = 764694
Ending Netlist Obfuscation Task | Checksum: 21ef379f4

Time (s): cpu = 00:00:00 ; elapsed = 00:00:00 . Memory (MB): peak = 3348.887 ; gain = 0.000 ; free physical = 741664 ; free virtual = 764694
INFO: [Common 17-83] Releasing license: Implementation
68 Infos, 225 Warnings, 0 Critical Warnings and 0 Errors encountered.
opt_design completed successfully
Command: place_design -directive Explore
Attempting to get a license for feature 'Implementation' and/or device 'xc7a100t'
INFO: [Common 17-349] Got license for feature 'Implementation' and/or device 'xc7a100t'
INFO: [Common 17-83] Releasing license: Implementation
INFO: [DRC 23-27] Running DRC with 8 threads
INFO: [Vivado_Tcl 4-198] DRC finished with 0 Errors
INFO: [Vivado_Tcl 4-199] Please refer to the DRC report (report_drc) for more information.
INFO: [Vivado_Tcl 4-2302] The placer was invoked with the 'Explore' directive.
Running DRC as a precondition to command place_design
INFO: [DRC 23-27] Running DRC with 8 threads
INFO: [Vivado_Tcl 4-198] DRC finished with 0 Errors
INFO: [Vivado_Tcl 4-199] Please refer to the DRC report (report_drc) for more information.
INFO: [Place 30-611] Multithreading enabled for place_design using a maximum of 8 CPUs

Starting Placer Task

Phase 1 Placer Initialization

Phase 1.1 Placer Initialization Netlist Sorting
Netlist sorting complete. Time (s): cpu = 00:00:00 ; elapsed = 00:00:00 . Memory (MB): peak = 3354.824 ; gain = 0.000 ; free physical = 741656 ; free virtual = 764686
Phase 1.1 Placer Initialization Netlist Sorting | Checksum: 12f56d9de

Time (s): cpu = 00:00:00.01 ; elapsed = 00:00:00 . Memory (MB): peak = 3354.824 ; gain = 0.000 ; free physical = 741656 ; free virtual = 764686
Netlist sorting complete. Time (s): cpu = 00:00:00 ; elapsed = 00:00:00 . Memory (MB): peak = 3354.824 ; gain = 0.000 ; free physical = 741656 ; free virtual = 764686

Phase 1.2 IO Placement/ Clock Placement/ Build Placer Device
INFO: [Timing 38-35] Done setting XDC timing constraints.
Phase 1.2 IO Placement/ Clock Placement/ Build Placer Device | Checksum: 11e22a109

Time (s): cpu = 00:00:00.7 ; elapsed = 00:00:00.29 . Memory (MB): peak = 3354.824 ; gain = 0.000 ; free physical = 741656 ; free virtual = 764686

Phase 1.3 Build Placer Netlist Model
Phase 1.3 Build Placer Netlist Model | Checksum: 124ea0a04

Time (s): cpu = 00:00:02 ; elapsed = 00:00:00.72 . Memory (MB): peak = 3393.867 ; gain = 39.043 ; free physical = 741656 ; free virtual = 764686

Phase 1.4 Constrain Clocks/Macros
Phase 1.4 Constrain Clocks/Macros | Checksum: 124ea0a04

Time (s): cpu = 00:00:02 ; elapsed = 00:00:00.73 . Memory (MB): peak = 3393.867 ; gain = 39.043 ; free physical = 741656 ; free virtual = 764686
Phase 1 Placer Initialization | Checksum: 124ea0a04

Time (s): cpu = 00:00:02 ; elapsed = 00:00:00.74 . Memory (MB): peak = 3393.867 ; gain = 39.043 ; free physical = 741656 ; free virtual = 764686

Phase 2 Global Placement

Phase 2.1 Floorplanning
Phase 2.1 Floorplanning | Checksum: 12966bb0f

Time (s): cpu = 00:00:02 ; elapsed = 00:00:00.88 . Memory (MB): peak = 3393.867 ; gain = 39.043 ; free physical = 741638 ; free virtual = 764668

Phase 2.2 Update Timing before SLR Path Opt
Phase 2.2 Update Timing before SLR Path Opt | Checksum: 143b9a883

Time (s): cpu = 00:00:02 ; elapsed = 00:00:00.98 . Memory (MB): peak = 3393.867 ; gain = 39.043 ; free physical = 741650 ; free virtual = 764680

Phase 2.3 Post-Processing in Floorplanning
Phase 2.3 Post-Processing in Floorplanning | Checksum: 143b9a883

Time (s): cpu = 00:00:02 ; elapsed = 00:00:00.98 . Memory (MB): peak = 3393.867 ; gain = 39.043 ; free physical = 741650 ; free virtual = 764680

Phase 2.4 Global Place Phase1
Phase 2.4 Global Place Phase1 | Checksum: 1d68ec5cf

Time (s): cpu = 00:00:07 ; elapsed = 00:00:02 . Memory (MB): peak = 3393.867 ; gain = 39.043 ; free physical = 741649 ; free virtual = 764679

Phase 2.5 Global Place Phase2

Phase 2.5.1 UpdateTiming Before Physical Synthesis
Phase 2.5.1 UpdateTiming Before Physical Synthesis | Checksum: 1d68ec5cf

Time (s): cpu = 00:00:07 ; elapsed = 00:00:03 . Memory (MB): peak = 3393.867 ; gain = 39.043 ; free physical = 741649 ; free virtual = 764679

Phase 2.5.2 Physical Synthesis In Placer
INFO: [Physopt 32-1035] Found 0 LUTNM shape to break, 84 LUT instances to create LUTNM shape
INFO: [Physopt 32-1044] Break lutnm for timing: one critical 0, two critical 0, total 0, new lutff created 0
INFO: [Physopt 32-1138] End 1 Pass. Optimized 35 nets or LUTs. Breaked 0 LUT, combined 35 existing LUTs and moved 0 existing LUT
INFO: [Physopt 32-65] No nets found for high-fanout optimization.
INFO: [Physopt 32-232] Optimized 0 net. Created 0 new instance.
INFO: [Physopt 32-775] End 1 Pass. Optimized 0 net or cell. Created 0 new cell, deleted 0 existing cell and moved 0 existing cell
INFO: [Physopt 32-670] No setup violation found.  DSP Register Optimization was not performed.
INFO: [Physopt 32-670] No setup violation found.  Shift Register to Pipeline Optimization was not performed.
INFO: [Physopt 32-670] No setup violation found.  Shift Register Optimization was not performed.
INFO: [Physopt 32-670] No setup violation found.  BRAM Register Optimization was not performed.
INFO: [Physopt 32-670] No setup violation found.  URAM Register Optimization was not performed.
INFO: [Physopt 32-949] No candidate nets found for dynamic/static region interface net replication
INFO: [Physopt 32-775] End 1 Pass. Optimized 0 net or cell. Created 0 new cell, deleted 0 existing cell and moved 0 existing cell
Netlist sorting complete. Time (s): cpu = 00:00:00 ; elapsed = 00:00:00 . Memory (MB): peak = 3393.867 ; gain = 0.000 ; free physical = 741650 ; free virtual = 764680

Summary of Physical Synthesis Optimizations
============================================


-----------------------------------------------------------------------------------------------------------------------------------------------------------
|  Optimization                                     |  Added Cells  |  Removed Cells  |  Optimized Cells/Nets  |  Dont Touch  |  Iterations  |  Elapsed   |
-----------------------------------------------------------------------------------------------------------------------------------------------------------
|  LUT Combining                                    |            0  |             35  |                    35  |           0  |           1  |  00:00:00  |
|  Retime                                           |            0  |              0  |                     0  |           0  |           1  |  00:00:00  |
|  Very High Fanout                                 |            0  |              0  |                     0  |           0  |           1  |  00:00:00  |
|  DSP Register                                     |            0  |              0  |                     0  |           0  |           0  |  00:00:00  |
|  Shift Register to Pipeline                       |            0  |              0  |                     0  |           0  |           0  |  00:00:00  |
|  Shift Register                                   |            0  |              0  |                     0  |           0  |           0  |  00:00:00  |
|  BRAM Register                                    |            0  |              0  |                     0  |           0  |           0  |  00:00:00  |
|  URAM Register                                    |            0  |              0  |                     0  |           0  |           0  |  00:00:00  |
|  Dynamic/Static Region Interface Net Replication  |            0  |              0  |                     0  |           0  |           1  |  00:00:00  |
|  Total                                            |            0  |             35  |                    35  |           0  |           4  |  00:00:00  |
-----------------------------------------------------------------------------------------------------------------------------------------------------------


Phase 2.5.2 Physical Synthesis In Placer | Checksum: 1c970c416

Time (s): cpu = 00:00:08 ; elapsed = 00:00:03 . Memory (MB): peak = 3393.867 ; gain = 39.043 ; free physical = 741650 ; free virtual = 764680
Phase 2.5 Global Place Phase2 | Checksum: 20feb08ed

Time (s): cpu = 00:00:08 ; elapsed = 00:00:03 . Memory (MB): peak = 3393.867 ; gain = 39.043 ; free physical = 741650 ; free virtual = 764680
Phase 2 Global Placement | Checksum: 20feb08ed

Time (s): cpu = 00:00:08 ; elapsed = 00:00:03 . Memory (MB): peak = 3393.867 ; gain = 39.043 ; free physical = 741650 ; free virtual = 764680

Phase 3 Detail Placement

Phase 3.1 Commit Multi Column Macros
Phase 3.1 Commit Multi Column Macros | Checksum: 235a3ce1a

Time (s): cpu = 00:00:09 ; elapsed = 00:00:03 . Memory (MB): peak = 3393.867 ; gain = 39.043 ; free physical = 741649 ; free virtual = 764680

Phase 3.2 Commit Most Macros & LUTRAMs
Phase 3.2 Commit Most Macros & LUTRAMs | Checksum: 2a669992b

Time (s): cpu = 00:00:09 ; elapsed = 00:00:04 . Memory (MB): peak = 3393.867 ; gain = 39.043 ; free physical = 741650 ; free virtual = 764680

Phase 3.3 Area Swap Optimization
Phase 3.3 Area Swap Optimization | Checksum: 22ac32e9a

Time (s): cpu = 00:00:09 ; elapsed = 00:00:04 . Memory (MB): peak = 3393.867 ; gain = 39.043 ; free physical = 741650 ; free virtual = 764680

Phase 3.4 Pipeline Register Optimization
Phase 3.4 Pipeline Register Optimization | Checksum: 2534651e1

Time (s): cpu = 00:00:09 ; elapsed = 00:00:04 . Memory (MB): peak = 3393.867 ; gain = 39.043 ; free physical = 741650 ; free virtual = 764680

Phase 3.5 Small Shape Detail Placement
Phase 3.5 Small Shape Detail Placement | Checksum: 1b5c29402

Time (s): cpu = 00:00:10 ; elapsed = 00:00:04 . Memory (MB): peak = 3393.867 ; gain = 39.043 ; free physical = 741650 ; free virtual = 764680

Phase 3.6 Re-assign LUT pins
Phase 3.6 Re-assign LUT pins | Checksum: 27042f89d

Time (s): cpu = 00:00:10 ; elapsed = 00:00:04 . Memory (MB): peak = 3393.867 ; gain = 39.043 ; free physical = 741650 ; free virtual = 764680

Phase 3.7 Pipeline Register Optimization
Phase 3.7 Pipeline Register Optimization | Checksum: 228c65b56

Time (s): cpu = 00:00:10 ; elapsed = 00:00:04 . Memory (MB): peak = 3393.867 ; gain = 39.043 ; free physical = 741650 ; free virtual = 764680
Phase 3 Detail Placement | Checksum: 228c65b56

Time (s): cpu = 00:00:10 ; elapsed = 00:00:04 . Memory (MB): peak = 3393.867 ; gain = 39.043 ; free physical = 741650 ; free virtual = 764680

Phase 4 Post Placement Optimization and Clean-Up

Phase 4.1 Post Commit Optimization
INFO: [Timing 38-35] Done setting XDC timing constraints.

Phase 4.1.1 Post Placement Optimization
Post Placement Optimization Initialization | Checksum: 20d0aff6f

Phase 4.1.1.1 BUFG Insertion

Starting Physical Synthesis Task

Phase 1 Physical Synthesis Initialization
INFO: [Physopt 32-721] Multithreading enabled for phys_opt_design using a maximum of 8 CPUs
INFO: [Physopt 32-619] Estimated Timing Summary | WNS=11.163 | TNS=0.000 |
Phase 1 Physical Synthesis Initialization | Checksum: 18165c772

Time (s): cpu = 00:00:00.19 ; elapsed = 00:00:00.07 . Memory (MB): peak = 3393.867 ; gain = 0.000 ; free physical = 741649 ; free virtual = 764679
INFO: [Place 46-56] BUFG insertion identified 0 candidate nets. Inserted BUFG: 0, Replicated BUFG Driver: 0, Skipped due to Placement/Routing Conflicts: 0, Skipped due to Timing Degradation: 0, Skipped due to netlist editing failed: 0.
Ending Physical Synthesis Task | Checksum: 277f85bfa

Time (s): cpu = 00:00:00.21 ; elapsed = 00:00:00.08 . Memory (MB): peak = 3393.867 ; gain = 0.000 ; free physical = 741649 ; free virtual = 764679
Phase 4.1.1.1 BUFG Insertion | Checksum: 20d0aff6f

Time (s): cpu = 00:00:11 ; elapsed = 00:00:05 . Memory (MB): peak = 3393.867 ; gain = 39.043 ; free physical = 741649 ; free virtual = 764679

Phase 4.1.1.2 Post Placement Timing Optimization
INFO: [Place 30-746] Post Placement Timing Summary WNS=11.163. For the most accurate timing information please run report_timing.
Phase 4.1.1.2 Post Placement Timing Optimization | Checksum: 1ed174b1b

Time (s): cpu = 00:00:11 ; elapsed = 00:00:05 . Memory (MB): peak = 3393.867 ; gain = 39.043 ; free physical = 741649 ; free virtual = 764679

Time (s): cpu = 00:00:11 ; elapsed = 00:00:05 . Memory (MB): peak = 3393.867 ; gain = 39.043 ; free physical = 741649 ; free virtual = 764679
Phase 4.1 Post Commit Optimization | Checksum: 1ed174b1b

Time (s): cpu = 00:00:12 ; elapsed = 00:00:05 . Memory (MB): peak = 3393.867 ; gain = 39.043 ; free physical = 741649 ; free virtual = 764679

Phase 4.2 Post Placement Cleanup
Phase 4.2 Post Placement Cleanup | Checksum: 1ed174b1b

Time (s): cpu = 00:00:12 ; elapsed = 00:00:05 . Memory (MB): peak = 3393.867 ; gain = 39.043 ; free physical = 741649 ; free virtual = 764679

Phase 4.3 Placer Reporting

Phase 4.3.1 Print Estimated Congestion
INFO: [Place 30-612] Post-Placement Estimated Congestion 
 ____________________________________________________
|           | Global Congestion | Short Congestion  |
| Direction | Region Size       | Region Size       |
|___________|___________________|___________________|
|      North|                1x1|                1x1|
|___________|___________________|___________________|
|      South|                1x1|                4x4|
|___________|___________________|___________________|
|       East|                1x1|                1x1|
|___________|___________________|___________________|
|       West|                1x1|                1x1|
|___________|___________________|___________________|

Phase 4.3.1 Print Estimated Congestion | Checksum: 1ed174b1b

Time (s): cpu = 00:00:12 ; elapsed = 00:00:05 . Memory (MB): peak = 3393.867 ; gain = 39.043 ; free physical = 741649 ; free virtual = 764679
Phase 4.3 Placer Reporting | Checksum: 1ed174b1b

Time (s): cpu = 00:00:12 ; elapsed = 00:00:05 . Memory (MB): peak = 3393.867 ; gain = 39.043 ; free physical = 741649 ; free virtual = 764679

Phase 4.4 Final Placement Cleanup
Netlist sorting complete. Time (s): cpu = 00:00:00 ; elapsed = 00:00:00 . Memory (MB): peak = 3393.867 ; gain = 0.000 ; free physical = 741649 ; free virtual = 764679

Time (s): cpu = 00:00:12 ; elapsed = 00:00:05 . Memory (MB): peak = 3393.867 ; gain = 39.043 ; free physical = 741649 ; free virtual = 764679
Phase 4 Post Placement Optimization and Clean-Up | Checksum: 1fb7d65b3

Time (s): cpu = 00:00:12 ; elapsed = 00:00:05 . Memory (MB): peak = 3393.867 ; gain = 39.043 ; free physical = 741649 ; free virtual = 764679
Ending Placer Task | Checksum: 196c1d67c

Time (s): cpu = 00:00:12 ; elapsed = 00:00:05 . Memory (MB): peak = 3393.867 ; gain = 39.043 ; free physical = 741649 ; free virtual = 764679
98 Infos, 225 Warnings, 0 Critical Warnings and 0 Errors encountered.
place_design completed successfully
place_design: Time (s): cpu = 00:00:15 ; elapsed = 00:00:06 . Memory (MB): peak = 3393.867 ; gain = 44.980 ; free physical = 741649 ; free virtual = 764679
Command: phys_opt_design -retime -rewire -critical_pin_opt -placement_opt -critical_cell_opt
Attempting to get a license for feature 'Implementation' and/or device 'xc7a100t'
INFO: [Common 17-349] Got license for feature 'Implementation' and/or device 'xc7a100t'
WARNING: [Vivado_Tcl 4-1892] The option '-rewire' has been deprecated and will become unsupported in a future release. Please remove the option from the scripts and use '-restruct_opt' option instead.

Starting Initial Update Timing Task

Time (s): cpu = 00:00:00.69 ; elapsed = 00:00:00.19 . Memory (MB): peak = 3393.867 ; gain = 0.000 ; free physical = 741649 ; free virtual = 764679
INFO: [Vivado_Tcl 4-2279] Estimated Timing Summary | WNS= 11.163 | TNS= 0.000 | 
INFO: [Vivado_Tcl 4-383] Design worst setup slack (WNS) is greater than or equal to 0.250 ns. All physical synthesis setup optimizations will be skipped.
INFO: [Vivado_Tcl 4-232] No setup violation found. The netlist was not modified.
INFO: [Common 17-83] Releasing license: Implementation
103 Infos, 226 Warnings, 0 Critical Warnings and 0 Errors encountered.
phys_opt_design completed successfully
Command: route_design -directive AggressiveExplore
Attempting to get a license for feature 'Implementation' and/or device 'xc7a100t'
INFO: [Common 17-349] Got license for feature 'Implementation' and/or device 'xc7a100t'


Starting Routing Task
INFO: [Route 35-270] Using Router directive 'AggressiveExplore'.
INFO: [Route 35-254] Multithreading enabled for route_design using a maximum of 8 CPUs

Phase 1 Build RT Design
Checksum: PlaceDB: c96f787d ConstDB: 0 ShapeSum: 1b7ffe69 RouteDB: b1d25f96
Post Restoration Checksum: NetGraph: f4319039 | NumContArr: 18f27cf8 | Constraints: c2a8fa9d | Timing: c2a8fa9d
Phase 1 Build RT Design | Checksum: 29276026b

Time (s): cpu = 00:00:32 ; elapsed = 00:00:27 . Memory (MB): peak = 3393.867 ; gain = 0.000 ; free physical = 741647 ; free virtual = 764677

Phase 2 Router Initialization

Phase 2.1 Fix Topology Constraints
Phase 2.1 Fix Topology Constraints | Checksum: 29276026b

Time (s): cpu = 00:00:32 ; elapsed = 00:00:27 . Memory (MB): peak = 3393.867 ; gain = 0.000 ; free physical = 741647 ; free virtual = 764677

Phase 2.2 Pre Route Cleanup
Phase 2.2 Pre Route Cleanup | Checksum: 29276026b

Time (s): cpu = 00:00:32 ; elapsed = 00:00:27 . Memory (MB): peak = 3393.867 ; gain = 0.000 ; free physical = 741647 ; free virtual = 764677
 Number of Nodes with overlaps = 0

Phase 2.3 Update Timing
Phase 2.3 Update Timing | Checksum: 1cd94b45f

Time (s): cpu = 00:00:34 ; elapsed = 00:00:27 . Memory (MB): peak = 3393.867 ; gain = 0.000 ; free physical = 741648 ; free virtual = 764678
INFO: [Route 35-416] Intermediate Timing Summary | WNS=11.354 | TNS=0.000  | WHS=-0.147 | THS=-27.676|


Router Utilization Summary
  Global Vertical Routing Utilization    = 0 %
  Global Horizontal Routing Utilization  = 0 %
  Routable Net Status*
  *Does not include unroutable nets such as driverless and loadless.
  Run report_route_status for detailed report.
  Number of Failed Nets               = 2267
    (Failed Nets is the sum of unrouted and partially routed nets)
  Number of Unrouted Nets             = 2267
  Number of Partially Routed Nets     = 0
  Number of Node Overlaps             = 0

Phase 2 Router Initialization | Checksum: 1989968fc

Time (s): cpu = 00:00:34 ; elapsed = 00:00:27 . Memory (MB): peak = 3393.867 ; gain = 0.000 ; free physical = 741646 ; free virtual = 764676

Phase 3 Global Routing
Phase 3 Global Routing | Checksum: 1989968fc

Time (s): cpu = 00:00:34 ; elapsed = 00:00:27 . Memory (MB): peak = 3393.867 ; gain = 0.000 ; free physical = 741646 ; free virtual = 764676

Phase 4 Initial Routing

Phase 4.1 Initial Net Routing Pass
Phase 4.1 Initial Net Routing Pass | Checksum: 333a42a35

Time (s): cpu = 00:00:35 ; elapsed = 00:00:28 . Memory (MB): peak = 3393.867 ; gain = 0.000 ; free physical = 741646 ; free virtual = 764676
Phase 4 Initial Routing | Checksum: 333a42a35

Time (s): cpu = 00:00:35 ; elapsed = 00:00:28 . Memory (MB): peak = 3393.867 ; gain = 0.000 ; free physical = 741646 ; free virtual = 764676

Phase 5 Rip-up And Reroute

Phase 5.1 Global Iteration 0
 Number of Nodes with overlaps = 172
 Number of Nodes with overlaps = 1
 Number of Nodes with overlaps = 0
INFO: [Route 35-416] Intermediate Timing Summary | WNS=9.682  | TNS=0.000  | WHS=N/A    | THS=N/A    |

Phase 5.1 Global Iteration 0 | Checksum: 270d0d9a5

Time (s): cpu = 00:00:37 ; elapsed = 00:00:28 . Memory (MB): peak = 3393.867 ; gain = 0.000 ; free physical = 741646 ; free virtual = 764676

Phase 5.2 Global Iteration 1
 Number of Nodes with overlaps = 0
INFO: [Route 35-416] Intermediate Timing Summary | WNS=9.682  | TNS=0.000  | WHS=N/A    | THS=N/A    |

Phase 5.2 Global Iteration 1 | Checksum: 2633afb4e

Time (s): cpu = 00:00:37 ; elapsed = 00:00:28 . Memory (MB): peak = 3393.867 ; gain = 0.000 ; free physical = 741646 ; free virtual = 764676
Phase 5 Rip-up And Reroute | Checksum: 2633afb4e

Time (s): cpu = 00:00:37 ; elapsed = 00:00:28 . Memory (MB): peak = 3393.867 ; gain = 0.000 ; free physical = 741646 ; free virtual = 764676

Phase 6 Delay and Skew Optimization

Phase 6.1 Delay CleanUp
Phase 6.1 Delay CleanUp | Checksum: 2633afb4e

Time (s): cpu = 00:00:37 ; elapsed = 00:00:28 . Memory (MB): peak = 3393.867 ; gain = 0.000 ; free physical = 741646 ; free virtual = 764676

Phase 6.2 Clock Skew Optimization
Phase 6.2 Clock Skew Optimization | Checksum: 2633afb4e

Time (s): cpu = 00:00:37 ; elapsed = 00:00:28 . Memory (MB): peak = 3393.867 ; gain = 0.000 ; free physical = 741646 ; free virtual = 764676
Phase 6 Delay and Skew Optimization | Checksum: 2633afb4e

Time (s): cpu = 00:00:37 ; elapsed = 00:00:28 . Memory (MB): peak = 3393.867 ; gain = 0.000 ; free physical = 741646 ; free virtual = 764676

Phase 7 Post Hold Fix

Phase 7.1 Hold Fix Iter
INFO: [Route 35-416] Intermediate Timing Summary | WNS=9.769  | TNS=0.000  | WHS=0.117  | THS=0.000  |

Phase 7.1 Hold Fix Iter | Checksum: 26947b25f

Time (s): cpu = 00:00:37 ; elapsed = 00:00:28 . Memory (MB): peak = 3393.867 ; gain = 0.000 ; free physical = 741646 ; free virtual = 764676
Phase 7 Post Hold Fix | Checksum: 26947b25f

Time (s): cpu = 00:00:37 ; elapsed = 00:00:28 . Memory (MB): peak = 3393.867 ; gain = 0.000 ; free physical = 741646 ; free virtual = 764676

Phase 8 Route finalize

Router Utilization Summary
  Global Vertical Routing Utilization    = 0.35331 %
  Global Horizontal Routing Utilization  = 0.583191 %
  Routable Net Status*
  *Does not include unroutable nets such as driverless and loadless.
  Run report_route_status for detailed report.
  Number of Failed Nets               = 0
    (Failed Nets is the sum of unrouted and partially routed nets)
  Number of Unrouted Nets             = 0
  Number of Partially Routed Nets     = 0
  Number of Node Overlaps             = 0

Phase 8 Route finalize | Checksum: 26947b25f

Time (s): cpu = 00:00:37 ; elapsed = 00:00:28 . Memory (MB): peak = 3393.867 ; gain = 0.000 ; free physical = 741646 ; free virtual = 764676

Phase 9 Verifying routed nets

 Verification completed successfully
Phase 9 Verifying routed nets | Checksum: 26947b25f

Time (s): cpu = 00:00:37 ; elapsed = 00:00:28 . Memory (MB): peak = 3393.867 ; gain = 0.000 ; free physical = 741644 ; free virtual = 764674

Phase 10 Depositing Routes
Phase 10 Depositing Routes | Checksum: 285fc5fda

Time (s): cpu = 00:00:38 ; elapsed = 00:00:29 . Memory (MB): peak = 3393.867 ; gain = 0.000 ; free physical = 741644 ; free virtual = 764674
INFO: [Route 72-16] Aggressive Explore Summary
+======+=======+=====+=======+=====+========+==============+===================+
| Pass |  WNS  | TNS |  WHS  | THS | Status | Elapsed Time | Solution Selected |
+======+=======+=====+=======+=====+========+==============+===================+
|  1   | 9.769 |  -  | 0.117 |  -  |  Pass  |   00:00:01   |         x         |
|  2   |   -   |  -  |   -   |  -  |  Skip  |   00:00:00   |                   |
+------+-------+-----+-------+-----+--------+--------------+-------------------+


Phase 11 Post Process Routing
Phase 11 Post Process Routing | Checksum: 285fc5fda

Time (s): cpu = 00:00:38 ; elapsed = 00:00:29 . Memory (MB): peak = 3393.867 ; gain = 0.000 ; free physical = 741644 ; free virtual = 764674

Phase 12 Post Router Timing
INFO: [Route 35-20] Post Routing Timing Summary | WNS=9.771  | TNS=0.000  | WHS=0.118  | THS=0.000  |

Phase 12 Post Router Timing | Checksum: 2844182ab

Time (s): cpu = 00:00:39 ; elapsed = 00:00:29 . Memory (MB): peak = 3393.867 ; gain = 0.000 ; free physical = 741644 ; free virtual = 764674
INFO: [Route 35-61] The design met the timing requirement.
Total Elapsed time in route_design: 28.97 secs

Phase 13 Post-Route Event Processing
Phase 13 Post-Route Event Processing | Checksum: bf80d020

Time (s): cpu = 00:00:39 ; elapsed = 00:00:29 . Memory (MB): peak = 3393.867 ; gain = 0.000 ; free physical = 741644 ; free virtual = 764674
INFO: [Route 35-16] Router Completed Successfully
Ending Routing Task | Checksum: bf80d020

Time (s): cpu = 00:00:39 ; elapsed = 00:00:29 . Memory (MB): peak = 3393.867 ; gain = 0.000 ; free physical = 741644 ; free virtual = 764674

Routing Is Done.
INFO: [Common 17-83] Releasing license: Implementation
115 Infos, 226 Warnings, 0 Critical Warnings and 0 Errors encountered.
route_design completed successfully
route_design: Time (s): cpu = 00:00:39 ; elapsed = 00:00:29 . Memory (MB): peak = 3393.867 ; gain = 0.000 ; free physical = 741644 ; free virtual = 764674
<grey>[synth_script.tcl]<end> <cyan>report_route_status:<end>
Design Route Status
                                               :      # nets :
   ------------------------------------------- : ----------- :
   # of logical nets.......................... :        3349 :
       # of nets not needing routing.......... :        1078 :
           # of internally routed nets........ :        1054 :
           # of nets with no loads............ :          24 :
       # of routable nets..................... :        2271 :
           # of fully routed nets............. :        2271 :
       # of nets with routing errors.......... :           0 :
   ------------------------------------------- : ----------- :

Command: place_design -post_place_opt
Attempting to get a license for feature 'Implementation' and/or device 'xc7a100t'
INFO: [Common 17-349] Got license for feature 'Implementation' and/or device 'xc7a100t'
INFO: [Common 17-83] Releasing license: Implementation
Running DRC as a precondition to command place_design
INFO: [DRC 23-27] Running DRC with 8 threads
INFO: [Vivado_Tcl 4-198] DRC finished with 0 Errors
INFO: [Vivado_Tcl 4-199] Please refer to the DRC report (report_drc) for more information.
INFO: [Place 30-611] Multithreading enabled for place_design using a maximum of 8 CPUs

Starting Placer Task

Phase 1 Placer Initialization

Phase 1.1 Placer Initialization Netlist Sorting
Netlist sorting complete. Time (s): cpu = 00:00:00 ; elapsed = 00:00:00 . Memory (MB): peak = 3393.867 ; gain = 0.000 ; free physical = 741644 ; free virtual = 764674
Phase 1.1 Placer Initialization Netlist Sorting | Checksum: bf80d020

Time (s): cpu = 00:00:00.03 ; elapsed = 00:00:00.01 . Memory (MB): peak = 3393.867 ; gain = 0.000 ; free physical = 741644 ; free virtual = 764674

Phase 1.2 Placer Initialization PCO Part 1

Phase 1.2.1 Build Super Logic Region (SLR) Database
Phase 1.2.1 Build Super Logic Region (SLR) Database | Checksum: bf80d020

Time (s): cpu = 00:00:00.07 ; elapsed = 00:00:00.04 . Memory (MB): peak = 3393.867 ; gain = 0.000 ; free physical = 741644 ; free virtual = 764674

Phase 1.2.2 Add Constraints
Phase 1.2.2 Add Constraints | Checksum: bf80d020

Time (s): cpu = 00:00:00.09 ; elapsed = 00:00:00.04 . Memory (MB): peak = 3393.867 ; gain = 0.000 ; free physical = 741644 ; free virtual = 764674

Phase 1.2.3 Add Constraints

Phase 1.2.3.1 Build CellView Core
Phase 1.2.3.1 Build CellView Core | Checksum: bf80d020

Time (s): cpu = 00:00:00.11 ; elapsed = 00:00:00.05 . Memory (MB): peak = 3393.867 ; gain = 0.000 ; free physical = 741644 ; free virtual = 764674

Phase 1.2.3.2 Add User PBlocks
Phase 1.2.3.2 Add User PBlocks | Checksum: bf80d020

Time (s): cpu = 00:00:00.12 ; elapsed = 00:00:00.05 . Memory (MB): peak = 3393.867 ; gain = 0.000 ; free physical = 741644 ; free virtual = 764674

Phase 1.2.3.3 Apply User PBlocks
Phase 1.2.3.3 Apply User PBlocks | Checksum: bf80d020

Time (s): cpu = 00:00:00.14 ; elapsed = 00:00:00.06 . Memory (MB): peak = 3393.867 ; gain = 0.000 ; free physical = 741644 ; free virtual = 764674

Phase 1.2.3.4 Add terminal Constraints
Phase 1.2.3.4 Add terminal Constraints | Checksum: bf80d020

Time (s): cpu = 00:00:00.16 ; elapsed = 00:00:00.06 . Memory (MB): peak = 3393.867 ; gain = 0.000 ; free physical = 741644 ; free virtual = 764674
Phase 1.2.3 Add Constraints | Checksum: bf80d020

Time (s): cpu = 00:00:00.17 ; elapsed = 00:00:00.06 . Memory (MB): peak = 3393.867 ; gain = 0.000 ; free physical = 741644 ; free virtual = 764674

Phase 1.2.4 Implementation Feasibility check
Phase 1.2.4 Implementation Feasibility check | Checksum: 100bac9c9

Time (s): cpu = 00:00:00.42 ; elapsed = 00:00:00.2 . Memory (MB): peak = 3393.867 ; gain = 0.000 ; free physical = 741643 ; free virtual = 764674
Phase 1.2 Placer Initialization PCO Part 1 | Checksum: 100bac9c9

Time (s): cpu = 00:00:00.44 ; elapsed = 00:00:00.21 . Memory (MB): peak = 3393.867 ; gain = 0.000 ; free physical = 741643 ; free virtual = 764674

Phase 1.3 Placer Initialization PCO Part 2

Phase 1.3.1 Build Placer Netlist Model
Phase 1.3.1 Build Placer Netlist Model | Checksum: 1820aeebd

Time (s): cpu = 00:00:01 ; elapsed = 00:00:00.6 . Memory (MB): peak = 3393.867 ; gain = 0.000 ; free physical = 741644 ; free virtual = 764674

Phase 1.3.2 Constrain Clocks/Macros
Phase 1.3.2 Constrain Clocks/Macros | Checksum: 1820aeebd

Time (s): cpu = 00:00:01 ; elapsed = 00:00:00.62 . Memory (MB): peak = 3393.867 ; gain = 0.000 ; free physical = 741644 ; free virtual = 764674
Phase 1.3 Placer Initialization PCO Part 2 | Checksum: 1820aeebd

Time (s): cpu = 00:00:01 ; elapsed = 00:00:00.62 . Memory (MB): peak = 3393.867 ; gain = 0.000 ; free physical = 741644 ; free virtual = 764674
Phase 1 Placer Initialization | Checksum: 1820aeebd

Time (s): cpu = 00:00:01 ; elapsed = 00:00:00.63 . Memory (MB): peak = 3393.867 ; gain = 0.000 ; free physical = 741644 ; free virtual = 764674

Phase 2 Detail Placement

Phase 2.1 Commit Multi Column Macros
Phase 2.1 Commit Multi Column Macros | Checksum: 1820aeebd

Time (s): cpu = 00:00:02 ; elapsed = 00:00:00.65 . Memory (MB): peak = 3393.867 ; gain = 0.000 ; free physical = 741644 ; free virtual = 764674
Phase 2 Detail Placement | Checksum: 1e2dc8442

Time (s): cpu = 00:00:02 ; elapsed = 00:00:00.81 . Memory (MB): peak = 3393.867 ; gain = 0.000 ; free physical = 741644 ; free virtual = 764674

Phase 3 Post Placement Optimization and Clean-Up

Phase 3.1 Post Commit Optimization

Phase 3.1.1 Post Placement Optimization
Post Placement Optimization Initialization | Checksum: 1e2dc8442

Phase 3.1.1.1 BUFG Insertion

Starting Physical Synthesis Task

Phase 1 Physical Synthesis Initialization
INFO: [Physopt 32-721] Multithreading enabled for phys_opt_design using a maximum of 8 CPUs
INFO: [Physopt 32-619] Estimated Timing Summary | WNS=9.771 | TNS=0.000 |
Phase 1 Physical Synthesis Initialization | Checksum: 22e7852a1

Time (s): cpu = 00:00:00.18 ; elapsed = 00:00:00.06 . Memory (MB): peak = 3393.867 ; gain = 0.000 ; free physical = 741644 ; free virtual = 764674
INFO: [Place 46-56] BUFG insertion identified 0 candidate nets. Inserted BUFG: 0, Replicated BUFG Driver: 0, Skipped due to Placement/Routing Conflicts: 0, Skipped due to Timing Degradation: 0, Skipped due to netlist editing failed: 0.
Ending Physical Synthesis Task | Checksum: 1f05769df

Time (s): cpu = 00:00:00.2 ; elapsed = 00:00:00.07 . Memory (MB): peak = 3393.867 ; gain = 0.000 ; free physical = 741644 ; free virtual = 764674
Phase 3.1.1.1 BUFG Insertion | Checksum: 1e2dc8442

Time (s): cpu = 00:00:03 ; elapsed = 00:00:01 . Memory (MB): peak = 3393.867 ; gain = 0.000 ; free physical = 741644 ; free virtual = 764674

Phase 3.1.1.2 Post Placement Timing Optimization
INFO: [Place 30-746] Post Placement Timing Summary WNS=9.771. For the most accurate timing information please run report_timing.
Phase 3.1.1.2 Post Placement Timing Optimization | Checksum: 1edfd838b

Time (s): cpu = 00:00:03 ; elapsed = 00:00:01 . Memory (MB): peak = 3393.867 ; gain = 0.000 ; free physical = 741644 ; free virtual = 764674

Time (s): cpu = 00:00:03 ; elapsed = 00:00:01 . Memory (MB): peak = 3393.867 ; gain = 0.000 ; free physical = 741644 ; free virtual = 764674
Phase 3.1 Post Commit Optimization | Checksum: 1edfd838b

Time (s): cpu = 00:00:03 ; elapsed = 00:00:01 . Memory (MB): peak = 3393.867 ; gain = 0.000 ; free physical = 741644 ; free virtual = 764674

Phase 3.2 Post Placement Cleanup
Phase 3.2 Post Placement Cleanup | Checksum: 1edfd838b

Time (s): cpu = 00:00:03 ; elapsed = 00:00:01 . Memory (MB): peak = 3393.867 ; gain = 0.000 ; free physical = 741643 ; free virtual = 764673

Phase 3.3 Placer Reporting

Phase 3.3.1 Print Estimated Congestion
INFO: [Place 30-612] Post-Placement Estimated Congestion 
 ____________________________________________________
|           | Global Congestion | Short Congestion  |
| Direction | Region Size       | Region Size       |
|___________|___________________|___________________|
|      North|                1x1|                1x1|
|___________|___________________|___________________|
|      South|                1x1|                4x4|
|___________|___________________|___________________|
|       East|                1x1|                1x1|
|___________|___________________|___________________|
|       West|                1x1|                1x1|
|___________|___________________|___________________|

Phase 3.3.1 Print Estimated Congestion | Checksum: 1edfd838b

Time (s): cpu = 00:00:03 ; elapsed = 00:00:01 . Memory (MB): peak = 3393.867 ; gain = 0.000 ; free physical = 741643 ; free virtual = 764673
Phase 3.3 Placer Reporting | Checksum: 1edfd838b

Time (s): cpu = 00:00:03 ; elapsed = 00:00:01 . Memory (MB): peak = 3393.867 ; gain = 0.000 ; free physical = 741643 ; free virtual = 764673

Phase 3.4 Final Placement Cleanup
Netlist sorting complete. Time (s): cpu = 00:00:00 ; elapsed = 00:00:00 . Memory (MB): peak = 3393.867 ; gain = 0.000 ; free physical = 741643 ; free virtual = 764673

Time (s): cpu = 00:00:03 ; elapsed = 00:00:01 . Memory (MB): peak = 3393.867 ; gain = 0.000 ; free physical = 741643 ; free virtual = 764673
Phase 3 Post Placement Optimization and Clean-Up | Checksum: 28cf16972

Time (s): cpu = 00:00:03 ; elapsed = 00:00:01 . Memory (MB): peak = 3393.867 ; gain = 0.000 ; free physical = 741643 ; free virtual = 764673
Ending Placer Task | Checksum: 19faeafb0

Time (s): cpu = 00:00:03 ; elapsed = 00:00:01 . Memory (MB): peak = 3393.867 ; gain = 0.000 ; free physical = 741643 ; free virtual = 764673
126 Infos, 226 Warnings, 0 Critical Warnings and 0 Errors encountered.
place_design completed successfully
Command: phys_opt_design -retime -routing_opt
Attempting to get a license for feature 'Implementation' and/or device 'xc7a100t'
INFO: [Common 17-349] Got license for feature 'Implementation' and/or device 'xc7a100t'
INFO: [Vivado_Tcl 4-241] Physical synthesis in post route mode 

Starting Initial Update Timing Task

Time (s): cpu = 00:00:00.77 ; elapsed = 00:00:00.19 . Memory (MB): peak = 3393.867 ; gain = 0.000 ; free physical = 741643 ; free virtual = 764673
INFO: [Vivado_Tcl 4-2279] Estimated Timing Summary | WNS= 9.771 | TNS= 0.000 | 
INFO: [Vivado_Tcl 4-383] Design worst setup slack (WNS) is greater than or equal to 0.000 ns. All physical synthesis setup optimizations will be skipped.
INFO: [Vivado_Tcl 4-232] No setup violation found. The netlist was not modified.
INFO: [Common 17-83] Releasing license: Implementation
132 Infos, 226 Warnings, 0 Critical Warnings and 0 Errors encountered.
phys_opt_design completed successfully
Command: route_design -directive NoTimingRelaxation
Attempting to get a license for feature 'Implementation' and/or device 'xc7a100t'
INFO: [Common 17-349] Got license for feature 'Implementation' and/or device 'xc7a100t'


Starting Routing Task
INFO: [Route 35-270] Using Router directive 'NoTimingRelaxation'.
INFO: [Route 35-254] Multithreading enabled for route_design using a maximum of 8 CPUs

Phase 1 Build RT Design
Checksum: PlaceDB: 718f6c8a ConstDB: 0 ShapeSum: fbadddf9 RouteDB: 3271652d
Post Restoration Checksum: NetGraph: 42585ff8 | NumContArr: 7c508dc8 | Constraints: c2a8fa9d | Timing: c2a8fa9d
Phase 1 Build RT Design | Checksum: 243fae2fa

Time (s): cpu = 00:00:32 ; elapsed = 00:00:27 . Memory (MB): peak = 3393.867 ; gain = 0.000 ; free physical = 741640 ; free virtual = 764670

Phase 2 Router Initialization

Phase 2.1 Fix Topology Constraints
Phase 2.1 Fix Topology Constraints | Checksum: 243fae2fa

Time (s): cpu = 00:00:32 ; elapsed = 00:00:27 . Memory (MB): peak = 3393.867 ; gain = 0.000 ; free physical = 741640 ; free virtual = 764670

Phase 2.2 Pre Route Cleanup
Phase 2.2 Pre Route Cleanup | Checksum: 243fae2fa

Time (s): cpu = 00:00:32 ; elapsed = 00:00:27 . Memory (MB): peak = 3393.867 ; gain = 0.000 ; free physical = 741640 ; free virtual = 764670

Phase 2.3 Timing Verification

Phase 2.3.1 Update Timing
Phase 2.3.1 Update Timing | Checksum: 222370c28

Time (s): cpu = 00:00:34 ; elapsed = 00:00:27 . Memory (MB): peak = 3393.867 ; gain = 0.000 ; free physical = 741639 ; free virtual = 764669
INFO: [Route 35-416] Intermediate Timing Summary | WNS=9.771  | TNS=0.000  | WHS=0.118  | THS=0.000  |

Phase 2.3 Timing Verification | Checksum: 222370c28

Time (s): cpu = 00:00:34 ; elapsed = 00:00:27 . Memory (MB): peak = 3393.867 ; gain = 0.000 ; free physical = 741639 ; free virtual = 764669
INFO: [Route 35-61] The design met the timing requirement.

Phase 2.4 Route finalize

Router Utilization Summary
  Global Vertical Routing Utilization    = 0.35331 %
  Global Horizontal Routing Utilization  = 0.583191 %
  Routable Net Status*
  *Does not include unroutable nets such as driverless and loadless.
  Run report_route_status for detailed report.
  Number of Failed Nets               = 0
    (Failed Nets is the sum of unrouted and partially routed nets)
  Number of Unrouted Nets             = 0
  Number of Partially Routed Nets     = 0
  Number of Node Overlaps             = 0

Phase 2.4 Route finalize | Checksum: 222370c28

Time (s): cpu = 00:00:34 ; elapsed = 00:00:27 . Memory (MB): peak = 3393.867 ; gain = 0.000 ; free physical = 741639 ; free virtual = 764669

Phase 2.5 Verifying routed nets

 Verification completed successfully
Phase 2.5 Verifying routed nets | Checksum: 222370c28

Time (s): cpu = 00:00:34 ; elapsed = 00:00:27 . Memory (MB): peak = 3393.867 ; gain = 0.000 ; free physical = 741639 ; free virtual = 764669

Phase 2.6 Depositing Routes
Phase 2.6 Depositing Routes | Checksum: 222370c28

Time (s): cpu = 00:00:34 ; elapsed = 00:00:28 . Memory (MB): peak = 3393.867 ; gain = 0.000 ; free physical = 741639 ; free virtual = 764669
Phase 2 Router Initialization | Checksum: 222370c28

Time (s): cpu = 00:00:34 ; elapsed = 00:00:28 . Memory (MB): peak = 3393.867 ; gain = 0.000 ; free physical = 741639 ; free virtual = 764669

Phase 3 Timing Verification

Phase 3.1 Update Timing
Phase 3.1 Update Timing | Checksum: 1bc1edc6b

Time (s): cpu = 00:00:35 ; elapsed = 00:00:28 . Memory (MB): peak = 3393.867 ; gain = 0.000 ; free physical = 741638 ; free virtual = 764668
INFO: [Route 35-416] Intermediate Timing Summary | WNS=9.768  | TNS=0.000  | WHS=0.118  | THS=0.000  |

Phase 3 Timing Verification | Checksum: 1bc1edc6b

Time (s): cpu = 00:00:35 ; elapsed = 00:00:28 . Memory (MB): peak = 3393.867 ; gain = 0.000 ; free physical = 741638 ; free virtual = 764668

Phase 4 Route finalize

Router Utilization Summary
  Global Vertical Routing Utilization    = 0.35331 %
  Global Horizontal Routing Utilization  = 0.583191 %
  Routable Net Status*
  *Does not include unroutable nets such as driverless and loadless.
  Run report_route_status for detailed report.
  Number of Failed Nets               = 0
    (Failed Nets is the sum of unrouted and partially routed nets)
  Number of Unrouted Nets             = 0
  Number of Partially Routed Nets     = 0
  Number of Node Overlaps             = 0

Phase 4 Route finalize | Checksum: 1bc1edc6b

Time (s): cpu = 00:00:35 ; elapsed = 00:00:28 . Memory (MB): peak = 3393.867 ; gain = 0.000 ; free physical = 741638 ; free virtual = 764668

Phase 5 Verifying routed nets

 Verification completed successfully
Phase 5 Verifying routed nets | Checksum: 1bc1edc6b

Time (s): cpu = 00:00:35 ; elapsed = 00:00:28 . Memory (MB): peak = 3393.867 ; gain = 0.000 ; free physical = 741638 ; free virtual = 764668

Phase 6 Depositing Routes
Phase 6 Depositing Routes | Checksum: 1bc1edc6b

Time (s): cpu = 00:00:35 ; elapsed = 00:00:28 . Memory (MB): peak = 3393.867 ; gain = 0.000 ; free physical = 741639 ; free virtual = 764669

Phase 7 Post Process Routing
Phase 7 Post Process Routing | Checksum: 1bc1edc6b

Time (s): cpu = 00:00:35 ; elapsed = 00:00:28 . Memory (MB): peak = 3393.867 ; gain = 0.000 ; free physical = 741639 ; free virtual = 764669

Phase 8 Post Router Timing
INFO: [Route 35-20] Post Routing Timing Summary | WNS=9.771  | TNS=0.000  | WHS=0.118  | THS=0.000  |

Phase 8 Post Router Timing | Checksum: 222370c28

Time (s): cpu = 00:00:36 ; elapsed = 00:00:28 . Memory (MB): peak = 3393.867 ; gain = 0.000 ; free physical = 741639 ; free virtual = 764669
INFO: [Route 35-61] The design met the timing requirement.
Total Elapsed time in route_design: 28.39 secs

Phase 9 Post-Route Event Processing
Phase 9 Post-Route Event Processing | Checksum: 19faeafb0

Time (s): cpu = 00:00:37 ; elapsed = 00:00:28 . Memory (MB): peak = 3393.867 ; gain = 0.000 ; free physical = 741639 ; free virtual = 764669
INFO: [Route 35-16] Router Completed Successfully
Ending Routing Task | Checksum: 19faeafb0

Time (s): cpu = 00:00:37 ; elapsed = 00:00:28 . Memory (MB): peak = 3393.867 ; gain = 0.000 ; free physical = 741639 ; free virtual = 764669

Routing Is Done.
INFO: [Common 17-83] Releasing license: Implementation
142 Infos, 226 Warnings, 0 Critical Warnings and 0 Errors encountered.
route_design completed successfully
route_design: Time (s): cpu = 00:00:37 ; elapsed = 00:00:28 . Memory (MB): peak = 3393.867 ; gain = 0.000 ; free physical = 741639 ; free virtual = 764669
Copyright 1986-2022 Xilinx, Inc. All Rights Reserved. Copyright 2022-2024 Advanced Micro Devices, Inc. All Rights Reserved.
---------------------------------------------------------------------------------------------------------------------------------------------
| Tool Version : Vivado v.2024.2 (lin64) Build 5239630 Fri Nov 08 22:34:34 MST 2024
| Date         : Thu May 28 15:20:46 2026
| Host         : naouna.ims.bordeaux running 64-bit Red Hat Enterprise Linux release 8.10 (Ootpa)
| Command      : report_utilization
| Design       : picorv32_soc_top
| Device       : xc7a100tcsg324-1
| Speed File   : -1
| Design State : Routed
---------------------------------------------------------------------------------------------------------------------------------------------

Utilization Design Information

Table of Contents
-----------------
1. Slice Logic
1.1 Summary of Registers by Type
2. Slice Logic Distribution
3. Memory
4. DSP
5. IO and GT Specific
6. Clocking
7. Specific Feature
8. Primitives
9. Black Boxes
10. Instantiated Netlists

1. Slice Logic
--------------

+----------------------------+------+-------+------------+-----------+-------+
|          Site Type         | Used | Fixed | Prohibited | Available | Util% |
+----------------------------+------+-------+------------+-----------+-------+
| Slice LUTs                 | 1408 |     0 |          0 |     63400 |  2.22 |
|   LUT as Logic             | 1364 |     0 |          0 |     63400 |  2.15 |
|   LUT as Memory            |   44 |     0 |          0 |     19000 |  0.23 |
|     LUT as Distributed RAM |   44 |     0 |            |           |       |
|     LUT as Shift Register  |    0 |     0 |            |           |       |
| Slice Registers            |  837 |     0 |          0 |    126800 |  0.66 |
|   Register as Flip Flop    |  837 |     0 |          0 |    126800 |  0.66 |
|   Register as Latch        |    0 |     0 |          0 |    126800 |  0.00 |
| F7 Muxes                   |    1 |     0 |          0 |     31700 | <0.01 |
| F8 Muxes                   |    0 |     0 |          0 |     15850 |  0.00 |
+----------------------------+------+-------+------------+-----------+-------+
* Warning! LUT value is adjusted to account for LUT combining.


1.1 Summary of Registers by Type
--------------------------------

+-------+--------------+-------------+--------------+
| Total | Clock Enable | Synchronous | Asynchronous |
+-------+--------------+-------------+--------------+
| 0     |            _ |           - |            - |
| 0     |            _ |           - |          Set |
| 0     |            _ |           - |        Reset |
| 0     |            _ |         Set |            - |
| 0     |            _ |       Reset |            - |
| 0     |          Yes |           - |            - |
| 0     |          Yes |           - |          Set |
| 0     |          Yes |           - |        Reset |
| 26    |          Yes |         Set |            - |
| 811   |          Yes |       Reset |            - |
+-------+--------------+-------------+--------------+


2. Slice Logic Distribution
---------------------------

+--------------------------------------------+------+-------+------------+-----------+-------+
|                  Site Type                 | Used | Fixed | Prohibited | Available | Util% |
+--------------------------------------------+------+-------+------------+-----------+-------+
| Slice                                      |  455 |     0 |          0 |     15850 |  2.87 |
|   SLICEL                                   |  367 |     0 |            |           |       |
|   SLICEM                                   |   88 |     0 |            |           |       |
| LUT as Logic                               | 1364 |     0 |          0 |     63400 |  2.15 |
|   using O5 output only                     |    0 |       |            |           |       |
|   using O6 output only                     | 1171 |       |            |           |       |
|   using O5 and O6                          |  193 |       |            |           |       |
| LUT as Memory                              |   44 |     0 |          0 |     19000 |  0.23 |
|   LUT as Distributed RAM                   |   44 |     0 |            |           |       |
|     using O5 output only                   |    0 |       |            |           |       |
|     using O6 output only                   |    0 |       |            |           |       |
|     using O5 and O6                        |   44 |       |            |           |       |
|   LUT as Shift Register                    |    0 |     0 |            |           |       |
|     using O5 output only                   |    0 |       |            |           |       |
|     using O6 output only                   |    0 |       |            |           |       |
|     using O5 and O6                        |    0 |       |            |           |       |
| Slice Registers                            |  837 |     0 |          0 |    126800 |  0.66 |
|   Register driven from within the Slice    |  641 |       |            |           |       |
|   Register driven from outside the Slice   |  196 |       |            |           |       |
|     LUT in front of the register is unused |   68 |       |            |           |       |
|     LUT in front of the register is used   |  128 |       |            |           |       |
| Unique Control Sets                        |   26 |       |          0 |     15850 |  0.16 |
+--------------------------------------------+------+-------+------------+-----------+-------+
* * Note: Available Control Sets calculated as Slice * 1, Review the Control Sets Report for more information regarding control sets.


3. Memory
---------

+-------------------+------+-------+------------+-----------+-------+
|     Site Type     | Used | Fixed | Prohibited | Available | Util% |
+-------------------+------+-------+------------+-----------+-------+
| Block RAM Tile    |    1 |     0 |          0 |       135 |  0.74 |
|   RAMB36/FIFO*    |    1 |     0 |          0 |       135 |  0.74 |
|     RAMB36E1 only |    1 |       |            |           |       |
|   RAMB18          |    0 |     0 |          0 |       270 |  0.00 |
+-------------------+------+-------+------------+-----------+-------+
* Note: Each Block RAM Tile only has one FIFO logic available and therefore can accommodate only one FIFO36E1 or one FIFO18E1. However, if a FIFO18E1 occupies a Block RAM Tile, that tile can still accommodate a RAMB18E1


4. DSP
------

+----------------+------+-------+------------+-----------+-------+
|    Site Type   | Used | Fixed | Prohibited | Available | Util% |
+----------------+------+-------+------------+-----------+-------+
| DSPs           |    4 |     0 |          0 |       240 |  1.67 |
|   DSP48E1 only |    4 |       |            |           |       |
+----------------+------+-------+------------+-----------+-------+


5. IO and GT Specific
---------------------

+-----------------------------+------+-------+------------+-----------+-------+
|          Site Type          | Used | Fixed | Prohibited | Available | Util% |
+-----------------------------+------+-------+------------+-----------+-------+
| Bonded IOB                  |    3 |     0 |          0 |       210 |  1.43 |
|   IOB Master Pads           |    1 |       |            |           |       |
|   IOB Slave Pads            |    1 |       |            |           |       |
| Bonded IPADs                |    0 |     0 |          0 |         2 |  0.00 |
| PHY_CONTROL                 |    0 |     0 |          0 |         6 |  0.00 |
| PHASER_REF                  |    0 |     0 |          0 |         6 |  0.00 |
| OUT_FIFO                    |    0 |     0 |          0 |        24 |  0.00 |
| IN_FIFO                     |    0 |     0 |          0 |        24 |  0.00 |
| IDELAYCTRL                  |    0 |     0 |          0 |         6 |  0.00 |
| IBUFDS                      |    0 |     0 |          0 |       202 |  0.00 |
| PHASER_OUT/PHASER_OUT_PHY   |    0 |     0 |          0 |        24 |  0.00 |
| PHASER_IN/PHASER_IN_PHY     |    0 |     0 |          0 |        24 |  0.00 |
| IDELAYE2/IDELAYE2_FINEDELAY |    0 |     0 |          0 |       300 |  0.00 |
| ILOGIC                      |    0 |     0 |          0 |       210 |  0.00 |
| OLOGIC                      |    0 |     0 |          0 |       210 |  0.00 |
+-----------------------------+------+-------+------------+-----------+-------+


6. Clocking
-----------

+------------+------+-------+------------+-----------+-------+
|  Site Type | Used | Fixed | Prohibited | Available | Util% |
+------------+------+-------+------------+-----------+-------+
| BUFGCTRL   |    1 |     0 |          0 |        32 |  3.13 |
| BUFIO      |    0 |     0 |          0 |        24 |  0.00 |
| MMCME2_ADV |    0 |     0 |          0 |         6 |  0.00 |
| PLLE2_ADV  |    0 |     0 |          0 |         6 |  0.00 |
| BUFMRCE    |    0 |     0 |          0 |        12 |  0.00 |
| BUFHCE     |    0 |     0 |          0 |        96 |  0.00 |
| BUFR       |    0 |     0 |          0 |        24 |  0.00 |
+------------+------+-------+------------+-----------+-------+


7. Specific Feature
-------------------

+-------------+------+-------+------------+-----------+-------+
|  Site Type  | Used | Fixed | Prohibited | Available | Util% |
+-------------+------+-------+------------+-----------+-------+
| BSCANE2     |    0 |     0 |          0 |         4 |  0.00 |
| CAPTUREE2   |    0 |     0 |          0 |         1 |  0.00 |
| DNA_PORT    |    0 |     0 |          0 |         1 |  0.00 |
| EFUSE_USR   |    0 |     0 |          0 |         1 |  0.00 |
| FRAME_ECCE2 |    0 |     0 |          0 |         1 |  0.00 |
| ICAPE2      |    0 |     0 |          0 |         2 |  0.00 |
| PCIE_2_1    |    0 |     0 |          0 |         1 |  0.00 |
| STARTUPE2   |    0 |     0 |          0 |         1 |  0.00 |
| XADC        |    0 |     0 |          0 |         1 |  0.00 |
+-------------+------+-------+------------+-----------+-------+


8. Primitives
-------------

+----------+------+---------------------+
| Ref Name | Used | Functional Category |
+----------+------+---------------------+
| FDRE     |  811 |        Flop & Latch |
| LUT6     |  499 |                 LUT |
| LUT4     |  356 |                 LUT |
| LUT5     |  218 |                 LUT |
| LUT2     |  196 |                 LUT |
| LUT3     |  154 |                 LUT |
| CARRY4   |  143 |          CarryLogic |
| LUT1     |  134 |                 LUT |
| RAMD32   |   68 |  Distributed Memory |
| FDSE     |   26 |        Flop & Latch |
| RAMS32   |   20 |  Distributed Memory |
| DSP48E1  |    4 |    Block Arithmetic |
| IBUF     |    2 |                  IO |
| RAMB36E1 |    1 |        Block Memory |
| OBUF     |    1 |                  IO |
| MUXF7    |    1 |               MuxFx |
| BUFG     |    1 |               Clock |
+----------+------+---------------------+


9. Black Boxes
--------------

+----------+------+
| Ref Name | Used |
+----------+------+


10. Instantiated Netlists
-------------------------

+----------+------+
| Ref Name | Used |
+----------+------+


Copyright 1986-2022 Xilinx, Inc. All Rights Reserved. Copyright 2022-2024 Advanced Micro Devices, Inc. All Rights Reserved.
---------------------------------------------------------------------------------------------------------------------------------------------
| Tool Version : Vivado v.2024.2 (lin64) Build 5239630 Fri Nov 08 22:34:34 MST 2024
| Date         : Thu May 28 15:20:46 2026
| Host         : naouna.ims.bordeaux running 64-bit Red Hat Enterprise Linux release 8.10 (Ootpa)
| Command      : report_utilization -hierarchical
| Design       : picorv32_soc_top
| Device       : xc7a100tcsg324-1
| Speed File   : -1
| Design State : Routed
---------------------------------------------------------------------------------------------------------------------------------------------

Utilization Design Information

Table of Contents
-----------------
1. Utilization by Hierarchy

1. Utilization by Hierarchy
---------------------------

+------------------+--------+------------+------------+---------+------+-----+--------+--------+------------+
|     Instance     | Module | Total LUTs | Logic LUTs | LUTRAMs | SRLs | FFs | RAMB36 | RAMB18 | DSP Blocks |
+------------------+--------+------------+------------+---------+------+-----+--------+--------+------------+
| picorv32_soc_top |  (top) |       1408 |       1364 |      44 |    0 | 837 |      1 |      0 |          4 |
+------------------+--------+------------+------------+---------+------+-----+--------+--------+------------+
* Note: The sum of lower-level cells may be larger than their parent cells total, due to cross-hierarchy LUT combining


INFO: [Timing 38-91] UpdateTimingParams: Speed grade: -1, Delay Type: max.
INFO: [Timing 38-191] Multithreading enabled for timing update using a maximum of 8 CPUs
INFO: [Timing 38-78] ReportTimingParams: -max_paths 1 -nworst 1 -delay_type max -sort_by slack.
Copyright 1986-2022 Xilinx, Inc. All Rights Reserved. Copyright 2022-2024 Advanced Micro Devices, Inc. All Rights Reserved.
---------------------------------------------------------------------------------------------------------------------------------------------
| Tool Version : Vivado v.2024.2 (lin64) Build 5239630 Fri Nov 08 22:34:34 MST 2024
| Date         : Thu May 28 15:20:46 2026
| Host         : naouna.ims.bordeaux running 64-bit Red Hat Enterprise Linux release 8.10 (Ootpa)
| Command      : report_timing
| Design       : picorv32_soc_top
| Device       : 7a100t-csg324
| Speed File   : -1  PRODUCTION 1.23 2018-06-13
| Design State : Routed
---------------------------------------------------------------------------------------------------------------------------------------------

Timing Report

Slack (MET) :             9.771ns  (required time - arrival time)
  Source:                 cpu/mem_valid_reg/C
                            (rising edge-triggered cell FDRE clocked by clk  {rise@0.000ns fall@9.091ns period=18.182ns})
  Destination:            cpu/pcpi_mul/rd_reg__0/CEA1
                            (rising edge-triggered cell DSP48E1 clocked by clk  {rise@0.000ns fall@9.091ns period=18.182ns})
  Path Group:             clk
  Path Type:              Setup (Max at Slow Process Corner)
  Requirement:            18.182ns  (clk rise@18.182ns - clk rise@0.000ns)
  Data Path Delay:        7.929ns  (logic 1.399ns (17.643%)  route 6.530ns (82.357%))
  Logic Levels:           4  (LUT2=1 LUT4=1 LUT5=1 LUT6=1)
  Clock Path Skew:        0.051ns (DCD - SCD + CPR)
    Destination Clock Delay (DCD):    4.596ns = ( 22.778 - 18.182 ) 
    Source Clock Delay      (SCD):    4.877ns
    Clock Pessimism Removal (CPR):    0.331ns
  Clock Uncertainty:      0.035ns  ((TSJ^2 + TIJ^2)^1/2 + DJ) / 2 + PE
    Total System Jitter     (TSJ):    0.071ns
    Total Input Jitter      (TIJ):    0.000ns
    Discrete Jitter          (DJ):    0.000ns
    Phase Error              (PE):    0.000ns

    Location             Delay type                Incr(ns)  Path(ns)    Netlist Resource(s)
  -------------------------------------------------------------------    -------------------
                         (clock clk rise edge)        0.000     0.000 r  
    N15                                               0.000     0.000 r  clk (IN)
                         net (fo=0)                   0.000     0.000    clk
    N15                  IBUF (Prop_ibuf_I_O)         0.948     0.948 r  clk_IBUF_inst/O
                         net (fo=1, routed)           2.016     2.963    clk_IBUF
    BUFGCTRL_X0Y0        BUFG (Prop_bufg_I_O)         0.096     3.059 r  clk_IBUF_BUFG_inst/O
                         net (fo=931, routed)         1.817     4.877    clk_IBUF_BUFG
    SLICE_X17Y44         FDRE                                         r  cpu/mem_valid_reg/C
  -------------------------------------------------------------------    -------------------
    SLICE_X17Y44         FDRE (Prop_fdre_C_Q)         0.456     5.333 r  cpu/mem_valid_reg/Q
                         net (fo=41, routed)          1.966     7.298    mem_valid
    SLICE_X26Y45         LUT2 (Prop_lut2_I0_O)        0.152     7.450 r  mem_rdata_q[31]_i_1/O
                         net (fo=33, routed)          0.509     7.960    mem_rdata_q[31]_i_1_n_0
    SLICE_X19Y45         LUT6 (Prop_lut6_I3_O)        0.326     8.286 f  instr_jal_i_3/O
                         net (fo=9, routed)           1.357     9.642    instr_jal_i_3_n_0
    SLICE_X34Y45         LUT4 (Prop_lut4_I2_O)        0.117     9.759 f  rd0__0_i_21/O
                         net (fo=2, routed)           0.305    10.064    rd0__0_i_21_n_0
    SLICE_X34Y45         LUT5 (Prop_lut5_I4_O)        0.348    10.412 r  rd0__0_i_1/O
                         net (fo=34, routed)          2.394    12.806    rd0__0_i_1_n_0
    DSP48_X0Y17          DSP48E1                                      r  cpu/pcpi_mul/rd_reg__0/CEA1
  -------------------------------------------------------------------    -------------------

                         (clock clk rise edge)       18.182    18.182 r  
    N15                                               0.000    18.182 r  clk (IN)
                         net (fo=0)                   0.000    18.182    clk
    N15                  IBUF (Prop_ibuf_I_O)         0.814    18.996 r  clk_IBUF_inst/O
                         net (fo=1, routed)           1.911    20.907    clk_IBUF
    BUFGCTRL_X0Y0        BUFG (Prop_bufg_I_O)         0.091    20.998 r  clk_IBUF_BUFG_inst/O
                         net (fo=931, routed)         1.780    22.778    clk_IBUF_BUFG
    DSP48_X0Y17          DSP48E1                                      r  cpu/pcpi_mul/rd_reg__0/CLK
                         clock pessimism              0.331    23.109    
                         clock uncertainty           -0.035    23.074    
    DSP48_X0Y17          DSP48E1 (Setup_dsp48e1_CLK_CEA1)
                                                     -0.497    22.577    cpu/pcpi_mul/rd_reg__0
  -------------------------------------------------------------------
                         required time                         22.577    
                         arrival time                         -12.806    
  -------------------------------------------------------------------
                         slack                                  9.771    




Command: report_power
Running Vector-less Activity Propagation...

Finished Running Vector-less Activity Propagation
Copyright 1986-2022 Xilinx, Inc. All Rights Reserved. Copyright 2022-2024 Advanced Micro Devices, Inc. All Rights Reserved.
-------------------------------------------------------------------------------------------------------------------------------------------------
| Tool Version     : Vivado v.2024.2 (lin64) Build 5239630 Fri Nov 08 22:34:34 MST 2024
| Date             : Thu May 28 15:20:47 2026
| Host             : naouna.ims.bordeaux running 64-bit Red Hat Enterprise Linux release 8.10 (Ootpa)
| Command          : report_power
| Design           : picorv32_soc_top
| Device           : xc7a100tcsg324-1
| Design State     : routed
| Grade            : commercial
| Process          : typical
| Characterization : Production
-------------------------------------------------------------------------------------------------------------------------------------------------

Power Report

Table of Contents
-----------------
1. Summary
1.1 On-Chip Components
1.2 Power Supply Summary
1.3 Confidence Level
2. Settings
2.1 Environment
2.2 Clock Constraints
3. Detailed Reports
3.1 By Hierarchy

1. Summary
----------

+--------------------------+--------------+
| Total On-Chip Power (W)  | 0.101        |
| Design Power Budget (W)  | Unspecified* |
| Power Budget Margin (W)  | NA           |
| Dynamic (W)              | 0.010        |
| Device Static (W)        | 0.091        |
| Effective TJA (C/W)      | 4.6          |
| Max Ambient (C)          | 84.5         |
| Junction Temperature (C) | 25.5         |
| Confidence Level         | Medium       |
| Setting File             | ---          |
| Simulation Activity File | ---          |
| Design Nets Matched      | NA           |
+--------------------------+--------------+
* Specify Design Power Budget using, set_operating_conditions -design_power_budget <value in Watts>


1.1 On-Chip Components
----------------------

+--------------------------+-----------+----------+-----------+-----------------+
| On-Chip                  | Power (W) | Used     | Available | Utilization (%) |
+--------------------------+-----------+----------+-----------+-----------------+
| Clocks                   |     0.002 |        3 |       --- |             --- |
| Slice Logic              |     0.002 |     2630 |       --- |             --- |
|   LUT as Logic           |     0.002 |     1364 |     63400 |            2.15 |
|   CARRY4                 |    <0.001 |      143 |     15850 |            0.90 |
|   Register               |    <0.001 |      837 |    126800 |            0.66 |
|   LUT as Distributed RAM |    <0.001 |       44 |     19000 |            0.23 |
|   F7/F8 Muxes            |    <0.001 |        1 |     63400 |           <0.01 |
|   Others                 |     0.000 |        4 |       --- |             --- |
| Signals                  |     0.003 |     2267 |       --- |             --- |
| Block RAM                |    <0.001 |        1 |       135 |            0.74 |
| DSPs                     |     0.002 |        4 |       240 |            1.67 |
| I/O                      |    <0.001 |        3 |       210 |            1.43 |
| Static Power             |     0.091 |          |           |                 |
| Total                    |     0.101 |          |           |                 |
+--------------------------+-----------+----------+-----------+-----------------+


1.2 Power Supply Summary
------------------------

+-----------+-------------+-----------+-------------+------------+-------------+-------------+------------+
| Source    | Voltage (V) | Total (A) | Dynamic (A) | Static (A) | Powerup (A) | Budget (A)  | Margin (A) |
+-----------+-------------+-----------+-------------+------------+-------------+-------------+------------+
| Vccint    |       1.000 |     0.024 |       0.009 |      0.015 |       NA    | Unspecified | NA         |
| Vccaux    |       1.800 |     0.018 |       0.000 |      0.018 |       NA    | Unspecified | NA         |
| Vcco33    |       3.300 |     0.000 |       0.000 |      0.000 |       NA    | Unspecified | NA         |
| Vcco25    |       2.500 |     0.000 |       0.000 |      0.000 |       NA    | Unspecified | NA         |
| Vcco18    |       1.800 |     0.004 |       0.000 |      0.004 |       NA    | Unspecified | NA         |
| Vcco15    |       1.500 |     0.000 |       0.000 |      0.000 |       NA    | Unspecified | NA         |
| Vcco135   |       1.350 |     0.000 |       0.000 |      0.000 |       NA    | Unspecified | NA         |
| Vcco12    |       1.200 |     0.000 |       0.000 |      0.000 |       NA    | Unspecified | NA         |
| Vccaux_io |       1.800 |     0.000 |       0.000 |      0.000 |       NA    | Unspecified | NA         |
| Vccbram   |       1.000 |     0.000 |       0.000 |      0.000 |       NA    | Unspecified | NA         |
| MGTAVcc   |       1.000 |     0.000 |       0.000 |      0.000 |       NA    | Unspecified | NA         |
| MGTAVtt   |       1.200 |     0.000 |       0.000 |      0.000 |       NA    | Unspecified | NA         |
| Vccadc    |       1.800 |     0.020 |       0.000 |      0.020 |       NA    | Unspecified | NA         |
+-----------+-------------+-----------+-------------+------------+-------------+-------------+------------+


1.3 Confidence Level
--------------------

+-----------------------------+------------+-------------------------------------------------------+------------------------------------------------------------------------------------------------------------+
| User Input Data             | Confidence | Details                                               | Action                                                                                                     |
+-----------------------------+------------+-------------------------------------------------------+------------------------------------------------------------------------------------------------------------+
| Design implementation state | High       | Design is routed                                      |                                                                                                            |
| Clock nodes activity        | High       | User specified more than 95% of clocks                |                                                                                                            |
| I/O nodes activity          | Medium     | More than 5% of inputs are missing user specification | Provide missing input activity with simulation results or by editing the "By Resource Type -> I/Os" view   |
| Internal nodes activity     | Medium     | User specified less than 25% of internal nodes        | Provide missing internal nodes activity with simulation results or by editing the "By Resource Type" views |
| Device models               | High       | Device models are Production                          |                                                                                                            |
|                             |            |                                                       |                                                                                                            |
| Overall confidence level    | Medium     |                                                       |                                                                                                            |
+-----------------------------+------------+-------------------------------------------------------+------------------------------------------------------------------------------------------------------------+


2. Settings
-----------

2.1 Environment
---------------

+-----------------------+--------------------------+
| Ambient Temp (C)      | 25.0                     |
| ThetaJA (C/W)         | 4.6                      |
| Airflow (LFM)         | 250                      |
| Heat Sink             | medium (Medium Profile)  |
| ThetaSA (C/W)         | 4.6                      |
| Board Selection       | medium (10"x10")         |
| # of Board Layers     | 12to15 (12 to 15 Layers) |
| Board Temperature (C) | 25.0                     |
+-----------------------+--------------------------+


2.2 Clock Constraints
---------------------

+-------+--------+-----------------+
| Clock | Domain | Constraint (ns) |
+-------+--------+-----------------+
| clk   | clk    |            18.2 |
+-------+--------+-----------------+


3. Detailed Reports
-------------------

3.1 By Hierarchy
----------------

+------------------+-----------+
| Name             | Power (W) |
+------------------+-----------+
| picorv32_soc_top |     0.010 |
+------------------+-----------+


145 Infos, 226 Warnings, 0 Critical Warnings and 0 Errors encountered.
report_power completed successfully



<bold><cyan>######################################<end>
<bold><cyan>   Running synthesis at 77 MHz <end>
<bold><cyan>######################################<end>

WARNING: [filemgmt 56-128] File '/net/users/oelmouden/picorv32/work/fmax_synthesis/vivado/xc7a100t-csg324-1/picorv32/rv32im_fast/constraints.xdc' is already in the project and will not be added again
Parsing XDC File [/net/users/oelmouden/picorv32/work/fmax_synthesis/vivado/xc7a100t-csg324-1/picorv32/rv32im_fast/constraints.xdc]
WARNING: [Vivado 12-2489] -period contains time 12.987013 which will be rounded to 12.987 to ensure it is an integer multiple of 1 picosecond [/net/users/oelmouden/picorv32/work/fmax_synthesis/vivado/xc7a100t-csg324-1/picorv32/rv32im_fast/constraints.xdc:1]
WARNING: [Constraints 18-619] A clock with name 'clk' already exists, overwriting the previous clock with the same name. [/net/users/oelmouden/picorv32/work/fmax_synthesis/vivado/xc7a100t-csg324-1/picorv32/rv32im_fast/constraints.xdc:1]
Finished Parsing XDC File [/net/users/oelmouden/picorv32/work/fmax_synthesis/vivado/xc7a100t-csg324-1/picorv32/rv32im_fast/constraints.xdc]
Command: synth_design -flatten_hierarchy full -part xc7a100t-csg324-1 -top picorv32_soc_top -verilog_define VIVADO
Starting synth_design
Attempting to get a license for feature 'Synthesis' and/or device 'xc7a100t'
INFO: [Common 17-349] Got license for feature 'Synthesis' and/or device 'xc7a100t'
INFO: [Synth 8-7079] Multithreading enabled for synth_design using a maximum of 7 processes.
---------------------------------------------------------------------------------
Starting RTL Elaboration : Time (s): cpu = 00:00:05 ; elapsed = 00:00:05 . Memory (MB): peak = 3570.883 ; gain = 104.977 ; free physical = 741298 ; free virtual = 764328
---------------------------------------------------------------------------------
INFO: [Synth 8-6157] synthesizing module 'picorv32_soc_top' [/net/users/oelmouden/picorv32/work/fmax_synthesis/vivado/xc7a100t-csg324-1/picorv32/rv32im_fast/rtl/picorv32_soc_top.v:5]
INFO: [Synth 8-6157] synthesizing module 'picorv32' [/net/users/oelmouden/picorv32/work/fmax_synthesis/vivado/xc7a100t-csg324-1/picorv32/rv32im_fast/rtl/picorv32.v:62]
	Parameter ENABLE_COUNTERS bound to: 1'b1 
	Parameter ENABLE_COUNTERS64 bound to: 1'b1 
	Parameter ENABLE_REGS_16_31 bound to: 1'b1 
	Parameter ENABLE_REGS_DUALPORT bound to: 1'b1 
	Parameter LATCHED_MEM_RDATA bound to: 1'b0 
	Parameter TWO_STAGE_SHIFT bound to: 1'b1 
	Parameter BARREL_SHIFTER bound to: 1'b0 
	Parameter TWO_CYCLE_COMPARE bound to: 1'b0 
	Parameter TWO_CYCLE_ALU bound to: 1'b0 
	Parameter COMPRESSED_ISA bound to: 1'b0 
	Parameter CATCH_MISALIGN bound to: 1'b1 
	Parameter CATCH_ILLINSN bound to: 1'b1 
	Parameter ENABLE_PCPI bound to: 1'b0 
	Parameter ENABLE_MUL bound to: 1'b0 
	Parameter ENABLE_FAST_MUL bound to: 1'b1 
	Parameter ENABLE_DIV bound to: 1'b1 
	Parameter ENABLE_IRQ bound to: 1'b0 
	Parameter ENABLE_IRQ_QREGS bound to: 1'b1 
	Parameter ENABLE_IRQ_TIMER bound to: 1'b1 
	Parameter ENABLE_TRACE bound to: 1'b0 
	Parameter REGS_INIT_ZERO bound to: 1'b0 
	Parameter MASKED_IRQ bound to: 0 - type: integer 
	Parameter LATCHED_IRQ bound to: -1 - type: integer 
	Parameter PROGADDR_RESET bound to: 0 - type: integer 
	Parameter PROGADDR_IRQ bound to: 16 - type: integer 
	Parameter STACKADDR bound to: -1 - type: integer 
INFO: [Synth 8-6157] synthesizing module 'picorv32_pcpi_fast_mul' [/net/users/oelmouden/picorv32/work/fmax_synthesis/vivado/xc7a100t-csg324-1/picorv32/rv32im_fast/rtl/picorv32.v:2318]
INFO: [Synth 8-155] case statement is not full and has no default [/net/users/oelmouden/picorv32/work/fmax_synthesis/vivado/xc7a100t-csg324-1/picorv32/rv32im_fast/rtl/picorv32.v:2355]
INFO: [Synth 8-6155] done synthesizing module 'picorv32_pcpi_fast_mul' (0#1) [/net/users/oelmouden/picorv32/work/fmax_synthesis/vivado/xc7a100t-csg324-1/picorv32/rv32im_fast/rtl/picorv32.v:2318]
INFO: [Synth 8-6157] synthesizing module 'picorv32_pcpi_div' [/net/users/oelmouden/picorv32/work/fmax_synthesis/vivado/xc7a100t-csg324-1/picorv32/rv32im_fast/rtl/picorv32.v:2420]
INFO: [Synth 8-155] case statement is not full and has no default [/net/users/oelmouden/picorv32/work/fmax_synthesis/vivado/xc7a100t-csg324-1/picorv32/rv32im_fast/rtl/picorv32.v:2445]
INFO: [Synth 8-6155] done synthesizing module 'picorv32_pcpi_div' (0#1) [/net/users/oelmouden/picorv32/work/fmax_synthesis/vivado/xc7a100t-csg324-1/picorv32/rv32im_fast/rtl/picorv32.v:2420]
INFO: [Synth 8-155] case statement is not full and has no default [/net/users/oelmouden/picorv32/work/fmax_synthesis/vivado/xc7a100t-csg324-1/picorv32/rv32im_fast/rtl/picorv32.v:331]
WARNING: [Synth 8-151] case item 1'b0 is unreachable [/net/users/oelmouden/picorv32/work/fmax_synthesis/vivado/xc7a100t-csg324-1/picorv32/rv32im_fast/rtl/picorv32.v:1268]
WARNING: [Synth 8-151] case item 1'b0 is unreachable [/net/users/oelmouden/picorv32/work/fmax_synthesis/vivado/xc7a100t-csg324-1/picorv32/rv32im_fast/rtl/picorv32.v:1314]
INFO: [Synth 8-155] case statement is not full and has no default [/net/users/oelmouden/picorv32/work/fmax_synthesis/vivado/xc7a100t-csg324-1/picorv32/rv32im_fast/rtl/picorv32.v:1314]
WARNING: [Synth 8-151] case item 1'b0 is unreachable [/net/users/oelmouden/picorv32/work/fmax_synthesis/vivado/xc7a100t-csg324-1/picorv32/rv32im_fast/rtl/picorv32.v:1497]
INFO: [Synth 8-155] case statement is not full and has no default [/net/users/oelmouden/picorv32/work/fmax_synthesis/vivado/xc7a100t-csg324-1/picorv32/rv32im_fast/rtl/picorv32.v:1497]
WARNING: [Synth 8-151] case item 1'b0 is unreachable [/net/users/oelmouden/picorv32/work/fmax_synthesis/vivado/xc7a100t-csg324-1/picorv32/rv32im_fast/rtl/picorv32.v:1583]
WARNING: [Synth 8-151] case item 1'b0 is unreachable [/net/users/oelmouden/picorv32/work/fmax_synthesis/vivado/xc7a100t-csg324-1/picorv32/rv32im_fast/rtl/picorv32.v:1583]
WARNING: [Synth 8-151] case item 1'b0 is unreachable [/net/users/oelmouden/picorv32/work/fmax_synthesis/vivado/xc7a100t-csg324-1/picorv32/rv32im_fast/rtl/picorv32.v:1583]
WARNING: [Synth 8-151] case item 1'b0 is unreachable [/net/users/oelmouden/picorv32/work/fmax_synthesis/vivado/xc7a100t-csg324-1/picorv32/rv32im_fast/rtl/picorv32.v:1583]
WARNING: [Synth 8-151] case item 1'b0 is unreachable [/net/users/oelmouden/picorv32/work/fmax_synthesis/vivado/xc7a100t-csg324-1/picorv32/rv32im_fast/rtl/picorv32.v:1583]
INFO: [Synth 8-6155] done synthesizing module 'picorv32' (0#1) [/net/users/oelmouden/picorv32/work/fmax_synthesis/vivado/xc7a100t-csg324-1/picorv32/rv32im_fast/rtl/picorv32.v:62]
INFO: [Synth 8-6157] synthesizing module 'picorv32_simple_ram' [/net/users/oelmouden/picorv32/work/fmax_synthesis/vivado/xc7a100t-csg324-1/picorv32/rv32im_fast/rtl/picorv32_simple_ram.v:5]
	Parameter MEM_WORDS bound to: 1024 - type: integer 
INFO: [Synth 8-6155] done synthesizing module 'picorv32_simple_ram' (0#1) [/net/users/oelmouden/picorv32/work/fmax_synthesis/vivado/xc7a100t-csg324-1/picorv32/rv32im_fast/rtl/picorv32_simple_ram.v:5]
INFO: [Synth 8-6155] done synthesizing module 'picorv32_soc_top' (0#1) [/net/users/oelmouden/picorv32/work/fmax_synthesis/vivado/xc7a100t-csg324-1/picorv32/rv32im_fast/rtl/picorv32_soc_top.v:5]
WARNING: [Synth 8-6014] Unused sequential element pcpi_insn_valid_q_reg was removed.  [/net/users/oelmouden/picorv32/work/fmax_synthesis/vivado/xc7a100t-csg324-1/picorv32/rv32im_fast/rtl/picorv32.v:2365]
WARNING: [Synth 8-6014] Unused sequential element rs1_q_reg was removed.  [/net/users/oelmouden/picorv32/work/fmax_synthesis/vivado/xc7a100t-csg324-1/picorv32/rv32im_fast/rtl/picorv32.v:2367]
WARNING: [Synth 8-6014] Unused sequential element rs2_q_reg was removed.  [/net/users/oelmouden/picorv32/work/fmax_synthesis/vivado/xc7a100t-csg324-1/picorv32/rv32im_fast/rtl/picorv32.v:2368]
WARNING: [Synth 8-6014] Unused sequential element rd_q_reg was removed.  [/net/users/oelmouden/picorv32/work/fmax_synthesis/vivado/xc7a100t-csg324-1/picorv32/rv32im_fast/rtl/picorv32.v:2374]
WARNING: [Synth 8-6014] Unused sequential element pcpi_wr_reg was removed.  [/net/users/oelmouden/picorv32/work/fmax_synthesis/vivado/xc7a100t-csg324-1/picorv32/rv32im_fast/rtl/picorv32.v:2466]
WARNING: [Synth 8-6014] Unused sequential element mem_la_firstword_reg_reg was removed.  [/net/users/oelmouden/picorv32/work/fmax_synthesis/vivado/xc7a100t-csg324-1/picorv32/rv32im_fast/rtl/picorv32.v:392]
WARNING: [Synth 8-6014] Unused sequential element last_mem_valid_reg was removed.  [/net/users/oelmouden/picorv32/work/fmax_synthesis/vivado/xc7a100t-csg324-1/picorv32/rv32im_fast/rtl/picorv32.v:393]
WARNING: [Synth 8-6014] Unused sequential element next_insn_opcode_reg was removed.  [/net/users/oelmouden/picorv32/work/fmax_synthesis/vivado/xc7a100t-csg324-1/picorv32/rv32im_fast/rtl/picorv32.v:433]
WARNING: [Synth 8-6014] Unused sequential element mem_la_secondword_reg was removed.  [/net/users/oelmouden/picorv32/work/fmax_synthesis/vivado/xc7a100t-csg324-1/picorv32/rv32im_fast/rtl/picorv32.v:571]
WARNING: [Synth 8-6014] Unused sequential element prefetched_high_word_reg was removed.  [/net/users/oelmouden/picorv32/work/fmax_synthesis/vivado/xc7a100t-csg324-1/picorv32/rv32im_fast/rtl/picorv32.v:572]
WARNING: [Synth 8-6014] Unused sequential element q_ascii_instr_reg was removed.  [/net/users/oelmouden/picorv32/work/fmax_synthesis/vivado/xc7a100t-csg324-1/picorv32/rv32im_fast/rtl/picorv32.v:779]
WARNING: [Synth 8-6014] Unused sequential element q_insn_imm_reg was removed.  [/net/users/oelmouden/picorv32/work/fmax_synthesis/vivado/xc7a100t-csg324-1/picorv32/rv32im_fast/rtl/picorv32.v:780]
WARNING: [Synth 8-6014] Unused sequential element q_insn_opcode_reg was removed.  [/net/users/oelmouden/picorv32/work/fmax_synthesis/vivado/xc7a100t-csg324-1/picorv32/rv32im_fast/rtl/picorv32.v:781]
WARNING: [Synth 8-6014] Unused sequential element q_insn_rs1_reg was removed.  [/net/users/oelmouden/picorv32/work/fmax_synthesis/vivado/xc7a100t-csg324-1/picorv32/rv32im_fast/rtl/picorv32.v:782]
WARNING: [Synth 8-6014] Unused sequential element q_insn_rs2_reg was removed.  [/net/users/oelmouden/picorv32/work/fmax_synthesis/vivado/xc7a100t-csg324-1/picorv32/rv32im_fast/rtl/picorv32.v:783]
WARNING: [Synth 8-6014] Unused sequential element q_insn_rd_reg was removed.  [/net/users/oelmouden/picorv32/work/fmax_synthesis/vivado/xc7a100t-csg324-1/picorv32/rv32im_fast/rtl/picorv32.v:784]
WARNING: [Synth 8-6014] Unused sequential element dbg_next_reg was removed.  [/net/users/oelmouden/picorv32/work/fmax_synthesis/vivado/xc7a100t-csg324-1/picorv32/rv32im_fast/rtl/picorv32.v:785]
WARNING: [Synth 8-6014] Unused sequential element dbg_valid_insn_reg was removed.  [/net/users/oelmouden/picorv32/work/fmax_synthesis/vivado/xc7a100t-csg324-1/picorv32/rv32im_fast/rtl/picorv32.v:788]
WARNING: [Synth 8-6014] Unused sequential element cached_ascii_instr_reg was removed.  [/net/users/oelmouden/picorv32/work/fmax_synthesis/vivado/xc7a100t-csg324-1/picorv32/rv32im_fast/rtl/picorv32.v:793]
WARNING: [Synth 8-6014] Unused sequential element cached_insn_imm_reg was removed.  [/net/users/oelmouden/picorv32/work/fmax_synthesis/vivado/xc7a100t-csg324-1/picorv32/rv32im_fast/rtl/picorv32.v:794]
WARNING: [Synth 8-6014] Unused sequential element cached_insn_opcode_reg was removed.  [/net/users/oelmouden/picorv32/work/fmax_synthesis/vivado/xc7a100t-csg324-1/picorv32/rv32im_fast/rtl/picorv32.v:796]
WARNING: [Synth 8-6014] Unused sequential element cached_insn_rs1_reg was removed.  [/net/users/oelmouden/picorv32/work/fmax_synthesis/vivado/xc7a100t-csg324-1/picorv32/rv32im_fast/rtl/picorv32.v:799]
WARNING: [Synth 8-6014] Unused sequential element cached_insn_rs2_reg was removed.  [/net/users/oelmouden/picorv32/work/fmax_synthesis/vivado/xc7a100t-csg324-1/picorv32/rv32im_fast/rtl/picorv32.v:800]
WARNING: [Synth 8-6014] Unused sequential element cached_insn_rd_reg was removed.  [/net/users/oelmouden/picorv32/work/fmax_synthesis/vivado/xc7a100t-csg324-1/picorv32/rv32im_fast/rtl/picorv32.v:801]
WARNING: [Synth 8-6014] Unused sequential element dbg_insn_addr_reg was removed.  [/net/users/oelmouden/picorv32/work/fmax_synthesis/vivado/xc7a100t-csg324-1/picorv32/rv32im_fast/rtl/picorv32.v:805]
WARNING: [Synth 8-6014] Unused sequential element clear_prefetched_high_word_q_reg was removed.  [/net/users/oelmouden/picorv32/work/fmax_synthesis/vivado/xc7a100t-csg324-1/picorv32/rv32im_fast/rtl/picorv32.v:1293]
WARNING: [Synth 8-6014] Unused sequential element set_mem_do_rinst_reg was removed.  [/net/users/oelmouden/picorv32/work/fmax_synthesis/vivado/xc7a100t-csg324-1/picorv32/rv32im_fast/rtl/picorv32.v:1406]
WARNING: [Synth 8-6014] Unused sequential element set_mem_do_rdata_reg was removed.  [/net/users/oelmouden/picorv32/work/fmax_synthesis/vivado/xc7a100t-csg324-1/picorv32/rv32im_fast/rtl/picorv32.v:1407]
WARNING: [Synth 8-6014] Unused sequential element set_mem_do_wdata_reg was removed.  [/net/users/oelmouden/picorv32/work/fmax_synthesis/vivado/xc7a100t-csg324-1/picorv32/rv32im_fast/rtl/picorv32.v:1408]
WARNING: [Synth 8-6014] Unused sequential element alu_out_0_q_reg was removed.  [/net/users/oelmouden/picorv32/work/fmax_synthesis/vivado/xc7a100t-csg324-1/picorv32/rv32im_fast/rtl/picorv32.v:1410]
WARNING: [Synth 8-6014] Unused sequential element alu_wait_reg was removed.  [/net/users/oelmouden/picorv32/work/fmax_synthesis/vivado/xc7a100t-csg324-1/picorv32/rv32im_fast/rtl/picorv32.v:1413]
WARNING: [Synth 8-6014] Unused sequential element alu_wait_2_reg was removed.  [/net/users/oelmouden/picorv32/work/fmax_synthesis/vivado/xc7a100t-csg324-1/picorv32/rv32im_fast/rtl/picorv32.v:1414]
WARNING: [Synth 8-6014] Unused sequential element dbg_rs1val_reg was removed.  [/net/users/oelmouden/picorv32/work/fmax_synthesis/vivado/xc7a100t-csg324-1/picorv32/rv32im_fast/rtl/picorv32.v:1417]
WARNING: [Synth 8-6014] Unused sequential element dbg_rs2val_reg was removed.  [/net/users/oelmouden/picorv32/work/fmax_synthesis/vivado/xc7a100t-csg324-1/picorv32/rv32im_fast/rtl/picorv32.v:1418]
WARNING: [Synth 8-6014] Unused sequential element dbg_rs1val_valid_reg was removed.  [/net/users/oelmouden/picorv32/work/fmax_synthesis/vivado/xc7a100t-csg324-1/picorv32/rv32im_fast/rtl/picorv32.v:1419]
WARNING: [Synth 8-6014] Unused sequential element dbg_rs2val_valid_reg was removed.  [/net/users/oelmouden/picorv32/work/fmax_synthesis/vivado/xc7a100t-csg324-1/picorv32/rv32im_fast/rtl/picorv32.v:1420]
WARNING: [Synth 8-6014] Unused sequential element next_irq_pending_reg was removed.  [/net/users/oelmouden/picorv32/work/fmax_synthesis/vivado/xc7a100t-csg324-1/picorv32/rv32im_fast/rtl/picorv32.v:1440]
WARNING: [Synth 8-6014] Unused sequential element decoder_trigger_q_reg was removed.  [/net/users/oelmouden/picorv32/work/fmax_synthesis/vivado/xc7a100t-csg324-1/picorv32/rv32im_fast/rtl/picorv32.v:1447]
WARNING: [Synth 8-6014] Unused sequential element decoder_pseudo_trigger_q_reg was removed.  [/net/users/oelmouden/picorv32/work/fmax_synthesis/vivado/xc7a100t-csg324-1/picorv32/rv32im_fast/rtl/picorv32.v:1449]
WARNING: [Synth 8-6014] Unused sequential element latched_trace_reg was removed.  [/net/users/oelmouden/picorv32/work/fmax_synthesis/vivado/xc7a100t-csg324-1/picorv32/rv32im_fast/rtl/picorv32.v:1465]
WARNING: [Synth 8-6014] Unused sequential element irq_active_reg was removed.  [/net/users/oelmouden/picorv32/work/fmax_synthesis/vivado/xc7a100t-csg324-1/picorv32/rv32im_fast/rtl/picorv32.v:1471]
WARNING: [Synth 8-6014] Unused sequential element irq_delay_reg was removed.  [/net/users/oelmouden/picorv32/work/fmax_synthesis/vivado/xc7a100t-csg324-1/picorv32/rv32im_fast/rtl/picorv32.v:1472]
WARNING: [Synth 8-6014] Unused sequential element irq_mask_reg was removed.  [/net/users/oelmouden/picorv32/work/fmax_synthesis/vivado/xc7a100t-csg324-1/picorv32/rv32im_fast/rtl/picorv32.v:1473]
WARNING: [Synth 8-6014] Unused sequential element irq_state_reg was removed.  [/net/users/oelmouden/picorv32/work/fmax_synthesis/vivado/xc7a100t-csg324-1/picorv32/rv32im_fast/rtl/picorv32.v:1475]
WARNING: [Synth 8-6014] Unused sequential element timer_reg was removed.  [/net/users/oelmouden/picorv32/work/fmax_synthesis/vivado/xc7a100t-csg324-1/picorv32/rv32im_fast/rtl/picorv32.v:1477]
WARNING: [Synth 8-6014] Unused sequential element current_pc_reg was removed.  [/net/users/oelmouden/picorv32/work/fmax_synthesis/vivado/xc7a100t-csg324-1/picorv32/rv32im_fast/rtl/picorv32.v:1495]
WARNING: [Synth 8-6014] Unused sequential element irq_pending_reg was removed.  [/net/users/oelmouden/picorv32/work/fmax_synthesis/vivado/xc7a100t-csg324-1/picorv32/rv32im_fast/rtl/picorv32.v:1963]
WARNING: [Synth 8-6014] Unused sequential element trace_valid_reg was removed.  [/net/users/oelmouden/picorv32/work/fmax_synthesis/vivado/xc7a100t-csg324-1/picorv32/rv32im_fast/rtl/picorv32.v:1452]
WARNING: [Synth 8-7129] Port pcpi_insn[24] in module picorv32_pcpi_div is either unconnected or has no load
WARNING: [Synth 8-7129] Port pcpi_insn[23] in module picorv32_pcpi_div is either unconnected or has no load
WARNING: [Synth 8-7129] Port pcpi_insn[22] in module picorv32_pcpi_div is either unconnected or has no load
WARNING: [Synth 8-7129] Port pcpi_insn[21] in module picorv32_pcpi_div is either unconnected or has no load
WARNING: [Synth 8-7129] Port pcpi_insn[20] in module picorv32_pcpi_div is either unconnected or has no load
WARNING: [Synth 8-7129] Port pcpi_insn[19] in module picorv32_pcpi_div is either unconnected or has no load
WARNING: [Synth 8-7129] Port pcpi_insn[18] in module picorv32_pcpi_div is either unconnected or has no load
WARNING: [Synth 8-7129] Port pcpi_insn[17] in module picorv32_pcpi_div is either unconnected or has no load
WARNING: [Synth 8-7129] Port pcpi_insn[16] in module picorv32_pcpi_div is either unconnected or has no load
WARNING: [Synth 8-7129] Port pcpi_insn[15] in module picorv32_pcpi_div is either unconnected or has no load
WARNING: [Synth 8-7129] Port pcpi_insn[11] in module picorv32_pcpi_div is either unconnected or has no load
WARNING: [Synth 8-7129] Port pcpi_insn[10] in module picorv32_pcpi_div is either unconnected or has no load
WARNING: [Synth 8-7129] Port pcpi_insn[9] in module picorv32_pcpi_div is either unconnected or has no load
WARNING: [Synth 8-7129] Port pcpi_insn[8] in module picorv32_pcpi_div is either unconnected or has no load
WARNING: [Synth 8-7129] Port pcpi_insn[7] in module picorv32_pcpi_div is either unconnected or has no load
WARNING: [Synth 8-7129] Port pcpi_insn[24] in module picorv32_pcpi_fast_mul is either unconnected or has no load
WARNING: [Synth 8-7129] Port pcpi_insn[23] in module picorv32_pcpi_fast_mul is either unconnected or has no load
WARNING: [Synth 8-7129] Port pcpi_insn[22] in module picorv32_pcpi_fast_mul is either unconnected or has no load
WARNING: [Synth 8-7129] Port pcpi_insn[21] in module picorv32_pcpi_fast_mul is either unconnected or has no load
WARNING: [Synth 8-7129] Port pcpi_insn[20] in module picorv32_pcpi_fast_mul is either unconnected or has no load
WARNING: [Synth 8-7129] Port pcpi_insn[19] in module picorv32_pcpi_fast_mul is either unconnected or has no load
WARNING: [Synth 8-7129] Port pcpi_insn[18] in module picorv32_pcpi_fast_mul is either unconnected or has no load
WARNING: [Synth 8-7129] Port pcpi_insn[17] in module picorv32_pcpi_fast_mul is either unconnected or has no load
WARNING: [Synth 8-7129] Port pcpi_insn[16] in module picorv32_pcpi_fast_mul is either unconnected or has no load
WARNING: [Synth 8-7129] Port pcpi_insn[15] in module picorv32_pcpi_fast_mul is either unconnected or has no load
WARNING: [Synth 8-7129] Port pcpi_insn[11] in module picorv32_pcpi_fast_mul is either unconnected or has no load
WARNING: [Synth 8-7129] Port pcpi_insn[10] in module picorv32_pcpi_fast_mul is either unconnected or has no load
WARNING: [Synth 8-7129] Port pcpi_insn[9] in module picorv32_pcpi_fast_mul is either unconnected or has no load
WARNING: [Synth 8-7129] Port pcpi_insn[8] in module picorv32_pcpi_fast_mul is either unconnected or has no load
WARNING: [Synth 8-7129] Port pcpi_insn[7] in module picorv32_pcpi_fast_mul is either unconnected or has no load
WARNING: [Synth 8-7129] Port pcpi_wr in module picorv32 is either unconnected or has no load
WARNING: [Synth 8-7129] Port pcpi_rd[31] in module picorv32 is either unconnected or has no load
WARNING: [Synth 8-7129] Port pcpi_rd[30] in module picorv32 is either unconnected or has no load
WARNING: [Synth 8-7129] Port pcpi_rd[29] in module picorv32 is either unconnected or has no load
WARNING: [Synth 8-7129] Port pcpi_rd[28] in module picorv32 is either unconnected or has no load
WARNING: [Synth 8-7129] Port pcpi_rd[27] in module picorv32 is either unconnected or has no load
WARNING: [Synth 8-7129] Port pcpi_rd[26] in module picorv32 is either unconnected or has no load
WARNING: [Synth 8-7129] Port pcpi_rd[25] in module picorv32 is either unconnected or has no load
WARNING: [Synth 8-7129] Port pcpi_rd[24] in module picorv32 is either unconnected or has no load
WARNING: [Synth 8-7129] Port pcpi_rd[23] in module picorv32 is either unconnected or has no load
WARNING: [Synth 8-7129] Port pcpi_rd[22] in module picorv32 is either unconnected or has no load
WARNING: [Synth 8-7129] Port pcpi_rd[21] in module picorv32 is either unconnected or has no load
WARNING: [Synth 8-7129] Port pcpi_rd[20] in module picorv32 is either unconnected or has no load
WARNING: [Synth 8-7129] Port pcpi_rd[19] in module picorv32 is either unconnected or has no load
WARNING: [Synth 8-7129] Port pcpi_rd[18] in module picorv32 is either unconnected or has no load
WARNING: [Synth 8-7129] Port pcpi_rd[17] in module picorv32 is either unconnected or has no load
WARNING: [Synth 8-7129] Port pcpi_rd[16] in module picorv32 is either unconnected or has no load
WARNING: [Synth 8-7129] Port pcpi_rd[15] in module picorv32 is either unconnected or has no load
WARNING: [Synth 8-7129] Port pcpi_rd[14] in module picorv32 is either unconnected or has no load
WARNING: [Synth 8-7129] Port pcpi_rd[13] in module picorv32 is either unconnected or has no load
WARNING: [Synth 8-7129] Port pcpi_rd[12] in module picorv32 is either unconnected or has no load
WARNING: [Synth 8-7129] Port pcpi_rd[11] in module picorv32 is either unconnected or has no load
WARNING: [Synth 8-7129] Port pcpi_rd[10] in module picorv32 is either unconnected or has no load
WARNING: [Synth 8-7129] Port pcpi_rd[9] in module picorv32 is either unconnected or has no load
WARNING: [Synth 8-7129] Port pcpi_rd[8] in module picorv32 is either unconnected or has no load
WARNING: [Synth 8-7129] Port pcpi_rd[7] in module picorv32 is either unconnected or has no load
WARNING: [Synth 8-7129] Port pcpi_rd[6] in module picorv32 is either unconnected or has no load
WARNING: [Synth 8-7129] Port pcpi_rd[5] in module picorv32 is either unconnected or has no load
WARNING: [Synth 8-7129] Port pcpi_rd[4] in module picorv32 is either unconnected or has no load
WARNING: [Synth 8-7129] Port pcpi_rd[3] in module picorv32 is either unconnected or has no load
WARNING: [Synth 8-7129] Port pcpi_rd[2] in module picorv32 is either unconnected or has no load
WARNING: [Synth 8-7129] Port pcpi_rd[1] in module picorv32 is either unconnected or has no load
WARNING: [Synth 8-7129] Port pcpi_rd[0] in module picorv32 is either unconnected or has no load
WARNING: [Synth 8-7129] Port pcpi_wait in module picorv32 is either unconnected or has no load
WARNING: [Synth 8-7129] Port pcpi_ready in module picorv32 is either unconnected or has no load
WARNING: [Synth 8-7129] Port irq[31] in module picorv32 is either unconnected or has no load
WARNING: [Synth 8-7129] Port irq[30] in module picorv32 is either unconnected or has no load
WARNING: [Synth 8-7129] Port irq[29] in module picorv32 is either unconnected or has no load
WARNING: [Synth 8-7129] Port irq[28] in module picorv32 is either unconnected or has no load
WARNING: [Synth 8-7129] Port irq[27] in module picorv32 is either unconnected or has no load
WARNING: [Synth 8-7129] Port irq[26] in module picorv32 is either unconnected or has no load
WARNING: [Synth 8-7129] Port irq[25] in module picorv32 is either unconnected or has no load
WARNING: [Synth 8-7129] Port irq[24] in module picorv32 is either unconnected or has no load
WARNING: [Synth 8-7129] Port irq[23] in module picorv32 is either unconnected or has no load
WARNING: [Synth 8-7129] Port irq[22] in module picorv32 is either unconnected or has no load
WARNING: [Synth 8-7129] Port irq[21] in module picorv32 is either unconnected or has no load
WARNING: [Synth 8-7129] Port irq[20] in module picorv32 is either unconnected or has no load
WARNING: [Synth 8-7129] Port irq[19] in module picorv32 is either unconnected or has no load
WARNING: [Synth 8-7129] Port irq[18] in module picorv32 is either unconnected or has no load
WARNING: [Synth 8-7129] Port irq[17] in module picorv32 is either unconnected or has no load
WARNING: [Synth 8-7129] Port irq[16] in module picorv32 is either unconnected or has no load
WARNING: [Synth 8-7129] Port irq[15] in module picorv32 is either unconnected or has no load
WARNING: [Synth 8-7129] Port irq[14] in module picorv32 is either unconnected or has no load
WARNING: [Synth 8-7129] Port irq[13] in module picorv32 is either unconnected or has no load
WARNING: [Synth 8-7129] Port irq[12] in module picorv32 is either unconnected or has no load
WARNING: [Synth 8-7129] Port irq[11] in module picorv32 is either unconnected or has no load
WARNING: [Synth 8-7129] Port irq[10] in module picorv32 is either unconnected or has no load
WARNING: [Synth 8-7129] Port irq[9] in module picorv32 is either unconnected or has no load
WARNING: [Synth 8-7129] Port irq[8] in module picorv32 is either unconnected or has no load
WARNING: [Synth 8-7129] Port irq[7] in module picorv32 is either unconnected or has no load
WARNING: [Synth 8-7129] Port irq[6] in module picorv32 is either unconnected or has no load
WARNING: [Synth 8-7129] Port irq[5] in module picorv32 is either unconnected or has no load
WARNING: [Synth 8-7129] Port irq[4] in module picorv32 is either unconnected or has no load
WARNING: [Synth 8-7129] Port irq[3] in module picorv32 is either unconnected or has no load
WARNING: [Synth 8-7129] Port irq[2] in module picorv32 is either unconnected or has no load
WARNING: [Synth 8-7129] Port irq[1] in module picorv32 is either unconnected or has no load
WARNING: [Synth 8-7129] Port irq[0] in module picorv32 is either unconnected or has no load
---------------------------------------------------------------------------------
Finished RTL Elaboration : Time (s): cpu = 00:00:07 ; elapsed = 00:00:07 . Memory (MB): peak = 3658.820 ; gain = 192.914 ; free physical = 741205 ; free virtual = 764235
---------------------------------------------------------------------------------
---------------------------------------------------------------------------------
Start Handling Custom Attributes
---------------------------------------------------------------------------------
---------------------------------------------------------------------------------
Finished Handling Custom Attributes : Time (s): cpu = 00:00:07 ; elapsed = 00:00:07 . Memory (MB): peak = 3667.727 ; gain = 201.820 ; free physical = 741198 ; free virtual = 764228
---------------------------------------------------------------------------------
---------------------------------------------------------------------------------
Finished RTL Optimization Phase 1 : Time (s): cpu = 00:00:07 ; elapsed = 00:00:07 . Memory (MB): peak = 3667.727 ; gain = 201.820 ; free physical = 741198 ; free virtual = 764228
---------------------------------------------------------------------------------
Netlist sorting complete. Time (s): cpu = 00:00:00.02 ; elapsed = 00:00:00.02 . Memory (MB): peak = 3667.727 ; gain = 0.000 ; free physical = 741198 ; free virtual = 764228
INFO: [Project 1-570] Preparing netlist for logic optimization

Processing XDC Constraints
Initializing timing engine
Parsing XDC File [/net/users/oelmouden/picorv32/work/fmax_synthesis/vivado/xc7a100t-csg324-1/picorv32/rv32im_fast/constraints.xdc]
WARNING: [Vivado 12-2489] -period contains time 12.987013 which will be rounded to 12.987 to ensure it is an integer multiple of 1 picosecond [/net/users/oelmouden/picorv32/work/fmax_synthesis/vivado/xc7a100t-csg324-1/picorv32/rv32im_fast/constraints.xdc:1]
Finished Parsing XDC File [/net/users/oelmouden/picorv32/work/fmax_synthesis/vivado/xc7a100t-csg324-1/picorv32/rv32im_fast/constraints.xdc]
Completed Processing XDC Constraints

Netlist sorting complete. Time (s): cpu = 00:00:00 ; elapsed = 00:00:00 . Memory (MB): peak = 3750.445 ; gain = 0.000 ; free physical = 741172 ; free virtual = 764202
INFO: [Project 1-111] Unisim Transformation Summary:
No Unisim elements were transformed.

Constraint Validation Runtime : Time (s): cpu = 00:00:00.05 ; elapsed = 00:00:00.02 . Memory (MB): peak = 3750.445 ; gain = 0.000 ; free physical = 741172 ; free virtual = 764202
---------------------------------------------------------------------------------
Finished Constraint Validation : Time (s): cpu = 00:00:13 ; elapsed = 00:00:14 . Memory (MB): peak = 3750.445 ; gain = 284.539 ; free physical = 741171 ; free virtual = 764201
---------------------------------------------------------------------------------
---------------------------------------------------------------------------------
Start Loading Part and Timing Information
---------------------------------------------------------------------------------
Loading part: xc7a100tcsg324-1
---------------------------------------------------------------------------------
Finished Loading Part and Timing Information : Time (s): cpu = 00:00:13 ; elapsed = 00:00:14 . Memory (MB): peak = 3750.445 ; gain = 284.539 ; free physical = 741171 ; free virtual = 764201
---------------------------------------------------------------------------------
---------------------------------------------------------------------------------
Start Applying 'set_property' XDC Constraints
---------------------------------------------------------------------------------
---------------------------------------------------------------------------------
Finished applying 'set_property' XDC Constraints : Time (s): cpu = 00:00:13 ; elapsed = 00:00:14 . Memory (MB): peak = 3750.445 ; gain = 284.539 ; free physical = 741171 ; free virtual = 764201
---------------------------------------------------------------------------------
INFO: [Synth 8-802] inferred FSM for state register 'mem_state_reg' in module 'picorv32'
---------------------------------------------------------------------------------------------------
                   State |                     New Encoding |                Previous Encoding 
---------------------------------------------------------------------------------------------------
                 iSTATE2 |                               00 |                               00
                 iSTATE0 |                               01 |                               10
                  iSTATE |                               10 |                               01
                 iSTATE1 |                               11 |                               11
---------------------------------------------------------------------------------------------------
INFO: [Synth 8-3354] encoded FSM with state register 'mem_state_reg' using encoding 'sequential' in module 'picorv32'
---------------------------------------------------------------------------------
Finished RTL Optimization Phase 2 : Time (s): cpu = 00:00:14 ; elapsed = 00:00:15 . Memory (MB): peak = 3750.445 ; gain = 284.539 ; free physical = 741171 ; free virtual = 764201
---------------------------------------------------------------------------------
---------------------------------------------------------------------------------
Start RTL Component Statistics 
---------------------------------------------------------------------------------
Detailed RTL Component Info : 
+---Adders : 
	   2 Input   63 Bit       Adders := 1     
	   2 Input   32 Bit       Adders := 7     
	   3 Input   32 Bit       Adders := 1     
	   2 Input    5 Bit       Adders := 1     
	   2 Input    4 Bit       Adders := 1     
+---XORs : 
	   2 Input     32 Bit         XORs := 1     
+---Registers : 
	               64 Bit    Registers := 1     
	               63 Bit    Registers := 1     
	               36 Bit    Registers := 1     
	               33 Bit    Registers := 2     
	               32 Bit    Registers := 18    
	                8 Bit    Registers := 1     
	                5 Bit    Registers := 6     
	                4 Bit    Registers := 3     
	                2 Bit    Registers := 1     
	                1 Bit    Registers := 89    
+---Multipliers : 
	              33x33  Multipliers := 1     
+---RAMs : 
	              32K Bit	(1024 X 32 bit)          RAMs := 1     
	             1024 Bit	(32 X 32 bit)          RAMs := 1     
+---Muxes : 
	   2 Input   63 Bit        Muxes := 2     
	   2 Input   33 Bit        Muxes := 2     
	   2 Input   32 Bit        Muxes := 33    
	   3 Input   32 Bit        Muxes := 3     
	   5 Input   32 Bit        Muxes := 1     
	   6 Input   32 Bit        Muxes := 1     
	   4 Input   32 Bit        Muxes := 7     
	   2 Input   16 Bit        Muxes := 1     
	   4 Input    8 Bit        Muxes := 2     
	   2 Input    8 Bit        Muxes := 3     
	   5 Input    4 Bit        Muxes := 1     
	   2 Input    4 Bit        Muxes := 1     
	   4 Input    4 Bit        Muxes := 1     
	   3 Input    4 Bit        Muxes := 1     
	   2 Input    3 Bit        Muxes := 3     
	   4 Input    2 Bit        Muxes := 1     
	   2 Input    2 Bit        Muxes := 2     
	   2 Input    1 Bit        Muxes := 32    
	   4 Input    1 Bit        Muxes := 18    
	   3 Input    1 Bit        Muxes := 4     
	   7 Input    1 Bit        Muxes := 4     
---------------------------------------------------------------------------------
Finished RTL Component Statistics 
---------------------------------------------------------------------------------
---------------------------------------------------------------------------------
Start Part Resource Summary
---------------------------------------------------------------------------------
Part Resources:
DSPs: 240 (col length:80)
BRAMs: 270 (col length: RAMB18 80 RAMB36 40)
---------------------------------------------------------------------------------
Finished Part Resource Summary
---------------------------------------------------------------------------------
---------------------------------------------------------------------------------
Start Cross Boundary and Area Optimization
---------------------------------------------------------------------------------
WARNING: [Synth 8-7080] Parallel synthesis criteria is not met
DSP Report: Generating DSP rd0, operation Mode is: A2*B2.
DSP Report: register rs1_reg is absorbed into DSP rd0.
DSP Report: register rd0 is absorbed into DSP rd0.
DSP Report: operator rd0 is absorbed into DSP rd0.
DSP Report: operator rd0 is absorbed into DSP rd0.
DSP Report: Generating DSP rd_reg, operation Mode is: (PCIN>>17)+A2*B2.
DSP Report: register rs2_reg is absorbed into DSP rd_reg.
DSP Report: register rs1_reg is absorbed into DSP rd_reg.
DSP Report: register rd_reg is absorbed into DSP rd_reg.
DSP Report: operator rd0 is absorbed into DSP rd_reg.
DSP Report: operator rd0 is absorbed into DSP rd_reg.
DSP Report: Generating DSP rd0, operation Mode is: A2*B2.
DSP Report: register rd0 is absorbed into DSP rd0.
DSP Report: register rd0 is absorbed into DSP rd0.
DSP Report: operator rd0 is absorbed into DSP rd0.
DSP Report: operator rd0 is absorbed into DSP rd0.
DSP Report: Generating DSP rd_reg, operation Mode is: (PCIN>>17)+A2*B2.
DSP Report: register rs2_reg is absorbed into DSP rd_reg.
DSP Report: register rd_reg is absorbed into DSP rd_reg.
DSP Report: register rd_reg is absorbed into DSP rd_reg.
DSP Report: operator rd0 is absorbed into DSP rd_reg.
DSP Report: operator rd0 is absorbed into DSP rd_reg.
WARNING: [Synth 8-7129] Port pcpi_wr in module picorv32 is either unconnected or has no load
WARNING: [Synth 8-7129] Port pcpi_rd[31] in module picorv32 is either unconnected or has no load
WARNING: [Synth 8-7129] Port pcpi_rd[30] in module picorv32 is either unconnected or has no load
INFO: [Common 17-14] Message 'Synth 8-7129' appears 100 times and further instances of the messages will be disabled. Use the Tcl command set_msg_config to change the current settings.
WARNING: [Synth 8-3332] Sequential element (rd_reg[47]) is unused and will be removed from module picorv32_pcpi_fast_mul.
WARNING: [Synth 8-3332] Sequential element (rd_reg[46]) is unused and will be removed from module picorv32_pcpi_fast_mul.
WARNING: [Synth 8-3332] Sequential element (rd_reg[45]) is unused and will be removed from module picorv32_pcpi_fast_mul.
WARNING: [Synth 8-3332] Sequential element (rd_reg[44]) is unused and will be removed from module picorv32_pcpi_fast_mul.
WARNING: [Synth 8-3332] Sequential element (rd_reg[43]) is unused and will be removed from module picorv32_pcpi_fast_mul.
WARNING: [Synth 8-3332] Sequential element (rd_reg[42]) is unused and will be removed from module picorv32_pcpi_fast_mul.
WARNING: [Synth 8-3332] Sequential element (rd_reg[41]) is unused and will be removed from module picorv32_pcpi_fast_mul.
WARNING: [Synth 8-3332] Sequential element (rd_reg[40]) is unused and will be removed from module picorv32_pcpi_fast_mul.
WARNING: [Synth 8-3332] Sequential element (rd_reg[39]) is unused and will be removed from module picorv32_pcpi_fast_mul.
WARNING: [Synth 8-3332] Sequential element (rd_reg[38]) is unused and will be removed from module picorv32_pcpi_fast_mul.
WARNING: [Synth 8-3332] Sequential element (rd_reg[37]) is unused and will be removed from module picorv32_pcpi_fast_mul.
WARNING: [Synth 8-3332] Sequential element (rd_reg[36]) is unused and will be removed from module picorv32_pcpi_fast_mul.
WARNING: [Synth 8-3332] Sequential element (rd_reg[35]) is unused and will be removed from module picorv32_pcpi_fast_mul.
WARNING: [Synth 8-3332] Sequential element (rd_reg[34]) is unused and will be removed from module picorv32_pcpi_fast_mul.
WARNING: [Synth 8-3332] Sequential element (rd_reg[33]) is unused and will be removed from module picorv32_pcpi_fast_mul.
WARNING: [Synth 8-3332] Sequential element (rd_reg[32]) is unused and will be removed from module picorv32_pcpi_fast_mul.
WARNING: [Synth 8-3332] Sequential element (rd_reg[31]) is unused and will be removed from module picorv32_pcpi_fast_mul.
WARNING: [Synth 8-3332] Sequential element (rd_reg[30]) is unused and will be removed from module picorv32_pcpi_fast_mul.
WARNING: [Synth 8-3332] Sequential element (rd_reg[29]) is unused and will be removed from module picorv32_pcpi_fast_mul.
WARNING: [Synth 8-3332] Sequential element (rd_reg[28]) is unused and will be removed from module picorv32_pcpi_fast_mul.
WARNING: [Synth 8-3332] Sequential element (rd_reg[27]) is unused and will be removed from module picorv32_pcpi_fast_mul.
WARNING: [Synth 8-3332] Sequential element (rd_reg[26]) is unused and will be removed from module picorv32_pcpi_fast_mul.
WARNING: [Synth 8-3332] Sequential element (rd_reg[25]) is unused and will be removed from module picorv32_pcpi_fast_mul.
WARNING: [Synth 8-3332] Sequential element (rd_reg[24]) is unused and will be removed from module picorv32_pcpi_fast_mul.
WARNING: [Synth 8-3332] Sequential element (rd_reg[23]) is unused and will be removed from module picorv32_pcpi_fast_mul.
WARNING: [Synth 8-3332] Sequential element (rd_reg[22]) is unused and will be removed from module picorv32_pcpi_fast_mul.
WARNING: [Synth 8-3332] Sequential element (rd_reg[21]) is unused and will be removed from module picorv32_pcpi_fast_mul.
WARNING: [Synth 8-3332] Sequential element (rd_reg[20]) is unused and will be removed from module picorv32_pcpi_fast_mul.
WARNING: [Synth 8-3332] Sequential element (rd_reg[19]) is unused and will be removed from module picorv32_pcpi_fast_mul.
WARNING: [Synth 8-3332] Sequential element (rd_reg[18]) is unused and will be removed from module picorv32_pcpi_fast_mul.
WARNING: [Synth 8-3332] Sequential element (rd_reg[17]) is unused and will be removed from module picorv32_pcpi_fast_mul.
WARNING: [Synth 8-3332] Sequential element (rd_reg[47]__0) is unused and will be removed from module picorv32_pcpi_fast_mul.
WARNING: [Synth 8-3332] Sequential element (rd_reg[46]__0) is unused and will be removed from module picorv32_pcpi_fast_mul.
WARNING: [Synth 8-3332] Sequential element (rd_reg[45]__0) is unused and will be removed from module picorv32_pcpi_fast_mul.
WARNING: [Synth 8-3332] Sequential element (rd_reg[44]__0) is unused and will be removed from module picorv32_pcpi_fast_mul.
WARNING: [Synth 8-3332] Sequential element (rd_reg[43]__0) is unused and will be removed from module picorv32_pcpi_fast_mul.
WARNING: [Synth 8-3332] Sequential element (rd_reg[42]__0) is unused and will be removed from module picorv32_pcpi_fast_mul.
WARNING: [Synth 8-3332] Sequential element (rd_reg[41]__0) is unused and will be removed from module picorv32_pcpi_fast_mul.
WARNING: [Synth 8-3332] Sequential element (rd_reg[40]__0) is unused and will be removed from module picorv32_pcpi_fast_mul.
WARNING: [Synth 8-3332] Sequential element (rd_reg[39]__0) is unused and will be removed from module picorv32_pcpi_fast_mul.
WARNING: [Synth 8-3332] Sequential element (rd_reg[38]__0) is unused and will be removed from module picorv32_pcpi_fast_mul.
WARNING: [Synth 8-3332] Sequential element (rd_reg[37]__0) is unused and will be removed from module picorv32_pcpi_fast_mul.
WARNING: [Synth 8-3332] Sequential element (rd_reg[36]__0) is unused and will be removed from module picorv32_pcpi_fast_mul.
WARNING: [Synth 8-3332] Sequential element (rd_reg[35]__0) is unused and will be removed from module picorv32_pcpi_fast_mul.
WARNING: [Synth 8-3332] Sequential element (rd_reg[34]__0) is unused and will be removed from module picorv32_pcpi_fast_mul.
WARNING: [Synth 8-3332] Sequential element (rd_reg[33]__0) is unused and will be removed from module picorv32_pcpi_fast_mul.
WARNING: [Synth 8-3332] Sequential element (rd_reg[32]__0) is unused and will be removed from module picorv32_pcpi_fast_mul.
WARNING: [Synth 8-3332] Sequential element (rd_reg[31]__0) is unused and will be removed from module picorv32_pcpi_fast_mul.
WARNING: [Synth 8-3332] Sequential element (rd_reg[30]__0) is unused and will be removed from module picorv32_pcpi_fast_mul.
WARNING: [Synth 8-3332] Sequential element (rd_reg[29]__0) is unused and will be removed from module picorv32_pcpi_fast_mul.
WARNING: [Synth 8-3332] Sequential element (rd_reg[28]__0) is unused and will be removed from module picorv32_pcpi_fast_mul.
WARNING: [Synth 8-3332] Sequential element (rd_reg[27]__0) is unused and will be removed from module picorv32_pcpi_fast_mul.
WARNING: [Synth 8-3332] Sequential element (rd_reg[26]__0) is unused and will be removed from module picorv32_pcpi_fast_mul.
WARNING: [Synth 8-3332] Sequential element (rd_reg[25]__0) is unused and will be removed from module picorv32_pcpi_fast_mul.
WARNING: [Synth 8-3332] Sequential element (rd_reg[24]__0) is unused and will be removed from module picorv32_pcpi_fast_mul.
WARNING: [Synth 8-3332] Sequential element (rd_reg[23]__0) is unused and will be removed from module picorv32_pcpi_fast_mul.
WARNING: [Synth 8-3332] Sequential element (rd_reg[22]__0) is unused and will be removed from module picorv32_pcpi_fast_mul.
WARNING: [Synth 8-3332] Sequential element (rd_reg[21]__0) is unused and will be removed from module picorv32_pcpi_fast_mul.
WARNING: [Synth 8-3332] Sequential element (rd_reg[20]__0) is unused and will be removed from module picorv32_pcpi_fast_mul.
WARNING: [Synth 8-3332] Sequential element (rd_reg[19]__0) is unused and will be removed from module picorv32_pcpi_fast_mul.
WARNING: [Synth 8-3332] Sequential element (rd_reg[18]__0) is unused and will be removed from module picorv32_pcpi_fast_mul.
WARNING: [Synth 8-3332] Sequential element (rd_reg[17]__0) is unused and will be removed from module picorv32_pcpi_fast_mul.
---------------------------------------------------------------------------------
Finished Cross Boundary and Area Optimization : Time (s): cpu = 00:00:20 ; elapsed = 00:00:22 . Memory (MB): peak = 3750.445 ; gain = 284.539 ; free physical = 741158 ; free virtual = 764188
---------------------------------------------------------------------------------
 Sort Area is  rd0_0 : 0 0 : 2737 5129 : Used 1 time 0
 Sort Area is  rd0_0 : 0 1 : 2392 5129 : Used 1 time 0
 Sort Area is  rd0_3 : 0 0 : 2338 4501 : Used 1 time 0
 Sort Area is  rd0_3 : 0 1 : 2163 4501 : Used 1 time 0
---------------------------------------------------------------------------------
Start ROM, RAM, DSP, Shift Register and Retiming Reporting
---------------------------------------------------------------------------------

Block RAM: Preliminary Mapping Report (see note below)
+-----------------+----------------+------------------------+---+---+------------------------+---+---+------------------+--------+--------+
|Module Name      | RTL Object     | PORT A (Depth x Width) | W | R | PORT B (Depth x Width) | W | R | Ports driving FF | RAMB18 | RAMB36 | 
+-----------------+----------------+------------------------+---+---+------------------------+---+---+------------------+--------+--------+
|picorv32_soc_top | ram/memory_reg | 1 K x 32(READ_FIRST)   | W |   | 1 K x 32(WRITE_FIRST)  |   | R | Port A and B     | 0      | 1      | 
+-----------------+----------------+------------------------+---+---+------------------------+---+---+------------------+--------+--------+

Note: The table above is a preliminary report that shows the Block RAMs at the current stage of the synthesis flow. Some Block RAMs may be reimplemented as non Block RAM primitives later in the synthesis flow. Multiple instantiated Block RAMs are reported only once. 

Distributed RAM: Preliminary Mapping Report (see note below)
+------------+-------------+-----------+----------------------+--------------+
|Module Name | RTL Object  | Inference | Size (Depth x Width) | Primitives   | 
+------------+-------------+-----------+----------------------+--------------+
|cpu         | cpuregs_reg | Implied   | 32 x 32              | RAM32M x 12  | 
+------------+-------------+-----------+----------------------+--------------+

Note: The table above is a preliminary report that shows the Distributed RAMs at the current stage of the synthesis flow. Some Distributed RAMs may be reimplemented as non Distributed RAM primitives later in the synthesis flow. Multiple instantiated RAMs are reported only once.

DSP: Preliminary Mapping Report (see note below. The ' indicates corresponding REG is set)
+-----------------------+------------------+--------+--------+--------+--------+--------+------+------+------+------+-------+------+------+
|Module Name            | DSP Mapping      | A Size | B Size | C Size | D Size | P Size | AREG | BREG | CREG | DREG | ADREG | MREG | PREG | 
+-----------------------+------------------+--------+--------+--------+--------+--------+------+------+------+------+-------+------+------+
|picorv32_pcpi_fast_mul | A2*B2            | 18     | 16     | -      | -      | 48     | 1    | 1    | -    | -    | -     | 0    | 0    | 
|picorv32_pcpi_fast_mul | (PCIN>>17)+A2*B2 | 16     | 16     | -      | -      | 48     | 1    | 1    | -    | -    | -     | 0    | 1    | 
|picorv32_pcpi_fast_mul | A2*B2            | 18     | 18     | -      | -      | 48     | 1    | 1    | -    | -    | -     | 0    | 0    | 
|picorv32_pcpi_fast_mul | (PCIN>>17)+A2*B2 | 18     | 16     | -      | -      | 48     | 1    | 1    | -    | -    | -     | 0    | 1    | 
+-----------------------+------------------+--------+--------+--------+--------+--------+------+------+------+------+-------+------+------+

Note: The table above is a preliminary report that shows the DSPs inferred at the current stage of the synthesis flow. Some DSP may be reimplemented as non DSP primitives later in the synthesis flow. Multiple instantiated DSPs are reported only once.
---------------------------------------------------------------------------------
Finished ROM, RAM, DSP, Shift Register and Retiming Reporting
---------------------------------------------------------------------------------
---------------------------------------------------------------------------------
Start Applying XDC Timing Constraints
---------------------------------------------------------------------------------
---------------------------------------------------------------------------------
Finished Applying XDC Timing Constraints : Time (s): cpu = 00:00:22 ; elapsed = 00:00:24 . Memory (MB): peak = 3750.445 ; gain = 284.539 ; free physical = 741158 ; free virtual = 764188
---------------------------------------------------------------------------------
---------------------------------------------------------------------------------
Start Timing Optimization
---------------------------------------------------------------------------------
---------------------------------------------------------------------------------
Finished Timing Optimization : Time (s): cpu = 00:00:23 ; elapsed = 00:00:24 . Memory (MB): peak = 3750.445 ; gain = 284.539 ; free physical = 741158 ; free virtual = 764188
---------------------------------------------------------------------------------
---------------------------------------------------------------------------------
Start ROM, RAM, DSP, Shift Register and Retiming Reporting
---------------------------------------------------------------------------------

Block RAM: Final Mapping Report
+-----------------+----------------+------------------------+---+---+------------------------+---+---+------------------+--------+--------+
|Module Name      | RTL Object     | PORT A (Depth x Width) | W | R | PORT B (Depth x Width) | W | R | Ports driving FF | RAMB18 | RAMB36 | 
+-----------------+----------------+------------------------+---+---+------------------------+---+---+------------------+--------+--------+
|picorv32_soc_top | ram/memory_reg | 1 K x 32(READ_FIRST)   | W |   | 1 K x 32(WRITE_FIRST)  |   | R | Port A and B     | 0      | 1      | 
+-----------------+----------------+------------------------+---+---+------------------------+---+---+------------------+--------+--------+


Distributed RAM: Final Mapping Report
+------------+-------------+-----------+----------------------+--------------+
|Module Name | RTL Object  | Inference | Size (Depth x Width) | Primitives   | 
+------------+-------------+-----------+----------------------+--------------+
|cpu         | cpuregs_reg | Implied   | 32 x 32              | RAM32M x 12  | 
+------------+-------------+-----------+----------------------+--------------+

---------------------------------------------------------------------------------
Finished ROM, RAM, DSP, Shift Register and Retiming Reporting
---------------------------------------------------------------------------------
---------------------------------------------------------------------------------
Start Technology Mapping
---------------------------------------------------------------------------------
INFO: [Synth 8-7052] The timing for the instance ram/memory_reg (implemented as a Block RAM) might be sub-optimal as no optional output register could be merged into the ram block. Providing additional output register may help in improving timing.
---------------------------------------------------------------------------------
Finished Technology Mapping : Time (s): cpu = 00:00:24 ; elapsed = 00:00:25 . Memory (MB): peak = 3750.445 ; gain = 284.539 ; free physical = 741157 ; free virtual = 764188
---------------------------------------------------------------------------------
---------------------------------------------------------------------------------
Start IO Insertion
---------------------------------------------------------------------------------
---------------------------------------------------------------------------------
Start Flattening Before IO Insertion
---------------------------------------------------------------------------------
---------------------------------------------------------------------------------
Finished Flattening Before IO Insertion
---------------------------------------------------------------------------------
---------------------------------------------------------------------------------
Start Final Netlist Cleanup
---------------------------------------------------------------------------------
---------------------------------------------------------------------------------
Finished Final Netlist Cleanup
---------------------------------------------------------------------------------
---------------------------------------------------------------------------------
Finished IO Insertion : Time (s): cpu = 00:00:27 ; elapsed = 00:00:29 . Memory (MB): peak = 3750.445 ; gain = 284.539 ; free physical = 741158 ; free virtual = 764188
---------------------------------------------------------------------------------
---------------------------------------------------------------------------------
Start Renaming Generated Instances
---------------------------------------------------------------------------------
---------------------------------------------------------------------------------
Finished Renaming Generated Instances : Time (s): cpu = 00:00:27 ; elapsed = 00:00:29 . Memory (MB): peak = 3750.445 ; gain = 284.539 ; free physical = 741158 ; free virtual = 764188
---------------------------------------------------------------------------------
---------------------------------------------------------------------------------
Start Handling Custom Attributes
---------------------------------------------------------------------------------
---------------------------------------------------------------------------------
Finished Handling Custom Attributes : Time (s): cpu = 00:00:27 ; elapsed = 00:00:29 . Memory (MB): peak = 3750.445 ; gain = 284.539 ; free physical = 741158 ; free virtual = 764188
---------------------------------------------------------------------------------
---------------------------------------------------------------------------------
Start Writing Synthesis Report
---------------------------------------------------------------------------------

DSP Final Report (the ' indicates corresponding REG is set)
+-----------------------+--------------------+--------+--------+--------+--------+--------+------+------+------+------+-------+------+------+
|Module Name            | DSP Mapping        | A Size | B Size | C Size | D Size | P Size | AREG | BREG | CREG | DREG | ADREG | MREG | PREG | 
+-----------------------+--------------------+--------+--------+--------+--------+--------+------+------+------+------+-------+------+------+
|picorv32_pcpi_fast_mul | A''*B'             | 17     | 18     | -      | -      | 48     | 2    | 1    | -    | -    | -     | 0    | 0    | 
|picorv32_pcpi_fast_mul | (PCIN>>17+A'*B')'  | 30     | 18     | -      | -      | 48     | 1    | 1    | -    | -    | -     | 0    | 1    | 
|picorv32_pcpi_fast_mul | A''*B''            | 17     | 17     | -      | -      | 48     | 2    | 2    | -    | -    | -     | 0    | 0    | 
|picorv32_pcpi_fast_mul | (PCIN>>17+A''*B')' | 17     | 18     | -      | -      | 48     | 2    | 1    | -    | -    | -     | 0    | 1    | 
+-----------------------+--------------------+--------+--------+--------+--------+--------+------+------+------+------+-------+------+------+


Report BlackBoxes: 
+-+--------------+----------+
| |BlackBox name |Instances |
+-+--------------+----------+
+-+--------------+----------+

Report Cell Usage: 
+------+---------+------+
|      |Cell     |Count |
+------+---------+------+
|1     |BUFG     |     1|
|2     |CARRY4   |   143|
|3     |DSP48E1  |     4|
|7     |LUT1     |   134|
|8     |LUT2     |   196|
|9     |LUT3     |   154|
|10    |LUT4     |   356|
|11    |LUT5     |   218|
|12    |LUT6     |   499|
|13    |MUXF7    |     1|
|14    |RAM32M   |    10|
|15    |RAM32X1D |     4|
|16    |RAMB36E1 |     1|
|17    |FDRE     |   810|
|18    |FDSE     |    26|
|19    |IBUF     |     2|
|20    |OBUF     |     1|
+------+---------+------+
---------------------------------------------------------------------------------
Finished Writing Synthesis Report : Time (s): cpu = 00:00:27 ; elapsed = 00:00:29 . Memory (MB): peak = 3750.445 ; gain = 284.539 ; free physical = 741158 ; free virtual = 764188
---------------------------------------------------------------------------------
Synthesis finished with 0 errors, 0 critical warnings and 130 warnings.
Synthesis Optimization Runtime : Time (s): cpu = 00:00:26 ; elapsed = 00:00:28 . Memory (MB): peak = 3750.445 ; gain = 201.820 ; free physical = 741158 ; free virtual = 764189
Synthesis Optimization Complete : Time (s): cpu = 00:00:27 ; elapsed = 00:00:29 . Memory (MB): peak = 3750.453 ; gain = 284.539 ; free physical = 741158 ; free virtual = 764189
INFO: [Project 1-571] Translating synthesized netlist
Netlist sorting complete. Time (s): cpu = 00:00:00.01 ; elapsed = 00:00:00.01 . Memory (MB): peak = 3750.453 ; gain = 0.000 ; free physical = 741321 ; free virtual = 764351
INFO: [Netlist 29-17] Analyzing 163 Unisim elements for replacement
INFO: [Netlist 29-28] Unisim Transformation completed in 0 CPU seconds
WARNING: [Netlist 29-101] Netlist 'picorv32_soc_top' is not ideal for floorplanning, since the cellview 'picorv32_soc_top' contains a large number of primitives.  Please consider enabling hierarchy in synthesis if you want to do floorplanning.
INFO: [Project 1-570] Preparing netlist for logic optimization
Parsing XDC File [/net/users/oelmouden/picorv32/work/fmax_synthesis/vivado/xc7a100t-csg324-1/picorv32/rv32im_fast/constraints.xdc]
WARNING: [Vivado 12-2489] -period contains time 12.987013 which will be rounded to 12.987 to ensure it is an integer multiple of 1 picosecond [/net/users/oelmouden/picorv32/work/fmax_synthesis/vivado/xc7a100t-csg324-1/picorv32/rv32im_fast/constraints.xdc:1]
Finished Parsing XDC File [/net/users/oelmouden/picorv32/work/fmax_synthesis/vivado/xc7a100t-csg324-1/picorv32/rv32im_fast/constraints.xdc]
INFO: [Opt 31-138] Pushed 0 inverter(s) to 0 load pin(s).
Netlist sorting complete. Time (s): cpu = 00:00:00 ; elapsed = 00:00:00 . Memory (MB): peak = 3750.453 ; gain = 0.000 ; free physical = 741318 ; free virtual = 764349
INFO: [Project 1-111] Unisim Transformation Summary:
  A total of 14 instances were transformed.
  RAM32M => RAM32M (RAMD32(x6), RAMS32(x2)): 10 instances
  RAM32X1D => RAM32X1D (RAMD32(x2)): 4 instances

Synth Design complete | Checksum: f69f57ba
INFO: [Common 17-83] Releasing license: Synthesis
175 Infos, 451 Warnings, 0 Critical Warnings and 0 Errors encountered.
synth_design completed successfully
synth_design: Time (s): cpu = 00:00:35 ; elapsed = 00:00:34 . Memory (MB): peak = 3750.453 ; gain = 284.547 ; free physical = 741319 ; free virtual = 764349
INFO: [Common 17-2834] synth_design peak Physical Memory [PSS] (MB): overall = 3020.143; main = 2849.220; forked = 331.545
INFO: [Common 17-2834] synth_design peak Virtual Memory [VSS] (MB): overall = 5303.406; main = 3750.449; forked = 1552.957
Command: opt_design -sweep -remap -propconst
Attempting to get a license for feature 'Implementation' and/or device 'xc7a100t'
INFO: [Common 17-349] Got license for feature 'Implementation' and/or device 'xc7a100t'
Running DRC as a precondition to command opt_design
INFO: [DRC 23-27] Running DRC with 8 threads
INFO: [Project 1-461] DRC finished with 0 Errors
INFO: [Project 1-462] Please refer to the DRC report (report_drc) for more information.
INFO: [Timing 38-35] Done setting XDC timing constraints.
INFO: [Opt 31-138] Pushed 0 inverter(s) to 0 load pin(s).
Constant propagation | Checksum: 19a31d398
INFO: [Opt 31-389] Phase Constant propagation created 0 cells and removed 0 cells
INFO: [Constraints 18-11670] Building netlist checker database with flags, 0x8
Done building netlist checker database: Time (s): cpu = 00:00:00 ; elapsed = 00:00:00 . Memory (MB): peak = 3750.453 ; gain = 0.000 ; free physical = 741314 ; free virtual = 764345
Sweep | Checksum: 20be9e34c
INFO: [Opt 31-389] Phase Sweep created 1 cells and removed 0 cells
Remap | Checksum: 20be9e34c
INFO: [Opt 31-389] Phase Remap created 0 cells and removed 0 cells
Post Processing Netlist | Checksum: 20be9e34c
INFO: [Opt 31-389] Phase Post Processing Netlist created 0 cells and removed 0 cells
Opt_design Change Summary
=========================


---------------------------------------------------------------------------------------------------------------------
|  Phase                    |  #Cells created  |  #Cells Removed  |  #Constrained objects preventing optimizations  |
---------------------------------------------------------------------------------------------------------------------
|  Constant propagation     |               0  |               0  |                                              0  |
|  Sweep                    |               1  |               0  |                                              0  |
|  Remap                    |               0  |               0  |                                              0  |
|  Post Processing Netlist  |               0  |               0  |                                              0  |
---------------------------------------------------------------------------------------------------------------------


Netlist sorting complete. Time (s): cpu = 00:00:00 ; elapsed = 00:00:00 . Memory (MB): peak = 3750.453 ; gain = 0.000 ; free physical = 741314 ; free virtual = 764345
INFO: [Common 17-83] Releasing license: Implementation
189 Infos, 451 Warnings, 0 Critical Warnings and 0 Errors encountered.
opt_design completed successfully
opt_design: Time (s): cpu = 00:00:12 ; elapsed = 00:00:11 . Memory (MB): peak = 3750.453 ; gain = 0.000 ; free physical = 741314 ; free virtual = 764345
Command: opt_design -directive Explore
INFO: [Vivado_Tcl 4-136] Directive used for opt_design is: Explore
Attempting to get a license for feature 'Implementation' and/or device 'xc7a100t'
INFO: [Common 17-349] Got license for feature 'Implementation' and/or device 'xc7a100t'
Running DRC as a precondition to command opt_design
INFO: [DRC 23-27] Running DRC with 8 threads
INFO: [Project 1-461] DRC finished with 0 Errors
INFO: [Project 1-462] Please refer to the DRC report (report_drc) for more information.
INFO: [Timing 38-35] Done setting XDC timing constraints.
INFO: [Opt 31-1851] Number of loadless carry chains removed were: 0
INFO: [Opt 31-1834] Total Chains To Be Transformed Were: 0 AND Number of Transformed insts Created are: 0
INFO: [Opt 31-138] Pushed 0 inverter(s) to 0 load pin(s).
INFO: [Opt 31-49] Retargeted 0 cell(s).
Retarget | Checksum: 21ef379f4
INFO: [Opt 31-389] Phase Retarget created 0 cells and removed 0 cells
INFO: [Opt 31-138] Pushed 0 inverter(s) to 0 load pin(s).
Constant propagation | Checksum: 21ef379f4
INFO: [Opt 31-389] Phase Constant propagation created 0 cells and removed 0 cells
INFO: [Constraints 18-11670] Building netlist checker database with flags, 0x8
Done building netlist checker database: Time (s): cpu = 00:00:00 ; elapsed = 00:00:00 . Memory (MB): peak = 3750.453 ; gain = 0.000 ; free physical = 741312 ; free virtual = 764343
Sweep | Checksum: 21ef379f4
INFO: [Opt 31-389] Phase Sweep created 0 cells and removed 0 cells
BUFG optimization | Checksum: 21ef379f4
INFO: [Opt 31-662] Phase BUFG optimization created 0 cells of which 0 are BUFGs and removed 0 cells.
INFO: [Opt 31-1064] SRL Remap converted 0 SRLs to 0 registers and converted 0 registers of register chains to 0 SRLs
Shift Register Optimization | Checksum: 21ef379f4
INFO: [Opt 31-389] Phase Shift Register Optimization created 0 cells and removed 0 cells
INFO: [Opt 31-1555] control_set_opt supports Versal devices only, and device 7a100t is unsupported
Post Processing Netlist | Checksum: 21ef379f4
INFO: [Opt 31-389] Phase Post Processing Netlist created 0 cells and removed 0 cells
Opt_design Change Summary
=========================


-------------------------------------------------------------------------------------------------------------------------
|  Phase                        |  #Cells created  |  #Cells Removed  |  #Constrained objects preventing optimizations  |
-------------------------------------------------------------------------------------------------------------------------
|  Retarget                     |               0  |               0  |                                              0  |
|  Constant propagation         |               0  |               0  |                                              0  |
|  Sweep                        |               0  |               0  |                                              0  |
|  BUFG optimization            |               0  |               0  |                                              0  |
|  Shift Register Optimization  |               0  |               0  |                                              0  |
|  Post Processing Netlist      |               0  |               0  |                                              0  |
-------------------------------------------------------------------------------------------------------------------------


Netlist sorting complete. Time (s): cpu = 00:00:00 ; elapsed = 00:00:00.01 . Memory (MB): peak = 3758.449 ; gain = 0.000 ; free physical = 741312 ; free virtual = 764343
INFO: [Common 17-83] Releasing license: Implementation
210 Infos, 451 Warnings, 0 Critical Warnings and 0 Errors encountered.
opt_design completed successfully
Command: place_design -directive Explore
Attempting to get a license for feature 'Implementation' and/or device 'xc7a100t'
INFO: [Common 17-349] Got license for feature 'Implementation' and/or device 'xc7a100t'
INFO: [Common 17-83] Releasing license: Implementation
INFO: [DRC 23-27] Running DRC with 8 threads
INFO: [Vivado_Tcl 4-198] DRC finished with 0 Errors
INFO: [Vivado_Tcl 4-199] Please refer to the DRC report (report_drc) for more information.
INFO: [Vivado_Tcl 4-2302] The placer was invoked with the 'Explore' directive.
Running DRC as a precondition to command place_design
INFO: [DRC 23-27] Running DRC with 8 threads
INFO: [Vivado_Tcl 4-198] DRC finished with 0 Errors
INFO: [Vivado_Tcl 4-199] Please refer to the DRC report (report_drc) for more information.
INFO: [Place 30-611] Multithreading enabled for place_design using a maximum of 8 CPUs
Netlist sorting complete. Time (s): cpu = 00:00:00 ; elapsed = 00:00:00 . Memory (MB): peak = 3758.449 ; gain = 0.000 ; free physical = 741315 ; free virtual = 764345
Netlist sorting complete. Time (s): cpu = 00:00:00 ; elapsed = 00:00:00 . Memory (MB): peak = 3758.449 ; gain = 0.000 ; free physical = 741315 ; free virtual = 764345
INFO: [Timing 38-35] Done setting XDC timing constraints.
INFO: [Physopt 32-1035] Found 0 LUTNM shape to break, 84 LUT instances to create LUTNM shape
INFO: [Physopt 32-1044] Break lutnm for timing: one critical 0, two critical 0, total 0, new lutff created 0
INFO: [Physopt 32-1138] End 1 Pass. Optimized 35 nets or LUTs. Breaked 0 LUT, combined 35 existing LUTs and moved 0 existing LUT
INFO: [Physopt 32-65] No nets found for high-fanout optimization.
INFO: [Physopt 32-232] Optimized 0 net. Created 0 new instance.
INFO: [Physopt 32-775] End 1 Pass. Optimized 0 net or cell. Created 0 new cell, deleted 0 existing cell and moved 0 existing cell
INFO: [Physopt 32-670] No setup violation found.  DSP Register Optimization was not performed.
INFO: [Physopt 32-670] No setup violation found.  Shift Register to Pipeline Optimization was not performed.
INFO: [Physopt 32-670] No setup violation found.  Shift Register Optimization was not performed.
INFO: [Physopt 32-670] No setup violation found.  BRAM Register Optimization was not performed.
INFO: [Physopt 32-670] No setup violation found.  URAM Register Optimization was not performed.
INFO: [Physopt 32-949] No candidate nets found for dynamic/static region interface net replication
INFO: [Physopt 32-775] End 1 Pass. Optimized 0 net or cell. Created 0 new cell, deleted 0 existing cell and moved 0 existing cell
Netlist sorting complete. Time (s): cpu = 00:00:00 ; elapsed = 00:00:00 . Memory (MB): peak = 3790.465 ; gain = 0.000 ; free physical = 741316 ; free virtual = 764346

Summary of Physical Synthesis Optimizations
============================================


-----------------------------------------------------------------------------------------------------------------------------------------------------------
|  Optimization                                     |  Added Cells  |  Removed Cells  |  Optimized Cells/Nets  |  Dont Touch  |  Iterations  |  Elapsed   |
-----------------------------------------------------------------------------------------------------------------------------------------------------------
|  LUT Combining                                    |            0  |             35  |                    35  |           0  |           1  |  00:00:00  |
|  Retime                                           |            0  |              0  |                     0  |           0  |           1  |  00:00:00  |
|  Very High Fanout                                 |            0  |              0  |                     0  |           0  |           1  |  00:00:00  |
|  DSP Register                                     |            0  |              0  |                     0  |           0  |           0  |  00:00:00  |
|  Shift Register to Pipeline                       |            0  |              0  |                     0  |           0  |           0  |  00:00:00  |
|  Shift Register                                   |            0  |              0  |                     0  |           0  |           0  |  00:00:00  |
|  BRAM Register                                    |            0  |              0  |                     0  |           0  |           0  |  00:00:00  |
|  URAM Register                                    |            0  |              0  |                     0  |           0  |           0  |  00:00:00  |
|  Dynamic/Static Region Interface Net Replication  |            0  |              0  |                     0  |           0  |           1  |  00:00:00  |
|  Total                                            |            0  |             35  |                    35  |           0  |           4  |  00:00:00  |
-----------------------------------------------------------------------------------------------------------------------------------------------------------


INFO: [Timing 38-35] Done setting XDC timing constraints.
Post Placement Optimization Initialization | Checksum: 2181df4fe
INFO: [Physopt 32-721] Multithreading enabled for phys_opt_design using a maximum of 8 CPUs
INFO: [Physopt 32-619] Estimated Timing Summary | WNS=6.074 | TNS=0.000 |
INFO: [Place 46-56] BUFG insertion identified 0 candidate nets. Inserted BUFG: 0, Replicated BUFG Driver: 0, Skipped due to Placement/Routing Conflicts: 0, Skipped due to Timing Degradation: 0, Skipped due to netlist editing failed: 0.
INFO: [Place 30-746] Post Placement Timing Summary WNS=6.074. For the most accurate timing information please run report_timing.
INFO: [Place 30-612] Post-Placement Estimated Congestion 
 ____________________________________________________
|           | Global Congestion | Short Congestion  |
| Direction | Region Size       | Region Size       |
|___________|___________________|___________________|
|      North|                1x1|                1x1|
|___________|___________________|___________________|
|      South|                1x1|                4x4|
|___________|___________________|___________________|
|       East|                1x1|                1x1|
|___________|___________________|___________________|
|       West|                1x1|                1x1|
|___________|___________________|___________________|

Netlist sorting complete. Time (s): cpu = 00:00:00 ; elapsed = 00:00:00 . Memory (MB): peak = 3790.465 ; gain = 0.000 ; free physical = 741315 ; free virtual = 764346
240 Infos, 451 Warnings, 0 Critical Warnings and 0 Errors encountered.
place_design completed successfully
place_design: Time (s): cpu = 00:00:15 ; elapsed = 00:00:06 . Memory (MB): peak = 3790.465 ; gain = 32.016 ; free physical = 741315 ; free virtual = 764346
Command: phys_opt_design -retime -rewire -critical_pin_opt -placement_opt -critical_cell_opt
Attempting to get a license for feature 'Implementation' and/or device 'xc7a100t'
INFO: [Common 17-349] Got license for feature 'Implementation' and/or device 'xc7a100t'
WARNING: [Vivado_Tcl 4-1892] The option '-rewire' has been deprecated and will become unsupported in a future release. Please remove the option from the scripts and use '-restruct_opt' option instead.
INFO: [Vivado_Tcl 4-2279] Estimated Timing Summary | WNS= 6.074 | TNS= 0.000 | 
INFO: [Vivado_Tcl 4-383] Design worst setup slack (WNS) is greater than or equal to 0.250 ns. All physical synthesis setup optimizations will be skipped.
INFO: [Vivado_Tcl 4-232] No setup violation found. The netlist was not modified.
INFO: [Common 17-83] Releasing license: Implementation
245 Infos, 452 Warnings, 0 Critical Warnings and 0 Errors encountered.
phys_opt_design completed successfully
Command: route_design -directive AggressiveExplore
Attempting to get a license for feature 'Implementation' and/or device 'xc7a100t'
INFO: [Common 17-349] Got license for feature 'Implementation' and/or device 'xc7a100t'
INFO: [Route 35-270] Using Router directive 'AggressiveExplore'.
INFO: [Route 35-254] Multithreading enabled for route_design using a maximum of 8 CPUs
INFO: [Route 72-16] Aggressive Explore Summary
+======+=======+=====+=======+=====+========+==============+===================+
| Pass |  WNS  | TNS |  WHS  | THS | Status | Elapsed Time | Solution Selected |
+======+=======+=====+=======+=====+========+==============+===================+
|  1   | 5.420 |  -  | 0.117 |  -  |  Pass  |   00:00:02   |         x         |
|  2   |   -   |  -  |   -   |  -  |  Skip  |   00:00:00   |                   |
+------+-------+-----+-------+-----+--------+--------------+-------------------+

INFO: [Route 35-16] Router Completed Successfully
INFO: [Common 17-83] Releasing license: Implementation
257 Infos, 452 Warnings, 0 Critical Warnings and 0 Errors encountered.
route_design completed successfully
route_design: Time (s): cpu = 00:00:40 ; elapsed = 00:00:30 . Memory (MB): peak = 3790.465 ; gain = 0.000 ; free physical = 741354 ; free virtual = 764384
<grey>[synth_script.tcl]<end> <cyan>report_route_status:<end>
Design Route Status
                                               :      # nets :
   ------------------------------------------- : ----------- :
   # of logical nets.......................... :        3349 :
       # of nets not needing routing.......... :        1072 :
           # of internally routed nets........ :        1048 :
           # of nets with no loads............ :          24 :
       # of routable nets..................... :        2277 :
           # of fully routed nets............. :        2277 :
       # of nets with routing errors.......... :           0 :
   ------------------------------------------- : ----------- :

Command: place_design -post_place_opt
Attempting to get a license for feature 'Implementation' and/or device 'xc7a100t'
INFO: [Common 17-349] Got license for feature 'Implementation' and/or device 'xc7a100t'
INFO: [Common 17-83] Releasing license: Implementation
Running DRC as a precondition to command place_design
INFO: [DRC 23-27] Running DRC with 8 threads
INFO: [Vivado_Tcl 4-198] DRC finished with 0 Errors
INFO: [Vivado_Tcl 4-199] Please refer to the DRC report (report_drc) for more information.
INFO: [Place 30-611] Multithreading enabled for place_design using a maximum of 8 CPUs
Netlist sorting complete. Time (s): cpu = 00:00:00 ; elapsed = 00:00:00 . Memory (MB): peak = 3790.465 ; gain = 0.000 ; free physical = 741527 ; free virtual = 764558
Post Placement Optimization Initialization | Checksum: 1a0d69a35
INFO: [Physopt 32-721] Multithreading enabled for phys_opt_design using a maximum of 8 CPUs
INFO: [Physopt 32-619] Estimated Timing Summary | WNS=5.422 | TNS=0.000 |
INFO: [Place 46-56] BUFG insertion identified 0 candidate nets. Inserted BUFG: 0, Replicated BUFG Driver: 0, Skipped due to Placement/Routing Conflicts: 0, Skipped due to Timing Degradation: 0, Skipped due to netlist editing failed: 0.
INFO: [Place 30-746] Post Placement Timing Summary WNS=5.422. For the most accurate timing information please run report_timing.
INFO: [Place 30-612] Post-Placement Estimated Congestion 
 ____________________________________________________
|           | Global Congestion | Short Congestion  |
| Direction | Region Size       | Region Size       |
|___________|___________________|___________________|
|      North|                1x1|                1x1|
|___________|___________________|___________________|
|      South|                1x1|                4x4|
|___________|___________________|___________________|
|       East|                1x1|                1x1|
|___________|___________________|___________________|
|       West|                1x1|                1x1|
|___________|___________________|___________________|

Netlist sorting complete. Time (s): cpu = 00:00:00 ; elapsed = 00:00:00 . Memory (MB): peak = 3790.465 ; gain = 0.000 ; free physical = 741528 ; free virtual = 764558
268 Infos, 452 Warnings, 0 Critical Warnings and 0 Errors encountered.
place_design completed successfully
Command: phys_opt_design -retime -routing_opt
Attempting to get a license for feature 'Implementation' and/or device 'xc7a100t'
INFO: [Common 17-349] Got license for feature 'Implementation' and/or device 'xc7a100t'
INFO: [Vivado_Tcl 4-241] Physical synthesis in post route mode 
INFO: [Vivado_Tcl 4-2279] Estimated Timing Summary | WNS= 5.422 | TNS= 0.000 | 
INFO: [Vivado_Tcl 4-383] Design worst setup slack (WNS) is greater than or equal to 0.000 ns. All physical synthesis setup optimizations will be skipped.
INFO: [Vivado_Tcl 4-232] No setup violation found. The netlist was not modified.
INFO: [Common 17-83] Releasing license: Implementation
274 Infos, 452 Warnings, 0 Critical Warnings and 0 Errors encountered.
phys_opt_design completed successfully
Command: route_design -directive NoTimingRelaxation
Attempting to get a license for feature 'Implementation' and/or device 'xc7a100t'
INFO: [Common 17-349] Got license for feature 'Implementation' and/or device 'xc7a100t'
INFO: [Route 35-270] Using Router directive 'NoTimingRelaxation'.
INFO: [Route 35-254] Multithreading enabled for route_design using a maximum of 8 CPUs
INFO: [Route 35-16] Router Completed Successfully
INFO: [Common 17-83] Releasing license: Implementation
284 Infos, 452 Warnings, 0 Critical Warnings and 0 Errors encountered.
route_design completed successfully
route_design: Time (s): cpu = 00:00:36 ; elapsed = 00:00:29 . Memory (MB): peak = 3790.465 ; gain = 0.000 ; free physical = 741526 ; free virtual = 764557
Copyright 1986-2022 Xilinx, Inc. All Rights Reserved. Copyright 2022-2024 Advanced Micro Devices, Inc. All Rights Reserved.
---------------------------------------------------------------------------------------------------------------------------------------------
| Tool Version : Vivado v.2024.2 (lin64) Build 5239630 Fri Nov 08 22:34:34 MST 2024
| Date         : Thu May 28 15:22:44 2026
| Host         : naouna.ims.bordeaux running 64-bit Red Hat Enterprise Linux release 8.10 (Ootpa)
| Command      : report_utilization
| Design       : picorv32_soc_top
| Device       : xc7a100tcsg324-1
| Speed File   : -1
| Design State : Routed
---------------------------------------------------------------------------------------------------------------------------------------------

Utilization Design Information

Table of Contents
-----------------
1. Slice Logic
1.1 Summary of Registers by Type
2. Slice Logic Distribution
3. Memory
4. DSP
5. IO and GT Specific
6. Clocking
7. Specific Feature
8. Primitives
9. Black Boxes
10. Instantiated Netlists

1. Slice Logic
--------------

+----------------------------+------+-------+------------+-----------+-------+
|          Site Type         | Used | Fixed | Prohibited | Available | Util% |
+----------------------------+------+-------+------------+-----------+-------+
| Slice LUTs                 | 1408 |     0 |          0 |     63400 |  2.22 |
|   LUT as Logic             | 1364 |     0 |          0 |     63400 |  2.15 |
|   LUT as Memory            |   44 |     0 |          0 |     19000 |  0.23 |
|     LUT as Distributed RAM |   44 |     0 |            |           |       |
|     LUT as Shift Register  |    0 |     0 |            |           |       |
| Slice Registers            |  837 |     0 |          0 |    126800 |  0.66 |
|   Register as Flip Flop    |  837 |     0 |          0 |    126800 |  0.66 |
|   Register as Latch        |    0 |     0 |          0 |    126800 |  0.00 |
| F7 Muxes                   |    1 |     0 |          0 |     31700 | <0.01 |
| F8 Muxes                   |    0 |     0 |          0 |     15850 |  0.00 |
+----------------------------+------+-------+------------+-----------+-------+
* Warning! LUT value is adjusted to account for LUT combining.


1.1 Summary of Registers by Type
--------------------------------

+-------+--------------+-------------+--------------+
| Total | Clock Enable | Synchronous | Asynchronous |
+-------+--------------+-------------+--------------+
| 0     |            _ |           - |            - |
| 0     |            _ |           - |          Set |
| 0     |            _ |           - |        Reset |
| 0     |            _ |         Set |            - |
| 0     |            _ |       Reset |            - |
| 0     |          Yes |           - |            - |
| 0     |          Yes |           - |          Set |
| 0     |          Yes |           - |        Reset |
| 26    |          Yes |         Set |            - |
| 811   |          Yes |       Reset |            - |
+-------+--------------+-------------+--------------+


2. Slice Logic Distribution
---------------------------

+--------------------------------------------+------+-------+------------+-----------+-------+
|                  Site Type                 | Used | Fixed | Prohibited | Available | Util% |
+--------------------------------------------+------+-------+------------+-----------+-------+
| Slice                                      |  458 |     0 |          0 |     15850 |  2.89 |
|   SLICEL                                   |  370 |     0 |            |           |       |
|   SLICEM                                   |   88 |     0 |            |           |       |
| LUT as Logic                               | 1364 |     0 |          0 |     63400 |  2.15 |
|   using O5 output only                     |    0 |       |            |           |       |
|   using O6 output only                     | 1171 |       |            |           |       |
|   using O5 and O6                          |  193 |       |            |           |       |
| LUT as Memory                              |   44 |     0 |          0 |     19000 |  0.23 |
|   LUT as Distributed RAM                   |   44 |     0 |            |           |       |
|     using O5 output only                   |    0 |       |            |           |       |
|     using O6 output only                   |    0 |       |            |           |       |
|     using O5 and O6                        |   44 |       |            |           |       |
|   LUT as Shift Register                    |    0 |     0 |            |           |       |
|     using O5 output only                   |    0 |       |            |           |       |
|     using O6 output only                   |    0 |       |            |           |       |
|     using O5 and O6                        |    0 |       |            |           |       |
| Slice Registers                            |  837 |     0 |          0 |    126800 |  0.66 |
|   Register driven from within the Slice    |  636 |       |            |           |       |
|   Register driven from outside the Slice   |  201 |       |            |           |       |
|     LUT in front of the register is unused |   70 |       |            |           |       |
|     LUT in front of the register is used   |  131 |       |            |           |       |
| Unique Control Sets                        |   26 |       |          0 |     15850 |  0.16 |
+--------------------------------------------+------+-------+------------+-----------+-------+
* * Note: Available Control Sets calculated as Slice * 1, Review the Control Sets Report for more information regarding control sets.


3. Memory
---------

+-------------------+------+-------+------------+-----------+-------+
|     Site Type     | Used | Fixed | Prohibited | Available | Util% |
+-------------------+------+-------+------------+-----------+-------+
| Block RAM Tile    |    1 |     0 |          0 |       135 |  0.74 |
|   RAMB36/FIFO*    |    1 |     0 |          0 |       135 |  0.74 |
|     RAMB36E1 only |    1 |       |            |           |       |
|   RAMB18          |    0 |     0 |          0 |       270 |  0.00 |
+-------------------+------+-------+------------+-----------+-------+
* Note: Each Block RAM Tile only has one FIFO logic available and therefore can accommodate only one FIFO36E1 or one FIFO18E1. However, if a FIFO18E1 occupies a Block RAM Tile, that tile can still accommodate a RAMB18E1


4. DSP
------

+----------------+------+-------+------------+-----------+-------+
|    Site Type   | Used | Fixed | Prohibited | Available | Util% |
+----------------+------+-------+------------+-----------+-------+
| DSPs           |    4 |     0 |          0 |       240 |  1.67 |
|   DSP48E1 only |    4 |       |            |           |       |
+----------------+------+-------+------------+-----------+-------+


5. IO and GT Specific
---------------------

+-----------------------------+------+-------+------------+-----------+-------+
|          Site Type          | Used | Fixed | Prohibited | Available | Util% |
+-----------------------------+------+-------+------------+-----------+-------+
| Bonded IOB                  |    3 |     0 |          0 |       210 |  1.43 |
|   IOB Master Pads           |    1 |       |            |           |       |
|   IOB Slave Pads            |    1 |       |            |           |       |
| Bonded IPADs                |    0 |     0 |          0 |         2 |  0.00 |
| PHY_CONTROL                 |    0 |     0 |          0 |         6 |  0.00 |
| PHASER_REF                  |    0 |     0 |          0 |         6 |  0.00 |
| OUT_FIFO                    |    0 |     0 |          0 |        24 |  0.00 |
| IN_FIFO                     |    0 |     0 |          0 |        24 |  0.00 |
| IDELAYCTRL                  |    0 |     0 |          0 |         6 |  0.00 |
| IBUFDS                      |    0 |     0 |          0 |       202 |  0.00 |
| PHASER_OUT/PHASER_OUT_PHY   |    0 |     0 |          0 |        24 |  0.00 |
| PHASER_IN/PHASER_IN_PHY     |    0 |     0 |          0 |        24 |  0.00 |
| IDELAYE2/IDELAYE2_FINEDELAY |    0 |     0 |          0 |       300 |  0.00 |
| ILOGIC                      |    0 |     0 |          0 |       210 |  0.00 |
| OLOGIC                      |    0 |     0 |          0 |       210 |  0.00 |
+-----------------------------+------+-------+------------+-----------+-------+


6. Clocking
-----------

+------------+------+-------+------------+-----------+-------+
|  Site Type | Used | Fixed | Prohibited | Available | Util% |
+------------+------+-------+------------+-----------+-------+
| BUFGCTRL   |    1 |     0 |          0 |        32 |  3.13 |
| BUFIO      |    0 |     0 |          0 |        24 |  0.00 |
| MMCME2_ADV |    0 |     0 |          0 |         6 |  0.00 |
| PLLE2_ADV  |    0 |     0 |          0 |         6 |  0.00 |
| BUFMRCE    |    0 |     0 |          0 |        12 |  0.00 |
| BUFHCE     |    0 |     0 |          0 |        96 |  0.00 |
| BUFR       |    0 |     0 |          0 |        24 |  0.00 |
+------------+------+-------+------------+-----------+-------+


7. Specific Feature
-------------------

+-------------+------+-------+------------+-----------+-------+
|  Site Type  | Used | Fixed | Prohibited | Available | Util% |
+-------------+------+-------+------------+-----------+-------+
| BSCANE2     |    0 |     0 |          0 |         4 |  0.00 |
| CAPTUREE2   |    0 |     0 |          0 |         1 |  0.00 |
| DNA_PORT    |    0 |     0 |          0 |         1 |  0.00 |
| EFUSE_USR   |    0 |     0 |          0 |         1 |  0.00 |
| FRAME_ECCE2 |    0 |     0 |          0 |         1 |  0.00 |
| ICAPE2      |    0 |     0 |          0 |         2 |  0.00 |
| PCIE_2_1    |    0 |     0 |          0 |         1 |  0.00 |
| STARTUPE2   |    0 |     0 |          0 |         1 |  0.00 |
| XADC        |    0 |     0 |          0 |         1 |  0.00 |
+-------------+------+-------+------------+-----------+-------+


8. Primitives
-------------

+----------+------+---------------------+
| Ref Name | Used | Functional Category |
+----------+------+---------------------+
| FDRE     |  811 |        Flop & Latch |
| LUT6     |  499 |                 LUT |
| LUT4     |  356 |                 LUT |
| LUT5     |  218 |                 LUT |
| LUT2     |  196 |                 LUT |
| LUT3     |  154 |                 LUT |
| CARRY4   |  143 |          CarryLogic |
| LUT1     |  134 |                 LUT |
| RAMD32   |   68 |  Distributed Memory |
| FDSE     |   26 |        Flop & Latch |
| RAMS32   |   20 |  Distributed Memory |
| DSP48E1  |    4 |    Block Arithmetic |
| IBUF     |    2 |                  IO |
| RAMB36E1 |    1 |        Block Memory |
| OBUF     |    1 |                  IO |
| MUXF7    |    1 |               MuxFx |
| BUFG     |    1 |               Clock |
+----------+------+---------------------+


9. Black Boxes
--------------

+----------+------+
| Ref Name | Used |
+----------+------+


10. Instantiated Netlists
-------------------------

+----------+------+
| Ref Name | Used |
+----------+------+


Copyright 1986-2022 Xilinx, Inc. All Rights Reserved. Copyright 2022-2024 Advanced Micro Devices, Inc. All Rights Reserved.
---------------------------------------------------------------------------------------------------------------------------------------------
| Tool Version : Vivado v.2024.2 (lin64) Build 5239630 Fri Nov 08 22:34:34 MST 2024
| Date         : Thu May 28 15:22:44 2026
| Host         : naouna.ims.bordeaux running 64-bit Red Hat Enterprise Linux release 8.10 (Ootpa)
| Command      : report_utilization -hierarchical
| Design       : picorv32_soc_top
| Device       : xc7a100tcsg324-1
| Speed File   : -1
| Design State : Routed
---------------------------------------------------------------------------------------------------------------------------------------------

Utilization Design Information

Table of Contents
-----------------
1. Utilization by Hierarchy

1. Utilization by Hierarchy
---------------------------

+------------------+--------+------------+------------+---------+------+-----+--------+--------+------------+
|     Instance     | Module | Total LUTs | Logic LUTs | LUTRAMs | SRLs | FFs | RAMB36 | RAMB18 | DSP Blocks |
+------------------+--------+------------+------------+---------+------+-----+--------+--------+------------+
| picorv32_soc_top |  (top) |       1408 |       1364 |      44 |    0 | 837 |      1 |      0 |          4 |
+------------------+--------+------------+------------+---------+------+-----+--------+--------+------------+
* Note: The sum of lower-level cells may be larger than their parent cells total, due to cross-hierarchy LUT combining


INFO: [Timing 38-91] UpdateTimingParams: Speed grade: -1, Delay Type: max.
INFO: [Timing 38-191] Multithreading enabled for timing update using a maximum of 8 CPUs
INFO: [Timing 38-78] ReportTimingParams: -max_paths 1 -nworst 1 -delay_type max -sort_by slack.
Copyright 1986-2022 Xilinx, Inc. All Rights Reserved. Copyright 2022-2024 Advanced Micro Devices, Inc. All Rights Reserved.
---------------------------------------------------------------------------------------------------------------------------------------------
| Tool Version : Vivado v.2024.2 (lin64) Build 5239630 Fri Nov 08 22:34:34 MST 2024
| Date         : Thu May 28 15:22:44 2026
| Host         : naouna.ims.bordeaux running 64-bit Red Hat Enterprise Linux release 8.10 (Ootpa)
| Command      : report_timing
| Design       : picorv32_soc_top
| Device       : 7a100t-csg324
| Speed File   : -1  PRODUCTION 1.23 2018-06-13
| Design State : Routed
---------------------------------------------------------------------------------------------------------------------------------------------

Timing Report

Slack (MET) :             5.422ns  (required time - arrival time)
  Source:                 cpu/reg_op2_reg[4]/C
                            (rising edge-triggered cell FDRE clocked by clk  {rise@0.000ns fall@6.494ns period=12.987ns})
  Destination:            cpu/alu_out_q_reg[0]/D
                            (rising edge-triggered cell FDRE clocked by clk  {rise@0.000ns fall@6.494ns period=12.987ns})
  Path Group:             clk
  Path Type:              Setup (Max at Slow Process Corner)
  Requirement:            12.987ns  (clk rise@12.987ns - clk rise@0.000ns)
  Data Path Delay:        7.507ns  (logic 2.312ns (30.797%)  route 5.195ns (69.203%))
  Logic Levels:           7  (CARRY4=3 LUT4=1 LUT5=1 LUT6=2)
  Clock Path Skew:        -0.053ns (DCD - SCD + CPR)
    Destination Clock Delay (DCD):    4.490ns = ( 17.477 - 12.987 ) 
    Source Clock Delay      (SCD):    4.875ns
    Clock Pessimism Removal (CPR):    0.331ns
  Clock Uncertainty:      0.035ns  ((TSJ^2 + TIJ^2)^1/2 + DJ) / 2 + PE
    Total System Jitter     (TSJ):    0.071ns
    Total Input Jitter      (TIJ):    0.000ns
    Discrete Jitter          (DJ):    0.000ns
    Phase Error              (PE):    0.000ns

    Location             Delay type                Incr(ns)  Path(ns)    Netlist Resource(s)
  -------------------------------------------------------------------    -------------------
                         (clock clk rise edge)        0.000     0.000 r  
    N15                                               0.000     0.000 r  clk (IN)
                         net (fo=0)                   0.000     0.000    clk
    N15                  IBUF (Prop_ibuf_I_O)         0.948     0.948 r  clk_IBUF_inst/O
                         net (fo=1, routed)           2.016     2.963    clk_IBUF
    BUFGCTRL_X0Y0        BUFG (Prop_bufg_I_O)         0.096     3.059 r  clk_IBUF_BUFG_inst/O
                         net (fo=931, routed)         1.815     4.875    clk_IBUF_BUFG
    SLICE_X14Y38         FDRE                                         r  cpu/reg_op2_reg[4]/C
  -------------------------------------------------------------------    -------------------
    SLICE_X14Y38         FDRE (Prop_fdre_C_Q)         0.518     5.393 r  cpu/reg_op2_reg[4]/Q
                         net (fo=14, routed)          2.705     8.097    cpu/reg_op2_reg_n_0_[4]
    SLICE_X40Y36         LUT6 (Prop_lut6_I1_O)        0.124     8.221 r  decoder_trigger_i_64/O
                         net (fo=1, routed)           0.000     8.221    decoder_trigger_i_64_n_0
    SLICE_X40Y36         CARRY4 (Prop_carry4_S[1]_CO[3])
                                                      0.550     8.771 r  decoder_trigger_reg_i_39/CO[3]
                         net (fo=1, routed)           0.000     8.771    decoder_trigger_reg_i_39_n_0
    SLICE_X40Y37         CARRY4 (Prop_carry4_CI_CO[3])
                                                      0.114     8.885 r  decoder_trigger_reg_i_17/CO[3]
                         net (fo=1, routed)           0.000     8.885    decoder_trigger_reg_i_17_n_0
    SLICE_X40Y38         CARRY4 (Prop_carry4_CI_CO[2])
                                                      0.228     9.113 r  decoder_trigger_reg_i_6/CO[2]
                         net (fo=1, routed)           0.836     9.949    cpu/alu_eq
    SLICE_X40Y44         LUT6 (Prop_lut6_I1_O)        0.313    10.262 f  decoder_trigger_i_4/O
                         net (fo=4, routed)           0.432    10.694    decoder_trigger_i_4_n_0
    SLICE_X38Y45         LUT4 (Prop_lut4_I0_O)        0.117    10.811 f  alu_out_q[0]_i_3/O
                         net (fo=1, routed)           1.223    12.034    alu_out_q[0]_i_3_n_0
    SLICE_X39Y34         LUT5 (Prop_lut5_I1_O)        0.348    12.382 r  alu_out_q[0]_i_1/O
                         net (fo=1, routed)           0.000    12.382    alu_out_q[0]_i_1_n_0
    SLICE_X39Y34         FDRE                                         r  cpu/alu_out_q_reg[0]/D
  -------------------------------------------------------------------    -------------------

                         (clock clk rise edge)       12.987    12.987 r  
    N15                                               0.000    12.987 r  clk (IN)
                         net (fo=0)                   0.000    12.987    clk
    N15                  IBUF (Prop_ibuf_I_O)         0.814    13.801 r  clk_IBUF_inst/O
                         net (fo=1, routed)           1.911    15.712    clk_IBUF
    BUFGCTRL_X0Y0        BUFG (Prop_bufg_I_O)         0.091    15.803 r  clk_IBUF_BUFG_inst/O
                         net (fo=931, routed)         1.674    17.477    clk_IBUF_BUFG
    SLICE_X39Y34         FDRE                                         r  cpu/alu_out_q_reg[0]/C
                         clock pessimism              0.331    17.809    
                         clock uncertainty           -0.035    17.773    
    SLICE_X39Y34         FDRE (Setup_fdre_C_D)        0.031    17.804    cpu/alu_out_q_reg[0]
  -------------------------------------------------------------------
                         required time                         17.804    
                         arrival time                         -12.382    
  -------------------------------------------------------------------
                         slack                                  5.422    




Command: report_power
Running Vector-less Activity Propagation...

Finished Running Vector-less Activity Propagation
Copyright 1986-2022 Xilinx, Inc. All Rights Reserved. Copyright 2022-2024 Advanced Micro Devices, Inc. All Rights Reserved.
-------------------------------------------------------------------------------------------------------------------------------------------------
| Tool Version     : Vivado v.2024.2 (lin64) Build 5239630 Fri Nov 08 22:34:34 MST 2024
| Date             : Thu May 28 15:22:45 2026
| Host             : naouna.ims.bordeaux running 64-bit Red Hat Enterprise Linux release 8.10 (Ootpa)
| Command          : report_power
| Design           : picorv32_soc_top
| Device           : xc7a100tcsg324-1
| Design State     : routed
| Grade            : commercial
| Process          : typical
| Characterization : Production
-------------------------------------------------------------------------------------------------------------------------------------------------

Power Report

Table of Contents
-----------------
1. Summary
1.1 On-Chip Components
1.2 Power Supply Summary
1.3 Confidence Level
2. Settings
2.1 Environment
2.2 Clock Constraints
3. Detailed Reports
3.1 By Hierarchy

1. Summary
----------

+--------------------------+--------------+
| Total On-Chip Power (W)  | 0.105        |
| Design Power Budget (W)  | Unspecified* |
| Power Budget Margin (W)  | NA           |
| Dynamic (W)              | 0.013        |
| Device Static (W)        | 0.091        |
| Effective TJA (C/W)      | 4.6          |
| Max Ambient (C)          | 84.5         |
| Junction Temperature (C) | 25.5         |
| Confidence Level         | Medium       |
| Setting File             | ---          |
| Simulation Activity File | ---          |
| Design Nets Matched      | NA           |
+--------------------------+--------------+
* Specify Design Power Budget using, set_operating_conditions -design_power_budget <value in Watts>


1.1 On-Chip Components
----------------------

+--------------------------+-----------+----------+-----------+-----------------+
| On-Chip                  | Power (W) | Used     | Available | Utilization (%) |
+--------------------------+-----------+----------+-----------+-----------------+
| Clocks                   |     0.003 |        3 |       --- |             --- |
| Slice Logic              |     0.003 |     2630 |       --- |             --- |
|   LUT as Logic           |     0.002 |     1364 |     63400 |            2.15 |
|   CARRY4                 |    <0.001 |      143 |     15850 |            0.90 |
|   Register               |    <0.001 |      837 |    126800 |            0.66 |
|   LUT as Distributed RAM |    <0.001 |       44 |     19000 |            0.23 |
|   F7/F8 Muxes            |    <0.001 |        1 |     63400 |           <0.01 |
|   Others                 |     0.000 |        4 |       --- |             --- |
| Signals                  |     0.004 |     2273 |       --- |             --- |
| Block RAM                |    <0.001 |        1 |       135 |            0.74 |
| DSPs                     |     0.003 |        4 |       240 |            1.67 |
| I/O                      |    <0.001 |        3 |       210 |            1.43 |
| Static Power             |     0.091 |          |           |                 |
| Total                    |     0.105 |          |           |                 |
+--------------------------+-----------+----------+-----------+-----------------+


1.2 Power Supply Summary
------------------------

+-----------+-------------+-----------+-------------+------------+-------------+-------------+------------+
| Source    | Voltage (V) | Total (A) | Dynamic (A) | Static (A) | Powerup (A) | Budget (A)  | Margin (A) |
+-----------+-------------+-----------+-------------+------------+-------------+-------------+------------+
| Vccint    |       1.000 |     0.028 |       0.013 |      0.015 |       NA    | Unspecified | NA         |
| Vccaux    |       1.800 |     0.018 |       0.000 |      0.018 |       NA    | Unspecified | NA         |
| Vcco33    |       3.300 |     0.000 |       0.000 |      0.000 |       NA    | Unspecified | NA         |
| Vcco25    |       2.500 |     0.000 |       0.000 |      0.000 |       NA    | Unspecified | NA         |
| Vcco18    |       1.800 |     0.004 |       0.000 |      0.004 |       NA    | Unspecified | NA         |
| Vcco15    |       1.500 |     0.000 |       0.000 |      0.000 |       NA    | Unspecified | NA         |
| Vcco135   |       1.350 |     0.000 |       0.000 |      0.000 |       NA    | Unspecified | NA         |
| Vcco12    |       1.200 |     0.000 |       0.000 |      0.000 |       NA    | Unspecified | NA         |
| Vccaux_io |       1.800 |     0.000 |       0.000 |      0.000 |       NA    | Unspecified | NA         |
| Vccbram   |       1.000 |     0.000 |       0.000 |      0.000 |       NA    | Unspecified | NA         |
| MGTAVcc   |       1.000 |     0.000 |       0.000 |      0.000 |       NA    | Unspecified | NA         |
| MGTAVtt   |       1.200 |     0.000 |       0.000 |      0.000 |       NA    | Unspecified | NA         |
| Vccadc    |       1.800 |     0.020 |       0.000 |      0.020 |       NA    | Unspecified | NA         |
+-----------+-------------+-----------+-------------+------------+-------------+-------------+------------+


1.3 Confidence Level
--------------------

+-----------------------------+------------+-------------------------------------------------------+------------------------------------------------------------------------------------------------------------+
| User Input Data             | Confidence | Details                                               | Action                                                                                                     |
+-----------------------------+------------+-------------------------------------------------------+------------------------------------------------------------------------------------------------------------+
| Design implementation state | High       | Design is routed                                      |                                                                                                            |
| Clock nodes activity        | High       | User specified more than 95% of clocks                |                                                                                                            |
| I/O nodes activity          | Medium     | More than 5% of inputs are missing user specification | Provide missing input activity with simulation results or by editing the "By Resource Type -> I/Os" view   |
| Internal nodes activity     | Medium     | User specified less than 25% of internal nodes        | Provide missing internal nodes activity with simulation results or by editing the "By Resource Type" views |
| Device models               | High       | Device models are Production                          |                                                                                                            |
|                             |            |                                                       |                                                                                                            |
| Overall confidence level    | Medium     |                                                       |                                                                                                            |
+-----------------------------+------------+-------------------------------------------------------+------------------------------------------------------------------------------------------------------------+


2. Settings
-----------

2.1 Environment
---------------

+-----------------------+--------------------------+
| Ambient Temp (C)      | 25.0                     |
| ThetaJA (C/W)         | 4.6                      |
| Airflow (LFM)         | 250                      |
| Heat Sink             | medium (Medium Profile)  |
| ThetaSA (C/W)         | 4.6                      |
| Board Selection       | medium (10"x10")         |
| # of Board Layers     | 12to15 (12 to 15 Layers) |
| Board Temperature (C) | 25.0                     |
+-----------------------+--------------------------+


2.2 Clock Constraints
---------------------

+-------+--------+-----------------+
| Clock | Domain | Constraint (ns) |
+-------+--------+-----------------+
| clk   | clk    |            13.0 |
+-------+--------+-----------------+


3. Detailed Reports
-------------------

3.1 By Hierarchy
----------------

+------------------+-----------+
| Name             | Power (W) |
+------------------+-----------+
| picorv32_soc_top |     0.013 |
+------------------+-----------+


287 Infos, 452 Warnings, 0 Critical Warnings and 0 Errors encountered.
report_power completed successfully



<bold><cyan>######################################<end>
<bold><cyan>   Running synthesis at 88 MHz <end>
<bold><cyan>######################################<end>

WARNING: [filemgmt 56-128] File '/net/users/oelmouden/picorv32/work/fmax_synthesis/vivado/xc7a100t-csg324-1/picorv32/rv32im_fast/constraints.xdc' is already in the project and will not be added again
Parsing XDC File [/net/users/oelmouden/picorv32/work/fmax_synthesis/vivado/xc7a100t-csg324-1/picorv32/rv32im_fast/constraints.xdc]
WARNING: [Vivado 12-2489] -period contains time 11.363636 which will be rounded to 11.364 to ensure it is an integer multiple of 1 picosecond [/net/users/oelmouden/picorv32/work/fmax_synthesis/vivado/xc7a100t-csg324-1/picorv32/rv32im_fast/constraints.xdc:1]
WARNING: [Constraints 18-619] A clock with name 'clk' already exists, overwriting the previous clock with the same name. [/net/users/oelmouden/picorv32/work/fmax_synthesis/vivado/xc7a100t-csg324-1/picorv32/rv32im_fast/constraints.xdc:1]
Finished Parsing XDC File [/net/users/oelmouden/picorv32/work/fmax_synthesis/vivado/xc7a100t-csg324-1/picorv32/rv32im_fast/constraints.xdc]
Command: synth_design -flatten_hierarchy full -part xc7a100t-csg324-1 -top picorv32_soc_top -verilog_define VIVADO
Starting synth_design
Attempting to get a license for feature 'Synthesis' and/or device 'xc7a100t'
INFO: [Common 17-349] Got license for feature 'Synthesis' and/or device 'xc7a100t'
INFO: [Synth 8-7079] Multithreading enabled for synth_design using a maximum of 7 processes.
---------------------------------------------------------------------------------
Starting RTL Elaboration : Time (s): cpu = 00:00:05 ; elapsed = 00:00:05 . Memory (MB): peak = 3854.496 ; gain = 0.000 ; free physical = 741302 ; free virtual = 764333
---------------------------------------------------------------------------------
INFO: [Synth 8-6157] synthesizing module 'picorv32_soc_top' [/net/users/oelmouden/picorv32/work/fmax_synthesis/vivado/xc7a100t-csg324-1/picorv32/rv32im_fast/rtl/picorv32_soc_top.v:5]
INFO: [Synth 8-6157] synthesizing module 'picorv32' [/net/users/oelmouden/picorv32/work/fmax_synthesis/vivado/xc7a100t-csg324-1/picorv32/rv32im_fast/rtl/picorv32.v:62]
	Parameter ENABLE_COUNTERS bound to: 1'b1 
	Parameter ENABLE_COUNTERS64 bound to: 1'b1 
	Parameter ENABLE_REGS_16_31 bound to: 1'b1 
	Parameter ENABLE_REGS_DUALPORT bound to: 1'b1 
	Parameter LATCHED_MEM_RDATA bound to: 1'b0 
	Parameter TWO_STAGE_SHIFT bound to: 1'b1 
	Parameter BARREL_SHIFTER bound to: 1'b0 
	Parameter TWO_CYCLE_COMPARE bound to: 1'b0 
	Parameter TWO_CYCLE_ALU bound to: 1'b0 
	Parameter COMPRESSED_ISA bound to: 1'b0 
	Parameter CATCH_MISALIGN bound to: 1'b1 
	Parameter CATCH_ILLINSN bound to: 1'b1 
	Parameter ENABLE_PCPI bound to: 1'b0 
	Parameter ENABLE_MUL bound to: 1'b0 
	Parameter ENABLE_FAST_MUL bound to: 1'b1 
	Parameter ENABLE_DIV bound to: 1'b1 
	Parameter ENABLE_IRQ bound to: 1'b0 
	Parameter ENABLE_IRQ_QREGS bound to: 1'b1 
	Parameter ENABLE_IRQ_TIMER bound to: 1'b1 
	Parameter ENABLE_TRACE bound to: 1'b0 
	Parameter REGS_INIT_ZERO bound to: 1'b0 
	Parameter MASKED_IRQ bound to: 0 - type: integer 
	Parameter LATCHED_IRQ bound to: -1 - type: integer 
	Parameter PROGADDR_RESET bound to: 0 - type: integer 
	Parameter PROGADDR_IRQ bound to: 16 - type: integer 
	Parameter STACKADDR bound to: -1 - type: integer 
INFO: [Synth 8-6157] synthesizing module 'picorv32_pcpi_fast_mul' [/net/users/oelmouden/picorv32/work/fmax_synthesis/vivado/xc7a100t-csg324-1/picorv32/rv32im_fast/rtl/picorv32.v:2318]
INFO: [Synth 8-155] case statement is not full and has no default [/net/users/oelmouden/picorv32/work/fmax_synthesis/vivado/xc7a100t-csg324-1/picorv32/rv32im_fast/rtl/picorv32.v:2355]
INFO: [Synth 8-6155] done synthesizing module 'picorv32_pcpi_fast_mul' (0#1) [/net/users/oelmouden/picorv32/work/fmax_synthesis/vivado/xc7a100t-csg324-1/picorv32/rv32im_fast/rtl/picorv32.v:2318]
INFO: [Synth 8-6157] synthesizing module 'picorv32_pcpi_div' [/net/users/oelmouden/picorv32/work/fmax_synthesis/vivado/xc7a100t-csg324-1/picorv32/rv32im_fast/rtl/picorv32.v:2420]
INFO: [Synth 8-155] case statement is not full and has no default [/net/users/oelmouden/picorv32/work/fmax_synthesis/vivado/xc7a100t-csg324-1/picorv32/rv32im_fast/rtl/picorv32.v:2445]
INFO: [Synth 8-6155] done synthesizing module 'picorv32_pcpi_div' (0#1) [/net/users/oelmouden/picorv32/work/fmax_synthesis/vivado/xc7a100t-csg324-1/picorv32/rv32im_fast/rtl/picorv32.v:2420]
INFO: [Synth 8-155] case statement is not full and has no default [/net/users/oelmouden/picorv32/work/fmax_synthesis/vivado/xc7a100t-csg324-1/picorv32/rv32im_fast/rtl/picorv32.v:331]
WARNING: [Synth 8-151] case item 1'b0 is unreachable [/net/users/oelmouden/picorv32/work/fmax_synthesis/vivado/xc7a100t-csg324-1/picorv32/rv32im_fast/rtl/picorv32.v:1268]
WARNING: [Synth 8-151] case item 1'b0 is unreachable [/net/users/oelmouden/picorv32/work/fmax_synthesis/vivado/xc7a100t-csg324-1/picorv32/rv32im_fast/rtl/picorv32.v:1314]
INFO: [Synth 8-155] case statement is not full and has no default [/net/users/oelmouden/picorv32/work/fmax_synthesis/vivado/xc7a100t-csg324-1/picorv32/rv32im_fast/rtl/picorv32.v:1314]
WARNING: [Synth 8-151] case item 1'b0 is unreachable [/net/users/oelmouden/picorv32/work/fmax_synthesis/vivado/xc7a100t-csg324-1/picorv32/rv32im_fast/rtl/picorv32.v:1497]
INFO: [Synth 8-155] case statement is not full and has no default [/net/users/oelmouden/picorv32/work/fmax_synthesis/vivado/xc7a100t-csg324-1/picorv32/rv32im_fast/rtl/picorv32.v:1497]
WARNING: [Synth 8-151] case item 1'b0 is unreachable [/net/users/oelmouden/picorv32/work/fmax_synthesis/vivado/xc7a100t-csg324-1/picorv32/rv32im_fast/rtl/picorv32.v:1583]
WARNING: [Synth 8-151] case item 1'b0 is unreachable [/net/users/oelmouden/picorv32/work/fmax_synthesis/vivado/xc7a100t-csg324-1/picorv32/rv32im_fast/rtl/picorv32.v:1583]
WARNING: [Synth 8-151] case item 1'b0 is unreachable [/net/users/oelmouden/picorv32/work/fmax_synthesis/vivado/xc7a100t-csg324-1/picorv32/rv32im_fast/rtl/picorv32.v:1583]
WARNING: [Synth 8-151] case item 1'b0 is unreachable [/net/users/oelmouden/picorv32/work/fmax_synthesis/vivado/xc7a100t-csg324-1/picorv32/rv32im_fast/rtl/picorv32.v:1583]
WARNING: [Synth 8-151] case item 1'b0 is unreachable [/net/users/oelmouden/picorv32/work/fmax_synthesis/vivado/xc7a100t-csg324-1/picorv32/rv32im_fast/rtl/picorv32.v:1583]
INFO: [Synth 8-6155] done synthesizing module 'picorv32' (0#1) [/net/users/oelmouden/picorv32/work/fmax_synthesis/vivado/xc7a100t-csg324-1/picorv32/rv32im_fast/rtl/picorv32.v:62]
INFO: [Synth 8-6157] synthesizing module 'picorv32_simple_ram' [/net/users/oelmouden/picorv32/work/fmax_synthesis/vivado/xc7a100t-csg324-1/picorv32/rv32im_fast/rtl/picorv32_simple_ram.v:5]
	Parameter MEM_WORDS bound to: 1024 - type: integer 
INFO: [Synth 8-6155] done synthesizing module 'picorv32_simple_ram' (0#1) [/net/users/oelmouden/picorv32/work/fmax_synthesis/vivado/xc7a100t-csg324-1/picorv32/rv32im_fast/rtl/picorv32_simple_ram.v:5]
INFO: [Synth 8-6155] done synthesizing module 'picorv32_soc_top' (0#1) [/net/users/oelmouden/picorv32/work/fmax_synthesis/vivado/xc7a100t-csg324-1/picorv32/rv32im_fast/rtl/picorv32_soc_top.v:5]
WARNING: [Synth 8-6014] Unused sequential element pcpi_insn_valid_q_reg was removed.  [/net/users/oelmouden/picorv32/work/fmax_synthesis/vivado/xc7a100t-csg324-1/picorv32/rv32im_fast/rtl/picorv32.v:2365]
WARNING: [Synth 8-6014] Unused sequential element rs1_q_reg was removed.  [/net/users/oelmouden/picorv32/work/fmax_synthesis/vivado/xc7a100t-csg324-1/picorv32/rv32im_fast/rtl/picorv32.v:2367]
WARNING: [Synth 8-6014] Unused sequential element rs2_q_reg was removed.  [/net/users/oelmouden/picorv32/work/fmax_synthesis/vivado/xc7a100t-csg324-1/picorv32/rv32im_fast/rtl/picorv32.v:2368]
WARNING: [Synth 8-6014] Unused sequential element rd_q_reg was removed.  [/net/users/oelmouden/picorv32/work/fmax_synthesis/vivado/xc7a100t-csg324-1/picorv32/rv32im_fast/rtl/picorv32.v:2374]
WARNING: [Synth 8-6014] Unused sequential element pcpi_wr_reg was removed.  [/net/users/oelmouden/picorv32/work/fmax_synthesis/vivado/xc7a100t-csg324-1/picorv32/rv32im_fast/rtl/picorv32.v:2466]
WARNING: [Synth 8-6014] Unused sequential element mem_la_firstword_reg_reg was removed.  [/net/users/oelmouden/picorv32/work/fmax_synthesis/vivado/xc7a100t-csg324-1/picorv32/rv32im_fast/rtl/picorv32.v:392]
WARNING: [Synth 8-6014] Unused sequential element last_mem_valid_reg was removed.  [/net/users/oelmouden/picorv32/work/fmax_synthesis/vivado/xc7a100t-csg324-1/picorv32/rv32im_fast/rtl/picorv32.v:393]
WARNING: [Synth 8-6014] Unused sequential element next_insn_opcode_reg was removed.  [/net/users/oelmouden/picorv32/work/fmax_synthesis/vivado/xc7a100t-csg324-1/picorv32/rv32im_fast/rtl/picorv32.v:433]
WARNING: [Synth 8-6014] Unused sequential element mem_la_secondword_reg was removed.  [/net/users/oelmouden/picorv32/work/fmax_synthesis/vivado/xc7a100t-csg324-1/picorv32/rv32im_fast/rtl/picorv32.v:571]
WARNING: [Synth 8-6014] Unused sequential element prefetched_high_word_reg was removed.  [/net/users/oelmouden/picorv32/work/fmax_synthesis/vivado/xc7a100t-csg324-1/picorv32/rv32im_fast/rtl/picorv32.v:572]
WARNING: [Synth 8-6014] Unused sequential element q_ascii_instr_reg was removed.  [/net/users/oelmouden/picorv32/work/fmax_synthesis/vivado/xc7a100t-csg324-1/picorv32/rv32im_fast/rtl/picorv32.v:779]
WARNING: [Synth 8-6014] Unused sequential element q_insn_imm_reg was removed.  [/net/users/oelmouden/picorv32/work/fmax_synthesis/vivado/xc7a100t-csg324-1/picorv32/rv32im_fast/rtl/picorv32.v:780]
WARNING: [Synth 8-6014] Unused sequential element q_insn_opcode_reg was removed.  [/net/users/oelmouden/picorv32/work/fmax_synthesis/vivado/xc7a100t-csg324-1/picorv32/rv32im_fast/rtl/picorv32.v:781]
WARNING: [Synth 8-6014] Unused sequential element q_insn_rs1_reg was removed.  [/net/users/oelmouden/picorv32/work/fmax_synthesis/vivado/xc7a100t-csg324-1/picorv32/rv32im_fast/rtl/picorv32.v:782]
WARNING: [Synth 8-6014] Unused sequential element q_insn_rs2_reg was removed.  [/net/users/oelmouden/picorv32/work/fmax_synthesis/vivado/xc7a100t-csg324-1/picorv32/rv32im_fast/rtl/picorv32.v:783]
WARNING: [Synth 8-6014] Unused sequential element q_insn_rd_reg was removed.  [/net/users/oelmouden/picorv32/work/fmax_synthesis/vivado/xc7a100t-csg324-1/picorv32/rv32im_fast/rtl/picorv32.v:784]
WARNING: [Synth 8-6014] Unused sequential element dbg_next_reg was removed.  [/net/users/oelmouden/picorv32/work/fmax_synthesis/vivado/xc7a100t-csg324-1/picorv32/rv32im_fast/rtl/picorv32.v:785]
WARNING: [Synth 8-6014] Unused sequential element dbg_valid_insn_reg was removed.  [/net/users/oelmouden/picorv32/work/fmax_synthesis/vivado/xc7a100t-csg324-1/picorv32/rv32im_fast/rtl/picorv32.v:788]
WARNING: [Synth 8-6014] Unused sequential element cached_ascii_instr_reg was removed.  [/net/users/oelmouden/picorv32/work/fmax_synthesis/vivado/xc7a100t-csg324-1/picorv32/rv32im_fast/rtl/picorv32.v:793]
WARNING: [Synth 8-6014] Unused sequential element cached_insn_imm_reg was removed.  [/net/users/oelmouden/picorv32/work/fmax_synthesis/vivado/xc7a100t-csg324-1/picorv32/rv32im_fast/rtl/picorv32.v:794]
WARNING: [Synth 8-6014] Unused sequential element cached_insn_opcode_reg was removed.  [/net/users/oelmouden/picorv32/work/fmax_synthesis/vivado/xc7a100t-csg324-1/picorv32/rv32im_fast/rtl/picorv32.v:796]
WARNING: [Synth 8-6014] Unused sequential element cached_insn_rs1_reg was removed.  [/net/users/oelmouden/picorv32/work/fmax_synthesis/vivado/xc7a100t-csg324-1/picorv32/rv32im_fast/rtl/picorv32.v:799]
WARNING: [Synth 8-6014] Unused sequential element cached_insn_rs2_reg was removed.  [/net/users/oelmouden/picorv32/work/fmax_synthesis/vivado/xc7a100t-csg324-1/picorv32/rv32im_fast/rtl/picorv32.v:800]
WARNING: [Synth 8-6014] Unused sequential element cached_insn_rd_reg was removed.  [/net/users/oelmouden/picorv32/work/fmax_synthesis/vivado/xc7a100t-csg324-1/picorv32/rv32im_fast/rtl/picorv32.v:801]
WARNING: [Synth 8-6014] Unused sequential element dbg_insn_addr_reg was removed.  [/net/users/oelmouden/picorv32/work/fmax_synthesis/vivado/xc7a100t-csg324-1/picorv32/rv32im_fast/rtl/picorv32.v:805]
WARNING: [Synth 8-6014] Unused sequential element clear_prefetched_high_word_q_reg was removed.  [/net/users/oelmouden/picorv32/work/fmax_synthesis/vivado/xc7a100t-csg324-1/picorv32/rv32im_fast/rtl/picorv32.v:1293]
WARNING: [Synth 8-6014] Unused sequential element set_mem_do_rinst_reg was removed.  [/net/users/oelmouden/picorv32/work/fmax_synthesis/vivado/xc7a100t-csg324-1/picorv32/rv32im_fast/rtl/picorv32.v:1406]
WARNING: [Synth 8-6014] Unused sequential element set_mem_do_rdata_reg was removed.  [/net/users/oelmouden/picorv32/work/fmax_synthesis/vivado/xc7a100t-csg324-1/picorv32/rv32im_fast/rtl/picorv32.v:1407]
WARNING: [Synth 8-6014] Unused sequential element set_mem_do_wdata_reg was removed.  [/net/users/oelmouden/picorv32/work/fmax_synthesis/vivado/xc7a100t-csg324-1/picorv32/rv32im_fast/rtl/picorv32.v:1408]
WARNING: [Synth 8-6014] Unused sequential element alu_out_0_q_reg was removed.  [/net/users/oelmouden/picorv32/work/fmax_synthesis/vivado/xc7a100t-csg324-1/picorv32/rv32im_fast/rtl/picorv32.v:1410]
WARNING: [Synth 8-6014] Unused sequential element alu_wait_reg was removed.  [/net/users/oelmouden/picorv32/work/fmax_synthesis/vivado/xc7a100t-csg324-1/picorv32/rv32im_fast/rtl/picorv32.v:1413]
WARNING: [Synth 8-6014] Unused sequential element alu_wait_2_reg was removed.  [/net/users/oelmouden/picorv32/work/fmax_synthesis/vivado/xc7a100t-csg324-1/picorv32/rv32im_fast/rtl/picorv32.v:1414]
WARNING: [Synth 8-6014] Unused sequential element dbg_rs1val_reg was removed.  [/net/users/oelmouden/picorv32/work/fmax_synthesis/vivado/xc7a100t-csg324-1/picorv32/rv32im_fast/rtl/picorv32.v:1417]
WARNING: [Synth 8-6014] Unused sequential element dbg_rs2val_reg was removed.  [/net/users/oelmouden/picorv32/work/fmax_synthesis/vivado/xc7a100t-csg324-1/picorv32/rv32im_fast/rtl/picorv32.v:1418]
WARNING: [Synth 8-6014] Unused sequential element dbg_rs1val_valid_reg was removed.  [/net/users/oelmouden/picorv32/work/fmax_synthesis/vivado/xc7a100t-csg324-1/picorv32/rv32im_fast/rtl/picorv32.v:1419]
WARNING: [Synth 8-6014] Unused sequential element dbg_rs2val_valid_reg was removed.  [/net/users/oelmouden/picorv32/work/fmax_synthesis/vivado/xc7a100t-csg324-1/picorv32/rv32im_fast/rtl/picorv32.v:1420]
WARNING: [Synth 8-6014] Unused sequential element next_irq_pending_reg was removed.  [/net/users/oelmouden/picorv32/work/fmax_synthesis/vivado/xc7a100t-csg324-1/picorv32/rv32im_fast/rtl/picorv32.v:1440]
WARNING: [Synth 8-6014] Unused sequential element decoder_trigger_q_reg was removed.  [/net/users/oelmouden/picorv32/work/fmax_synthesis/vivado/xc7a100t-csg324-1/picorv32/rv32im_fast/rtl/picorv32.v:1447]
WARNING: [Synth 8-6014] Unused sequential element decoder_pseudo_trigger_q_reg was removed.  [/net/users/oelmouden/picorv32/work/fmax_synthesis/vivado/xc7a100t-csg324-1/picorv32/rv32im_fast/rtl/picorv32.v:1449]
WARNING: [Synth 8-6014] Unused sequential element latched_trace_reg was removed.  [/net/users/oelmouden/picorv32/work/fmax_synthesis/vivado/xc7a100t-csg324-1/picorv32/rv32im_fast/rtl/picorv32.v:1465]
WARNING: [Synth 8-6014] Unused sequential element irq_active_reg was removed.  [/net/users/oelmouden/picorv32/work/fmax_synthesis/vivado/xc7a100t-csg324-1/picorv32/rv32im_fast/rtl/picorv32.v:1471]
WARNING: [Synth 8-6014] Unused sequential element irq_delay_reg was removed.  [/net/users/oelmouden/picorv32/work/fmax_synthesis/vivado/xc7a100t-csg324-1/picorv32/rv32im_fast/rtl/picorv32.v:1472]
WARNING: [Synth 8-6014] Unused sequential element irq_mask_reg was removed.  [/net/users/oelmouden/picorv32/work/fmax_synthesis/vivado/xc7a100t-csg324-1/picorv32/rv32im_fast/rtl/picorv32.v:1473]
WARNING: [Synth 8-6014] Unused sequential element irq_state_reg was removed.  [/net/users/oelmouden/picorv32/work/fmax_synthesis/vivado/xc7a100t-csg324-1/picorv32/rv32im_fast/rtl/picorv32.v:1475]
WARNING: [Synth 8-6014] Unused sequential element timer_reg was removed.  [/net/users/oelmouden/picorv32/work/fmax_synthesis/vivado/xc7a100t-csg324-1/picorv32/rv32im_fast/rtl/picorv32.v:1477]
WARNING: [Synth 8-6014] Unused sequential element current_pc_reg was removed.  [/net/users/oelmouden/picorv32/work/fmax_synthesis/vivado/xc7a100t-csg324-1/picorv32/rv32im_fast/rtl/picorv32.v:1495]
WARNING: [Synth 8-6014] Unused sequential element irq_pending_reg was removed.  [/net/users/oelmouden/picorv32/work/fmax_synthesis/vivado/xc7a100t-csg324-1/picorv32/rv32im_fast/rtl/picorv32.v:1963]
WARNING: [Synth 8-6014] Unused sequential element trace_valid_reg was removed.  [/net/users/oelmouden/picorv32/work/fmax_synthesis/vivado/xc7a100t-csg324-1/picorv32/rv32im_fast/rtl/picorv32.v:1452]
WARNING: [Synth 8-7129] Port pcpi_insn[24] in module picorv32_pcpi_div is either unconnected or has no load
WARNING: [Synth 8-7129] Port pcpi_insn[23] in module picorv32_pcpi_div is either unconnected or has no load
WARNING: [Synth 8-7129] Port pcpi_insn[22] in module picorv32_pcpi_div is either unconnected or has no load
WARNING: [Synth 8-7129] Port pcpi_insn[21] in module picorv32_pcpi_div is either unconnected or has no load
WARNING: [Synth 8-7129] Port pcpi_insn[20] in module picorv32_pcpi_div is either unconnected or has no load
WARNING: [Synth 8-7129] Port pcpi_insn[19] in module picorv32_pcpi_div is either unconnected or has no load
WARNING: [Synth 8-7129] Port pcpi_insn[18] in module picorv32_pcpi_div is either unconnected or has no load
WARNING: [Synth 8-7129] Port pcpi_insn[17] in module picorv32_pcpi_div is either unconnected or has no load
WARNING: [Synth 8-7129] Port pcpi_insn[16] in module picorv32_pcpi_div is either unconnected or has no load
WARNING: [Synth 8-7129] Port pcpi_insn[15] in module picorv32_pcpi_div is either unconnected or has no load
WARNING: [Synth 8-7129] Port pcpi_insn[11] in module picorv32_pcpi_div is either unconnected or has no load
WARNING: [Synth 8-7129] Port pcpi_insn[10] in module picorv32_pcpi_div is either unconnected or has no load
WARNING: [Synth 8-7129] Port pcpi_insn[9] in module picorv32_pcpi_div is either unconnected or has no load
WARNING: [Synth 8-7129] Port pcpi_insn[8] in module picorv32_pcpi_div is either unconnected or has no load
WARNING: [Synth 8-7129] Port pcpi_insn[7] in module picorv32_pcpi_div is either unconnected or has no load
WARNING: [Synth 8-7129] Port pcpi_insn[24] in module picorv32_pcpi_fast_mul is either unconnected or has no load
WARNING: [Synth 8-7129] Port pcpi_insn[23] in module picorv32_pcpi_fast_mul is either unconnected or has no load
WARNING: [Synth 8-7129] Port pcpi_insn[22] in module picorv32_pcpi_fast_mul is either unconnected or has no load
WARNING: [Synth 8-7129] Port pcpi_insn[21] in module picorv32_pcpi_fast_mul is either unconnected or has no load
WARNING: [Synth 8-7129] Port pcpi_insn[20] in module picorv32_pcpi_fast_mul is either unconnected or has no load
WARNING: [Synth 8-7129] Port pcpi_insn[19] in module picorv32_pcpi_fast_mul is either unconnected or has no load
WARNING: [Synth 8-7129] Port pcpi_insn[18] in module picorv32_pcpi_fast_mul is either unconnected or has no load
WARNING: [Synth 8-7129] Port pcpi_insn[17] in module picorv32_pcpi_fast_mul is either unconnected or has no load
WARNING: [Synth 8-7129] Port pcpi_insn[16] in module picorv32_pcpi_fast_mul is either unconnected or has no load
WARNING: [Synth 8-7129] Port pcpi_insn[15] in module picorv32_pcpi_fast_mul is either unconnected or has no load
WARNING: [Synth 8-7129] Port pcpi_insn[11] in module picorv32_pcpi_fast_mul is either unconnected or has no load
WARNING: [Synth 8-7129] Port pcpi_insn[10] in module picorv32_pcpi_fast_mul is either unconnected or has no load
WARNING: [Synth 8-7129] Port pcpi_insn[9] in module picorv32_pcpi_fast_mul is either unconnected or has no load
WARNING: [Synth 8-7129] Port pcpi_insn[8] in module picorv32_pcpi_fast_mul is either unconnected or has no load
WARNING: [Synth 8-7129] Port pcpi_insn[7] in module picorv32_pcpi_fast_mul is either unconnected or has no load
WARNING: [Synth 8-7129] Port pcpi_wr in module picorv32 is either unconnected or has no load
WARNING: [Synth 8-7129] Port pcpi_rd[31] in module picorv32 is either unconnected or has no load
WARNING: [Synth 8-7129] Port pcpi_rd[30] in module picorv32 is either unconnected or has no load
WARNING: [Synth 8-7129] Port pcpi_rd[29] in module picorv32 is either unconnected or has no load
WARNING: [Synth 8-7129] Port pcpi_rd[28] in module picorv32 is either unconnected or has no load
WARNING: [Synth 8-7129] Port pcpi_rd[27] in module picorv32 is either unconnected or has no load
WARNING: [Synth 8-7129] Port pcpi_rd[26] in module picorv32 is either unconnected or has no load
WARNING: [Synth 8-7129] Port pcpi_rd[25] in module picorv32 is either unconnected or has no load
WARNING: [Synth 8-7129] Port pcpi_rd[24] in module picorv32 is either unconnected or has no load
WARNING: [Synth 8-7129] Port pcpi_rd[23] in module picorv32 is either unconnected or has no load
WARNING: [Synth 8-7129] Port pcpi_rd[22] in module picorv32 is either unconnected or has no load
WARNING: [Synth 8-7129] Port pcpi_rd[21] in module picorv32 is either unconnected or has no load
WARNING: [Synth 8-7129] Port pcpi_rd[20] in module picorv32 is either unconnected or has no load
WARNING: [Synth 8-7129] Port pcpi_rd[19] in module picorv32 is either unconnected or has no load
WARNING: [Synth 8-7129] Port pcpi_rd[18] in module picorv32 is either unconnected or has no load
WARNING: [Synth 8-7129] Port pcpi_rd[17] in module picorv32 is either unconnected or has no load
WARNING: [Synth 8-7129] Port pcpi_rd[16] in module picorv32 is either unconnected or has no load
WARNING: [Synth 8-7129] Port pcpi_rd[15] in module picorv32 is either unconnected or has no load
WARNING: [Synth 8-7129] Port pcpi_rd[14] in module picorv32 is either unconnected or has no load
WARNING: [Synth 8-7129] Port pcpi_rd[13] in module picorv32 is either unconnected or has no load
WARNING: [Synth 8-7129] Port pcpi_rd[12] in module picorv32 is either unconnected or has no load
WARNING: [Synth 8-7129] Port pcpi_rd[11] in module picorv32 is either unconnected or has no load
WARNING: [Synth 8-7129] Port pcpi_rd[10] in module picorv32 is either unconnected or has no load
WARNING: [Synth 8-7129] Port pcpi_rd[9] in module picorv32 is either unconnected or has no load
WARNING: [Synth 8-7129] Port pcpi_rd[8] in module picorv32 is either unconnected or has no load
WARNING: [Synth 8-7129] Port pcpi_rd[7] in module picorv32 is either unconnected or has no load
WARNING: [Synth 8-7129] Port pcpi_rd[6] in module picorv32 is either unconnected or has no load
WARNING: [Synth 8-7129] Port pcpi_rd[5] in module picorv32 is either unconnected or has no load
WARNING: [Synth 8-7129] Port pcpi_rd[4] in module picorv32 is either unconnected or has no load
WARNING: [Synth 8-7129] Port pcpi_rd[3] in module picorv32 is either unconnected or has no load
WARNING: [Synth 8-7129] Port pcpi_rd[2] in module picorv32 is either unconnected or has no load
WARNING: [Synth 8-7129] Port pcpi_rd[1] in module picorv32 is either unconnected or has no load
WARNING: [Synth 8-7129] Port pcpi_rd[0] in module picorv32 is either unconnected or has no load
WARNING: [Synth 8-7129] Port pcpi_wait in module picorv32 is either unconnected or has no load
WARNING: [Synth 8-7129] Port pcpi_ready in module picorv32 is either unconnected or has no load
WARNING: [Synth 8-7129] Port irq[31] in module picorv32 is either unconnected or has no load
WARNING: [Synth 8-7129] Port irq[30] in module picorv32 is either unconnected or has no load
WARNING: [Synth 8-7129] Port irq[29] in module picorv32 is either unconnected or has no load
WARNING: [Synth 8-7129] Port irq[28] in module picorv32 is either unconnected or has no load
WARNING: [Synth 8-7129] Port irq[27] in module picorv32 is either unconnected or has no load
WARNING: [Synth 8-7129] Port irq[26] in module picorv32 is either unconnected or has no load
WARNING: [Synth 8-7129] Port irq[25] in module picorv32 is either unconnected or has no load
WARNING: [Synth 8-7129] Port irq[24] in module picorv32 is either unconnected or has no load
WARNING: [Synth 8-7129] Port irq[23] in module picorv32 is either unconnected or has no load
WARNING: [Synth 8-7129] Port irq[22] in module picorv32 is either unconnected or has no load
WARNING: [Synth 8-7129] Port irq[21] in module picorv32 is either unconnected or has no load
WARNING: [Synth 8-7129] Port irq[20] in module picorv32 is either unconnected or has no load
WARNING: [Synth 8-7129] Port irq[19] in module picorv32 is either unconnected or has no load
WARNING: [Synth 8-7129] Port irq[18] in module picorv32 is either unconnected or has no load
WARNING: [Synth 8-7129] Port irq[17] in module picorv32 is either unconnected or has no load
WARNING: [Synth 8-7129] Port irq[16] in module picorv32 is either unconnected or has no load
WARNING: [Synth 8-7129] Port irq[15] in module picorv32 is either unconnected or has no load
WARNING: [Synth 8-7129] Port irq[14] in module picorv32 is either unconnected or has no load
WARNING: [Synth 8-7129] Port irq[13] in module picorv32 is either unconnected or has no load
WARNING: [Synth 8-7129] Port irq[12] in module picorv32 is either unconnected or has no load
WARNING: [Synth 8-7129] Port irq[11] in module picorv32 is either unconnected or has no load
WARNING: [Synth 8-7129] Port irq[10] in module picorv32 is either unconnected or has no load
WARNING: [Synth 8-7129] Port irq[9] in module picorv32 is either unconnected or has no load
WARNING: [Synth 8-7129] Port irq[8] in module picorv32 is either unconnected or has no load
WARNING: [Synth 8-7129] Port irq[7] in module picorv32 is either unconnected or has no load
WARNING: [Synth 8-7129] Port irq[6] in module picorv32 is either unconnected or has no load
WARNING: [Synth 8-7129] Port irq[5] in module picorv32 is either unconnected or has no load
WARNING: [Synth 8-7129] Port irq[4] in module picorv32 is either unconnected or has no load
WARNING: [Synth 8-7129] Port irq[3] in module picorv32 is either unconnected or has no load
WARNING: [Synth 8-7129] Port irq[2] in module picorv32 is either unconnected or has no load
WARNING: [Synth 8-7129] Port irq[1] in module picorv32 is either unconnected or has no load
WARNING: [Synth 8-7129] Port irq[0] in module picorv32 is either unconnected or has no load
---------------------------------------------------------------------------------
Finished RTL Elaboration : Time (s): cpu = 00:00:07 ; elapsed = 00:00:07 . Memory (MB): peak = 3854.496 ; gain = 0.000 ; free physical = 741300 ; free virtual = 764332
---------------------------------------------------------------------------------
---------------------------------------------------------------------------------
Start Handling Custom Attributes
---------------------------------------------------------------------------------
---------------------------------------------------------------------------------
Finished Handling Custom Attributes : Time (s): cpu = 00:00:07 ; elapsed = 00:00:07 . Memory (MB): peak = 3854.496 ; gain = 0.000 ; free physical = 741300 ; free virtual = 764332
---------------------------------------------------------------------------------
---------------------------------------------------------------------------------
Finished RTL Optimization Phase 1 : Time (s): cpu = 00:00:07 ; elapsed = 00:00:07 . Memory (MB): peak = 3854.496 ; gain = 0.000 ; free physical = 741300 ; free virtual = 764332
---------------------------------------------------------------------------------
Netlist sorting complete. Time (s): cpu = 00:00:00.03 ; elapsed = 00:00:00.02 . Memory (MB): peak = 3854.496 ; gain = 0.000 ; free physical = 741301 ; free virtual = 764332
INFO: [Project 1-570] Preparing netlist for logic optimization

Processing XDC Constraints
Initializing timing engine
Parsing XDC File [/net/users/oelmouden/picorv32/work/fmax_synthesis/vivado/xc7a100t-csg324-1/picorv32/rv32im_fast/constraints.xdc]
WARNING: [Vivado 12-2489] -period contains time 11.363636 which will be rounded to 11.364 to ensure it is an integer multiple of 1 picosecond [/net/users/oelmouden/picorv32/work/fmax_synthesis/vivado/xc7a100t-csg324-1/picorv32/rv32im_fast/constraints.xdc:1]
Finished Parsing XDC File [/net/users/oelmouden/picorv32/work/fmax_synthesis/vivado/xc7a100t-csg324-1/picorv32/rv32im_fast/constraints.xdc]
Completed Processing XDC Constraints

Netlist sorting complete. Time (s): cpu = 00:00:00 ; elapsed = 00:00:00 . Memory (MB): peak = 3854.496 ; gain = 0.000 ; free physical = 741285 ; free virtual = 764316
INFO: [Project 1-111] Unisim Transformation Summary:
No Unisim elements were transformed.

Constraint Validation Runtime : Time (s): cpu = 00:00:00.06 ; elapsed = 00:00:00.02 . Memory (MB): peak = 3854.496 ; gain = 0.000 ; free physical = 741285 ; free virtual = 764316
---------------------------------------------------------------------------------
Finished Constraint Validation : Time (s): cpu = 00:00:13 ; elapsed = 00:00:13 . Memory (MB): peak = 3854.496 ; gain = 0.000 ; free physical = 741286 ; free virtual = 764317
---------------------------------------------------------------------------------
---------------------------------------------------------------------------------
Start Loading Part and Timing Information
---------------------------------------------------------------------------------
Loading part: xc7a100tcsg324-1
---------------------------------------------------------------------------------
Finished Loading Part and Timing Information : Time (s): cpu = 00:00:13 ; elapsed = 00:00:13 . Memory (MB): peak = 3854.496 ; gain = 0.000 ; free physical = 741286 ; free virtual = 764317
---------------------------------------------------------------------------------
---------------------------------------------------------------------------------
Start Applying 'set_property' XDC Constraints
---------------------------------------------------------------------------------
---------------------------------------------------------------------------------
Finished applying 'set_property' XDC Constraints : Time (s): cpu = 00:00:13 ; elapsed = 00:00:13 . Memory (MB): peak = 3854.496 ; gain = 0.000 ; free physical = 741287 ; free virtual = 764318
---------------------------------------------------------------------------------
INFO: [Synth 8-802] inferred FSM for state register 'mem_state_reg' in module 'picorv32'
---------------------------------------------------------------------------------------------------
                   State |                     New Encoding |                Previous Encoding 
---------------------------------------------------------------------------------------------------
                 iSTATE2 |                               00 |                               00
                 iSTATE0 |                               01 |                               10
                  iSTATE |                               10 |                               01
                 iSTATE1 |                               11 |                               11
---------------------------------------------------------------------------------------------------
INFO: [Synth 8-3354] encoded FSM with state register 'mem_state_reg' using encoding 'sequential' in module 'picorv32'
---------------------------------------------------------------------------------
Finished RTL Optimization Phase 2 : Time (s): cpu = 00:00:14 ; elapsed = 00:00:14 . Memory (MB): peak = 3854.496 ; gain = 0.000 ; free physical = 741281 ; free virtual = 764312
---------------------------------------------------------------------------------
---------------------------------------------------------------------------------
Start RTL Component Statistics 
---------------------------------------------------------------------------------
Detailed RTL Component Info : 
+---Adders : 
	   2 Input   63 Bit       Adders := 1     
	   2 Input   32 Bit       Adders := 7     
	   3 Input   32 Bit       Adders := 1     
	   2 Input    5 Bit       Adders := 1     
	   2 Input    4 Bit       Adders := 1     
+---XORs : 
	   2 Input     32 Bit         XORs := 1     
+---Registers : 
	               64 Bit    Registers := 1     
	               63 Bit    Registers := 1     
	               36 Bit    Registers := 1     
	               33 Bit    Registers := 2     
	               32 Bit    Registers := 18    
	                8 Bit    Registers := 1     
	                5 Bit    Registers := 6     
	                4 Bit    Registers := 3     
	                2 Bit    Registers := 1     
	                1 Bit    Registers := 89    
+---Multipliers : 
	              33x33  Multipliers := 1     
+---RAMs : 
	              32K Bit	(1024 X 32 bit)          RAMs := 1     
	             1024 Bit	(32 X 32 bit)          RAMs := 1     
+---Muxes : 
	   2 Input   63 Bit        Muxes := 2     
	   2 Input   33 Bit        Muxes := 2     
	   2 Input   32 Bit        Muxes := 33    
	   3 Input   32 Bit        Muxes := 3     
	   5 Input   32 Bit        Muxes := 1     
	   6 Input   32 Bit        Muxes := 1     
	   4 Input   32 Bit        Muxes := 7     
	   2 Input   16 Bit        Muxes := 1     
	   4 Input    8 Bit        Muxes := 2     
	   2 Input    8 Bit        Muxes := 3     
	   5 Input    4 Bit        Muxes := 1     
	   2 Input    4 Bit        Muxes := 1     
	   4 Input    4 Bit        Muxes := 1     
	   3 Input    4 Bit        Muxes := 1     
	   2 Input    3 Bit        Muxes := 3     
	   4 Input    2 Bit        Muxes := 1     
	   2 Input    2 Bit        Muxes := 2     
	   2 Input    1 Bit        Muxes := 32    
	   4 Input    1 Bit        Muxes := 18    
	   3 Input    1 Bit        Muxes := 4     
	   7 Input    1 Bit        Muxes := 4     
---------------------------------------------------------------------------------
Finished RTL Component Statistics 
---------------------------------------------------------------------------------
---------------------------------------------------------------------------------
Start Part Resource Summary
---------------------------------------------------------------------------------
Part Resources:
DSPs: 240 (col length:80)
BRAMs: 270 (col length: RAMB18 80 RAMB36 40)
---------------------------------------------------------------------------------
Finished Part Resource Summary
---------------------------------------------------------------------------------
---------------------------------------------------------------------------------
Start Cross Boundary and Area Optimization
---------------------------------------------------------------------------------
WARNING: [Synth 8-7080] Parallel synthesis criteria is not met
DSP Report: Generating DSP rd0, operation Mode is: A2*B2.
DSP Report: register rs1_reg is absorbed into DSP rd0.
DSP Report: register rd0 is absorbed into DSP rd0.
DSP Report: operator rd0 is absorbed into DSP rd0.
DSP Report: operator rd0 is absorbed into DSP rd0.
DSP Report: Generating DSP rd_reg, operation Mode is: (PCIN>>17)+A2*B2.
DSP Report: register rs2_reg is absorbed into DSP rd_reg.
DSP Report: register rs1_reg is absorbed into DSP rd_reg.
DSP Report: register rd_reg is absorbed into DSP rd_reg.
DSP Report: operator rd0 is absorbed into DSP rd_reg.
DSP Report: operator rd0 is absorbed into DSP rd_reg.
DSP Report: Generating DSP rd0, operation Mode is: A2*B2.
DSP Report: register rd0 is absorbed into DSP rd0.
DSP Report: register rd0 is absorbed into DSP rd0.
DSP Report: operator rd0 is absorbed into DSP rd0.
DSP Report: operator rd0 is absorbed into DSP rd0.
DSP Report: Generating DSP rd_reg, operation Mode is: (PCIN>>17)+A2*B2.
DSP Report: register rs2_reg is absorbed into DSP rd_reg.
DSP Report: register rd_reg is absorbed into DSP rd_reg.
DSP Report: register rd_reg is absorbed into DSP rd_reg.
DSP Report: operator rd0 is absorbed into DSP rd_reg.
DSP Report: operator rd0 is absorbed into DSP rd_reg.
WARNING: [Synth 8-7129] Port pcpi_wr in module picorv32 is either unconnected or has no load
WARNING: [Synth 8-7129] Port pcpi_rd[31] in module picorv32 is either unconnected or has no load
WARNING: [Synth 8-7129] Port pcpi_rd[30] in module picorv32 is either unconnected or has no load
INFO: [Common 17-14] Message 'Synth 8-7129' appears 100 times and further instances of the messages will be disabled. Use the Tcl command set_msg_config to change the current settings.
WARNING: [Synth 8-3332] Sequential element (rd_reg[47]) is unused and will be removed from module picorv32_pcpi_fast_mul.
WARNING: [Synth 8-3332] Sequential element (rd_reg[46]) is unused and will be removed from module picorv32_pcpi_fast_mul.
WARNING: [Synth 8-3332] Sequential element (rd_reg[45]) is unused and will be removed from module picorv32_pcpi_fast_mul.
WARNING: [Synth 8-3332] Sequential element (rd_reg[44]) is unused and will be removed from module picorv32_pcpi_fast_mul.
WARNING: [Synth 8-3332] Sequential element (rd_reg[43]) is unused and will be removed from module picorv32_pcpi_fast_mul.
WARNING: [Synth 8-3332] Sequential element (rd_reg[42]) is unused and will be removed from module picorv32_pcpi_fast_mul.
WARNING: [Synth 8-3332] Sequential element (rd_reg[41]) is unused and will be removed from module picorv32_pcpi_fast_mul.
WARNING: [Synth 8-3332] Sequential element (rd_reg[40]) is unused and will be removed from module picorv32_pcpi_fast_mul.
WARNING: [Synth 8-3332] Sequential element (rd_reg[39]) is unused and will be removed from module picorv32_pcpi_fast_mul.
WARNING: [Synth 8-3332] Sequential element (rd_reg[38]) is unused and will be removed from module picorv32_pcpi_fast_mul.
WARNING: [Synth 8-3332] Sequential element (rd_reg[37]) is unused and will be removed from module picorv32_pcpi_fast_mul.
WARNING: [Synth 8-3332] Sequential element (rd_reg[36]) is unused and will be removed from module picorv32_pcpi_fast_mul.
WARNING: [Synth 8-3332] Sequential element (rd_reg[35]) is unused and will be removed from module picorv32_pcpi_fast_mul.
WARNING: [Synth 8-3332] Sequential element (rd_reg[34]) is unused and will be removed from module picorv32_pcpi_fast_mul.
WARNING: [Synth 8-3332] Sequential element (rd_reg[33]) is unused and will be removed from module picorv32_pcpi_fast_mul.
WARNING: [Synth 8-3332] Sequential element (rd_reg[32]) is unused and will be removed from module picorv32_pcpi_fast_mul.
WARNING: [Synth 8-3332] Sequential element (rd_reg[31]) is unused and will be removed from module picorv32_pcpi_fast_mul.
WARNING: [Synth 8-3332] Sequential element (rd_reg[30]) is unused and will be removed from module picorv32_pcpi_fast_mul.
WARNING: [Synth 8-3332] Sequential element (rd_reg[29]) is unused and will be removed from module picorv32_pcpi_fast_mul.
WARNING: [Synth 8-3332] Sequential element (rd_reg[28]) is unused and will be removed from module picorv32_pcpi_fast_mul.
WARNING: [Synth 8-3332] Sequential element (rd_reg[27]) is unused and will be removed from module picorv32_pcpi_fast_mul.
WARNING: [Synth 8-3332] Sequential element (rd_reg[26]) is unused and will be removed from module picorv32_pcpi_fast_mul.
WARNING: [Synth 8-3332] Sequential element (rd_reg[25]) is unused and will be removed from module picorv32_pcpi_fast_mul.
WARNING: [Synth 8-3332] Sequential element (rd_reg[24]) is unused and will be removed from module picorv32_pcpi_fast_mul.
WARNING: [Synth 8-3332] Sequential element (rd_reg[23]) is unused and will be removed from module picorv32_pcpi_fast_mul.
WARNING: [Synth 8-3332] Sequential element (rd_reg[22]) is unused and will be removed from module picorv32_pcpi_fast_mul.
WARNING: [Synth 8-3332] Sequential element (rd_reg[21]) is unused and will be removed from module picorv32_pcpi_fast_mul.
WARNING: [Synth 8-3332] Sequential element (rd_reg[20]) is unused and will be removed from module picorv32_pcpi_fast_mul.
WARNING: [Synth 8-3332] Sequential element (rd_reg[19]) is unused and will be removed from module picorv32_pcpi_fast_mul.
WARNING: [Synth 8-3332] Sequential element (rd_reg[18]) is unused and will be removed from module picorv32_pcpi_fast_mul.
WARNING: [Synth 8-3332] Sequential element (rd_reg[17]) is unused and will be removed from module picorv32_pcpi_fast_mul.
WARNING: [Synth 8-3332] Sequential element (rd_reg[47]__0) is unused and will be removed from module picorv32_pcpi_fast_mul.
WARNING: [Synth 8-3332] Sequential element (rd_reg[46]__0) is unused and will be removed from module picorv32_pcpi_fast_mul.
WARNING: [Synth 8-3332] Sequential element (rd_reg[45]__0) is unused and will be removed from module picorv32_pcpi_fast_mul.
WARNING: [Synth 8-3332] Sequential element (rd_reg[44]__0) is unused and will be removed from module picorv32_pcpi_fast_mul.
WARNING: [Synth 8-3332] Sequential element (rd_reg[43]__0) is unused and will be removed from module picorv32_pcpi_fast_mul.
WARNING: [Synth 8-3332] Sequential element (rd_reg[42]__0) is unused and will be removed from module picorv32_pcpi_fast_mul.
WARNING: [Synth 8-3332] Sequential element (rd_reg[41]__0) is unused and will be removed from module picorv32_pcpi_fast_mul.
WARNING: [Synth 8-3332] Sequential element (rd_reg[40]__0) is unused and will be removed from module picorv32_pcpi_fast_mul.
WARNING: [Synth 8-3332] Sequential element (rd_reg[39]__0) is unused and will be removed from module picorv32_pcpi_fast_mul.
WARNING: [Synth 8-3332] Sequential element (rd_reg[38]__0) is unused and will be removed from module picorv32_pcpi_fast_mul.
WARNING: [Synth 8-3332] Sequential element (rd_reg[37]__0) is unused and will be removed from module picorv32_pcpi_fast_mul.
WARNING: [Synth 8-3332] Sequential element (rd_reg[36]__0) is unused and will be removed from module picorv32_pcpi_fast_mul.
WARNING: [Synth 8-3332] Sequential element (rd_reg[35]__0) is unused and will be removed from module picorv32_pcpi_fast_mul.
WARNING: [Synth 8-3332] Sequential element (rd_reg[34]__0) is unused and will be removed from module picorv32_pcpi_fast_mul.
WARNING: [Synth 8-3332] Sequential element (rd_reg[33]__0) is unused and will be removed from module picorv32_pcpi_fast_mul.
WARNING: [Synth 8-3332] Sequential element (rd_reg[32]__0) is unused and will be removed from module picorv32_pcpi_fast_mul.
WARNING: [Synth 8-3332] Sequential element (rd_reg[31]__0) is unused and will be removed from module picorv32_pcpi_fast_mul.
WARNING: [Synth 8-3332] Sequential element (rd_reg[30]__0) is unused and will be removed from module picorv32_pcpi_fast_mul.
WARNING: [Synth 8-3332] Sequential element (rd_reg[29]__0) is unused and will be removed from module picorv32_pcpi_fast_mul.
WARNING: [Synth 8-3332] Sequential element (rd_reg[28]__0) is unused and will be removed from module picorv32_pcpi_fast_mul.
WARNING: [Synth 8-3332] Sequential element (rd_reg[27]__0) is unused and will be removed from module picorv32_pcpi_fast_mul.
WARNING: [Synth 8-3332] Sequential element (rd_reg[26]__0) is unused and will be removed from module picorv32_pcpi_fast_mul.
WARNING: [Synth 8-3332] Sequential element (rd_reg[25]__0) is unused and will be removed from module picorv32_pcpi_fast_mul.
WARNING: [Synth 8-3332] Sequential element (rd_reg[24]__0) is unused and will be removed from module picorv32_pcpi_fast_mul.
WARNING: [Synth 8-3332] Sequential element (rd_reg[23]__0) is unused and will be removed from module picorv32_pcpi_fast_mul.
WARNING: [Synth 8-3332] Sequential element (rd_reg[22]__0) is unused and will be removed from module picorv32_pcpi_fast_mul.
WARNING: [Synth 8-3332] Sequential element (rd_reg[21]__0) is unused and will be removed from module picorv32_pcpi_fast_mul.
WARNING: [Synth 8-3332] Sequential element (rd_reg[20]__0) is unused and will be removed from module picorv32_pcpi_fast_mul.
WARNING: [Synth 8-3332] Sequential element (rd_reg[19]__0) is unused and will be removed from module picorv32_pcpi_fast_mul.
WARNING: [Synth 8-3332] Sequential element (rd_reg[18]__0) is unused and will be removed from module picorv32_pcpi_fast_mul.
WARNING: [Synth 8-3332] Sequential element (rd_reg[17]__0) is unused and will be removed from module picorv32_pcpi_fast_mul.
---------------------------------------------------------------------------------
Finished Cross Boundary and Area Optimization : Time (s): cpu = 00:00:20 ; elapsed = 00:00:21 . Memory (MB): peak = 3854.496 ; gain = 0.000 ; free physical = 741277 ; free virtual = 764308
---------------------------------------------------------------------------------
 Sort Area is  rd0_0 : 0 0 : 2737 5129 : Used 1 time 0
 Sort Area is  rd0_0 : 0 1 : 2392 5129 : Used 1 time 0
 Sort Area is  rd0_3 : 0 0 : 2338 4501 : Used 1 time 0
 Sort Area is  rd0_3 : 0 1 : 2163 4501 : Used 1 time 0
---------------------------------------------------------------------------------
Start ROM, RAM, DSP, Shift Register and Retiming Reporting
---------------------------------------------------------------------------------

Block RAM: Preliminary Mapping Report (see note below)
+-----------------+----------------+------------------------+---+---+------------------------+---+---+------------------+--------+--------+
|Module Name      | RTL Object     | PORT A (Depth x Width) | W | R | PORT B (Depth x Width) | W | R | Ports driving FF | RAMB18 | RAMB36 | 
+-----------------+----------------+------------------------+---+---+------------------------+---+---+------------------+--------+--------+
|picorv32_soc_top | ram/memory_reg | 1 K x 32(READ_FIRST)   | W |   | 1 K x 32(WRITE_FIRST)  |   | R | Port A and B     | 0      | 1      | 
+-----------------+----------------+------------------------+---+---+------------------------+---+---+------------------+--------+--------+

Note: The table above is a preliminary report that shows the Block RAMs at the current stage of the synthesis flow. Some Block RAMs may be reimplemented as non Block RAM primitives later in the synthesis flow. Multiple instantiated Block RAMs are reported only once. 

Distributed RAM: Preliminary Mapping Report (see note below)
+------------+-------------+-----------+----------------------+--------------+
|Module Name | RTL Object  | Inference | Size (Depth x Width) | Primitives   | 
+------------+-------------+-----------+----------------------+--------------+
|cpu         | cpuregs_reg | Implied   | 32 x 32              | RAM32M x 12  | 
+------------+-------------+-----------+----------------------+--------------+

Note: The table above is a preliminary report that shows the Distributed RAMs at the current stage of the synthesis flow. Some Distributed RAMs may be reimplemented as non Distributed RAM primitives later in the synthesis flow. Multiple instantiated RAMs are reported only once.

DSP: Preliminary Mapping Report (see note below. The ' indicates corresponding REG is set)
+-----------------------+------------------+--------+--------+--------+--------+--------+------+------+------+------+-------+------+------+
|Module Name            | DSP Mapping      | A Size | B Size | C Size | D Size | P Size | AREG | BREG | CREG | DREG | ADREG | MREG | PREG | 
+-----------------------+------------------+--------+--------+--------+--------+--------+------+------+------+------+-------+------+------+
|picorv32_pcpi_fast_mul | A2*B2            | 18     | 16     | -      | -      | 48     | 1    | 1    | -    | -    | -     | 0    | 0    | 
|picorv32_pcpi_fast_mul | (PCIN>>17)+A2*B2 | 16     | 16     | -      | -      | 48     | 1    | 1    | -    | -    | -     | 0    | 1    | 
|picorv32_pcpi_fast_mul | A2*B2            | 18     | 18     | -      | -      | 48     | 1    | 1    | -    | -    | -     | 0    | 0    | 
|picorv32_pcpi_fast_mul | (PCIN>>17)+A2*B2 | 18     | 16     | -      | -      | 48     | 1    | 1    | -    | -    | -     | 0    | 1    | 
+-----------------------+------------------+--------+--------+--------+--------+--------+------+------+------+------+-------+------+------+

Note: The table above is a preliminary report that shows the DSPs inferred at the current stage of the synthesis flow. Some DSP may be reimplemented as non DSP primitives later in the synthesis flow. Multiple instantiated DSPs are reported only once.
---------------------------------------------------------------------------------
Finished ROM, RAM, DSP, Shift Register and Retiming Reporting
---------------------------------------------------------------------------------
---------------------------------------------------------------------------------
Start Applying XDC Timing Constraints
---------------------------------------------------------------------------------
---------------------------------------------------------------------------------
Finished Applying XDC Timing Constraints : Time (s): cpu = 00:00:22 ; elapsed = 00:00:23 . Memory (MB): peak = 3854.496 ; gain = 0.000 ; free physical = 741277 ; free virtual = 764308
---------------------------------------------------------------------------------
---------------------------------------------------------------------------------
Start Timing Optimization
---------------------------------------------------------------------------------
---------------------------------------------------------------------------------
Finished Timing Optimization : Time (s): cpu = 00:00:22 ; elapsed = 00:00:24 . Memory (MB): peak = 3854.496 ; gain = 0.000 ; free physical = 741277 ; free virtual = 764308
---------------------------------------------------------------------------------
---------------------------------------------------------------------------------
Start ROM, RAM, DSP, Shift Register and Retiming Reporting
---------------------------------------------------------------------------------

Block RAM: Final Mapping Report
+-----------------+----------------+------------------------+---+---+------------------------+---+---+------------------+--------+--------+
|Module Name      | RTL Object     | PORT A (Depth x Width) | W | R | PORT B (Depth x Width) | W | R | Ports driving FF | RAMB18 | RAMB36 | 
+-----------------+----------------+------------------------+---+---+------------------------+---+---+------------------+--------+--------+
|picorv32_soc_top | ram/memory_reg | 1 K x 32(READ_FIRST)   | W |   | 1 K x 32(WRITE_FIRST)  |   | R | Port A and B     | 0      | 1      | 
+-----------------+----------------+------------------------+---+---+------------------------+---+---+------------------+--------+--------+


Distributed RAM: Final Mapping Report
+------------+-------------+-----------+----------------------+--------------+
|Module Name | RTL Object  | Inference | Size (Depth x Width) | Primitives   | 
+------------+-------------+-----------+----------------------+--------------+
|cpu         | cpuregs_reg | Implied   | 32 x 32              | RAM32M x 12  | 
+------------+-------------+-----------+----------------------+--------------+

---------------------------------------------------------------------------------
Finished ROM, RAM, DSP, Shift Register and Retiming Reporting
---------------------------------------------------------------------------------
---------------------------------------------------------------------------------
Start Technology Mapping
---------------------------------------------------------------------------------
INFO: [Synth 8-7052] The timing for the instance ram/memory_reg (implemented as a Block RAM) might be sub-optimal as no optional output register could be merged into the ram block. Providing additional output register may help in improving timing.
---------------------------------------------------------------------------------
Finished Technology Mapping : Time (s): cpu = 00:00:23 ; elapsed = 00:00:25 . Memory (MB): peak = 3854.496 ; gain = 0.000 ; free physical = 741277 ; free virtual = 764308
---------------------------------------------------------------------------------
---------------------------------------------------------------------------------
Start IO Insertion
---------------------------------------------------------------------------------
---------------------------------------------------------------------------------
Start Flattening Before IO Insertion
---------------------------------------------------------------------------------
---------------------------------------------------------------------------------
Finished Flattening Before IO Insertion
---------------------------------------------------------------------------------
---------------------------------------------------------------------------------
Start Final Netlist Cleanup
---------------------------------------------------------------------------------
---------------------------------------------------------------------------------
Finished Final Netlist Cleanup
---------------------------------------------------------------------------------
---------------------------------------------------------------------------------
Finished IO Insertion : Time (s): cpu = 00:00:26 ; elapsed = 00:00:28 . Memory (MB): peak = 3854.496 ; gain = 0.000 ; free physical = 741277 ; free virtual = 764308
---------------------------------------------------------------------------------
---------------------------------------------------------------------------------
Start Renaming Generated Instances
---------------------------------------------------------------------------------
---------------------------------------------------------------------------------
Finished Renaming Generated Instances : Time (s): cpu = 00:00:26 ; elapsed = 00:00:28 . Memory (MB): peak = 3854.496 ; gain = 0.000 ; free physical = 741277 ; free virtual = 764308
---------------------------------------------------------------------------------
---------------------------------------------------------------------------------
Start Handling Custom Attributes
---------------------------------------------------------------------------------
---------------------------------------------------------------------------------
Finished Handling Custom Attributes : Time (s): cpu = 00:00:27 ; elapsed = 00:00:28 . Memory (MB): peak = 3854.496 ; gain = 0.000 ; free physical = 741277 ; free virtual = 764308
---------------------------------------------------------------------------------
---------------------------------------------------------------------------------
Start Writing Synthesis Report
---------------------------------------------------------------------------------

DSP Final Report (the ' indicates corresponding REG is set)
+-----------------------+--------------------+--------+--------+--------+--------+--------+------+------+------+------+-------+------+------+
|Module Name            | DSP Mapping        | A Size | B Size | C Size | D Size | P Size | AREG | BREG | CREG | DREG | ADREG | MREG | PREG | 
+-----------------------+--------------------+--------+--------+--------+--------+--------+------+------+------+------+-------+------+------+
|picorv32_pcpi_fast_mul | A''*B'             | 17     | 18     | -      | -      | 48     | 2    | 1    | -    | -    | -     | 0    | 0    | 
|picorv32_pcpi_fast_mul | (PCIN>>17+A'*B')'  | 30     | 18     | -      | -      | 48     | 1    | 1    | -    | -    | -     | 0    | 1    | 
|picorv32_pcpi_fast_mul | A''*B''            | 17     | 17     | -      | -      | 48     | 2    | 2    | -    | -    | -     | 0    | 0    | 
|picorv32_pcpi_fast_mul | (PCIN>>17+A''*B')' | 17     | 18     | -      | -      | 48     | 2    | 1    | -    | -    | -     | 0    | 1    | 
+-----------------------+--------------------+--------+--------+--------+--------+--------+------+------+------+------+-------+------+------+


Report BlackBoxes: 
+-+--------------+----------+
| |BlackBox name |Instances |
+-+--------------+----------+
+-+--------------+----------+

Report Cell Usage: 
+------+---------+------+
|      |Cell     |Count |
+------+---------+------+
|1     |BUFG     |     1|
|2     |CARRY4   |   143|
|3     |DSP48E1  |     4|
|7     |LUT1     |   134|
|8     |LUT2     |   196|
|9     |LUT3     |   154|
|10    |LUT4     |   356|
|11    |LUT5     |   218|
|12    |LUT6     |   499|
|13    |MUXF7    |     1|
|14    |RAM32M   |    10|
|15    |RAM32X1D |     4|
|16    |RAMB36E1 |     1|
|17    |FDRE     |   810|
|18    |FDSE     |    26|
|19    |IBUF     |     2|
|20    |OBUF     |     1|
+------+---------+------+
---------------------------------------------------------------------------------
Finished Writing Synthesis Report : Time (s): cpu = 00:00:27 ; elapsed = 00:00:28 . Memory (MB): peak = 3854.496 ; gain = 0.000 ; free physical = 741277 ; free virtual = 764308
---------------------------------------------------------------------------------
Synthesis finished with 0 errors, 0 critical warnings and 130 warnings.
Synthesis Optimization Runtime : Time (s): cpu = 00:00:26 ; elapsed = 00:00:27 . Memory (MB): peak = 3854.496 ; gain = 0.000 ; free physical = 741277 ; free virtual = 764308
Synthesis Optimization Complete : Time (s): cpu = 00:00:27 ; elapsed = 00:00:29 . Memory (MB): peak = 3854.496 ; gain = 0.000 ; free physical = 741277 ; free virtual = 764308
INFO: [Project 1-571] Translating synthesized netlist
Netlist sorting complete. Time (s): cpu = 00:00:00.02 ; elapsed = 00:00:00.01 . Memory (MB): peak = 3854.496 ; gain = 0.000 ; free physical = 741440 ; free virtual = 764471
INFO: [Netlist 29-17] Analyzing 163 Unisim elements for replacement
INFO: [Netlist 29-28] Unisim Transformation completed in 0 CPU seconds
WARNING: [Netlist 29-101] Netlist 'picorv32_soc_top' is not ideal for floorplanning, since the cellview 'picorv32_soc_top' contains a large number of primitives.  Please consider enabling hierarchy in synthesis if you want to do floorplanning.
INFO: [Project 1-570] Preparing netlist for logic optimization
Parsing XDC File [/net/users/oelmouden/picorv32/work/fmax_synthesis/vivado/xc7a100t-csg324-1/picorv32/rv32im_fast/constraints.xdc]
WARNING: [Vivado 12-2489] -period contains time 11.363636 which will be rounded to 11.364 to ensure it is an integer multiple of 1 picosecond [/net/users/oelmouden/picorv32/work/fmax_synthesis/vivado/xc7a100t-csg324-1/picorv32/rv32im_fast/constraints.xdc:1]
Finished Parsing XDC File [/net/users/oelmouden/picorv32/work/fmax_synthesis/vivado/xc7a100t-csg324-1/picorv32/rv32im_fast/constraints.xdc]
INFO: [Opt 31-138] Pushed 0 inverter(s) to 0 load pin(s).
Netlist sorting complete. Time (s): cpu = 00:00:00 ; elapsed = 00:00:00 . Memory (MB): peak = 3854.496 ; gain = 0.000 ; free physical = 741440 ; free virtual = 764471
INFO: [Project 1-111] Unisim Transformation Summary:
  A total of 14 instances were transformed.
  RAM32M => RAM32M (RAMD32(x6), RAMS32(x2)): 10 instances
  RAM32X1D => RAM32X1D (RAMD32(x2)): 4 instances

Synth Design complete | Checksum: f69f57ba
INFO: [Common 17-83] Releasing license: Synthesis
317 Infos, 677 Warnings, 0 Critical Warnings and 0 Errors encountered.
synth_design completed successfully
synth_design: Time (s): cpu = 00:00:35 ; elapsed = 00:00:34 . Memory (MB): peak = 3854.496 ; gain = 0.000 ; free physical = 741440 ; free virtual = 764471
INFO: [Common 17-2834] synth_design peak Physical Memory [PSS] (MB): overall = 3100.583; main = 2921.445; forked = 331.797
INFO: [Common 17-2834] synth_design peak Virtual Memory [VSS] (MB): overall = 5340.223; main = 3787.266; forked = 1552.957
Command: opt_design -sweep -remap -propconst
Attempting to get a license for feature 'Implementation' and/or device 'xc7a100t'
INFO: [Common 17-349] Got license for feature 'Implementation' and/or device 'xc7a100t'
Running DRC as a precondition to command opt_design
INFO: [DRC 23-27] Running DRC with 8 threads
INFO: [Project 1-461] DRC finished with 0 Errors
INFO: [Project 1-462] Please refer to the DRC report (report_drc) for more information.
INFO: [Timing 38-35] Done setting XDC timing constraints.
INFO: [Opt 31-138] Pushed 0 inverter(s) to 0 load pin(s).
Constant propagation | Checksum: 19a31d398
INFO: [Opt 31-389] Phase Constant propagation created 0 cells and removed 0 cells
INFO: [Constraints 18-11670] Building netlist checker database with flags, 0x8
Done building netlist checker database: Time (s): cpu = 00:00:00 ; elapsed = 00:00:00 . Memory (MB): peak = 3854.496 ; gain = 0.000 ; free physical = 741437 ; free virtual = 764469
Sweep | Checksum: 20be9e34c
INFO: [Opt 31-389] Phase Sweep created 1 cells and removed 0 cells
Remap | Checksum: 20be9e34c
INFO: [Opt 31-389] Phase Remap created 0 cells and removed 0 cells
Post Processing Netlist | Checksum: 20be9e34c
INFO: [Opt 31-389] Phase Post Processing Netlist created 0 cells and removed 0 cells
Opt_design Change Summary
=========================


---------------------------------------------------------------------------------------------------------------------
|  Phase                    |  #Cells created  |  #Cells Removed  |  #Constrained objects preventing optimizations  |
---------------------------------------------------------------------------------------------------------------------
|  Constant propagation     |               0  |               0  |                                              0  |
|  Sweep                    |               1  |               0  |                                              0  |
|  Remap                    |               0  |               0  |                                              0  |
|  Post Processing Netlist  |               0  |               0  |                                              0  |
---------------------------------------------------------------------------------------------------------------------


Netlist sorting complete. Time (s): cpu = 00:00:00 ; elapsed = 00:00:00 . Memory (MB): peak = 3854.496 ; gain = 0.000 ; free physical = 741437 ; free virtual = 764469
INFO: [Common 17-83] Releasing license: Implementation
331 Infos, 677 Warnings, 0 Critical Warnings and 0 Errors encountered.
opt_design completed successfully
opt_design: Time (s): cpu = 00:00:13 ; elapsed = 00:00:12 . Memory (MB): peak = 3854.496 ; gain = 0.000 ; free physical = 741437 ; free virtual = 764469
Command: opt_design -directive Explore
INFO: [Vivado_Tcl 4-136] Directive used for opt_design is: Explore
Attempting to get a license for feature 'Implementation' and/or device 'xc7a100t'
INFO: [Common 17-349] Got license for feature 'Implementation' and/or device 'xc7a100t'
Running DRC as a precondition to command opt_design
INFO: [DRC 23-27] Running DRC with 8 threads
INFO: [Project 1-461] DRC finished with 0 Errors
INFO: [Project 1-462] Please refer to the DRC report (report_drc) for more information.
INFO: [Timing 38-35] Done setting XDC timing constraints.
INFO: [Opt 31-1851] Number of loadless carry chains removed were: 0
INFO: [Opt 31-1834] Total Chains To Be Transformed Were: 0 AND Number of Transformed insts Created are: 0
INFO: [Opt 31-138] Pushed 0 inverter(s) to 0 load pin(s).
INFO: [Opt 31-49] Retargeted 0 cell(s).
Retarget | Checksum: 21ef379f4
INFO: [Opt 31-389] Phase Retarget created 0 cells and removed 0 cells
INFO: [Opt 31-138] Pushed 0 inverter(s) to 0 load pin(s).
Constant propagation | Checksum: 21ef379f4
INFO: [Opt 31-389] Phase Constant propagation created 0 cells and removed 0 cells
INFO: [Constraints 18-11670] Building netlist checker database with flags, 0x8
Done building netlist checker database: Time (s): cpu = 00:00:00 ; elapsed = 00:00:00 . Memory (MB): peak = 3854.496 ; gain = 0.000 ; free physical = 741299 ; free virtual = 764330
Sweep | Checksum: 21ef379f4
INFO: [Opt 31-389] Phase Sweep created 0 cells and removed 0 cells
BUFG optimization | Checksum: 21ef379f4
INFO: [Opt 31-662] Phase BUFG optimization created 0 cells of which 0 are BUFGs and removed 0 cells.
INFO: [Opt 31-1064] SRL Remap converted 0 SRLs to 0 registers and converted 0 registers of register chains to 0 SRLs
Shift Register Optimization | Checksum: 21ef379f4
INFO: [Opt 31-389] Phase Shift Register Optimization created 0 cells and removed 0 cells
INFO: [Opt 31-1555] control_set_opt supports Versal devices only, and device 7a100t is unsupported
Post Processing Netlist | Checksum: 21ef379f4
INFO: [Opt 31-389] Phase Post Processing Netlist created 0 cells and removed 0 cells
Opt_design Change Summary
=========================


-------------------------------------------------------------------------------------------------------------------------
|  Phase                        |  #Cells created  |  #Cells Removed  |  #Constrained objects preventing optimizations  |
-------------------------------------------------------------------------------------------------------------------------
|  Retarget                     |               0  |               0  |                                              0  |
|  Constant propagation         |               0  |               0  |                                              0  |
|  Sweep                        |               0  |               0  |                                              0  |
|  BUFG optimization            |               0  |               0  |                                              0  |
|  Shift Register Optimization  |               0  |               0  |                                              0  |
|  Post Processing Netlist      |               0  |               0  |                                              0  |
-------------------------------------------------------------------------------------------------------------------------


Netlist sorting complete. Time (s): cpu = 00:00:00 ; elapsed = 00:00:00 . Memory (MB): peak = 3854.496 ; gain = 0.000 ; free physical = 741299 ; free virtual = 764330
INFO: [Common 17-83] Releasing license: Implementation
352 Infos, 677 Warnings, 0 Critical Warnings and 0 Errors encountered.
opt_design completed successfully
Command: place_design -directive Explore
Attempting to get a license for feature 'Implementation' and/or device 'xc7a100t'
INFO: [Common 17-349] Got license for feature 'Implementation' and/or device 'xc7a100t'
INFO: [Common 17-83] Releasing license: Implementation
INFO: [DRC 23-27] Running DRC with 8 threads
INFO: [Vivado_Tcl 4-198] DRC finished with 0 Errors
INFO: [Vivado_Tcl 4-199] Please refer to the DRC report (report_drc) for more information.
INFO: [Vivado_Tcl 4-2302] The placer was invoked with the 'Explore' directive.
Running DRC as a precondition to command place_design
INFO: [DRC 23-27] Running DRC with 8 threads
INFO: [Vivado_Tcl 4-198] DRC finished with 0 Errors
INFO: [Vivado_Tcl 4-199] Please refer to the DRC report (report_drc) for more information.
INFO: [Place 30-611] Multithreading enabled for place_design using a maximum of 8 CPUs
Netlist sorting complete. Time (s): cpu = 00:00:00 ; elapsed = 00:00:00 . Memory (MB): peak = 3854.496 ; gain = 0.000 ; free physical = 741263 ; free virtual = 764294
Netlist sorting complete. Time (s): cpu = 00:00:00 ; elapsed = 00:00:00 . Memory (MB): peak = 3854.496 ; gain = 0.000 ; free physical = 741263 ; free virtual = 764294
INFO: [Timing 38-35] Done setting XDC timing constraints.
INFO: [Physopt 32-1035] Found 0 LUTNM shape to break, 84 LUT instances to create LUTNM shape
INFO: [Physopt 32-1044] Break lutnm for timing: one critical 0, two critical 0, total 0, new lutff created 0
INFO: [Physopt 32-1138] End 1 Pass. Optimized 35 nets or LUTs. Breaked 0 LUT, combined 35 existing LUTs and moved 0 existing LUT
INFO: [Physopt 32-65] No nets found for high-fanout optimization.
INFO: [Physopt 32-232] Optimized 0 net. Created 0 new instance.
INFO: [Physopt 32-775] End 1 Pass. Optimized 0 net or cell. Created 0 new cell, deleted 0 existing cell and moved 0 existing cell
INFO: [Physopt 32-670] No setup violation found.  DSP Register Optimization was not performed.
INFO: [Physopt 32-670] No setup violation found.  Shift Register to Pipeline Optimization was not performed.
INFO: [Physopt 32-670] No setup violation found.  Shift Register Optimization was not performed.
INFO: [Physopt 32-670] No setup violation found.  BRAM Register Optimization was not performed.
INFO: [Physopt 32-670] No setup violation found.  URAM Register Optimization was not performed.
INFO: [Physopt 32-949] No candidate nets found for dynamic/static region interface net replication
INFO: [Physopt 32-775] End 1 Pass. Optimized 0 net or cell. Created 0 new cell, deleted 0 existing cell and moved 0 existing cell
Netlist sorting complete. Time (s): cpu = 00:00:00 ; elapsed = 00:00:00 . Memory (MB): peak = 3854.496 ; gain = 0.000 ; free physical = 741439 ; free virtual = 764470

Summary of Physical Synthesis Optimizations
============================================


-----------------------------------------------------------------------------------------------------------------------------------------------------------
|  Optimization                                     |  Added Cells  |  Removed Cells  |  Optimized Cells/Nets  |  Dont Touch  |  Iterations  |  Elapsed   |
-----------------------------------------------------------------------------------------------------------------------------------------------------------
|  LUT Combining                                    |            0  |             35  |                    35  |           0  |           1  |  00:00:00  |
|  Retime                                           |            0  |              0  |                     0  |           0  |           1  |  00:00:00  |
|  Very High Fanout                                 |            0  |              0  |                     0  |           0  |           1  |  00:00:00  |
|  DSP Register                                     |            0  |              0  |                     0  |           0  |           0  |  00:00:00  |
|  Shift Register to Pipeline                       |            0  |              0  |                     0  |           0  |           0  |  00:00:00  |
|  Shift Register                                   |            0  |              0  |                     0  |           0  |           0  |  00:00:00  |
|  BRAM Register                                    |            0  |              0  |                     0  |           0  |           0  |  00:00:00  |
|  URAM Register                                    |            0  |              0  |                     0  |           0  |           0  |  00:00:00  |
|  Dynamic/Static Region Interface Net Replication  |            0  |              0  |                     0  |           0  |           1  |  00:00:00  |
|  Total                                            |            0  |             35  |                    35  |           0  |           4  |  00:00:00  |
-----------------------------------------------------------------------------------------------------------------------------------------------------------


INFO: [Timing 38-35] Done setting XDC timing constraints.
Post Placement Optimization Initialization | Checksum: 1654c55b0
INFO: [Physopt 32-721] Multithreading enabled for phys_opt_design using a maximum of 8 CPUs
INFO: [Physopt 32-619] Estimated Timing Summary | WNS=4.026 | TNS=0.000 |
INFO: [Place 46-56] BUFG insertion identified 0 candidate nets. Inserted BUFG: 0, Replicated BUFG Driver: 0, Skipped due to Placement/Routing Conflicts: 0, Skipped due to Timing Degradation: 0, Skipped due to netlist editing failed: 0.
INFO: [Place 30-746] Post Placement Timing Summary WNS=4.026. For the most accurate timing information please run report_timing.
INFO: [Place 30-612] Post-Placement Estimated Congestion 
 ____________________________________________________
|           | Global Congestion | Short Congestion  |
| Direction | Region Size       | Region Size       |
|___________|___________________|___________________|
|      North|                1x1|                1x1|
|___________|___________________|___________________|
|      South|                1x1|                4x4|
|___________|___________________|___________________|
|       East|                1x1|                1x1|
|___________|___________________|___________________|
|       West|                1x1|                1x1|
|___________|___________________|___________________|

Netlist sorting complete. Time (s): cpu = 00:00:00 ; elapsed = 00:00:00 . Memory (MB): peak = 3854.496 ; gain = 0.000 ; free physical = 741439 ; free virtual = 764470
382 Infos, 677 Warnings, 0 Critical Warnings and 0 Errors encountered.
place_design completed successfully
place_design: Time (s): cpu = 00:00:16 ; elapsed = 00:00:06 . Memory (MB): peak = 3854.496 ; gain = 0.000 ; free physical = 741439 ; free virtual = 764470
Command: phys_opt_design -retime -rewire -critical_pin_opt -placement_opt -critical_cell_opt
Attempting to get a license for feature 'Implementation' and/or device 'xc7a100t'
INFO: [Common 17-349] Got license for feature 'Implementation' and/or device 'xc7a100t'
WARNING: [Vivado_Tcl 4-1892] The option '-rewire' has been deprecated and will become unsupported in a future release. Please remove the option from the scripts and use '-restruct_opt' option instead.
INFO: [Vivado_Tcl 4-2279] Estimated Timing Summary | WNS= 4.026 | TNS= 0.000 | 
INFO: [Vivado_Tcl 4-383] Design worst setup slack (WNS) is greater than or equal to 0.250 ns. All physical synthesis setup optimizations will be skipped.
INFO: [Vivado_Tcl 4-232] No setup violation found. The netlist was not modified.
INFO: [Common 17-83] Releasing license: Implementation
387 Infos, 678 Warnings, 0 Critical Warnings and 0 Errors encountered.
phys_opt_design completed successfully
Command: route_design -directive AggressiveExplore
Attempting to get a license for feature 'Implementation' and/or device 'xc7a100t'
INFO: [Common 17-349] Got license for feature 'Implementation' and/or device 'xc7a100t'
INFO: [Route 35-270] Using Router directive 'AggressiveExplore'.
INFO: [Route 35-254] Multithreading enabled for route_design using a maximum of 8 CPUs
INFO: [Route 72-16] Aggressive Explore Summary
+======+=======+=====+=======+=====+========+==============+===================+
| Pass |  WNS  | TNS |  WHS  | THS | Status | Elapsed Time | Solution Selected |
+======+=======+=====+=======+=====+========+==============+===================+
|  1   | 3.892 |  -  | 0.132 |  -  |  Pass  |   00:00:02   |         x         |
|  2   |   -   |  -  |   -   |  -  |  Skip  |   00:00:00   |                   |
+------+-------+-----+-------+-----+--------+--------------+-------------------+

INFO: [Route 35-16] Router Completed Successfully
INFO: [Common 17-83] Releasing license: Implementation
399 Infos, 678 Warnings, 0 Critical Warnings and 0 Errors encountered.
route_design completed successfully
route_design: Time (s): cpu = 00:00:39 ; elapsed = 00:00:29 . Memory (MB): peak = 3854.496 ; gain = 0.000 ; free physical = 741435 ; free virtual = 764466
<grey>[synth_script.tcl]<end> <cyan>report_route_status:<end>
Design Route Status
                                               :      # nets :
   ------------------------------------------- : ----------- :
   # of logical nets.......................... :        3349 :
       # of nets not needing routing.......... :        1073 :
           # of internally routed nets........ :        1049 :
           # of nets with no loads............ :          24 :
       # of routable nets..................... :        2276 :
           # of fully routed nets............. :        2276 :
       # of nets with routing errors.......... :           0 :
   ------------------------------------------- : ----------- :

Command: place_design -post_place_opt
Attempting to get a license for feature 'Implementation' and/or device 'xc7a100t'
INFO: [Common 17-349] Got license for feature 'Implementation' and/or device 'xc7a100t'
INFO: [Common 17-83] Releasing license: Implementation
Running DRC as a precondition to command place_design
INFO: [DRC 23-27] Running DRC with 8 threads
INFO: [Vivado_Tcl 4-198] DRC finished with 0 Errors
INFO: [Vivado_Tcl 4-199] Please refer to the DRC report (report_drc) for more information.
INFO: [Place 30-611] Multithreading enabled for place_design using a maximum of 8 CPUs
Netlist sorting complete. Time (s): cpu = 00:00:00 ; elapsed = 00:00:00 . Memory (MB): peak = 3854.496 ; gain = 0.000 ; free physical = 741436 ; free virtual = 764467
Post Placement Optimization Initialization | Checksum: 3192250ee
INFO: [Physopt 32-721] Multithreading enabled for phys_opt_design using a maximum of 8 CPUs
INFO: [Physopt 32-619] Estimated Timing Summary | WNS=3.897 | TNS=0.000 |
INFO: [Place 46-56] BUFG insertion identified 0 candidate nets. Inserted BUFG: 0, Replicated BUFG Driver: 0, Skipped due to Placement/Routing Conflicts: 0, Skipped due to Timing Degradation: 0, Skipped due to netlist editing failed: 0.
INFO: [Place 30-746] Post Placement Timing Summary WNS=3.897. For the most accurate timing information please run report_timing.
INFO: [Place 30-612] Post-Placement Estimated Congestion 
 ____________________________________________________
|           | Global Congestion | Short Congestion  |
| Direction | Region Size       | Region Size       |
|___________|___________________|___________________|
|      North|                1x1|                1x1|
|___________|___________________|___________________|
|      South|                1x1|                4x4|
|___________|___________________|___________________|
|       East|                1x1|                1x1|
|___________|___________________|___________________|
|       West|                1x1|                1x1|
|___________|___________________|___________________|

Netlist sorting complete. Time (s): cpu = 00:00:00 ; elapsed = 00:00:00 . Memory (MB): peak = 3854.496 ; gain = 0.000 ; free physical = 741437 ; free virtual = 764468
410 Infos, 678 Warnings, 0 Critical Warnings and 0 Errors encountered.
place_design completed successfully
Command: phys_opt_design -retime -routing_opt
Attempting to get a license for feature 'Implementation' and/or device 'xc7a100t'
INFO: [Common 17-349] Got license for feature 'Implementation' and/or device 'xc7a100t'
INFO: [Vivado_Tcl 4-241] Physical synthesis in post route mode 
INFO: [Vivado_Tcl 4-2279] Estimated Timing Summary | WNS= 3.897 | TNS= 0.000 | 
INFO: [Vivado_Tcl 4-383] Design worst setup slack (WNS) is greater than or equal to 0.000 ns. All physical synthesis setup optimizations will be skipped.
INFO: [Vivado_Tcl 4-232] No setup violation found. The netlist was not modified.
INFO: [Common 17-83] Releasing license: Implementation
416 Infos, 678 Warnings, 0 Critical Warnings and 0 Errors encountered.
phys_opt_design completed successfully
Command: route_design -directive NoTimingRelaxation
Attempting to get a license for feature 'Implementation' and/or device 'xc7a100t'
INFO: [Common 17-349] Got license for feature 'Implementation' and/or device 'xc7a100t'
INFO: [Route 35-270] Using Router directive 'NoTimingRelaxation'.
INFO: [Route 35-254] Multithreading enabled for route_design using a maximum of 8 CPUs
INFO: [Route 35-16] Router Completed Successfully
INFO: [Common 17-83] Releasing license: Implementation
426 Infos, 678 Warnings, 0 Critical Warnings and 0 Errors encountered.
route_design completed successfully
route_design: Time (s): cpu = 00:00:36 ; elapsed = 00:00:28 . Memory (MB): peak = 3854.496 ; gain = 0.000 ; free physical = 741432 ; free virtual = 764463
Copyright 1986-2022 Xilinx, Inc. All Rights Reserved. Copyright 2022-2024 Advanced Micro Devices, Inc. All Rights Reserved.
---------------------------------------------------------------------------------------------------------------------------------------------
| Tool Version : Vivado v.2024.2 (lin64) Build 5239630 Fri Nov 08 22:34:34 MST 2024
| Date         : Thu May 28 15:24:42 2026
| Host         : naouna.ims.bordeaux running 64-bit Red Hat Enterprise Linux release 8.10 (Ootpa)
| Command      : report_utilization
| Design       : picorv32_soc_top
| Device       : xc7a100tcsg324-1
| Speed File   : -1
| Design State : Routed
---------------------------------------------------------------------------------------------------------------------------------------------

Utilization Design Information

Table of Contents
-----------------
1. Slice Logic
1.1 Summary of Registers by Type
2. Slice Logic Distribution
3. Memory
4. DSP
5. IO and GT Specific
6. Clocking
7. Specific Feature
8. Primitives
9. Black Boxes
10. Instantiated Netlists

1. Slice Logic
--------------

+----------------------------+------+-------+------------+-----------+-------+
|          Site Type         | Used | Fixed | Prohibited | Available | Util% |
+----------------------------+------+-------+------------+-----------+-------+
| Slice LUTs                 | 1408 |     0 |          0 |     63400 |  2.22 |
|   LUT as Logic             | 1364 |     0 |          0 |     63400 |  2.15 |
|   LUT as Memory            |   44 |     0 |          0 |     19000 |  0.23 |
|     LUT as Distributed RAM |   44 |     0 |            |           |       |
|     LUT as Shift Register  |    0 |     0 |            |           |       |
| Slice Registers            |  837 |     0 |          0 |    126800 |  0.66 |
|   Register as Flip Flop    |  837 |     0 |          0 |    126800 |  0.66 |
|   Register as Latch        |    0 |     0 |          0 |    126800 |  0.00 |
| F7 Muxes                   |    1 |     0 |          0 |     31700 | <0.01 |
| F8 Muxes                   |    0 |     0 |          0 |     15850 |  0.00 |
+----------------------------+------+-------+------------+-----------+-------+
* Warning! LUT value is adjusted to account for LUT combining.


1.1 Summary of Registers by Type
--------------------------------

+-------+--------------+-------------+--------------+
| Total | Clock Enable | Synchronous | Asynchronous |
+-------+--------------+-------------+--------------+
| 0     |            _ |           - |            - |
| 0     |            _ |           - |          Set |
| 0     |            _ |           - |        Reset |
| 0     |            _ |         Set |            - |
| 0     |            _ |       Reset |            - |
| 0     |          Yes |           - |            - |
| 0     |          Yes |           - |          Set |
| 0     |          Yes |           - |        Reset |
| 26    |          Yes |         Set |            - |
| 811   |          Yes |       Reset |            - |
+-------+--------------+-------------+--------------+


2. Slice Logic Distribution
---------------------------

+--------------------------------------------+------+-------+------------+-----------+-------+
|                  Site Type                 | Used | Fixed | Prohibited | Available | Util% |
+--------------------------------------------+------+-------+------------+-----------+-------+
| Slice                                      |  460 |     0 |          0 |     15850 |  2.90 |
|   SLICEL                                   |  374 |     0 |            |           |       |
|   SLICEM                                   |   86 |     0 |            |           |       |
| LUT as Logic                               | 1364 |     0 |          0 |     63400 |  2.15 |
|   using O5 output only                     |    0 |       |            |           |       |
|   using O6 output only                     | 1171 |       |            |           |       |
|   using O5 and O6                          |  193 |       |            |           |       |
| LUT as Memory                              |   44 |     0 |          0 |     19000 |  0.23 |
|   LUT as Distributed RAM                   |   44 |     0 |            |           |       |
|     using O5 output only                   |    0 |       |            |           |       |
|     using O6 output only                   |    0 |       |            |           |       |
|     using O5 and O6                        |   44 |       |            |           |       |
|   LUT as Shift Register                    |    0 |     0 |            |           |       |
|     using O5 output only                   |    0 |       |            |           |       |
|     using O6 output only                   |    0 |       |            |           |       |
|     using O5 and O6                        |    0 |       |            |           |       |
| Slice Registers                            |  837 |     0 |          0 |    126800 |  0.66 |
|   Register driven from within the Slice    |  635 |       |            |           |       |
|   Register driven from outside the Slice   |  202 |       |            |           |       |
|     LUT in front of the register is unused |   69 |       |            |           |       |
|     LUT in front of the register is used   |  133 |       |            |           |       |
| Unique Control Sets                        |   26 |       |          0 |     15850 |  0.16 |
+--------------------------------------------+------+-------+------------+-----------+-------+
* * Note: Available Control Sets calculated as Slice * 1, Review the Control Sets Report for more information regarding control sets.


3. Memory
---------

+-------------------+------+-------+------------+-----------+-------+
|     Site Type     | Used | Fixed | Prohibited | Available | Util% |
+-------------------+------+-------+------------+-----------+-------+
| Block RAM Tile    |    1 |     0 |          0 |       135 |  0.74 |
|   RAMB36/FIFO*    |    1 |     0 |          0 |       135 |  0.74 |
|     RAMB36E1 only |    1 |       |            |           |       |
|   RAMB18          |    0 |     0 |          0 |       270 |  0.00 |
+-------------------+------+-------+------------+-----------+-------+
* Note: Each Block RAM Tile only has one FIFO logic available and therefore can accommodate only one FIFO36E1 or one FIFO18E1. However, if a FIFO18E1 occupies a Block RAM Tile, that tile can still accommodate a RAMB18E1


4. DSP
------

+----------------+------+-------+------------+-----------+-------+
|    Site Type   | Used | Fixed | Prohibited | Available | Util% |
+----------------+------+-------+------------+-----------+-------+
| DSPs           |    4 |     0 |          0 |       240 |  1.67 |
|   DSP48E1 only |    4 |       |            |           |       |
+----------------+------+-------+------------+-----------+-------+


5. IO and GT Specific
---------------------

+-----------------------------+------+-------+------------+-----------+-------+
|          Site Type          | Used | Fixed | Prohibited | Available | Util% |
+-----------------------------+------+-------+------------+-----------+-------+
| Bonded IOB                  |    3 |     0 |          0 |       210 |  1.43 |
|   IOB Master Pads           |    1 |       |            |           |       |
|   IOB Slave Pads            |    1 |       |            |           |       |
| Bonded IPADs                |    0 |     0 |          0 |         2 |  0.00 |
| PHY_CONTROL                 |    0 |     0 |          0 |         6 |  0.00 |
| PHASER_REF                  |    0 |     0 |          0 |         6 |  0.00 |
| OUT_FIFO                    |    0 |     0 |          0 |        24 |  0.00 |
| IN_FIFO                     |    0 |     0 |          0 |        24 |  0.00 |
| IDELAYCTRL                  |    0 |     0 |          0 |         6 |  0.00 |
| IBUFDS                      |    0 |     0 |          0 |       202 |  0.00 |
| PHASER_OUT/PHASER_OUT_PHY   |    0 |     0 |          0 |        24 |  0.00 |
| PHASER_IN/PHASER_IN_PHY     |    0 |     0 |          0 |        24 |  0.00 |
| IDELAYE2/IDELAYE2_FINEDELAY |    0 |     0 |          0 |       300 |  0.00 |
| ILOGIC                      |    0 |     0 |          0 |       210 |  0.00 |
| OLOGIC                      |    0 |     0 |          0 |       210 |  0.00 |
+-----------------------------+------+-------+------------+-----------+-------+


6. Clocking
-----------

+------------+------+-------+------------+-----------+-------+
|  Site Type | Used | Fixed | Prohibited | Available | Util% |
+------------+------+-------+------------+-----------+-------+
| BUFGCTRL   |    1 |     0 |          0 |        32 |  3.13 |
| BUFIO      |    0 |     0 |          0 |        24 |  0.00 |
| MMCME2_ADV |    0 |     0 |          0 |         6 |  0.00 |
| PLLE2_ADV  |    0 |     0 |          0 |         6 |  0.00 |
| BUFMRCE    |    0 |     0 |          0 |        12 |  0.00 |
| BUFHCE     |    0 |     0 |          0 |        96 |  0.00 |
| BUFR       |    0 |     0 |          0 |        24 |  0.00 |
+------------+------+-------+------------+-----------+-------+


7. Specific Feature
-------------------

+-------------+------+-------+------------+-----------+-------+
|  Site Type  | Used | Fixed | Prohibited | Available | Util% |
+-------------+------+-------+------------+-----------+-------+
| BSCANE2     |    0 |     0 |          0 |         4 |  0.00 |
| CAPTUREE2   |    0 |     0 |          0 |         1 |  0.00 |
| DNA_PORT    |    0 |     0 |          0 |         1 |  0.00 |
| EFUSE_USR   |    0 |     0 |          0 |         1 |  0.00 |
| FRAME_ECCE2 |    0 |     0 |          0 |         1 |  0.00 |
| ICAPE2      |    0 |     0 |          0 |         2 |  0.00 |
| PCIE_2_1    |    0 |     0 |          0 |         1 |  0.00 |
| STARTUPE2   |    0 |     0 |          0 |         1 |  0.00 |
| XADC        |    0 |     0 |          0 |         1 |  0.00 |
+-------------+------+-------+------------+-----------+-------+


8. Primitives
-------------

+----------+------+---------------------+
| Ref Name | Used | Functional Category |
+----------+------+---------------------+
| FDRE     |  811 |        Flop & Latch |
| LUT6     |  499 |                 LUT |
| LUT4     |  356 |                 LUT |
| LUT5     |  218 |                 LUT |
| LUT2     |  196 |                 LUT |
| LUT3     |  154 |                 LUT |
| CARRY4   |  143 |          CarryLogic |
| LUT1     |  134 |                 LUT |
| RAMD32   |   68 |  Distributed Memory |
| FDSE     |   26 |        Flop & Latch |
| RAMS32   |   20 |  Distributed Memory |
| DSP48E1  |    4 |    Block Arithmetic |
| IBUF     |    2 |                  IO |
| RAMB36E1 |    1 |        Block Memory |
| OBUF     |    1 |                  IO |
| MUXF7    |    1 |               MuxFx |
| BUFG     |    1 |               Clock |
+----------+------+---------------------+


9. Black Boxes
--------------

+----------+------+
| Ref Name | Used |
+----------+------+


10. Instantiated Netlists
-------------------------

+----------+------+
| Ref Name | Used |
+----------+------+


Copyright 1986-2022 Xilinx, Inc. All Rights Reserved. Copyright 2022-2024 Advanced Micro Devices, Inc. All Rights Reserved.
---------------------------------------------------------------------------------------------------------------------------------------------
| Tool Version : Vivado v.2024.2 (lin64) Build 5239630 Fri Nov 08 22:34:34 MST 2024
| Date         : Thu May 28 15:24:42 2026
| Host         : naouna.ims.bordeaux running 64-bit Red Hat Enterprise Linux release 8.10 (Ootpa)
| Command      : report_utilization -hierarchical
| Design       : picorv32_soc_top
| Device       : xc7a100tcsg324-1
| Speed File   : -1
| Design State : Routed
---------------------------------------------------------------------------------------------------------------------------------------------

Utilization Design Information

Table of Contents
-----------------
1. Utilization by Hierarchy

1. Utilization by Hierarchy
---------------------------

+------------------+--------+------------+------------+---------+------+-----+--------+--------+------------+
|     Instance     | Module | Total LUTs | Logic LUTs | LUTRAMs | SRLs | FFs | RAMB36 | RAMB18 | DSP Blocks |
+------------------+--------+------------+------------+---------+------+-----+--------+--------+------------+
| picorv32_soc_top |  (top) |       1408 |       1364 |      44 |    0 | 837 |      1 |      0 |          4 |
+------------------+--------+------------+------------+---------+------+-----+--------+--------+------------+
* Note: The sum of lower-level cells may be larger than their parent cells total, due to cross-hierarchy LUT combining


INFO: [Timing 38-91] UpdateTimingParams: Speed grade: -1, Delay Type: max.
INFO: [Timing 38-191] Multithreading enabled for timing update using a maximum of 8 CPUs
INFO: [Timing 38-78] ReportTimingParams: -max_paths 1 -nworst 1 -delay_type max -sort_by slack.
Copyright 1986-2022 Xilinx, Inc. All Rights Reserved. Copyright 2022-2024 Advanced Micro Devices, Inc. All Rights Reserved.
---------------------------------------------------------------------------------------------------------------------------------------------
| Tool Version : Vivado v.2024.2 (lin64) Build 5239630 Fri Nov 08 22:34:34 MST 2024
| Date         : Thu May 28 15:24:42 2026
| Host         : naouna.ims.bordeaux running 64-bit Red Hat Enterprise Linux release 8.10 (Ootpa)
| Command      : report_timing
| Design       : picorv32_soc_top
| Device       : 7a100t-csg324
| Speed File   : -1  PRODUCTION 1.23 2018-06-13
| Design State : Routed
---------------------------------------------------------------------------------------------------------------------------------------------

Timing Report

Slack (MET) :             3.897ns  (required time - arrival time)
  Source:                 cpu/instr_rdcycleh_reg/C
                            (rising edge-triggered cell FDRE clocked by clk  {rise@0.000ns fall@5.682ns period=11.364ns})
  Destination:            cpu/pcpi_mul/rd0/A[7]
                            (rising edge-triggered cell DSP48E1 clocked by clk  {rise@0.000ns fall@5.682ns period=11.364ns})
  Path Group:             clk
  Path Type:              Setup (Max at Slow Process Corner)
  Requirement:            11.364ns  (clk rise@11.364ns - clk rise@0.000ns)
  Data Path Delay:        7.119ns  (logic 1.184ns (16.631%)  route 5.935ns (83.369%))
  Logic Levels:           4  (LUT5=1 LUT6=3)
  Clock Path Skew:        0.050ns (DCD - SCD + CPR)
    Destination Clock Delay (DCD):    4.591ns = ( 15.955 - 11.364 ) 
    Source Clock Delay      (SCD):    4.873ns
    Clock Pessimism Removal (CPR):    0.331ns
  Clock Uncertainty:      0.035ns  ((TSJ^2 + TIJ^2)^1/2 + DJ) / 2 + PE
    Total System Jitter     (TSJ):    0.071ns
    Total Input Jitter      (TIJ):    0.000ns
    Discrete Jitter          (DJ):    0.000ns
    Phase Error              (PE):    0.000ns

    Location             Delay type                Incr(ns)  Path(ns)    Netlist Resource(s)
  -------------------------------------------------------------------    -------------------
                         (clock clk rise edge)        0.000     0.000 r  
    N15                                               0.000     0.000 r  clk (IN)
                         net (fo=0)                   0.000     0.000    clk
    N15                  IBUF (Prop_ibuf_I_O)         0.948     0.948 r  clk_IBUF_inst/O
                         net (fo=1, routed)           2.016     2.963    clk_IBUF
    BUFGCTRL_X0Y0        BUFG (Prop_bufg_I_O)         0.096     3.059 r  clk_IBUF_BUFG_inst/O
                         net (fo=931, routed)         1.813     4.873    clk_IBUF_BUFG
    SLICE_X29Y46         FDRE                                         r  cpu/instr_rdcycleh_reg/C
  -------------------------------------------------------------------    -------------------
    SLICE_X29Y46         FDRE (Prop_fdre_C_Q)         0.456     5.329 r  cpu/instr_rdcycleh_reg/Q
                         net (fo=36, routed)          1.592     6.921    cpu/instr_rdcycleh
    SLICE_X36Y44         LUT6 (Prop_lut6_I0_O)        0.124     7.045 r  rd0_i_67/O
                         net (fo=3, routed)           0.881     7.926    rd0_i_67_n_0
    SLICE_X36Y44         LUT5 (Prop_lut5_I4_O)        0.153     8.079 r  rd0_i_64/O
                         net (fo=2, routed)           0.697     8.776    rd0_i_64_n_0
    SLICE_X38Y43         LUT6 (Prop_lut6_I5_O)        0.327     9.103 f  rd0_i_20/O
                         net (fo=31, routed)          1.907    11.010    rd0_i_20_n_0
    SLICE_X18Y37         LUT6 (Prop_lut6_I0_O)        0.124    11.134 r  rd0_i_12/O
                         net (fo=3, routed)           0.858    11.992    rd0_i_12_n_0
    DSP48_X0Y14          DSP48E1                                      r  cpu/pcpi_mul/rd0/A[7]
  -------------------------------------------------------------------    -------------------

                         (clock clk rise edge)       11.364    11.364 r  
    N15                                               0.000    11.364 r  clk (IN)
                         net (fo=0)                   0.000    11.364    clk
    N15                  IBUF (Prop_ibuf_I_O)         0.814    12.178 r  clk_IBUF_inst/O
                         net (fo=1, routed)           1.911    14.089    clk_IBUF
    BUFGCTRL_X0Y0        BUFG (Prop_bufg_I_O)         0.091    14.180 r  clk_IBUF_BUFG_inst/O
                         net (fo=931, routed)         1.775    15.955    clk_IBUF_BUFG
    DSP48_X0Y14          DSP48E1                                      r  cpu/pcpi_mul/rd0/CLK
                         clock pessimism              0.331    16.286    
                         clock uncertainty           -0.035    16.251    
    DSP48_X0Y14          DSP48E1 (Setup_dsp48e1_CLK_A[7])
                                                     -0.362    15.889    cpu/pcpi_mul/rd0
  -------------------------------------------------------------------
                         required time                         15.889    
                         arrival time                         -11.992    
  -------------------------------------------------------------------
                         slack                                  3.897    




Command: report_power
Running Vector-less Activity Propagation...

Finished Running Vector-less Activity Propagation
Copyright 1986-2022 Xilinx, Inc. All Rights Reserved. Copyright 2022-2024 Advanced Micro Devices, Inc. All Rights Reserved.
-------------------------------------------------------------------------------------------------------------------------------------------------
| Tool Version     : Vivado v.2024.2 (lin64) Build 5239630 Fri Nov 08 22:34:34 MST 2024
| Date             : Thu May 28 15:24:43 2026
| Host             : naouna.ims.bordeaux running 64-bit Red Hat Enterprise Linux release 8.10 (Ootpa)
| Command          : report_power
| Design           : picorv32_soc_top
| Device           : xc7a100tcsg324-1
| Design State     : routed
| Grade            : commercial
| Process          : typical
| Characterization : Production
-------------------------------------------------------------------------------------------------------------------------------------------------

Power Report

Table of Contents
-----------------
1. Summary
1.1 On-Chip Components
1.2 Power Supply Summary
1.3 Confidence Level
2. Settings
2.1 Environment
2.2 Clock Constraints
3. Detailed Reports
3.1 By Hierarchy

1. Summary
----------

+--------------------------+--------------+
| Total On-Chip Power (W)  | 0.106        |
| Design Power Budget (W)  | Unspecified* |
| Power Budget Margin (W)  | NA           |
| Dynamic (W)              | 0.015        |
| Device Static (W)        | 0.091        |
| Effective TJA (C/W)      | 4.6          |
| Max Ambient (C)          | 84.5         |
| Junction Temperature (C) | 25.5         |
| Confidence Level         | Medium       |
| Setting File             | ---          |
| Simulation Activity File | ---          |
| Design Nets Matched      | NA           |
+--------------------------+--------------+
* Specify Design Power Budget using, set_operating_conditions -design_power_budget <value in Watts>


1.1 On-Chip Components
----------------------

+--------------------------+-----------+----------+-----------+-----------------+
| On-Chip                  | Power (W) | Used     | Available | Utilization (%) |
+--------------------------+-----------+----------+-----------+-----------------+
| Clocks                   |     0.004 |        3 |       --- |             --- |
| Slice Logic              |     0.003 |     2630 |       --- |             --- |
|   LUT as Logic           |     0.003 |     1364 |     63400 |            2.15 |
|   CARRY4                 |    <0.001 |      143 |     15850 |            0.90 |
|   Register               |    <0.001 |      837 |    126800 |            0.66 |
|   LUT as Distributed RAM |    <0.001 |       44 |     19000 |            0.23 |
|   F7/F8 Muxes            |    <0.001 |        1 |     63400 |           <0.01 |
|   Others                 |     0.000 |        4 |       --- |             --- |
| Signals                  |     0.004 |     2272 |       --- |             --- |
| Block RAM                |    <0.001 |        1 |       135 |            0.74 |
| DSPs                     |     0.003 |        4 |       240 |            1.67 |
| I/O                      |    <0.001 |        3 |       210 |            1.43 |
| Static Power             |     0.091 |          |           |                 |
| Total                    |     0.106 |          |           |                 |
+--------------------------+-----------+----------+-----------+-----------------+


1.2 Power Supply Summary
------------------------

+-----------+-------------+-----------+-------------+------------+-------------+-------------+------------+
| Source    | Voltage (V) | Total (A) | Dynamic (A) | Static (A) | Powerup (A) | Budget (A)  | Margin (A) |
+-----------+-------------+-----------+-------------+------------+-------------+-------------+------------+
| Vccint    |       1.000 |     0.030 |       0.015 |      0.015 |       NA    | Unspecified | NA         |
| Vccaux    |       1.800 |     0.018 |       0.000 |      0.018 |       NA    | Unspecified | NA         |
| Vcco33    |       3.300 |     0.000 |       0.000 |      0.000 |       NA    | Unspecified | NA         |
| Vcco25    |       2.500 |     0.000 |       0.000 |      0.000 |       NA    | Unspecified | NA         |
| Vcco18    |       1.800 |     0.004 |       0.000 |      0.004 |       NA    | Unspecified | NA         |
| Vcco15    |       1.500 |     0.000 |       0.000 |      0.000 |       NA    | Unspecified | NA         |
| Vcco135   |       1.350 |     0.000 |       0.000 |      0.000 |       NA    | Unspecified | NA         |
| Vcco12    |       1.200 |     0.000 |       0.000 |      0.000 |       NA    | Unspecified | NA         |
| Vccaux_io |       1.800 |     0.000 |       0.000 |      0.000 |       NA    | Unspecified | NA         |
| Vccbram   |       1.000 |     0.000 |       0.000 |      0.000 |       NA    | Unspecified | NA         |
| MGTAVcc   |       1.000 |     0.000 |       0.000 |      0.000 |       NA    | Unspecified | NA         |
| MGTAVtt   |       1.200 |     0.000 |       0.000 |      0.000 |       NA    | Unspecified | NA         |
| Vccadc    |       1.800 |     0.020 |       0.000 |      0.020 |       NA    | Unspecified | NA         |
+-----------+-------------+-----------+-------------+------------+-------------+-------------+------------+


1.3 Confidence Level
--------------------

+-----------------------------+------------+-------------------------------------------------------+------------------------------------------------------------------------------------------------------------+
| User Input Data             | Confidence | Details                                               | Action                                                                                                     |
+-----------------------------+------------+-------------------------------------------------------+------------------------------------------------------------------------------------------------------------+
| Design implementation state | High       | Design is routed                                      |                                                                                                            |
| Clock nodes activity        | High       | User specified more than 95% of clocks                |                                                                                                            |
| I/O nodes activity          | Medium     | More than 5% of inputs are missing user specification | Provide missing input activity with simulation results or by editing the "By Resource Type -> I/Os" view   |
| Internal nodes activity     | Medium     | User specified less than 25% of internal nodes        | Provide missing internal nodes activity with simulation results or by editing the "By Resource Type" views |
| Device models               | High       | Device models are Production                          |                                                                                                            |
|                             |            |                                                       |                                                                                                            |
| Overall confidence level    | Medium     |                                                       |                                                                                                            |
+-----------------------------+------------+-------------------------------------------------------+------------------------------------------------------------------------------------------------------------+


2. Settings
-----------

2.1 Environment
---------------

+-----------------------+--------------------------+
| Ambient Temp (C)      | 25.0                     |
| ThetaJA (C/W)         | 4.6                      |
| Airflow (LFM)         | 250                      |
| Heat Sink             | medium (Medium Profile)  |
| ThetaSA (C/W)         | 4.6                      |
| Board Selection       | medium (10"x10")         |
| # of Board Layers     | 12to15 (12 to 15 Layers) |
| Board Temperature (C) | 25.0                     |
+-----------------------+--------------------------+


2.2 Clock Constraints
---------------------

+-------+--------+-----------------+
| Clock | Domain | Constraint (ns) |
+-------+--------+-----------------+
| clk   | clk    |            11.4 |
+-------+--------+-----------------+


3. Detailed Reports
-------------------

3.1 By Hierarchy
----------------

+------------------+-----------+
| Name             | Power (W) |
+------------------+-----------+
| picorv32_soc_top |     0.015 |
+------------------+-----------+


429 Infos, 678 Warnings, 0 Critical Warnings and 0 Errors encountered.
report_power completed successfully



<bold><cyan>######################################<end>
<bold><cyan>   Running synthesis at 94 MHz <end>
<bold><cyan>######################################<end>

WARNING: [filemgmt 56-128] File '/net/users/oelmouden/picorv32/work/fmax_synthesis/vivado/xc7a100t-csg324-1/picorv32/rv32im_fast/constraints.xdc' is already in the project and will not be added again
Parsing XDC File [/net/users/oelmouden/picorv32/work/fmax_synthesis/vivado/xc7a100t-csg324-1/picorv32/rv32im_fast/constraints.xdc]
WARNING: [Vivado 12-2489] -period contains time 10.638298 which will be rounded to 10.638 to ensure it is an integer multiple of 1 picosecond [/net/users/oelmouden/picorv32/work/fmax_synthesis/vivado/xc7a100t-csg324-1/picorv32/rv32im_fast/constraints.xdc:1]
WARNING: [Constraints 18-619] A clock with name 'clk' already exists, overwriting the previous clock with the same name. [/net/users/oelmouden/picorv32/work/fmax_synthesis/vivado/xc7a100t-csg324-1/picorv32/rv32im_fast/constraints.xdc:1]
Finished Parsing XDC File [/net/users/oelmouden/picorv32/work/fmax_synthesis/vivado/xc7a100t-csg324-1/picorv32/rv32im_fast/constraints.xdc]
Command: synth_design -flatten_hierarchy full -part xc7a100t-csg324-1 -top picorv32_soc_top -verilog_define VIVADO
Starting synth_design
Attempting to get a license for feature 'Synthesis' and/or device 'xc7a100t'
INFO: [Common 17-349] Got license for feature 'Synthesis' and/or device 'xc7a100t'
INFO: [Synth 8-7079] Multithreading enabled for synth_design using a maximum of 7 processes.
---------------------------------------------------------------------------------
Starting RTL Elaboration : Time (s): cpu = 00:00:05 ; elapsed = 00:00:05 . Memory (MB): peak = 3891.312 ; gain = 0.000 ; free physical = 741256 ; free virtual = 764287
---------------------------------------------------------------------------------
INFO: [Synth 8-6157] synthesizing module 'picorv32_soc_top' [/net/users/oelmouden/picorv32/work/fmax_synthesis/vivado/xc7a100t-csg324-1/picorv32/rv32im_fast/rtl/picorv32_soc_top.v:5]
INFO: [Synth 8-6157] synthesizing module 'picorv32' [/net/users/oelmouden/picorv32/work/fmax_synthesis/vivado/xc7a100t-csg324-1/picorv32/rv32im_fast/rtl/picorv32.v:62]
	Parameter ENABLE_COUNTERS bound to: 1'b1 
	Parameter ENABLE_COUNTERS64 bound to: 1'b1 
	Parameter ENABLE_REGS_16_31 bound to: 1'b1 
	Parameter ENABLE_REGS_DUALPORT bound to: 1'b1 
	Parameter LATCHED_MEM_RDATA bound to: 1'b0 
	Parameter TWO_STAGE_SHIFT bound to: 1'b1 
	Parameter BARREL_SHIFTER bound to: 1'b0 
	Parameter TWO_CYCLE_COMPARE bound to: 1'b0 
	Parameter TWO_CYCLE_ALU bound to: 1'b0 
	Parameter COMPRESSED_ISA bound to: 1'b0 
	Parameter CATCH_MISALIGN bound to: 1'b1 
	Parameter CATCH_ILLINSN bound to: 1'b1 
	Parameter ENABLE_PCPI bound to: 1'b0 
	Parameter ENABLE_MUL bound to: 1'b0 
	Parameter ENABLE_FAST_MUL bound to: 1'b1 
	Parameter ENABLE_DIV bound to: 1'b1 
	Parameter ENABLE_IRQ bound to: 1'b0 
	Parameter ENABLE_IRQ_QREGS bound to: 1'b1 
	Parameter ENABLE_IRQ_TIMER bound to: 1'b1 
	Parameter ENABLE_TRACE bound to: 1'b0 
	Parameter REGS_INIT_ZERO bound to: 1'b0 
	Parameter MASKED_IRQ bound to: 0 - type: integer 
	Parameter LATCHED_IRQ bound to: -1 - type: integer 
	Parameter PROGADDR_RESET bound to: 0 - type: integer 
	Parameter PROGADDR_IRQ bound to: 16 - type: integer 
	Parameter STACKADDR bound to: -1 - type: integer 
INFO: [Synth 8-6157] synthesizing module 'picorv32_pcpi_fast_mul' [/net/users/oelmouden/picorv32/work/fmax_synthesis/vivado/xc7a100t-csg324-1/picorv32/rv32im_fast/rtl/picorv32.v:2318]
INFO: [Synth 8-155] case statement is not full and has no default [/net/users/oelmouden/picorv32/work/fmax_synthesis/vivado/xc7a100t-csg324-1/picorv32/rv32im_fast/rtl/picorv32.v:2355]
INFO: [Synth 8-6155] done synthesizing module 'picorv32_pcpi_fast_mul' (0#1) [/net/users/oelmouden/picorv32/work/fmax_synthesis/vivado/xc7a100t-csg324-1/picorv32/rv32im_fast/rtl/picorv32.v:2318]
INFO: [Synth 8-6157] synthesizing module 'picorv32_pcpi_div' [/net/users/oelmouden/picorv32/work/fmax_synthesis/vivado/xc7a100t-csg324-1/picorv32/rv32im_fast/rtl/picorv32.v:2420]
INFO: [Synth 8-155] case statement is not full and has no default [/net/users/oelmouden/picorv32/work/fmax_synthesis/vivado/xc7a100t-csg324-1/picorv32/rv32im_fast/rtl/picorv32.v:2445]
INFO: [Synth 8-6155] done synthesizing module 'picorv32_pcpi_div' (0#1) [/net/users/oelmouden/picorv32/work/fmax_synthesis/vivado/xc7a100t-csg324-1/picorv32/rv32im_fast/rtl/picorv32.v:2420]
INFO: [Synth 8-155] case statement is not full and has no default [/net/users/oelmouden/picorv32/work/fmax_synthesis/vivado/xc7a100t-csg324-1/picorv32/rv32im_fast/rtl/picorv32.v:331]
WARNING: [Synth 8-151] case item 1'b0 is unreachable [/net/users/oelmouden/picorv32/work/fmax_synthesis/vivado/xc7a100t-csg324-1/picorv32/rv32im_fast/rtl/picorv32.v:1268]
WARNING: [Synth 8-151] case item 1'b0 is unreachable [/net/users/oelmouden/picorv32/work/fmax_synthesis/vivado/xc7a100t-csg324-1/picorv32/rv32im_fast/rtl/picorv32.v:1314]
INFO: [Synth 8-155] case statement is not full and has no default [/net/users/oelmouden/picorv32/work/fmax_synthesis/vivado/xc7a100t-csg324-1/picorv32/rv32im_fast/rtl/picorv32.v:1314]
WARNING: [Synth 8-151] case item 1'b0 is unreachable [/net/users/oelmouden/picorv32/work/fmax_synthesis/vivado/xc7a100t-csg324-1/picorv32/rv32im_fast/rtl/picorv32.v:1497]
INFO: [Synth 8-155] case statement is not full and has no default [/net/users/oelmouden/picorv32/work/fmax_synthesis/vivado/xc7a100t-csg324-1/picorv32/rv32im_fast/rtl/picorv32.v:1497]
WARNING: [Synth 8-151] case item 1'b0 is unreachable [/net/users/oelmouden/picorv32/work/fmax_synthesis/vivado/xc7a100t-csg324-1/picorv32/rv32im_fast/rtl/picorv32.v:1583]
WARNING: [Synth 8-151] case item 1'b0 is unreachable [/net/users/oelmouden/picorv32/work/fmax_synthesis/vivado/xc7a100t-csg324-1/picorv32/rv32im_fast/rtl/picorv32.v:1583]
WARNING: [Synth 8-151] case item 1'b0 is unreachable [/net/users/oelmouden/picorv32/work/fmax_synthesis/vivado/xc7a100t-csg324-1/picorv32/rv32im_fast/rtl/picorv32.v:1583]
WARNING: [Synth 8-151] case item 1'b0 is unreachable [/net/users/oelmouden/picorv32/work/fmax_synthesis/vivado/xc7a100t-csg324-1/picorv32/rv32im_fast/rtl/picorv32.v:1583]
WARNING: [Synth 8-151] case item 1'b0 is unreachable [/net/users/oelmouden/picorv32/work/fmax_synthesis/vivado/xc7a100t-csg324-1/picorv32/rv32im_fast/rtl/picorv32.v:1583]
INFO: [Synth 8-6155] done synthesizing module 'picorv32' (0#1) [/net/users/oelmouden/picorv32/work/fmax_synthesis/vivado/xc7a100t-csg324-1/picorv32/rv32im_fast/rtl/picorv32.v:62]
INFO: [Synth 8-6157] synthesizing module 'picorv32_simple_ram' [/net/users/oelmouden/picorv32/work/fmax_synthesis/vivado/xc7a100t-csg324-1/picorv32/rv32im_fast/rtl/picorv32_simple_ram.v:5]
	Parameter MEM_WORDS bound to: 1024 - type: integer 
INFO: [Synth 8-6155] done synthesizing module 'picorv32_simple_ram' (0#1) [/net/users/oelmouden/picorv32/work/fmax_synthesis/vivado/xc7a100t-csg324-1/picorv32/rv32im_fast/rtl/picorv32_simple_ram.v:5]
INFO: [Synth 8-6155] done synthesizing module 'picorv32_soc_top' (0#1) [/net/users/oelmouden/picorv32/work/fmax_synthesis/vivado/xc7a100t-csg324-1/picorv32/rv32im_fast/rtl/picorv32_soc_top.v:5]
WARNING: [Synth 8-6014] Unused sequential element pcpi_insn_valid_q_reg was removed.  [/net/users/oelmouden/picorv32/work/fmax_synthesis/vivado/xc7a100t-csg324-1/picorv32/rv32im_fast/rtl/picorv32.v:2365]
WARNING: [Synth 8-6014] Unused sequential element rs1_q_reg was removed.  [/net/users/oelmouden/picorv32/work/fmax_synthesis/vivado/xc7a100t-csg324-1/picorv32/rv32im_fast/rtl/picorv32.v:2367]
WARNING: [Synth 8-6014] Unused sequential element rs2_q_reg was removed.  [/net/users/oelmouden/picorv32/work/fmax_synthesis/vivado/xc7a100t-csg324-1/picorv32/rv32im_fast/rtl/picorv32.v:2368]
WARNING: [Synth 8-6014] Unused sequential element rd_q_reg was removed.  [/net/users/oelmouden/picorv32/work/fmax_synthesis/vivado/xc7a100t-csg324-1/picorv32/rv32im_fast/rtl/picorv32.v:2374]
WARNING: [Synth 8-6014] Unused sequential element pcpi_wr_reg was removed.  [/net/users/oelmouden/picorv32/work/fmax_synthesis/vivado/xc7a100t-csg324-1/picorv32/rv32im_fast/rtl/picorv32.v:2466]
WARNING: [Synth 8-6014] Unused sequential element mem_la_firstword_reg_reg was removed.  [/net/users/oelmouden/picorv32/work/fmax_synthesis/vivado/xc7a100t-csg324-1/picorv32/rv32im_fast/rtl/picorv32.v:392]
WARNING: [Synth 8-6014] Unused sequential element last_mem_valid_reg was removed.  [/net/users/oelmouden/picorv32/work/fmax_synthesis/vivado/xc7a100t-csg324-1/picorv32/rv32im_fast/rtl/picorv32.v:393]
WARNING: [Synth 8-6014] Unused sequential element next_insn_opcode_reg was removed.  [/net/users/oelmouden/picorv32/work/fmax_synthesis/vivado/xc7a100t-csg324-1/picorv32/rv32im_fast/rtl/picorv32.v:433]
WARNING: [Synth 8-6014] Unused sequential element mem_la_secondword_reg was removed.  [/net/users/oelmouden/picorv32/work/fmax_synthesis/vivado/xc7a100t-csg324-1/picorv32/rv32im_fast/rtl/picorv32.v:571]
WARNING: [Synth 8-6014] Unused sequential element prefetched_high_word_reg was removed.  [/net/users/oelmouden/picorv32/work/fmax_synthesis/vivado/xc7a100t-csg324-1/picorv32/rv32im_fast/rtl/picorv32.v:572]
WARNING: [Synth 8-6014] Unused sequential element q_ascii_instr_reg was removed.  [/net/users/oelmouden/picorv32/work/fmax_synthesis/vivado/xc7a100t-csg324-1/picorv32/rv32im_fast/rtl/picorv32.v:779]
WARNING: [Synth 8-6014] Unused sequential element q_insn_imm_reg was removed.  [/net/users/oelmouden/picorv32/work/fmax_synthesis/vivado/xc7a100t-csg324-1/picorv32/rv32im_fast/rtl/picorv32.v:780]
WARNING: [Synth 8-6014] Unused sequential element q_insn_opcode_reg was removed.  [/net/users/oelmouden/picorv32/work/fmax_synthesis/vivado/xc7a100t-csg324-1/picorv32/rv32im_fast/rtl/picorv32.v:781]
WARNING: [Synth 8-6014] Unused sequential element q_insn_rs1_reg was removed.  [/net/users/oelmouden/picorv32/work/fmax_synthesis/vivado/xc7a100t-csg324-1/picorv32/rv32im_fast/rtl/picorv32.v:782]
WARNING: [Synth 8-6014] Unused sequential element q_insn_rs2_reg was removed.  [/net/users/oelmouden/picorv32/work/fmax_synthesis/vivado/xc7a100t-csg324-1/picorv32/rv32im_fast/rtl/picorv32.v:783]
WARNING: [Synth 8-6014] Unused sequential element q_insn_rd_reg was removed.  [/net/users/oelmouden/picorv32/work/fmax_synthesis/vivado/xc7a100t-csg324-1/picorv32/rv32im_fast/rtl/picorv32.v:784]
WARNING: [Synth 8-6014] Unused sequential element dbg_next_reg was removed.  [/net/users/oelmouden/picorv32/work/fmax_synthesis/vivado/xc7a100t-csg324-1/picorv32/rv32im_fast/rtl/picorv32.v:785]
WARNING: [Synth 8-6014] Unused sequential element dbg_valid_insn_reg was removed.  [/net/users/oelmouden/picorv32/work/fmax_synthesis/vivado/xc7a100t-csg324-1/picorv32/rv32im_fast/rtl/picorv32.v:788]
WARNING: [Synth 8-6014] Unused sequential element cached_ascii_instr_reg was removed.  [/net/users/oelmouden/picorv32/work/fmax_synthesis/vivado/xc7a100t-csg324-1/picorv32/rv32im_fast/rtl/picorv32.v:793]
WARNING: [Synth 8-6014] Unused sequential element cached_insn_imm_reg was removed.  [/net/users/oelmouden/picorv32/work/fmax_synthesis/vivado/xc7a100t-csg324-1/picorv32/rv32im_fast/rtl/picorv32.v:794]
WARNING: [Synth 8-6014] Unused sequential element cached_insn_opcode_reg was removed.  [/net/users/oelmouden/picorv32/work/fmax_synthesis/vivado/xc7a100t-csg324-1/picorv32/rv32im_fast/rtl/picorv32.v:796]
WARNING: [Synth 8-6014] Unused sequential element cached_insn_rs1_reg was removed.  [/net/users/oelmouden/picorv32/work/fmax_synthesis/vivado/xc7a100t-csg324-1/picorv32/rv32im_fast/rtl/picorv32.v:799]
WARNING: [Synth 8-6014] Unused sequential element cached_insn_rs2_reg was removed.  [/net/users/oelmouden/picorv32/work/fmax_synthesis/vivado/xc7a100t-csg324-1/picorv32/rv32im_fast/rtl/picorv32.v:800]
WARNING: [Synth 8-6014] Unused sequential element cached_insn_rd_reg was removed.  [/net/users/oelmouden/picorv32/work/fmax_synthesis/vivado/xc7a100t-csg324-1/picorv32/rv32im_fast/rtl/picorv32.v:801]
WARNING: [Synth 8-6014] Unused sequential element dbg_insn_addr_reg was removed.  [/net/users/oelmouden/picorv32/work/fmax_synthesis/vivado/xc7a100t-csg324-1/picorv32/rv32im_fast/rtl/picorv32.v:805]
WARNING: [Synth 8-6014] Unused sequential element clear_prefetched_high_word_q_reg was removed.  [/net/users/oelmouden/picorv32/work/fmax_synthesis/vivado/xc7a100t-csg324-1/picorv32/rv32im_fast/rtl/picorv32.v:1293]
WARNING: [Synth 8-6014] Unused sequential element set_mem_do_rinst_reg was removed.  [/net/users/oelmouden/picorv32/work/fmax_synthesis/vivado/xc7a100t-csg324-1/picorv32/rv32im_fast/rtl/picorv32.v:1406]
WARNING: [Synth 8-6014] Unused sequential element set_mem_do_rdata_reg was removed.  [/net/users/oelmouden/picorv32/work/fmax_synthesis/vivado/xc7a100t-csg324-1/picorv32/rv32im_fast/rtl/picorv32.v:1407]
WARNING: [Synth 8-6014] Unused sequential element set_mem_do_wdata_reg was removed.  [/net/users/oelmouden/picorv32/work/fmax_synthesis/vivado/xc7a100t-csg324-1/picorv32/rv32im_fast/rtl/picorv32.v:1408]
WARNING: [Synth 8-6014] Unused sequential element alu_out_0_q_reg was removed.  [/net/users/oelmouden/picorv32/work/fmax_synthesis/vivado/xc7a100t-csg324-1/picorv32/rv32im_fast/rtl/picorv32.v:1410]
WARNING: [Synth 8-6014] Unused sequential element alu_wait_reg was removed.  [/net/users/oelmouden/picorv32/work/fmax_synthesis/vivado/xc7a100t-csg324-1/picorv32/rv32im_fast/rtl/picorv32.v:1413]
WARNING: [Synth 8-6014] Unused sequential element alu_wait_2_reg was removed.  [/net/users/oelmouden/picorv32/work/fmax_synthesis/vivado/xc7a100t-csg324-1/picorv32/rv32im_fast/rtl/picorv32.v:1414]
WARNING: [Synth 8-6014] Unused sequential element dbg_rs1val_reg was removed.  [/net/users/oelmouden/picorv32/work/fmax_synthesis/vivado/xc7a100t-csg324-1/picorv32/rv32im_fast/rtl/picorv32.v:1417]
WARNING: [Synth 8-6014] Unused sequential element dbg_rs2val_reg was removed.  [/net/users/oelmouden/picorv32/work/fmax_synthesis/vivado/xc7a100t-csg324-1/picorv32/rv32im_fast/rtl/picorv32.v:1418]
WARNING: [Synth 8-6014] Unused sequential element dbg_rs1val_valid_reg was removed.  [/net/users/oelmouden/picorv32/work/fmax_synthesis/vivado/xc7a100t-csg324-1/picorv32/rv32im_fast/rtl/picorv32.v:1419]
WARNING: [Synth 8-6014] Unused sequential element dbg_rs2val_valid_reg was removed.  [/net/users/oelmouden/picorv32/work/fmax_synthesis/vivado/xc7a100t-csg324-1/picorv32/rv32im_fast/rtl/picorv32.v:1420]
WARNING: [Synth 8-6014] Unused sequential element next_irq_pending_reg was removed.  [/net/users/oelmouden/picorv32/work/fmax_synthesis/vivado/xc7a100t-csg324-1/picorv32/rv32im_fast/rtl/picorv32.v:1440]
WARNING: [Synth 8-6014] Unused sequential element decoder_trigger_q_reg was removed.  [/net/users/oelmouden/picorv32/work/fmax_synthesis/vivado/xc7a100t-csg324-1/picorv32/rv32im_fast/rtl/picorv32.v:1447]
WARNING: [Synth 8-6014] Unused sequential element decoder_pseudo_trigger_q_reg was removed.  [/net/users/oelmouden/picorv32/work/fmax_synthesis/vivado/xc7a100t-csg324-1/picorv32/rv32im_fast/rtl/picorv32.v:1449]
WARNING: [Synth 8-6014] Unused sequential element latched_trace_reg was removed.  [/net/users/oelmouden/picorv32/work/fmax_synthesis/vivado/xc7a100t-csg324-1/picorv32/rv32im_fast/rtl/picorv32.v:1465]
WARNING: [Synth 8-6014] Unused sequential element irq_active_reg was removed.  [/net/users/oelmouden/picorv32/work/fmax_synthesis/vivado/xc7a100t-csg324-1/picorv32/rv32im_fast/rtl/picorv32.v:1471]
WARNING: [Synth 8-6014] Unused sequential element irq_delay_reg was removed.  [/net/users/oelmouden/picorv32/work/fmax_synthesis/vivado/xc7a100t-csg324-1/picorv32/rv32im_fast/rtl/picorv32.v:1472]
WARNING: [Synth 8-6014] Unused sequential element irq_mask_reg was removed.  [/net/users/oelmouden/picorv32/work/fmax_synthesis/vivado/xc7a100t-csg324-1/picorv32/rv32im_fast/rtl/picorv32.v:1473]
WARNING: [Synth 8-6014] Unused sequential element irq_state_reg was removed.  [/net/users/oelmouden/picorv32/work/fmax_synthesis/vivado/xc7a100t-csg324-1/picorv32/rv32im_fast/rtl/picorv32.v:1475]
WARNING: [Synth 8-6014] Unused sequential element timer_reg was removed.  [/net/users/oelmouden/picorv32/work/fmax_synthesis/vivado/xc7a100t-csg324-1/picorv32/rv32im_fast/rtl/picorv32.v:1477]
WARNING: [Synth 8-6014] Unused sequential element current_pc_reg was removed.  [/net/users/oelmouden/picorv32/work/fmax_synthesis/vivado/xc7a100t-csg324-1/picorv32/rv32im_fast/rtl/picorv32.v:1495]
WARNING: [Synth 8-6014] Unused sequential element irq_pending_reg was removed.  [/net/users/oelmouden/picorv32/work/fmax_synthesis/vivado/xc7a100t-csg324-1/picorv32/rv32im_fast/rtl/picorv32.v:1963]
WARNING: [Synth 8-6014] Unused sequential element trace_valid_reg was removed.  [/net/users/oelmouden/picorv32/work/fmax_synthesis/vivado/xc7a100t-csg324-1/picorv32/rv32im_fast/rtl/picorv32.v:1452]
WARNING: [Synth 8-7129] Port pcpi_insn[24] in module picorv32_pcpi_div is either unconnected or has no load
WARNING: [Synth 8-7129] Port pcpi_insn[23] in module picorv32_pcpi_div is either unconnected or has no load
WARNING: [Synth 8-7129] Port pcpi_insn[22] in module picorv32_pcpi_div is either unconnected or has no load
WARNING: [Synth 8-7129] Port pcpi_insn[21] in module picorv32_pcpi_div is either unconnected or has no load
WARNING: [Synth 8-7129] Port pcpi_insn[20] in module picorv32_pcpi_div is either unconnected or has no load
WARNING: [Synth 8-7129] Port pcpi_insn[19] in module picorv32_pcpi_div is either unconnected or has no load
WARNING: [Synth 8-7129] Port pcpi_insn[18] in module picorv32_pcpi_div is either unconnected or has no load
WARNING: [Synth 8-7129] Port pcpi_insn[17] in module picorv32_pcpi_div is either unconnected or has no load
WARNING: [Synth 8-7129] Port pcpi_insn[16] in module picorv32_pcpi_div is either unconnected or has no load
WARNING: [Synth 8-7129] Port pcpi_insn[15] in module picorv32_pcpi_div is either unconnected or has no load
WARNING: [Synth 8-7129] Port pcpi_insn[11] in module picorv32_pcpi_div is either unconnected or has no load
WARNING: [Synth 8-7129] Port pcpi_insn[10] in module picorv32_pcpi_div is either unconnected or has no load
WARNING: [Synth 8-7129] Port pcpi_insn[9] in module picorv32_pcpi_div is either unconnected or has no load
WARNING: [Synth 8-7129] Port pcpi_insn[8] in module picorv32_pcpi_div is either unconnected or has no load
WARNING: [Synth 8-7129] Port pcpi_insn[7] in module picorv32_pcpi_div is either unconnected or has no load
WARNING: [Synth 8-7129] Port pcpi_insn[24] in module picorv32_pcpi_fast_mul is either unconnected or has no load
WARNING: [Synth 8-7129] Port pcpi_insn[23] in module picorv32_pcpi_fast_mul is either unconnected or has no load
WARNING: [Synth 8-7129] Port pcpi_insn[22] in module picorv32_pcpi_fast_mul is either unconnected or has no load
WARNING: [Synth 8-7129] Port pcpi_insn[21] in module picorv32_pcpi_fast_mul is either unconnected or has no load
WARNING: [Synth 8-7129] Port pcpi_insn[20] in module picorv32_pcpi_fast_mul is either unconnected or has no load
WARNING: [Synth 8-7129] Port pcpi_insn[19] in module picorv32_pcpi_fast_mul is either unconnected or has no load
WARNING: [Synth 8-7129] Port pcpi_insn[18] in module picorv32_pcpi_fast_mul is either unconnected or has no load
WARNING: [Synth 8-7129] Port pcpi_insn[17] in module picorv32_pcpi_fast_mul is either unconnected or has no load
WARNING: [Synth 8-7129] Port pcpi_insn[16] in module picorv32_pcpi_fast_mul is either unconnected or has no load
WARNING: [Synth 8-7129] Port pcpi_insn[15] in module picorv32_pcpi_fast_mul is either unconnected or has no load
WARNING: [Synth 8-7129] Port pcpi_insn[11] in module picorv32_pcpi_fast_mul is either unconnected or has no load
WARNING: [Synth 8-7129] Port pcpi_insn[10] in module picorv32_pcpi_fast_mul is either unconnected or has no load
WARNING: [Synth 8-7129] Port pcpi_insn[9] in module picorv32_pcpi_fast_mul is either unconnected or has no load
WARNING: [Synth 8-7129] Port pcpi_insn[8] in module picorv32_pcpi_fast_mul is either unconnected or has no load
WARNING: [Synth 8-7129] Port pcpi_insn[7] in module picorv32_pcpi_fast_mul is either unconnected or has no load
WARNING: [Synth 8-7129] Port pcpi_wr in module picorv32 is either unconnected or has no load
WARNING: [Synth 8-7129] Port pcpi_rd[31] in module picorv32 is either unconnected or has no load
WARNING: [Synth 8-7129] Port pcpi_rd[30] in module picorv32 is either unconnected or has no load
WARNING: [Synth 8-7129] Port pcpi_rd[29] in module picorv32 is either unconnected or has no load
WARNING: [Synth 8-7129] Port pcpi_rd[28] in module picorv32 is either unconnected or has no load
WARNING: [Synth 8-7129] Port pcpi_rd[27] in module picorv32 is either unconnected or has no load
WARNING: [Synth 8-7129] Port pcpi_rd[26] in module picorv32 is either unconnected or has no load
WARNING: [Synth 8-7129] Port pcpi_rd[25] in module picorv32 is either unconnected or has no load
WARNING: [Synth 8-7129] Port pcpi_rd[24] in module picorv32 is either unconnected or has no load
WARNING: [Synth 8-7129] Port pcpi_rd[23] in module picorv32 is either unconnected or has no load
WARNING: [Synth 8-7129] Port pcpi_rd[22] in module picorv32 is either unconnected or has no load
WARNING: [Synth 8-7129] Port pcpi_rd[21] in module picorv32 is either unconnected or has no load
WARNING: [Synth 8-7129] Port pcpi_rd[20] in module picorv32 is either unconnected or has no load
WARNING: [Synth 8-7129] Port pcpi_rd[19] in module picorv32 is either unconnected or has no load
WARNING: [Synth 8-7129] Port pcpi_rd[18] in module picorv32 is either unconnected or has no load
WARNING: [Synth 8-7129] Port pcpi_rd[17] in module picorv32 is either unconnected or has no load
WARNING: [Synth 8-7129] Port pcpi_rd[16] in module picorv32 is either unconnected or has no load
WARNING: [Synth 8-7129] Port pcpi_rd[15] in module picorv32 is either unconnected or has no load
WARNING: [Synth 8-7129] Port pcpi_rd[14] in module picorv32 is either unconnected or has no load
WARNING: [Synth 8-7129] Port pcpi_rd[13] in module picorv32 is either unconnected or has no load
WARNING: [Synth 8-7129] Port pcpi_rd[12] in module picorv32 is either unconnected or has no load
WARNING: [Synth 8-7129] Port pcpi_rd[11] in module picorv32 is either unconnected or has no load
WARNING: [Synth 8-7129] Port pcpi_rd[10] in module picorv32 is either unconnected or has no load
WARNING: [Synth 8-7129] Port pcpi_rd[9] in module picorv32 is either unconnected or has no load
WARNING: [Synth 8-7129] Port pcpi_rd[8] in module picorv32 is either unconnected or has no load
WARNING: [Synth 8-7129] Port pcpi_rd[7] in module picorv32 is either unconnected or has no load
WARNING: [Synth 8-7129] Port pcpi_rd[6] in module picorv32 is either unconnected or has no load
WARNING: [Synth 8-7129] Port pcpi_rd[5] in module picorv32 is either unconnected or has no load
WARNING: [Synth 8-7129] Port pcpi_rd[4] in module picorv32 is either unconnected or has no load
WARNING: [Synth 8-7129] Port pcpi_rd[3] in module picorv32 is either unconnected or has no load
WARNING: [Synth 8-7129] Port pcpi_rd[2] in module picorv32 is either unconnected or has no load
WARNING: [Synth 8-7129] Port pcpi_rd[1] in module picorv32 is either unconnected or has no load
WARNING: [Synth 8-7129] Port pcpi_rd[0] in module picorv32 is either unconnected or has no load
WARNING: [Synth 8-7129] Port pcpi_wait in module picorv32 is either unconnected or has no load
WARNING: [Synth 8-7129] Port pcpi_ready in module picorv32 is either unconnected or has no load
WARNING: [Synth 8-7129] Port irq[31] in module picorv32 is either unconnected or has no load
WARNING: [Synth 8-7129] Port irq[30] in module picorv32 is either unconnected or has no load
WARNING: [Synth 8-7129] Port irq[29] in module picorv32 is either unconnected or has no load
WARNING: [Synth 8-7129] Port irq[28] in module picorv32 is either unconnected or has no load
WARNING: [Synth 8-7129] Port irq[27] in module picorv32 is either unconnected or has no load
WARNING: [Synth 8-7129] Port irq[26] in module picorv32 is either unconnected or has no load
WARNING: [Synth 8-7129] Port irq[25] in module picorv32 is either unconnected or has no load
WARNING: [Synth 8-7129] Port irq[24] in module picorv32 is either unconnected or has no load
WARNING: [Synth 8-7129] Port irq[23] in module picorv32 is either unconnected or has no load
WARNING: [Synth 8-7129] Port irq[22] in module picorv32 is either unconnected or has no load
WARNING: [Synth 8-7129] Port irq[21] in module picorv32 is either unconnected or has no load
WARNING: [Synth 8-7129] Port irq[20] in module picorv32 is either unconnected or has no load
WARNING: [Synth 8-7129] Port irq[19] in module picorv32 is either unconnected or has no load
WARNING: [Synth 8-7129] Port irq[18] in module picorv32 is either unconnected or has no load
WARNING: [Synth 8-7129] Port irq[17] in module picorv32 is either unconnected or has no load
WARNING: [Synth 8-7129] Port irq[16] in module picorv32 is either unconnected or has no load
WARNING: [Synth 8-7129] Port irq[15] in module picorv32 is either unconnected or has no load
WARNING: [Synth 8-7129] Port irq[14] in module picorv32 is either unconnected or has no load
WARNING: [Synth 8-7129] Port irq[13] in module picorv32 is either unconnected or has no load
WARNING: [Synth 8-7129] Port irq[12] in module picorv32 is either unconnected or has no load
WARNING: [Synth 8-7129] Port irq[11] in module picorv32 is either unconnected or has no load
WARNING: [Synth 8-7129] Port irq[10] in module picorv32 is either unconnected or has no load
WARNING: [Synth 8-7129] Port irq[9] in module picorv32 is either unconnected or has no load
WARNING: [Synth 8-7129] Port irq[8] in module picorv32 is either unconnected or has no load
WARNING: [Synth 8-7129] Port irq[7] in module picorv32 is either unconnected or has no load
WARNING: [Synth 8-7129] Port irq[6] in module picorv32 is either unconnected or has no load
WARNING: [Synth 8-7129] Port irq[5] in module picorv32 is either unconnected or has no load
WARNING: [Synth 8-7129] Port irq[4] in module picorv32 is either unconnected or has no load
WARNING: [Synth 8-7129] Port irq[3] in module picorv32 is either unconnected or has no load
WARNING: [Synth 8-7129] Port irq[2] in module picorv32 is either unconnected or has no load
WARNING: [Synth 8-7129] Port irq[1] in module picorv32 is either unconnected or has no load
WARNING: [Synth 8-7129] Port irq[0] in module picorv32 is either unconnected or has no load
---------------------------------------------------------------------------------
Finished RTL Elaboration : Time (s): cpu = 00:00:07 ; elapsed = 00:00:07 . Memory (MB): peak = 3891.312 ; gain = 0.000 ; free physical = 741255 ; free virtual = 764287
---------------------------------------------------------------------------------
---------------------------------------------------------------------------------
Start Handling Custom Attributes
---------------------------------------------------------------------------------
---------------------------------------------------------------------------------
Finished Handling Custom Attributes : Time (s): cpu = 00:00:07 ; elapsed = 00:00:07 . Memory (MB): peak = 3891.312 ; gain = 0.000 ; free physical = 741256 ; free virtual = 764287
---------------------------------------------------------------------------------
---------------------------------------------------------------------------------
Finished RTL Optimization Phase 1 : Time (s): cpu = 00:00:07 ; elapsed = 00:00:07 . Memory (MB): peak = 3891.312 ; gain = 0.000 ; free physical = 741256 ; free virtual = 764287
---------------------------------------------------------------------------------
Netlist sorting complete. Time (s): cpu = 00:00:00.02 ; elapsed = 00:00:00.02 . Memory (MB): peak = 3891.312 ; gain = 0.000 ; free physical = 741256 ; free virtual = 764287
INFO: [Project 1-570] Preparing netlist for logic optimization

Processing XDC Constraints
Initializing timing engine
Parsing XDC File [/net/users/oelmouden/picorv32/work/fmax_synthesis/vivado/xc7a100t-csg324-1/picorv32/rv32im_fast/constraints.xdc]
WARNING: [Vivado 12-2489] -period contains time 10.638298 which will be rounded to 10.638 to ensure it is an integer multiple of 1 picosecond [/net/users/oelmouden/picorv32/work/fmax_synthesis/vivado/xc7a100t-csg324-1/picorv32/rv32im_fast/constraints.xdc:1]
Finished Parsing XDC File [/net/users/oelmouden/picorv32/work/fmax_synthesis/vivado/xc7a100t-csg324-1/picorv32/rv32im_fast/constraints.xdc]
Completed Processing XDC Constraints

Netlist sorting complete. Time (s): cpu = 00:00:00 ; elapsed = 00:00:00.01 . Memory (MB): peak = 3891.312 ; gain = 0.000 ; free physical = 741240 ; free virtual = 764272
INFO: [Project 1-111] Unisim Transformation Summary:
No Unisim elements were transformed.

Constraint Validation Runtime : Time (s): cpu = 00:00:00.03 ; elapsed = 00:00:00.02 . Memory (MB): peak = 3891.312 ; gain = 0.000 ; free physical = 741240 ; free virtual = 764272
---------------------------------------------------------------------------------
Finished Constraint Validation : Time (s): cpu = 00:00:13 ; elapsed = 00:00:13 . Memory (MB): peak = 3891.312 ; gain = 0.000 ; free physical = 741241 ; free virtual = 764273
---------------------------------------------------------------------------------
---------------------------------------------------------------------------------
Start Loading Part and Timing Information
---------------------------------------------------------------------------------
Loading part: xc7a100tcsg324-1
---------------------------------------------------------------------------------
Finished Loading Part and Timing Information : Time (s): cpu = 00:00:13 ; elapsed = 00:00:13 . Memory (MB): peak = 3891.312 ; gain = 0.000 ; free physical = 741241 ; free virtual = 764273
---------------------------------------------------------------------------------
---------------------------------------------------------------------------------
Start Applying 'set_property' XDC Constraints
---------------------------------------------------------------------------------
---------------------------------------------------------------------------------
Finished applying 'set_property' XDC Constraints : Time (s): cpu = 00:00:13 ; elapsed = 00:00:13 . Memory (MB): peak = 3891.312 ; gain = 0.000 ; free physical = 741241 ; free virtual = 764273
---------------------------------------------------------------------------------
INFO: [Synth 8-802] inferred FSM for state register 'mem_state_reg' in module 'picorv32'
---------------------------------------------------------------------------------------------------
                   State |                     New Encoding |                Previous Encoding 
---------------------------------------------------------------------------------------------------
                 iSTATE2 |                               00 |                               00
                 iSTATE0 |                               01 |                               10
                  iSTATE |                               10 |                               01
                 iSTATE1 |                               11 |                               11
---------------------------------------------------------------------------------------------------
INFO: [Synth 8-3354] encoded FSM with state register 'mem_state_reg' using encoding 'sequential' in module 'picorv32'
---------------------------------------------------------------------------------
Finished RTL Optimization Phase 2 : Time (s): cpu = 00:00:13 ; elapsed = 00:00:14 . Memory (MB): peak = 3891.312 ; gain = 0.000 ; free physical = 741242 ; free virtual = 764273
---------------------------------------------------------------------------------
---------------------------------------------------------------------------------
Start RTL Component Statistics 
---------------------------------------------------------------------------------
Detailed RTL Component Info : 
+---Adders : 
	   2 Input   63 Bit       Adders := 1     
	   2 Input   32 Bit       Adders := 7     
	   3 Input   32 Bit       Adders := 1     
	   2 Input    5 Bit       Adders := 1     
	   2 Input    4 Bit       Adders := 1     
+---XORs : 
	   2 Input     32 Bit         XORs := 1     
+---Registers : 
	               64 Bit    Registers := 1     
	               63 Bit    Registers := 1     
	               36 Bit    Registers := 1     
	               33 Bit    Registers := 2     
	               32 Bit    Registers := 18    
	                8 Bit    Registers := 1     
	                5 Bit    Registers := 6     
	                4 Bit    Registers := 3     
	                2 Bit    Registers := 1     
	                1 Bit    Registers := 89    
+---Multipliers : 
	              33x33  Multipliers := 1     
+---RAMs : 
	              32K Bit	(1024 X 32 bit)          RAMs := 1     
	             1024 Bit	(32 X 32 bit)          RAMs := 1     
+---Muxes : 
	   2 Input   63 Bit        Muxes := 2     
	   2 Input   33 Bit        Muxes := 2     
	   2 Input   32 Bit        Muxes := 33    
	   3 Input   32 Bit        Muxes := 3     
	   5 Input   32 Bit        Muxes := 1     
	   6 Input   32 Bit        Muxes := 1     
	   4 Input   32 Bit        Muxes := 7     
	   2 Input   16 Bit        Muxes := 1     
	   4 Input    8 Bit        Muxes := 2     
	   2 Input    8 Bit        Muxes := 3     
	   5 Input    4 Bit        Muxes := 1     
	   2 Input    4 Bit        Muxes := 1     
	   4 Input    4 Bit        Muxes := 1     
	   3 Input    4 Bit        Muxes := 1     
	   2 Input    3 Bit        Muxes := 3     
	   4 Input    2 Bit        Muxes := 1     
	   2 Input    2 Bit        Muxes := 2     
	   2 Input    1 Bit        Muxes := 32    
	   4 Input    1 Bit        Muxes := 18    
	   3 Input    1 Bit        Muxes := 4     
	   7 Input    1 Bit        Muxes := 4     
---------------------------------------------------------------------------------
Finished RTL Component Statistics 
---------------------------------------------------------------------------------
---------------------------------------------------------------------------------
Start Part Resource Summary
---------------------------------------------------------------------------------
Part Resources:
DSPs: 240 (col length:80)
BRAMs: 270 (col length: RAMB18 80 RAMB36 40)
---------------------------------------------------------------------------------
Finished Part Resource Summary
---------------------------------------------------------------------------------
---------------------------------------------------------------------------------
Start Cross Boundary and Area Optimization
---------------------------------------------------------------------------------
WARNING: [Synth 8-7080] Parallel synthesis criteria is not met
DSP Report: Generating DSP rd0, operation Mode is: A2*B2.
DSP Report: register rs1_reg is absorbed into DSP rd0.
DSP Report: register rd0 is absorbed into DSP rd0.
DSP Report: operator rd0 is absorbed into DSP rd0.
DSP Report: operator rd0 is absorbed into DSP rd0.
DSP Report: Generating DSP rd_reg, operation Mode is: (PCIN>>17)+A2*B2.
DSP Report: register rs2_reg is absorbed into DSP rd_reg.
DSP Report: register rs1_reg is absorbed into DSP rd_reg.
DSP Report: register rd_reg is absorbed into DSP rd_reg.
DSP Report: operator rd0 is absorbed into DSP rd_reg.
DSP Report: operator rd0 is absorbed into DSP rd_reg.
DSP Report: Generating DSP rd0, operation Mode is: A2*B2.
DSP Report: register rd0 is absorbed into DSP rd0.
DSP Report: register rd0 is absorbed into DSP rd0.
DSP Report: operator rd0 is absorbed into DSP rd0.
DSP Report: operator rd0 is absorbed into DSP rd0.
DSP Report: Generating DSP rd_reg, operation Mode is: (PCIN>>17)+A2*B2.
DSP Report: register rs2_reg is absorbed into DSP rd_reg.
DSP Report: register rd_reg is absorbed into DSP rd_reg.
DSP Report: register rd_reg is absorbed into DSP rd_reg.
DSP Report: operator rd0 is absorbed into DSP rd_reg.
DSP Report: operator rd0 is absorbed into DSP rd_reg.
WARNING: [Synth 8-7129] Port pcpi_wr in module picorv32 is either unconnected or has no load
WARNING: [Synth 8-7129] Port pcpi_rd[31] in module picorv32 is either unconnected or has no load
WARNING: [Synth 8-7129] Port pcpi_rd[30] in module picorv32 is either unconnected or has no load
INFO: [Common 17-14] Message 'Synth 8-7129' appears 100 times and further instances of the messages will be disabled. Use the Tcl command set_msg_config to change the current settings.
WARNING: [Synth 8-3332] Sequential element (rd_reg[47]) is unused and will be removed from module picorv32_pcpi_fast_mul.
WARNING: [Synth 8-3332] Sequential element (rd_reg[46]) is unused and will be removed from module picorv32_pcpi_fast_mul.
WARNING: [Synth 8-3332] Sequential element (rd_reg[45]) is unused and will be removed from module picorv32_pcpi_fast_mul.
WARNING: [Synth 8-3332] Sequential element (rd_reg[44]) is unused and will be removed from module picorv32_pcpi_fast_mul.
WARNING: [Synth 8-3332] Sequential element (rd_reg[43]) is unused and will be removed from module picorv32_pcpi_fast_mul.
WARNING: [Synth 8-3332] Sequential element (rd_reg[42]) is unused and will be removed from module picorv32_pcpi_fast_mul.
WARNING: [Synth 8-3332] Sequential element (rd_reg[41]) is unused and will be removed from module picorv32_pcpi_fast_mul.
WARNING: [Synth 8-3332] Sequential element (rd_reg[40]) is unused and will be removed from module picorv32_pcpi_fast_mul.
WARNING: [Synth 8-3332] Sequential element (rd_reg[39]) is unused and will be removed from module picorv32_pcpi_fast_mul.
WARNING: [Synth 8-3332] Sequential element (rd_reg[38]) is unused and will be removed from module picorv32_pcpi_fast_mul.
WARNING: [Synth 8-3332] Sequential element (rd_reg[37]) is unused and will be removed from module picorv32_pcpi_fast_mul.
WARNING: [Synth 8-3332] Sequential element (rd_reg[36]) is unused and will be removed from module picorv32_pcpi_fast_mul.
WARNING: [Synth 8-3332] Sequential element (rd_reg[35]) is unused and will be removed from module picorv32_pcpi_fast_mul.
WARNING: [Synth 8-3332] Sequential element (rd_reg[34]) is unused and will be removed from module picorv32_pcpi_fast_mul.
WARNING: [Synth 8-3332] Sequential element (rd_reg[33]) is unused and will be removed from module picorv32_pcpi_fast_mul.
WARNING: [Synth 8-3332] Sequential element (rd_reg[32]) is unused and will be removed from module picorv32_pcpi_fast_mul.
WARNING: [Synth 8-3332] Sequential element (rd_reg[31]) is unused and will be removed from module picorv32_pcpi_fast_mul.
WARNING: [Synth 8-3332] Sequential element (rd_reg[30]) is unused and will be removed from module picorv32_pcpi_fast_mul.
WARNING: [Synth 8-3332] Sequential element (rd_reg[29]) is unused and will be removed from module picorv32_pcpi_fast_mul.
WARNING: [Synth 8-3332] Sequential element (rd_reg[28]) is unused and will be removed from module picorv32_pcpi_fast_mul.
WARNING: [Synth 8-3332] Sequential element (rd_reg[27]) is unused and will be removed from module picorv32_pcpi_fast_mul.
WARNING: [Synth 8-3332] Sequential element (rd_reg[26]) is unused and will be removed from module picorv32_pcpi_fast_mul.
WARNING: [Synth 8-3332] Sequential element (rd_reg[25]) is unused and will be removed from module picorv32_pcpi_fast_mul.
WARNING: [Synth 8-3332] Sequential element (rd_reg[24]) is unused and will be removed from module picorv32_pcpi_fast_mul.
WARNING: [Synth 8-3332] Sequential element (rd_reg[23]) is unused and will be removed from module picorv32_pcpi_fast_mul.
WARNING: [Synth 8-3332] Sequential element (rd_reg[22]) is unused and will be removed from module picorv32_pcpi_fast_mul.
WARNING: [Synth 8-3332] Sequential element (rd_reg[21]) is unused and will be removed from module picorv32_pcpi_fast_mul.
WARNING: [Synth 8-3332] Sequential element (rd_reg[20]) is unused and will be removed from module picorv32_pcpi_fast_mul.
WARNING: [Synth 8-3332] Sequential element (rd_reg[19]) is unused and will be removed from module picorv32_pcpi_fast_mul.
WARNING: [Synth 8-3332] Sequential element (rd_reg[18]) is unused and will be removed from module picorv32_pcpi_fast_mul.
WARNING: [Synth 8-3332] Sequential element (rd_reg[17]) is unused and will be removed from module picorv32_pcpi_fast_mul.
WARNING: [Synth 8-3332] Sequential element (rd_reg[47]__0) is unused and will be removed from module picorv32_pcpi_fast_mul.
WARNING: [Synth 8-3332] Sequential element (rd_reg[46]__0) is unused and will be removed from module picorv32_pcpi_fast_mul.
WARNING: [Synth 8-3332] Sequential element (rd_reg[45]__0) is unused and will be removed from module picorv32_pcpi_fast_mul.
WARNING: [Synth 8-3332] Sequential element (rd_reg[44]__0) is unused and will be removed from module picorv32_pcpi_fast_mul.
WARNING: [Synth 8-3332] Sequential element (rd_reg[43]__0) is unused and will be removed from module picorv32_pcpi_fast_mul.
WARNING: [Synth 8-3332] Sequential element (rd_reg[42]__0) is unused and will be removed from module picorv32_pcpi_fast_mul.
WARNING: [Synth 8-3332] Sequential element (rd_reg[41]__0) is unused and will be removed from module picorv32_pcpi_fast_mul.
WARNING: [Synth 8-3332] Sequential element (rd_reg[40]__0) is unused and will be removed from module picorv32_pcpi_fast_mul.
WARNING: [Synth 8-3332] Sequential element (rd_reg[39]__0) is unused and will be removed from module picorv32_pcpi_fast_mul.
WARNING: [Synth 8-3332] Sequential element (rd_reg[38]__0) is unused and will be removed from module picorv32_pcpi_fast_mul.
WARNING: [Synth 8-3332] Sequential element (rd_reg[37]__0) is unused and will be removed from module picorv32_pcpi_fast_mul.
WARNING: [Synth 8-3332] Sequential element (rd_reg[36]__0) is unused and will be removed from module picorv32_pcpi_fast_mul.
WARNING: [Synth 8-3332] Sequential element (rd_reg[35]__0) is unused and will be removed from module picorv32_pcpi_fast_mul.
WARNING: [Synth 8-3332] Sequential element (rd_reg[34]__0) is unused and will be removed from module picorv32_pcpi_fast_mul.
WARNING: [Synth 8-3332] Sequential element (rd_reg[33]__0) is unused and will be removed from module picorv32_pcpi_fast_mul.
WARNING: [Synth 8-3332] Sequential element (rd_reg[32]__0) is unused and will be removed from module picorv32_pcpi_fast_mul.
WARNING: [Synth 8-3332] Sequential element (rd_reg[31]__0) is unused and will be removed from module picorv32_pcpi_fast_mul.
WARNING: [Synth 8-3332] Sequential element (rd_reg[30]__0) is unused and will be removed from module picorv32_pcpi_fast_mul.
WARNING: [Synth 8-3332] Sequential element (rd_reg[29]__0) is unused and will be removed from module picorv32_pcpi_fast_mul.
WARNING: [Synth 8-3332] Sequential element (rd_reg[28]__0) is unused and will be removed from module picorv32_pcpi_fast_mul.
WARNING: [Synth 8-3332] Sequential element (rd_reg[27]__0) is unused and will be removed from module picorv32_pcpi_fast_mul.
WARNING: [Synth 8-3332] Sequential element (rd_reg[26]__0) is unused and will be removed from module picorv32_pcpi_fast_mul.
WARNING: [Synth 8-3332] Sequential element (rd_reg[25]__0) is unused and will be removed from module picorv32_pcpi_fast_mul.
WARNING: [Synth 8-3332] Sequential element (rd_reg[24]__0) is unused and will be removed from module picorv32_pcpi_fast_mul.
WARNING: [Synth 8-3332] Sequential element (rd_reg[23]__0) is unused and will be removed from module picorv32_pcpi_fast_mul.
WARNING: [Synth 8-3332] Sequential element (rd_reg[22]__0) is unused and will be removed from module picorv32_pcpi_fast_mul.
WARNING: [Synth 8-3332] Sequential element (rd_reg[21]__0) is unused and will be removed from module picorv32_pcpi_fast_mul.
WARNING: [Synth 8-3332] Sequential element (rd_reg[20]__0) is unused and will be removed from module picorv32_pcpi_fast_mul.
WARNING: [Synth 8-3332] Sequential element (rd_reg[19]__0) is unused and will be removed from module picorv32_pcpi_fast_mul.
WARNING: [Synth 8-3332] Sequential element (rd_reg[18]__0) is unused and will be removed from module picorv32_pcpi_fast_mul.
WARNING: [Synth 8-3332] Sequential element (rd_reg[17]__0) is unused and will be removed from module picorv32_pcpi_fast_mul.
---------------------------------------------------------------------------------
Finished Cross Boundary and Area Optimization : Time (s): cpu = 00:00:20 ; elapsed = 00:00:21 . Memory (MB): peak = 3891.312 ; gain = 0.000 ; free physical = 741235 ; free virtual = 764266
---------------------------------------------------------------------------------
 Sort Area is  rd0_0 : 0 0 : 2737 5129 : Used 1 time 0
 Sort Area is  rd0_0 : 0 1 : 2392 5129 : Used 1 time 0
 Sort Area is  rd0_3 : 0 0 : 2338 4501 : Used 1 time 0
 Sort Area is  rd0_3 : 0 1 : 2163 4501 : Used 1 time 0
---------------------------------------------------------------------------------
Start ROM, RAM, DSP, Shift Register and Retiming Reporting
---------------------------------------------------------------------------------

Block RAM: Preliminary Mapping Report (see note below)
+-----------------+----------------+------------------------+---+---+------------------------+---+---+------------------+--------+--------+
|Module Name      | RTL Object     | PORT A (Depth x Width) | W | R | PORT B (Depth x Width) | W | R | Ports driving FF | RAMB18 | RAMB36 | 
+-----------------+----------------+------------------------+---+---+------------------------+---+---+------------------+--------+--------+
|picorv32_soc_top | ram/memory_reg | 1 K x 32(READ_FIRST)   | W |   | 1 K x 32(WRITE_FIRST)  |   | R | Port A and B     | 0      | 1      | 
+-----------------+----------------+------------------------+---+---+------------------------+---+---+------------------+--------+--------+

Note: The table above is a preliminary report that shows the Block RAMs at the current stage of the synthesis flow. Some Block RAMs may be reimplemented as non Block RAM primitives later in the synthesis flow. Multiple instantiated Block RAMs are reported only once. 

Distributed RAM: Preliminary Mapping Report (see note below)
+------------+-------------+-----------+----------------------+--------------+
|Module Name | RTL Object  | Inference | Size (Depth x Width) | Primitives   | 
+------------+-------------+-----------+----------------------+--------------+
|cpu         | cpuregs_reg | Implied   | 32 x 32              | RAM32M x 12  | 
+------------+-------------+-----------+----------------------+--------------+

Note: The table above is a preliminary report that shows the Distributed RAMs at the current stage of the synthesis flow. Some Distributed RAMs may be reimplemented as non Distributed RAM primitives later in the synthesis flow. Multiple instantiated RAMs are reported only once.

DSP: Preliminary Mapping Report (see note below. The ' indicates corresponding REG is set)
+-----------------------+------------------+--------+--------+--------+--------+--------+------+------+------+------+-------+------+------+
|Module Name            | DSP Mapping      | A Size | B Size | C Size | D Size | P Size | AREG | BREG | CREG | DREG | ADREG | MREG | PREG | 
+-----------------------+------------------+--------+--------+--------+--------+--------+------+------+------+------+-------+------+------+
|picorv32_pcpi_fast_mul | A2*B2            | 18     | 16     | -      | -      | 48     | 1    | 1    | -    | -    | -     | 0    | 0    | 
|picorv32_pcpi_fast_mul | (PCIN>>17)+A2*B2 | 16     | 16     | -      | -      | 48     | 1    | 1    | -    | -    | -     | 0    | 1    | 
|picorv32_pcpi_fast_mul | A2*B2            | 18     | 18     | -      | -      | 48     | 1    | 1    | -    | -    | -     | 0    | 0    | 
|picorv32_pcpi_fast_mul | (PCIN>>17)+A2*B2 | 18     | 16     | -      | -      | 48     | 1    | 1    | -    | -    | -     | 0    | 1    | 
+-----------------------+------------------+--------+--------+--------+--------+--------+------+------+------+------+-------+------+------+

Note: The table above is a preliminary report that shows the DSPs inferred at the current stage of the synthesis flow. Some DSP may be reimplemented as non DSP primitives later in the synthesis flow. Multiple instantiated DSPs are reported only once.
---------------------------------------------------------------------------------
Finished ROM, RAM, DSP, Shift Register and Retiming Reporting
---------------------------------------------------------------------------------
---------------------------------------------------------------------------------
Start Applying XDC Timing Constraints
---------------------------------------------------------------------------------
---------------------------------------------------------------------------------
Finished Applying XDC Timing Constraints : Time (s): cpu = 00:00:22 ; elapsed = 00:00:23 . Memory (MB): peak = 3891.312 ; gain = 0.000 ; free physical = 741236 ; free virtual = 764267
---------------------------------------------------------------------------------
---------------------------------------------------------------------------------
Start Timing Optimization
---------------------------------------------------------------------------------
---------------------------------------------------------------------------------
Finished Timing Optimization : Time (s): cpu = 00:00:22 ; elapsed = 00:00:24 . Memory (MB): peak = 3891.312 ; gain = 0.000 ; free physical = 741236 ; free virtual = 764267
---------------------------------------------------------------------------------
---------------------------------------------------------------------------------
Start ROM, RAM, DSP, Shift Register and Retiming Reporting
---------------------------------------------------------------------------------

Block RAM: Final Mapping Report
+-----------------+----------------+------------------------+---+---+------------------------+---+---+------------------+--------+--------+
|Module Name      | RTL Object     | PORT A (Depth x Width) | W | R | PORT B (Depth x Width) | W | R | Ports driving FF | RAMB18 | RAMB36 | 
+-----------------+----------------+------------------------+---+---+------------------------+---+---+------------------+--------+--------+
|picorv32_soc_top | ram/memory_reg | 1 K x 32(READ_FIRST)   | W |   | 1 K x 32(WRITE_FIRST)  |   | R | Port A and B     | 0      | 1      | 
+-----------------+----------------+------------------------+---+---+------------------------+---+---+------------------+--------+--------+


Distributed RAM: Final Mapping Report
+------------+-------------+-----------+----------------------+--------------+
|Module Name | RTL Object  | Inference | Size (Depth x Width) | Primitives   | 
+------------+-------------+-----------+----------------------+--------------+
|cpu         | cpuregs_reg | Implied   | 32 x 32              | RAM32M x 12  | 
+------------+-------------+-----------+----------------------+--------------+

---------------------------------------------------------------------------------
Finished ROM, RAM, DSP, Shift Register and Retiming Reporting
---------------------------------------------------------------------------------
---------------------------------------------------------------------------------
Start Technology Mapping
---------------------------------------------------------------------------------
INFO: [Synth 8-7052] The timing for the instance ram/memory_reg (implemented as a Block RAM) might be sub-optimal as no optional output register could be merged into the ram block. Providing additional output register may help in improving timing.
---------------------------------------------------------------------------------
Finished Technology Mapping : Time (s): cpu = 00:00:23 ; elapsed = 00:00:25 . Memory (MB): peak = 3891.312 ; gain = 0.000 ; free physical = 741236 ; free virtual = 764267
---------------------------------------------------------------------------------
---------------------------------------------------------------------------------
Start IO Insertion
---------------------------------------------------------------------------------
---------------------------------------------------------------------------------
Start Flattening Before IO Insertion
---------------------------------------------------------------------------------
---------------------------------------------------------------------------------
Finished Flattening Before IO Insertion
---------------------------------------------------------------------------------
---------------------------------------------------------------------------------
Start Final Netlist Cleanup
---------------------------------------------------------------------------------
---------------------------------------------------------------------------------
Finished Final Netlist Cleanup
---------------------------------------------------------------------------------
---------------------------------------------------------------------------------
Finished IO Insertion : Time (s): cpu = 00:00:26 ; elapsed = 00:00:28 . Memory (MB): peak = 3891.312 ; gain = 0.000 ; free physical = 741236 ; free virtual = 764267
---------------------------------------------------------------------------------
---------------------------------------------------------------------------------
Start Renaming Generated Instances
---------------------------------------------------------------------------------
---------------------------------------------------------------------------------
Finished Renaming Generated Instances : Time (s): cpu = 00:00:26 ; elapsed = 00:00:28 . Memory (MB): peak = 3891.312 ; gain = 0.000 ; free physical = 741236 ; free virtual = 764267
---------------------------------------------------------------------------------
---------------------------------------------------------------------------------
Start Handling Custom Attributes
---------------------------------------------------------------------------------
---------------------------------------------------------------------------------
Finished Handling Custom Attributes : Time (s): cpu = 00:00:26 ; elapsed = 00:00:28 . Memory (MB): peak = 3891.312 ; gain = 0.000 ; free physical = 741236 ; free virtual = 764267
---------------------------------------------------------------------------------
---------------------------------------------------------------------------------
Start Writing Synthesis Report
---------------------------------------------------------------------------------

DSP Final Report (the ' indicates corresponding REG is set)
+-----------------------+--------------------+--------+--------+--------+--------+--------+------+------+------+------+-------+------+------+
|Module Name            | DSP Mapping        | A Size | B Size | C Size | D Size | P Size | AREG | BREG | CREG | DREG | ADREG | MREG | PREG | 
+-----------------------+--------------------+--------+--------+--------+--------+--------+------+------+------+------+-------+------+------+
|picorv32_pcpi_fast_mul | A''*B'             | 17     | 18     | -      | -      | 48     | 2    | 1    | -    | -    | -     | 0    | 0    | 
|picorv32_pcpi_fast_mul | (PCIN>>17+A'*B')'  | 30     | 18     | -      | -      | 48     | 1    | 1    | -    | -    | -     | 0    | 1    | 
|picorv32_pcpi_fast_mul | A''*B''            | 17     | 17     | -      | -      | 48     | 2    | 2    | -    | -    | -     | 0    | 0    | 
|picorv32_pcpi_fast_mul | (PCIN>>17+A''*B')' | 17     | 18     | -      | -      | 48     | 2    | 1    | -    | -    | -     | 0    | 1    | 
+-----------------------+--------------------+--------+--------+--------+--------+--------+------+------+------+------+-------+------+------+


Report BlackBoxes: 
+-+--------------+----------+
| |BlackBox name |Instances |
+-+--------------+----------+
+-+--------------+----------+

Report Cell Usage: 
+------+---------+------+
|      |Cell     |Count |
+------+---------+------+
|1     |BUFG     |     1|
|2     |CARRY4   |   143|
|3     |DSP48E1  |     4|
|7     |LUT1     |   134|
|8     |LUT2     |   196|
|9     |LUT3     |   154|
|10    |LUT4     |   356|
|11    |LUT5     |   218|
|12    |LUT6     |   499|
|13    |MUXF7    |     1|
|14    |RAM32M   |    10|
|15    |RAM32X1D |     4|
|16    |RAMB36E1 |     1|
|17    |FDRE     |   810|
|18    |FDSE     |    26|
|19    |IBUF     |     2|
|20    |OBUF     |     1|
+------+---------+------+
---------------------------------------------------------------------------------
Finished Writing Synthesis Report : Time (s): cpu = 00:00:26 ; elapsed = 00:00:28 . Memory (MB): peak = 3891.312 ; gain = 0.000 ; free physical = 741236 ; free virtual = 764267
---------------------------------------------------------------------------------
Synthesis finished with 0 errors, 0 critical warnings and 130 warnings.
Synthesis Optimization Runtime : Time (s): cpu = 00:00:25 ; elapsed = 00:00:27 . Memory (MB): peak = 3891.312 ; gain = 0.000 ; free physical = 741236 ; free virtual = 764267
Synthesis Optimization Complete : Time (s): cpu = 00:00:27 ; elapsed = 00:00:28 . Memory (MB): peak = 3891.312 ; gain = 0.000 ; free physical = 741236 ; free virtual = 764267
INFO: [Project 1-571] Translating synthesized netlist
Netlist sorting complete. Time (s): cpu = 00:00:00.02 ; elapsed = 00:00:00.02 . Memory (MB): peak = 3891.312 ; gain = 0.000 ; free physical = 741400 ; free virtual = 764431
INFO: [Netlist 29-17] Analyzing 163 Unisim elements for replacement
INFO: [Netlist 29-28] Unisim Transformation completed in 0 CPU seconds
WARNING: [Netlist 29-101] Netlist 'picorv32_soc_top' is not ideal for floorplanning, since the cellview 'picorv32_soc_top' contains a large number of primitives.  Please consider enabling hierarchy in synthesis if you want to do floorplanning.
INFO: [Project 1-570] Preparing netlist for logic optimization
Parsing XDC File [/net/users/oelmouden/picorv32/work/fmax_synthesis/vivado/xc7a100t-csg324-1/picorv32/rv32im_fast/constraints.xdc]
WARNING: [Vivado 12-2489] -period contains time 10.638298 which will be rounded to 10.638 to ensure it is an integer multiple of 1 picosecond [/net/users/oelmouden/picorv32/work/fmax_synthesis/vivado/xc7a100t-csg324-1/picorv32/rv32im_fast/constraints.xdc:1]
Finished Parsing XDC File [/net/users/oelmouden/picorv32/work/fmax_synthesis/vivado/xc7a100t-csg324-1/picorv32/rv32im_fast/constraints.xdc]
INFO: [Opt 31-138] Pushed 0 inverter(s) to 0 load pin(s).
Netlist sorting complete. Time (s): cpu = 00:00:00 ; elapsed = 00:00:00 . Memory (MB): peak = 3891.312 ; gain = 0.000 ; free physical = 741400 ; free virtual = 764431
INFO: [Project 1-111] Unisim Transformation Summary:
  A total of 14 instances were transformed.
  RAM32M => RAM32M (RAMD32(x6), RAMS32(x2)): 10 instances
  RAM32X1D => RAM32X1D (RAMD32(x2)): 4 instances

Synth Design complete | Checksum: f69f57ba
INFO: [Common 17-83] Releasing license: Synthesis
459 Infos, 903 Warnings, 0 Critical Warnings and 0 Errors encountered.
synth_design completed successfully
synth_design: Time (s): cpu = 00:00:35 ; elapsed = 00:00:33 . Memory (MB): peak = 3891.312 ; gain = 0.000 ; free physical = 741400 ; free virtual = 764431
INFO: [Common 17-2834] synth_design peak Physical Memory [PSS] (MB): overall = 3123.795; main = 2948.830; forked = 331.367
INFO: [Common 17-2834] synth_design peak Virtual Memory [VSS] (MB): overall = 5374.039; main = 3821.082; forked = 1552.957
Command: opt_design -sweep -remap -propconst
Attempting to get a license for feature 'Implementation' and/or device 'xc7a100t'
INFO: [Common 17-349] Got license for feature 'Implementation' and/or device 'xc7a100t'
Running DRC as a precondition to command opt_design
INFO: [DRC 23-27] Running DRC with 8 threads
INFO: [Project 1-461] DRC finished with 0 Errors
INFO: [Project 1-462] Please refer to the DRC report (report_drc) for more information.
INFO: [Timing 38-35] Done setting XDC timing constraints.
INFO: [Opt 31-138] Pushed 0 inverter(s) to 0 load pin(s).
Constant propagation | Checksum: 19a31d398
INFO: [Opt 31-389] Phase Constant propagation created 0 cells and removed 0 cells
INFO: [Constraints 18-11670] Building netlist checker database with flags, 0x8
Done building netlist checker database: Time (s): cpu = 00:00:00 ; elapsed = 00:00:00 . Memory (MB): peak = 3891.312 ; gain = 0.000 ; free physical = 741402 ; free virtual = 764433
Sweep | Checksum: 20be9e34c
INFO: [Opt 31-389] Phase Sweep created 1 cells and removed 0 cells
Remap | Checksum: 20be9e34c
INFO: [Opt 31-389] Phase Remap created 0 cells and removed 0 cells
Post Processing Netlist | Checksum: 20be9e34c
INFO: [Opt 31-389] Phase Post Processing Netlist created 0 cells and removed 0 cells
Opt_design Change Summary
=========================


---------------------------------------------------------------------------------------------------------------------
|  Phase                    |  #Cells created  |  #Cells Removed  |  #Constrained objects preventing optimizations  |
---------------------------------------------------------------------------------------------------------------------
|  Constant propagation     |               0  |               0  |                                              0  |
|  Sweep                    |               1  |               0  |                                              0  |
|  Remap                    |               0  |               0  |                                              0  |
|  Post Processing Netlist  |               0  |               0  |                                              0  |
---------------------------------------------------------------------------------------------------------------------


Netlist sorting complete. Time (s): cpu = 00:00:00.01 ; elapsed = 00:00:00 . Memory (MB): peak = 3891.312 ; gain = 0.000 ; free physical = 741402 ; free virtual = 764433
INFO: [Common 17-83] Releasing license: Implementation
473 Infos, 903 Warnings, 0 Critical Warnings and 0 Errors encountered.
opt_design completed successfully
opt_design: Time (s): cpu = 00:00:12 ; elapsed = 00:00:11 . Memory (MB): peak = 3891.312 ; gain = 0.000 ; free physical = 741402 ; free virtual = 764433
Command: opt_design -directive Explore
INFO: [Vivado_Tcl 4-136] Directive used for opt_design is: Explore
Attempting to get a license for feature 'Implementation' and/or device 'xc7a100t'
INFO: [Common 17-349] Got license for feature 'Implementation' and/or device 'xc7a100t'
Running DRC as a precondition to command opt_design
INFO: [DRC 23-27] Running DRC with 8 threads
INFO: [Project 1-461] DRC finished with 0 Errors
INFO: [Project 1-462] Please refer to the DRC report (report_drc) for more information.
INFO: [Timing 38-35] Done setting XDC timing constraints.
INFO: [Opt 31-1851] Number of loadless carry chains removed were: 0
INFO: [Opt 31-1834] Total Chains To Be Transformed Were: 0 AND Number of Transformed insts Created are: 0
INFO: [Opt 31-138] Pushed 0 inverter(s) to 0 load pin(s).
INFO: [Opt 31-49] Retargeted 0 cell(s).
Retarget | Checksum: 21ef379f4
INFO: [Opt 31-389] Phase Retarget created 0 cells and removed 0 cells
INFO: [Opt 31-138] Pushed 0 inverter(s) to 0 load pin(s).
Constant propagation | Checksum: 21ef379f4
INFO: [Opt 31-389] Phase Constant propagation created 0 cells and removed 0 cells
INFO: [Constraints 18-11670] Building netlist checker database with flags, 0x8
Done building netlist checker database: Time (s): cpu = 00:00:00 ; elapsed = 00:00:00 . Memory (MB): peak = 3891.312 ; gain = 0.000 ; free physical = 741401 ; free virtual = 764432
Sweep | Checksum: 21ef379f4
INFO: [Opt 31-389] Phase Sweep created 0 cells and removed 0 cells
BUFG optimization | Checksum: 21ef379f4
INFO: [Opt 31-662] Phase BUFG optimization created 0 cells of which 0 are BUFGs and removed 0 cells.
INFO: [Opt 31-1064] SRL Remap converted 0 SRLs to 0 registers and converted 0 registers of register chains to 0 SRLs
Shift Register Optimization | Checksum: 21ef379f4
INFO: [Opt 31-389] Phase Shift Register Optimization created 0 cells and removed 0 cells
INFO: [Opt 31-1555] control_set_opt supports Versal devices only, and device 7a100t is unsupported
Post Processing Netlist | Checksum: 21ef379f4
INFO: [Opt 31-389] Phase Post Processing Netlist created 0 cells and removed 0 cells
Opt_design Change Summary
=========================


-------------------------------------------------------------------------------------------------------------------------
|  Phase                        |  #Cells created  |  #Cells Removed  |  #Constrained objects preventing optimizations  |
-------------------------------------------------------------------------------------------------------------------------
|  Retarget                     |               0  |               0  |                                              0  |
|  Constant propagation         |               0  |               0  |                                              0  |
|  Sweep                        |               0  |               0  |                                              0  |
|  BUFG optimization            |               0  |               0  |                                              0  |
|  Shift Register Optimization  |               0  |               0  |                                              0  |
|  Post Processing Netlist      |               0  |               0  |                                              0  |
-------------------------------------------------------------------------------------------------------------------------


Netlist sorting complete. Time (s): cpu = 00:00:00 ; elapsed = 00:00:00 . Memory (MB): peak = 3891.312 ; gain = 0.000 ; free physical = 741401 ; free virtual = 764432
INFO: [Common 17-83] Releasing license: Implementation
494 Infos, 903 Warnings, 0 Critical Warnings and 0 Errors encountered.
opt_design completed successfully
Command: place_design -directive Explore
Attempting to get a license for feature 'Implementation' and/or device 'xc7a100t'
INFO: [Common 17-349] Got license for feature 'Implementation' and/or device 'xc7a100t'
INFO: [Common 17-83] Releasing license: Implementation
INFO: [DRC 23-27] Running DRC with 8 threads
INFO: [Vivado_Tcl 4-198] DRC finished with 0 Errors
INFO: [Vivado_Tcl 4-199] Please refer to the DRC report (report_drc) for more information.
INFO: [Vivado_Tcl 4-2302] The placer was invoked with the 'Explore' directive.
Running DRC as a precondition to command place_design
INFO: [DRC 23-27] Running DRC with 8 threads
INFO: [Vivado_Tcl 4-198] DRC finished with 0 Errors
INFO: [Vivado_Tcl 4-199] Please refer to the DRC report (report_drc) for more information.
INFO: [Place 30-611] Multithreading enabled for place_design using a maximum of 8 CPUs
Netlist sorting complete. Time (s): cpu = 00:00:00 ; elapsed = 00:00:00 . Memory (MB): peak = 3891.312 ; gain = 0.000 ; free physical = 741399 ; free virtual = 764430
Netlist sorting complete. Time (s): cpu = 00:00:00.01 ; elapsed = 00:00:00 . Memory (MB): peak = 3891.312 ; gain = 0.000 ; free physical = 741399 ; free virtual = 764430
INFO: [Timing 38-35] Done setting XDC timing constraints.
INFO: [Physopt 32-1035] Found 0 LUTNM shape to break, 84 LUT instances to create LUTNM shape
INFO: [Physopt 32-1044] Break lutnm for timing: one critical 0, two critical 0, total 0, new lutff created 0
INFO: [Physopt 32-1138] End 1 Pass. Optimized 35 nets or LUTs. Breaked 0 LUT, combined 35 existing LUTs and moved 0 existing LUT
INFO: [Physopt 32-65] No nets found for high-fanout optimization.
INFO: [Physopt 32-232] Optimized 0 net. Created 0 new instance.
INFO: [Physopt 32-775] End 1 Pass. Optimized 0 net or cell. Created 0 new cell, deleted 0 existing cell and moved 0 existing cell
INFO: [Physopt 32-670] No setup violation found.  DSP Register Optimization was not performed.
INFO: [Physopt 32-670] No setup violation found.  Shift Register to Pipeline Optimization was not performed.
INFO: [Physopt 32-670] No setup violation found.  Shift Register Optimization was not performed.
INFO: [Physopt 32-670] No setup violation found.  BRAM Register Optimization was not performed.
INFO: [Physopt 32-670] No setup violation found.  URAM Register Optimization was not performed.
INFO: [Physopt 32-949] No candidate nets found for dynamic/static region interface net replication
INFO: [Physopt 32-775] End 1 Pass. Optimized 0 net or cell. Created 0 new cell, deleted 0 existing cell and moved 0 existing cell
Netlist sorting complete. Time (s): cpu = 00:00:00 ; elapsed = 00:00:00.01 . Memory (MB): peak = 3891.312 ; gain = 0.000 ; free physical = 741397 ; free virtual = 764428

Summary of Physical Synthesis Optimizations
============================================


-----------------------------------------------------------------------------------------------------------------------------------------------------------
|  Optimization                                     |  Added Cells  |  Removed Cells  |  Optimized Cells/Nets  |  Dont Touch  |  Iterations  |  Elapsed   |
-----------------------------------------------------------------------------------------------------------------------------------------------------------
|  LUT Combining                                    |            0  |             35  |                    35  |           0  |           1  |  00:00:00  |
|  Retime                                           |            0  |              0  |                     0  |           0  |           1  |  00:00:00  |
|  Very High Fanout                                 |            0  |              0  |                     0  |           0  |           1  |  00:00:00  |
|  DSP Register                                     |            0  |              0  |                     0  |           0  |           0  |  00:00:00  |
|  Shift Register to Pipeline                       |            0  |              0  |                     0  |           0  |           0  |  00:00:00  |
|  Shift Register                                   |            0  |              0  |                     0  |           0  |           0  |  00:00:00  |
|  BRAM Register                                    |            0  |              0  |                     0  |           0  |           0  |  00:00:00  |
|  URAM Register                                    |            0  |              0  |                     0  |           0  |           0  |  00:00:00  |
|  Dynamic/Static Region Interface Net Replication  |            0  |              0  |                     0  |           0  |           1  |  00:00:00  |
|  Total                                            |            0  |             35  |                    35  |           0  |           4  |  00:00:00  |
-----------------------------------------------------------------------------------------------------------------------------------------------------------


INFO: [Timing 38-35] Done setting XDC timing constraints.
Post Placement Optimization Initialization | Checksum: 1792447d9
INFO: [Physopt 32-721] Multithreading enabled for phys_opt_design using a maximum of 8 CPUs
INFO: [Physopt 32-619] Estimated Timing Summary | WNS=3.743 | TNS=0.000 |
INFO: [Place 46-56] BUFG insertion identified 0 candidate nets. Inserted BUFG: 0, Replicated BUFG Driver: 0, Skipped due to Placement/Routing Conflicts: 0, Skipped due to Timing Degradation: 0, Skipped due to netlist editing failed: 0.
INFO: [Place 30-746] Post Placement Timing Summary WNS=3.743. For the most accurate timing information please run report_timing.
INFO: [Place 30-612] Post-Placement Estimated Congestion 
 ____________________________________________________
|           | Global Congestion | Short Congestion  |
| Direction | Region Size       | Region Size       |
|___________|___________________|___________________|
|      North|                1x1|                1x1|
|___________|___________________|___________________|
|      South|                1x1|                4x4|
|___________|___________________|___________________|
|       East|                1x1|                1x1|
|___________|___________________|___________________|
|       West|                1x1|                1x1|
|___________|___________________|___________________|

Netlist sorting complete. Time (s): cpu = 00:00:00 ; elapsed = 00:00:00 . Memory (MB): peak = 3891.312 ; gain = 0.000 ; free physical = 741401 ; free virtual = 764432
524 Infos, 903 Warnings, 0 Critical Warnings and 0 Errors encountered.
place_design completed successfully
place_design: Time (s): cpu = 00:00:15 ; elapsed = 00:00:06 . Memory (MB): peak = 3891.312 ; gain = 0.000 ; free physical = 741401 ; free virtual = 764432
Command: phys_opt_design -retime -rewire -critical_pin_opt -placement_opt -critical_cell_opt
Attempting to get a license for feature 'Implementation' and/or device 'xc7a100t'
INFO: [Common 17-349] Got license for feature 'Implementation' and/or device 'xc7a100t'
WARNING: [Vivado_Tcl 4-1892] The option '-rewire' has been deprecated and will become unsupported in a future release. Please remove the option from the scripts and use '-restruct_opt' option instead.
INFO: [Vivado_Tcl 4-2279] Estimated Timing Summary | WNS= 3.743 | TNS= 0.000 | 
INFO: [Vivado_Tcl 4-383] Design worst setup slack (WNS) is greater than or equal to 0.250 ns. All physical synthesis setup optimizations will be skipped.
INFO: [Vivado_Tcl 4-232] No setup violation found. The netlist was not modified.
INFO: [Common 17-83] Releasing license: Implementation
529 Infos, 904 Warnings, 0 Critical Warnings and 0 Errors encountered.
phys_opt_design completed successfully
Command: route_design -directive AggressiveExplore
Attempting to get a license for feature 'Implementation' and/or device 'xc7a100t'
INFO: [Common 17-349] Got license for feature 'Implementation' and/or device 'xc7a100t'
INFO: [Route 35-270] Using Router directive 'AggressiveExplore'.
INFO: [Route 35-254] Multithreading enabled for route_design using a maximum of 8 CPUs
INFO: [Route 72-16] Aggressive Explore Summary
+======+=======+=====+=======+=====+========+==============+===================+
| Pass |  WNS  | TNS |  WHS  | THS | Status | Elapsed Time | Solution Selected |
+======+=======+=====+=======+=====+========+==============+===================+
|  1   | 3.676 |  -  | 0.112 |  -  |  Pass  |   00:00:02   |         x         |
|  2   |   -   |  -  |   -   |  -  |  Skip  |   00:00:00   |                   |
+------+-------+-----+-------+-----+--------+--------------+-------------------+

INFO: [Route 35-16] Router Completed Successfully
INFO: [Common 17-83] Releasing license: Implementation
541 Infos, 904 Warnings, 0 Critical Warnings and 0 Errors encountered.
route_design completed successfully
route_design: Time (s): cpu = 00:00:39 ; elapsed = 00:00:30 . Memory (MB): peak = 3891.312 ; gain = 0.000 ; free physical = 741400 ; free virtual = 764431
<grey>[synth_script.tcl]<end> <cyan>report_route_status:<end>
Design Route Status
                                               :      # nets :
   ------------------------------------------- : ----------- :
   # of logical nets.......................... :        3349 :
       # of nets not needing routing.......... :        1073 :
           # of internally routed nets........ :        1049 :
           # of nets with no loads............ :          24 :
       # of routable nets..................... :        2276 :
           # of fully routed nets............. :        2276 :
       # of nets with routing errors.......... :           0 :
   ------------------------------------------- : ----------- :

Command: place_design -post_place_opt
Attempting to get a license for feature 'Implementation' and/or device 'xc7a100t'
INFO: [Common 17-349] Got license for feature 'Implementation' and/or device 'xc7a100t'
INFO: [Common 17-83] Releasing license: Implementation
Running DRC as a precondition to command place_design
INFO: [DRC 23-27] Running DRC with 8 threads
INFO: [Vivado_Tcl 4-198] DRC finished with 0 Errors
INFO: [Vivado_Tcl 4-199] Please refer to the DRC report (report_drc) for more information.
INFO: [Place 30-611] Multithreading enabled for place_design using a maximum of 8 CPUs
Netlist sorting complete. Time (s): cpu = 00:00:00 ; elapsed = 00:00:00 . Memory (MB): peak = 3891.312 ; gain = 0.000 ; free physical = 741399 ; free virtual = 764430
Post Placement Optimization Initialization | Checksum: 225ab163b
INFO: [Physopt 32-721] Multithreading enabled for phys_opt_design using a maximum of 8 CPUs
INFO: [Physopt 32-619] Estimated Timing Summary | WNS=3.679 | TNS=0.000 |
INFO: [Place 46-56] BUFG insertion identified 0 candidate nets. Inserted BUFG: 0, Replicated BUFG Driver: 0, Skipped due to Placement/Routing Conflicts: 0, Skipped due to Timing Degradation: 0, Skipped due to netlist editing failed: 0.
INFO: [Place 30-746] Post Placement Timing Summary WNS=3.679. For the most accurate timing information please run report_timing.
INFO: [Place 30-612] Post-Placement Estimated Congestion 
 ____________________________________________________
|           | Global Congestion | Short Congestion  |
| Direction | Region Size       | Region Size       |
|___________|___________________|___________________|
|      North|                1x1|                1x1|
|___________|___________________|___________________|
|      South|                1x1|                4x4|
|___________|___________________|___________________|
|       East|                1x1|                1x1|
|___________|___________________|___________________|
|       West|                1x1|                1x1|
|___________|___________________|___________________|

Netlist sorting complete. Time (s): cpu = 00:00:00 ; elapsed = 00:00:00 . Memory (MB): peak = 3891.312 ; gain = 0.000 ; free physical = 741400 ; free virtual = 764431
552 Infos, 904 Warnings, 0 Critical Warnings and 0 Errors encountered.
place_design completed successfully
Command: phys_opt_design -retime -routing_opt
Attempting to get a license for feature 'Implementation' and/or device 'xc7a100t'
INFO: [Common 17-349] Got license for feature 'Implementation' and/or device 'xc7a100t'
INFO: [Vivado_Tcl 4-241] Physical synthesis in post route mode 
INFO: [Vivado_Tcl 4-2279] Estimated Timing Summary | WNS= 3.679 | TNS= 0.000 | 
INFO: [Vivado_Tcl 4-383] Design worst setup slack (WNS) is greater than or equal to 0.000 ns. All physical synthesis setup optimizations will be skipped.
INFO: [Vivado_Tcl 4-232] No setup violation found. The netlist was not modified.
INFO: [Common 17-83] Releasing license: Implementation
558 Infos, 904 Warnings, 0 Critical Warnings and 0 Errors encountered.
phys_opt_design completed successfully
Command: route_design -directive NoTimingRelaxation
Attempting to get a license for feature 'Implementation' and/or device 'xc7a100t'
INFO: [Common 17-349] Got license for feature 'Implementation' and/or device 'xc7a100t'
INFO: [Route 35-270] Using Router directive 'NoTimingRelaxation'.
INFO: [Route 35-254] Multithreading enabled for route_design using a maximum of 8 CPUs
INFO: [Route 35-16] Router Completed Successfully
INFO: [Common 17-83] Releasing license: Implementation
568 Infos, 904 Warnings, 0 Critical Warnings and 0 Errors encountered.
route_design completed successfully
route_design: Time (s): cpu = 00:00:36 ; elapsed = 00:00:28 . Memory (MB): peak = 3891.312 ; gain = 0.000 ; free physical = 741398 ; free virtual = 764429
Copyright 1986-2022 Xilinx, Inc. All Rights Reserved. Copyright 2022-2024 Advanced Micro Devices, Inc. All Rights Reserved.
---------------------------------------------------------------------------------------------------------------------------------------------
| Tool Version : Vivado v.2024.2 (lin64) Build 5239630 Fri Nov 08 22:34:34 MST 2024
| Date         : Thu May 28 15:26:39 2026
| Host         : naouna.ims.bordeaux running 64-bit Red Hat Enterprise Linux release 8.10 (Ootpa)
| Command      : report_utilization
| Design       : picorv32_soc_top
| Device       : xc7a100tcsg324-1
| Speed File   : -1
| Design State : Routed
---------------------------------------------------------------------------------------------------------------------------------------------

Utilization Design Information

Table of Contents
-----------------
1. Slice Logic
1.1 Summary of Registers by Type
2. Slice Logic Distribution
3. Memory
4. DSP
5. IO and GT Specific
6. Clocking
7. Specific Feature
8. Primitives
9. Black Boxes
10. Instantiated Netlists

1. Slice Logic
--------------

+----------------------------+------+-------+------------+-----------+-------+
|          Site Type         | Used | Fixed | Prohibited | Available | Util% |
+----------------------------+------+-------+------------+-----------+-------+
| Slice LUTs                 | 1409 |     0 |          0 |     63400 |  2.22 |
|   LUT as Logic             | 1365 |     0 |          0 |     63400 |  2.15 |
|   LUT as Memory            |   44 |     0 |          0 |     19000 |  0.23 |
|     LUT as Distributed RAM |   44 |     0 |            |           |       |
|     LUT as Shift Register  |    0 |     0 |            |           |       |
| Slice Registers            |  837 |     0 |          0 |    126800 |  0.66 |
|   Register as Flip Flop    |  837 |     0 |          0 |    126800 |  0.66 |
|   Register as Latch        |    0 |     0 |          0 |    126800 |  0.00 |
| F7 Muxes                   |    1 |     0 |          0 |     31700 | <0.01 |
| F8 Muxes                   |    0 |     0 |          0 |     15850 |  0.00 |
+----------------------------+------+-------+------------+-----------+-------+
* Warning! LUT value is adjusted to account for LUT combining.


1.1 Summary of Registers by Type
--------------------------------

+-------+--------------+-------------+--------------+
| Total | Clock Enable | Synchronous | Asynchronous |
+-------+--------------+-------------+--------------+
| 0     |            _ |           - |            - |
| 0     |            _ |           - |          Set |
| 0     |            _ |           - |        Reset |
| 0     |            _ |         Set |            - |
| 0     |            _ |       Reset |            - |
| 0     |          Yes |           - |            - |
| 0     |          Yes |           - |          Set |
| 0     |          Yes |           - |        Reset |
| 26    |          Yes |         Set |            - |
| 811   |          Yes |       Reset |            - |
+-------+--------------+-------------+--------------+


2. Slice Logic Distribution
---------------------------

+--------------------------------------------+------+-------+------------+-----------+-------+
|                  Site Type                 | Used | Fixed | Prohibited | Available | Util% |
+--------------------------------------------+------+-------+------------+-----------+-------+
| Slice                                      |  457 |     0 |          0 |     15850 |  2.88 |
|   SLICEL                                   |  368 |     0 |            |           |       |
|   SLICEM                                   |   89 |     0 |            |           |       |
| LUT as Logic                               | 1365 |     0 |          0 |     63400 |  2.15 |
|   using O5 output only                     |    0 |       |            |           |       |
|   using O6 output only                     | 1173 |       |            |           |       |
|   using O5 and O6                          |  192 |       |            |           |       |
| LUT as Memory                              |   44 |     0 |          0 |     19000 |  0.23 |
|   LUT as Distributed RAM                   |   44 |     0 |            |           |       |
|     using O5 output only                   |    0 |       |            |           |       |
|     using O6 output only                   |    0 |       |            |           |       |
|     using O5 and O6                        |   44 |       |            |           |       |
|   LUT as Shift Register                    |    0 |     0 |            |           |       |
|     using O5 output only                   |    0 |       |            |           |       |
|     using O6 output only                   |    0 |       |            |           |       |
|     using O5 and O6                        |    0 |       |            |           |       |
| Slice Registers                            |  837 |     0 |          0 |    126800 |  0.66 |
|   Register driven from within the Slice    |  634 |       |            |           |       |
|   Register driven from outside the Slice   |  203 |       |            |           |       |
|     LUT in front of the register is unused |   73 |       |            |           |       |
|     LUT in front of the register is used   |  130 |       |            |           |       |
| Unique Control Sets                        |   26 |       |          0 |     15850 |  0.16 |
+--------------------------------------------+------+-------+------------+-----------+-------+
* * Note: Available Control Sets calculated as Slice * 1, Review the Control Sets Report for more information regarding control sets.


3. Memory
---------

+-------------------+------+-------+------------+-----------+-------+
|     Site Type     | Used | Fixed | Prohibited | Available | Util% |
+-------------------+------+-------+------------+-----------+-------+
| Block RAM Tile    |    1 |     0 |          0 |       135 |  0.74 |
|   RAMB36/FIFO*    |    1 |     0 |          0 |       135 |  0.74 |
|     RAMB36E1 only |    1 |       |            |           |       |
|   RAMB18          |    0 |     0 |          0 |       270 |  0.00 |
+-------------------+------+-------+------------+-----------+-------+
* Note: Each Block RAM Tile only has one FIFO logic available and therefore can accommodate only one FIFO36E1 or one FIFO18E1. However, if a FIFO18E1 occupies a Block RAM Tile, that tile can still accommodate a RAMB18E1


4. DSP
------

+----------------+------+-------+------------+-----------+-------+
|    Site Type   | Used | Fixed | Prohibited | Available | Util% |
+----------------+------+-------+------------+-----------+-------+
| DSPs           |    4 |     0 |          0 |       240 |  1.67 |
|   DSP48E1 only |    4 |       |            |           |       |
+----------------+------+-------+------------+-----------+-------+


5. IO and GT Specific
---------------------

+-----------------------------+------+-------+------------+-----------+-------+
|          Site Type          | Used | Fixed | Prohibited | Available | Util% |
+-----------------------------+------+-------+------------+-----------+-------+
| Bonded IOB                  |    3 |     0 |          0 |       210 |  1.43 |
|   IOB Master Pads           |    1 |       |            |           |       |
|   IOB Slave Pads            |    1 |       |            |           |       |
| Bonded IPADs                |    0 |     0 |          0 |         2 |  0.00 |
| PHY_CONTROL                 |    0 |     0 |          0 |         6 |  0.00 |
| PHASER_REF                  |    0 |     0 |          0 |         6 |  0.00 |
| OUT_FIFO                    |    0 |     0 |          0 |        24 |  0.00 |
| IN_FIFO                     |    0 |     0 |          0 |        24 |  0.00 |
| IDELAYCTRL                  |    0 |     0 |          0 |         6 |  0.00 |
| IBUFDS                      |    0 |     0 |          0 |       202 |  0.00 |
| PHASER_OUT/PHASER_OUT_PHY   |    0 |     0 |          0 |        24 |  0.00 |
| PHASER_IN/PHASER_IN_PHY     |    0 |     0 |          0 |        24 |  0.00 |
| IDELAYE2/IDELAYE2_FINEDELAY |    0 |     0 |          0 |       300 |  0.00 |
| ILOGIC                      |    0 |     0 |          0 |       210 |  0.00 |
| OLOGIC                      |    0 |     0 |          0 |       210 |  0.00 |
+-----------------------------+------+-------+------------+-----------+-------+


6. Clocking
-----------

+------------+------+-------+------------+-----------+-------+
|  Site Type | Used | Fixed | Prohibited | Available | Util% |
+------------+------+-------+------------+-----------+-------+
| BUFGCTRL   |    1 |     0 |          0 |        32 |  3.13 |
| BUFIO      |    0 |     0 |          0 |        24 |  0.00 |
| MMCME2_ADV |    0 |     0 |          0 |         6 |  0.00 |
| PLLE2_ADV  |    0 |     0 |          0 |         6 |  0.00 |
| BUFMRCE    |    0 |     0 |          0 |        12 |  0.00 |
| BUFHCE     |    0 |     0 |          0 |        96 |  0.00 |
| BUFR       |    0 |     0 |          0 |        24 |  0.00 |
+------------+------+-------+------------+-----------+-------+


7. Specific Feature
-------------------

+-------------+------+-------+------------+-----------+-------+
|  Site Type  | Used | Fixed | Prohibited | Available | Util% |
+-------------+------+-------+------------+-----------+-------+
| BSCANE2     |    0 |     0 |          0 |         4 |  0.00 |
| CAPTUREE2   |    0 |     0 |          0 |         1 |  0.00 |
| DNA_PORT    |    0 |     0 |          0 |         1 |  0.00 |
| EFUSE_USR   |    0 |     0 |          0 |         1 |  0.00 |
| FRAME_ECCE2 |    0 |     0 |          0 |         1 |  0.00 |
| ICAPE2      |    0 |     0 |          0 |         2 |  0.00 |
| PCIE_2_1    |    0 |     0 |          0 |         1 |  0.00 |
| STARTUPE2   |    0 |     0 |          0 |         1 |  0.00 |
| XADC        |    0 |     0 |          0 |         1 |  0.00 |
+-------------+------+-------+------------+-----------+-------+


8. Primitives
-------------

+----------+------+---------------------+
| Ref Name | Used | Functional Category |
+----------+------+---------------------+
| FDRE     |  811 |        Flop & Latch |
| LUT6     |  499 |                 LUT |
| LUT4     |  356 |                 LUT |
| LUT5     |  218 |                 LUT |
| LUT2     |  196 |                 LUT |
| LUT3     |  154 |                 LUT |
| CARRY4   |  143 |          CarryLogic |
| LUT1     |  134 |                 LUT |
| RAMD32   |   68 |  Distributed Memory |
| FDSE     |   26 |        Flop & Latch |
| RAMS32   |   20 |  Distributed Memory |
| DSP48E1  |    4 |    Block Arithmetic |
| IBUF     |    2 |                  IO |
| RAMB36E1 |    1 |        Block Memory |
| OBUF     |    1 |                  IO |
| MUXF7    |    1 |               MuxFx |
| BUFG     |    1 |               Clock |
+----------+------+---------------------+


9. Black Boxes
--------------

+----------+------+
| Ref Name | Used |
+----------+------+


10. Instantiated Netlists
-------------------------

+----------+------+
| Ref Name | Used |
+----------+------+


Copyright 1986-2022 Xilinx, Inc. All Rights Reserved. Copyright 2022-2024 Advanced Micro Devices, Inc. All Rights Reserved.
---------------------------------------------------------------------------------------------------------------------------------------------
| Tool Version : Vivado v.2024.2 (lin64) Build 5239630 Fri Nov 08 22:34:34 MST 2024
| Date         : Thu May 28 15:26:39 2026
| Host         : naouna.ims.bordeaux running 64-bit Red Hat Enterprise Linux release 8.10 (Ootpa)
| Command      : report_utilization -hierarchical
| Design       : picorv32_soc_top
| Device       : xc7a100tcsg324-1
| Speed File   : -1
| Design State : Routed
---------------------------------------------------------------------------------------------------------------------------------------------

Utilization Design Information

Table of Contents
-----------------
1. Utilization by Hierarchy

1. Utilization by Hierarchy
---------------------------

+------------------+--------+------------+------------+---------+------+-----+--------+--------+------------+
|     Instance     | Module | Total LUTs | Logic LUTs | LUTRAMs | SRLs | FFs | RAMB36 | RAMB18 | DSP Blocks |
+------------------+--------+------------+------------+---------+------+-----+--------+--------+------------+
| picorv32_soc_top |  (top) |       1409 |       1365 |      44 |    0 | 837 |      1 |      0 |          4 |
+------------------+--------+------------+------------+---------+------+-----+--------+--------+------------+
* Note: The sum of lower-level cells may be larger than their parent cells total, due to cross-hierarchy LUT combining


INFO: [Timing 38-91] UpdateTimingParams: Speed grade: -1, Delay Type: max.
INFO: [Timing 38-191] Multithreading enabled for timing update using a maximum of 8 CPUs
INFO: [Timing 38-78] ReportTimingParams: -max_paths 1 -nworst 1 -delay_type max -sort_by slack.
Copyright 1986-2022 Xilinx, Inc. All Rights Reserved. Copyright 2022-2024 Advanced Micro Devices, Inc. All Rights Reserved.
---------------------------------------------------------------------------------------------------------------------------------------------
| Tool Version : Vivado v.2024.2 (lin64) Build 5239630 Fri Nov 08 22:34:34 MST 2024
| Date         : Thu May 28 15:26:39 2026
| Host         : naouna.ims.bordeaux running 64-bit Red Hat Enterprise Linux release 8.10 (Ootpa)
| Command      : report_timing
| Design       : picorv32_soc_top
| Device       : 7a100t-csg324
| Speed File   : -1  PRODUCTION 1.23 2018-06-13
| Design State : Routed
---------------------------------------------------------------------------------------------------------------------------------------------

Timing Report

Slack (MET) :             3.679ns  (required time - arrival time)
  Source:                 cpu/mem_do_rinst_reg/C
                            (rising edge-triggered cell FDRE clocked by clk  {rise@0.000ns fall@5.319ns period=10.638ns})
  Destination:            cpu/pcpi_mul/rd_reg__0/CEA1
                            (rising edge-triggered cell DSP48E1 clocked by clk  {rise@0.000ns fall@5.319ns period=10.638ns})
  Path Group:             clk
  Path Type:              Setup (Max at Slow Process Corner)
  Requirement:            10.638ns  (clk rise@10.638ns - clk rise@0.000ns)
  Data Path Delay:        6.484ns  (logic 1.024ns (15.794%)  route 5.460ns (84.206%))
  Logic Levels:           3  (LUT4=1 LUT5=1 LUT6=1)
  Clock Path Skew:        0.057ns (DCD - SCD + CPR)
    Destination Clock Delay (DCD):    4.596ns = ( 15.234 - 10.638 ) 
    Source Clock Delay      (SCD):    4.871ns
    Clock Pessimism Removal (CPR):    0.331ns
  Clock Uncertainty:      0.035ns  ((TSJ^2 + TIJ^2)^1/2 + DJ) / 2 + PE
    Total System Jitter     (TSJ):    0.071ns
    Total Input Jitter      (TIJ):    0.000ns
    Discrete Jitter          (DJ):    0.000ns
    Phase Error              (PE):    0.000ns

    Location             Delay type                Incr(ns)  Path(ns)    Netlist Resource(s)
  -------------------------------------------------------------------    -------------------
                         (clock clk rise edge)        0.000     0.000 r  
    N15                                               0.000     0.000 r  clk (IN)
                         net (fo=0)                   0.000     0.000    clk
    N15                  IBUF (Prop_ibuf_I_O)         0.948     0.948 r  clk_IBUF_inst/O
                         net (fo=1, routed)           2.016     2.963    clk_IBUF
    BUFGCTRL_X0Y0        BUFG (Prop_bufg_I_O)         0.096     3.059 r  clk_IBUF_BUFG_inst/O
                         net (fo=931, routed)         1.811     4.871    clk_IBUF_BUFG
    SLICE_X37Y45         FDRE                                         r  cpu/mem_do_rinst_reg/C
  -------------------------------------------------------------------    -------------------
    SLICE_X37Y45         FDRE (Prop_fdre_C_Q)         0.456     5.327 r  cpu/mem_do_rinst_reg/Q
                         net (fo=40, routed)          2.317     7.643    cpu/mem_do_rinst_reg_n_0
    SLICE_X17Y45         LUT6 (Prop_lut6_I2_O)        0.124     7.767 f  instr_jal_i_3/O
                         net (fo=9, routed)           0.942     8.709    instr_jal_i_3_n_0
    SLICE_X35Y45         LUT4 (Prop_lut4_I2_O)        0.118     8.827 f  rd0__0_i_21/O
                         net (fo=2, routed)           0.451     9.278    rd0__0_i_21_n_0
    SLICE_X35Y45         LUT5 (Prop_lut5_I4_O)        0.326     9.604 r  rd0__0_i_1/O
                         net (fo=34, routed)          1.750    11.354    rd0__0_i_1_n_0
    DSP48_X0Y17          DSP48E1                                      r  cpu/pcpi_mul/rd_reg__0/CEA1
  -------------------------------------------------------------------    -------------------

                         (clock clk rise edge)       10.638    10.638 r  
    N15                                               0.000    10.638 r  clk (IN)
                         net (fo=0)                   0.000    10.638    clk
    N15                  IBUF (Prop_ibuf_I_O)         0.814    11.452 r  clk_IBUF_inst/O
                         net (fo=1, routed)           1.911    13.363    clk_IBUF
    BUFGCTRL_X0Y0        BUFG (Prop_bufg_I_O)         0.091    13.454 r  clk_IBUF_BUFG_inst/O
                         net (fo=931, routed)         1.780    15.234    clk_IBUF_BUFG
    DSP48_X0Y17          DSP48E1                                      r  cpu/pcpi_mul/rd_reg__0/CLK
                         clock pessimism              0.331    15.565    
                         clock uncertainty           -0.035    15.530    
    DSP48_X0Y17          DSP48E1 (Setup_dsp48e1_CLK_CEA1)
                                                     -0.497    15.033    cpu/pcpi_mul/rd_reg__0
  -------------------------------------------------------------------
                         required time                         15.033    
                         arrival time                         -11.354    
  -------------------------------------------------------------------
                         slack                                  3.679    




Command: report_power
Running Vector-less Activity Propagation...

Finished Running Vector-less Activity Propagation
Copyright 1986-2022 Xilinx, Inc. All Rights Reserved. Copyright 2022-2024 Advanced Micro Devices, Inc. All Rights Reserved.
-------------------------------------------------------------------------------------------------------------------------------------------------
| Tool Version     : Vivado v.2024.2 (lin64) Build 5239630 Fri Nov 08 22:34:34 MST 2024
| Date             : Thu May 28 15:26:40 2026
| Host             : naouna.ims.bordeaux running 64-bit Red Hat Enterprise Linux release 8.10 (Ootpa)
| Command          : report_power
| Design           : picorv32_soc_top
| Device           : xc7a100tcsg324-1
| Design State     : routed
| Grade            : commercial
| Process          : typical
| Characterization : Production
-------------------------------------------------------------------------------------------------------------------------------------------------

Power Report

Table of Contents
-----------------
1. Summary
1.1 On-Chip Components
1.2 Power Supply Summary
1.3 Confidence Level
2. Settings
2.1 Environment
2.2 Clock Constraints
3. Detailed Reports
3.1 By Hierarchy

1. Summary
----------

+--------------------------+--------------+
| Total On-Chip Power (W)  | 0.107        |
| Design Power Budget (W)  | Unspecified* |
| Power Budget Margin (W)  | NA           |
| Dynamic (W)              | 0.016        |
| Device Static (W)        | 0.091        |
| Effective TJA (C/W)      | 4.6          |
| Max Ambient (C)          | 84.5         |
| Junction Temperature (C) | 25.5         |
| Confidence Level         | Medium       |
| Setting File             | ---          |
| Simulation Activity File | ---          |
| Design Nets Matched      | NA           |
+--------------------------+--------------+
* Specify Design Power Budget using, set_operating_conditions -design_power_budget <value in Watts>


1.1 On-Chip Components
----------------------

+--------------------------+-----------+----------+-----------+-----------------+
| On-Chip                  | Power (W) | Used     | Available | Utilization (%) |
+--------------------------+-----------+----------+-----------+-----------------+
| Clocks                   |     0.004 |        3 |       --- |             --- |
| Slice Logic              |     0.004 |     2630 |       --- |             --- |
|   LUT as Logic           |     0.003 |     1365 |     63400 |            2.15 |
|   CARRY4                 |    <0.001 |      143 |     15850 |            0.90 |
|   Register               |    <0.001 |      837 |    126800 |            0.66 |
|   LUT as Distributed RAM |    <0.001 |       44 |     19000 |            0.23 |
|   F7/F8 Muxes            |    <0.001 |        1 |     63400 |           <0.01 |
|   Others                 |     0.000 |        4 |       --- |             --- |
| Signals                  |     0.005 |     2272 |       --- |             --- |
| Block RAM                |    <0.001 |        1 |       135 |            0.74 |
| DSPs                     |     0.003 |        4 |       240 |            1.67 |
| I/O                      |    <0.001 |        3 |       210 |            1.43 |
| Static Power             |     0.091 |          |           |                 |
| Total                    |     0.107 |          |           |                 |
+--------------------------+-----------+----------+-----------+-----------------+


1.2 Power Supply Summary
------------------------

+-----------+-------------+-----------+-------------+------------+-------------+-------------+------------+
| Source    | Voltage (V) | Total (A) | Dynamic (A) | Static (A) | Powerup (A) | Budget (A)  | Margin (A) |
+-----------+-------------+-----------+-------------+------------+-------------+-------------+------------+
| Vccint    |       1.000 |     0.031 |       0.016 |      0.015 |       NA    | Unspecified | NA         |
| Vccaux    |       1.800 |     0.018 |       0.000 |      0.018 |       NA    | Unspecified | NA         |
| Vcco33    |       3.300 |     0.000 |       0.000 |      0.000 |       NA    | Unspecified | NA         |
| Vcco25    |       2.500 |     0.000 |       0.000 |      0.000 |       NA    | Unspecified | NA         |
| Vcco18    |       1.800 |     0.004 |       0.000 |      0.004 |       NA    | Unspecified | NA         |
| Vcco15    |       1.500 |     0.000 |       0.000 |      0.000 |       NA    | Unspecified | NA         |
| Vcco135   |       1.350 |     0.000 |       0.000 |      0.000 |       NA    | Unspecified | NA         |
| Vcco12    |       1.200 |     0.000 |       0.000 |      0.000 |       NA    | Unspecified | NA         |
| Vccaux_io |       1.800 |     0.000 |       0.000 |      0.000 |       NA    | Unspecified | NA         |
| Vccbram   |       1.000 |     0.000 |       0.000 |      0.000 |       NA    | Unspecified | NA         |
| MGTAVcc   |       1.000 |     0.000 |       0.000 |      0.000 |       NA    | Unspecified | NA         |
| MGTAVtt   |       1.200 |     0.000 |       0.000 |      0.000 |       NA    | Unspecified | NA         |
| Vccadc    |       1.800 |     0.020 |       0.000 |      0.020 |       NA    | Unspecified | NA         |
+-----------+-------------+-----------+-------------+------------+-------------+-------------+------------+


1.3 Confidence Level
--------------------

+-----------------------------+------------+-------------------------------------------------------+------------------------------------------------------------------------------------------------------------+
| User Input Data             | Confidence | Details                                               | Action                                                                                                     |
+-----------------------------+------------+-------------------------------------------------------+------------------------------------------------------------------------------------------------------------+
| Design implementation state | High       | Design is routed                                      |                                                                                                            |
| Clock nodes activity        | High       | User specified more than 95% of clocks                |                                                                                                            |
| I/O nodes activity          | Medium     | More than 5% of inputs are missing user specification | Provide missing input activity with simulation results or by editing the "By Resource Type -> I/Os" view   |
| Internal nodes activity     | Medium     | User specified less than 25% of internal nodes        | Provide missing internal nodes activity with simulation results or by editing the "By Resource Type" views |
| Device models               | High       | Device models are Production                          |                                                                                                            |
|                             |            |                                                       |                                                                                                            |
| Overall confidence level    | Medium     |                                                       |                                                                                                            |
+-----------------------------+------------+-------------------------------------------------------+------------------------------------------------------------------------------------------------------------+


2. Settings
-----------

2.1 Environment
---------------

+-----------------------+--------------------------+
| Ambient Temp (C)      | 25.0                     |
| ThetaJA (C/W)         | 4.6                      |
| Airflow (LFM)         | 250                      |
| Heat Sink             | medium (Medium Profile)  |
| ThetaSA (C/W)         | 4.6                      |
| Board Selection       | medium (10"x10")         |
| # of Board Layers     | 12to15 (12 to 15 Layers) |
| Board Temperature (C) | 25.0                     |
+-----------------------+--------------------------+


2.2 Clock Constraints
---------------------

+-------+--------+-----------------+
| Clock | Domain | Constraint (ns) |
+-------+--------+-----------------+
| clk   | clk    |            10.6 |
+-------+--------+-----------------+


3. Detailed Reports
-------------------

3.1 By Hierarchy
----------------

+------------------+-----------+
| Name             | Power (W) |
+------------------+-----------+
| picorv32_soc_top |     0.016 |
+------------------+-----------+


571 Infos, 904 Warnings, 0 Critical Warnings and 0 Errors encountered.
report_power completed successfully



<bold><cyan>######################################<end>
<bold><cyan>   Running synthesis at 97 MHz <end>
<bold><cyan>######################################<end>

WARNING: [filemgmt 56-128] File '/net/users/oelmouden/picorv32/work/fmax_synthesis/vivado/xc7a100t-csg324-1/picorv32/rv32im_fast/constraints.xdc' is already in the project and will not be added again
Parsing XDC File [/net/users/oelmouden/picorv32/work/fmax_synthesis/vivado/xc7a100t-csg324-1/picorv32/rv32im_fast/constraints.xdc]
WARNING: [Vivado 12-2489] -period contains time 10.309278 which will be rounded to 10.309 to ensure it is an integer multiple of 1 picosecond [/net/users/oelmouden/picorv32/work/fmax_synthesis/vivado/xc7a100t-csg324-1/picorv32/rv32im_fast/constraints.xdc:1]
WARNING: [Constraints 18-619] A clock with name 'clk' already exists, overwriting the previous clock with the same name. [/net/users/oelmouden/picorv32/work/fmax_synthesis/vivado/xc7a100t-csg324-1/picorv32/rv32im_fast/constraints.xdc:1]
Finished Parsing XDC File [/net/users/oelmouden/picorv32/work/fmax_synthesis/vivado/xc7a100t-csg324-1/picorv32/rv32im_fast/constraints.xdc]
Command: synth_design -flatten_hierarchy full -part xc7a100t-csg324-1 -top picorv32_soc_top -verilog_define VIVADO
Starting synth_design
Attempting to get a license for feature 'Synthesis' and/or device 'xc7a100t'
INFO: [Common 17-349] Got license for feature 'Synthesis' and/or device 'xc7a100t'
INFO: [Synth 8-7079] Multithreading enabled for synth_design using a maximum of 7 processes.
---------------------------------------------------------------------------------
Starting RTL Elaboration : Time (s): cpu = 00:00:05 ; elapsed = 00:00:05 . Memory (MB): peak = 3925.129 ; gain = 0.000 ; free physical = 741241 ; free virtual = 764272
---------------------------------------------------------------------------------
INFO: [Synth 8-6157] synthesizing module 'picorv32_soc_top' [/net/users/oelmouden/picorv32/work/fmax_synthesis/vivado/xc7a100t-csg324-1/picorv32/rv32im_fast/rtl/picorv32_soc_top.v:5]
INFO: [Synth 8-6157] synthesizing module 'picorv32' [/net/users/oelmouden/picorv32/work/fmax_synthesis/vivado/xc7a100t-csg324-1/picorv32/rv32im_fast/rtl/picorv32.v:62]
	Parameter ENABLE_COUNTERS bound to: 1'b1 
	Parameter ENABLE_COUNTERS64 bound to: 1'b1 
	Parameter ENABLE_REGS_16_31 bound to: 1'b1 
	Parameter ENABLE_REGS_DUALPORT bound to: 1'b1 
	Parameter LATCHED_MEM_RDATA bound to: 1'b0 
	Parameter TWO_STAGE_SHIFT bound to: 1'b1 
	Parameter BARREL_SHIFTER bound to: 1'b0 
	Parameter TWO_CYCLE_COMPARE bound to: 1'b0 
	Parameter TWO_CYCLE_ALU bound to: 1'b0 
	Parameter COMPRESSED_ISA bound to: 1'b0 
	Parameter CATCH_MISALIGN bound to: 1'b1 
	Parameter CATCH_ILLINSN bound to: 1'b1 
	Parameter ENABLE_PCPI bound to: 1'b0 
	Parameter ENABLE_MUL bound to: 1'b0 
	Parameter ENABLE_FAST_MUL bound to: 1'b1 
	Parameter ENABLE_DIV bound to: 1'b1 
	Parameter ENABLE_IRQ bound to: 1'b0 
	Parameter ENABLE_IRQ_QREGS bound to: 1'b1 
	Parameter ENABLE_IRQ_TIMER bound to: 1'b1 
	Parameter ENABLE_TRACE bound to: 1'b0 
	Parameter REGS_INIT_ZERO bound to: 1'b0 
	Parameter MASKED_IRQ bound to: 0 - type: integer 
	Parameter LATCHED_IRQ bound to: -1 - type: integer 
	Parameter PROGADDR_RESET bound to: 0 - type: integer 
	Parameter PROGADDR_IRQ bound to: 16 - type: integer 
	Parameter STACKADDR bound to: -1 - type: integer 
INFO: [Synth 8-6157] synthesizing module 'picorv32_pcpi_fast_mul' [/net/users/oelmouden/picorv32/work/fmax_synthesis/vivado/xc7a100t-csg324-1/picorv32/rv32im_fast/rtl/picorv32.v:2318]
INFO: [Synth 8-155] case statement is not full and has no default [/net/users/oelmouden/picorv32/work/fmax_synthesis/vivado/xc7a100t-csg324-1/picorv32/rv32im_fast/rtl/picorv32.v:2355]
INFO: [Synth 8-6155] done synthesizing module 'picorv32_pcpi_fast_mul' (0#1) [/net/users/oelmouden/picorv32/work/fmax_synthesis/vivado/xc7a100t-csg324-1/picorv32/rv32im_fast/rtl/picorv32.v:2318]
INFO: [Synth 8-6157] synthesizing module 'picorv32_pcpi_div' [/net/users/oelmouden/picorv32/work/fmax_synthesis/vivado/xc7a100t-csg324-1/picorv32/rv32im_fast/rtl/picorv32.v:2420]
INFO: [Synth 8-155] case statement is not full and has no default [/net/users/oelmouden/picorv32/work/fmax_synthesis/vivado/xc7a100t-csg324-1/picorv32/rv32im_fast/rtl/picorv32.v:2445]
INFO: [Synth 8-6155] done synthesizing module 'picorv32_pcpi_div' (0#1) [/net/users/oelmouden/picorv32/work/fmax_synthesis/vivado/xc7a100t-csg324-1/picorv32/rv32im_fast/rtl/picorv32.v:2420]
INFO: [Synth 8-155] case statement is not full and has no default [/net/users/oelmouden/picorv32/work/fmax_synthesis/vivado/xc7a100t-csg324-1/picorv32/rv32im_fast/rtl/picorv32.v:331]
WARNING: [Synth 8-151] case item 1'b0 is unreachable [/net/users/oelmouden/picorv32/work/fmax_synthesis/vivado/xc7a100t-csg324-1/picorv32/rv32im_fast/rtl/picorv32.v:1268]
WARNING: [Synth 8-151] case item 1'b0 is unreachable [/net/users/oelmouden/picorv32/work/fmax_synthesis/vivado/xc7a100t-csg324-1/picorv32/rv32im_fast/rtl/picorv32.v:1314]
INFO: [Synth 8-155] case statement is not full and has no default [/net/users/oelmouden/picorv32/work/fmax_synthesis/vivado/xc7a100t-csg324-1/picorv32/rv32im_fast/rtl/picorv32.v:1314]
WARNING: [Synth 8-151] case item 1'b0 is unreachable [/net/users/oelmouden/picorv32/work/fmax_synthesis/vivado/xc7a100t-csg324-1/picorv32/rv32im_fast/rtl/picorv32.v:1497]
INFO: [Synth 8-155] case statement is not full and has no default [/net/users/oelmouden/picorv32/work/fmax_synthesis/vivado/xc7a100t-csg324-1/picorv32/rv32im_fast/rtl/picorv32.v:1497]
WARNING: [Synth 8-151] case item 1'b0 is unreachable [/net/users/oelmouden/picorv32/work/fmax_synthesis/vivado/xc7a100t-csg324-1/picorv32/rv32im_fast/rtl/picorv32.v:1583]
WARNING: [Synth 8-151] case item 1'b0 is unreachable [/net/users/oelmouden/picorv32/work/fmax_synthesis/vivado/xc7a100t-csg324-1/picorv32/rv32im_fast/rtl/picorv32.v:1583]
WARNING: [Synth 8-151] case item 1'b0 is unreachable [/net/users/oelmouden/picorv32/work/fmax_synthesis/vivado/xc7a100t-csg324-1/picorv32/rv32im_fast/rtl/picorv32.v:1583]
WARNING: [Synth 8-151] case item 1'b0 is unreachable [/net/users/oelmouden/picorv32/work/fmax_synthesis/vivado/xc7a100t-csg324-1/picorv32/rv32im_fast/rtl/picorv32.v:1583]
WARNING: [Synth 8-151] case item 1'b0 is unreachable [/net/users/oelmouden/picorv32/work/fmax_synthesis/vivado/xc7a100t-csg324-1/picorv32/rv32im_fast/rtl/picorv32.v:1583]
INFO: [Synth 8-6155] done synthesizing module 'picorv32' (0#1) [/net/users/oelmouden/picorv32/work/fmax_synthesis/vivado/xc7a100t-csg324-1/picorv32/rv32im_fast/rtl/picorv32.v:62]
INFO: [Synth 8-6157] synthesizing module 'picorv32_simple_ram' [/net/users/oelmouden/picorv32/work/fmax_synthesis/vivado/xc7a100t-csg324-1/picorv32/rv32im_fast/rtl/picorv32_simple_ram.v:5]
	Parameter MEM_WORDS bound to: 1024 - type: integer 
INFO: [Synth 8-6155] done synthesizing module 'picorv32_simple_ram' (0#1) [/net/users/oelmouden/picorv32/work/fmax_synthesis/vivado/xc7a100t-csg324-1/picorv32/rv32im_fast/rtl/picorv32_simple_ram.v:5]
INFO: [Synth 8-6155] done synthesizing module 'picorv32_soc_top' (0#1) [/net/users/oelmouden/picorv32/work/fmax_synthesis/vivado/xc7a100t-csg324-1/picorv32/rv32im_fast/rtl/picorv32_soc_top.v:5]
WARNING: [Synth 8-6014] Unused sequential element pcpi_insn_valid_q_reg was removed.  [/net/users/oelmouden/picorv32/work/fmax_synthesis/vivado/xc7a100t-csg324-1/picorv32/rv32im_fast/rtl/picorv32.v:2365]
WARNING: [Synth 8-6014] Unused sequential element rs1_q_reg was removed.  [/net/users/oelmouden/picorv32/work/fmax_synthesis/vivado/xc7a100t-csg324-1/picorv32/rv32im_fast/rtl/picorv32.v:2367]
WARNING: [Synth 8-6014] Unused sequential element rs2_q_reg was removed.  [/net/users/oelmouden/picorv32/work/fmax_synthesis/vivado/xc7a100t-csg324-1/picorv32/rv32im_fast/rtl/picorv32.v:2368]
WARNING: [Synth 8-6014] Unused sequential element rd_q_reg was removed.  [/net/users/oelmouden/picorv32/work/fmax_synthesis/vivado/xc7a100t-csg324-1/picorv32/rv32im_fast/rtl/picorv32.v:2374]
WARNING: [Synth 8-6014] Unused sequential element pcpi_wr_reg was removed.  [/net/users/oelmouden/picorv32/work/fmax_synthesis/vivado/xc7a100t-csg324-1/picorv32/rv32im_fast/rtl/picorv32.v:2466]
WARNING: [Synth 8-6014] Unused sequential element mem_la_firstword_reg_reg was removed.  [/net/users/oelmouden/picorv32/work/fmax_synthesis/vivado/xc7a100t-csg324-1/picorv32/rv32im_fast/rtl/picorv32.v:392]
WARNING: [Synth 8-6014] Unused sequential element last_mem_valid_reg was removed.  [/net/users/oelmouden/picorv32/work/fmax_synthesis/vivado/xc7a100t-csg324-1/picorv32/rv32im_fast/rtl/picorv32.v:393]
WARNING: [Synth 8-6014] Unused sequential element next_insn_opcode_reg was removed.  [/net/users/oelmouden/picorv32/work/fmax_synthesis/vivado/xc7a100t-csg324-1/picorv32/rv32im_fast/rtl/picorv32.v:433]
WARNING: [Synth 8-6014] Unused sequential element mem_la_secondword_reg was removed.  [/net/users/oelmouden/picorv32/work/fmax_synthesis/vivado/xc7a100t-csg324-1/picorv32/rv32im_fast/rtl/picorv32.v:571]
WARNING: [Synth 8-6014] Unused sequential element prefetched_high_word_reg was removed.  [/net/users/oelmouden/picorv32/work/fmax_synthesis/vivado/xc7a100t-csg324-1/picorv32/rv32im_fast/rtl/picorv32.v:572]
WARNING: [Synth 8-6014] Unused sequential element q_ascii_instr_reg was removed.  [/net/users/oelmouden/picorv32/work/fmax_synthesis/vivado/xc7a100t-csg324-1/picorv32/rv32im_fast/rtl/picorv32.v:779]
WARNING: [Synth 8-6014] Unused sequential element q_insn_imm_reg was removed.  [/net/users/oelmouden/picorv32/work/fmax_synthesis/vivado/xc7a100t-csg324-1/picorv32/rv32im_fast/rtl/picorv32.v:780]
WARNING: [Synth 8-6014] Unused sequential element q_insn_opcode_reg was removed.  [/net/users/oelmouden/picorv32/work/fmax_synthesis/vivado/xc7a100t-csg324-1/picorv32/rv32im_fast/rtl/picorv32.v:781]
WARNING: [Synth 8-6014] Unused sequential element q_insn_rs1_reg was removed.  [/net/users/oelmouden/picorv32/work/fmax_synthesis/vivado/xc7a100t-csg324-1/picorv32/rv32im_fast/rtl/picorv32.v:782]
WARNING: [Synth 8-6014] Unused sequential element q_insn_rs2_reg was removed.  [/net/users/oelmouden/picorv32/work/fmax_synthesis/vivado/xc7a100t-csg324-1/picorv32/rv32im_fast/rtl/picorv32.v:783]
WARNING: [Synth 8-6014] Unused sequential element q_insn_rd_reg was removed.  [/net/users/oelmouden/picorv32/work/fmax_synthesis/vivado/xc7a100t-csg324-1/picorv32/rv32im_fast/rtl/picorv32.v:784]
WARNING: [Synth 8-6014] Unused sequential element dbg_next_reg was removed.  [/net/users/oelmouden/picorv32/work/fmax_synthesis/vivado/xc7a100t-csg324-1/picorv32/rv32im_fast/rtl/picorv32.v:785]
WARNING: [Synth 8-6014] Unused sequential element dbg_valid_insn_reg was removed.  [/net/users/oelmouden/picorv32/work/fmax_synthesis/vivado/xc7a100t-csg324-1/picorv32/rv32im_fast/rtl/picorv32.v:788]
WARNING: [Synth 8-6014] Unused sequential element cached_ascii_instr_reg was removed.  [/net/users/oelmouden/picorv32/work/fmax_synthesis/vivado/xc7a100t-csg324-1/picorv32/rv32im_fast/rtl/picorv32.v:793]
WARNING: [Synth 8-6014] Unused sequential element cached_insn_imm_reg was removed.  [/net/users/oelmouden/picorv32/work/fmax_synthesis/vivado/xc7a100t-csg324-1/picorv32/rv32im_fast/rtl/picorv32.v:794]
WARNING: [Synth 8-6014] Unused sequential element cached_insn_opcode_reg was removed.  [/net/users/oelmouden/picorv32/work/fmax_synthesis/vivado/xc7a100t-csg324-1/picorv32/rv32im_fast/rtl/picorv32.v:796]
WARNING: [Synth 8-6014] Unused sequential element cached_insn_rs1_reg was removed.  [/net/users/oelmouden/picorv32/work/fmax_synthesis/vivado/xc7a100t-csg324-1/picorv32/rv32im_fast/rtl/picorv32.v:799]
WARNING: [Synth 8-6014] Unused sequential element cached_insn_rs2_reg was removed.  [/net/users/oelmouden/picorv32/work/fmax_synthesis/vivado/xc7a100t-csg324-1/picorv32/rv32im_fast/rtl/picorv32.v:800]
WARNING: [Synth 8-6014] Unused sequential element cached_insn_rd_reg was removed.  [/net/users/oelmouden/picorv32/work/fmax_synthesis/vivado/xc7a100t-csg324-1/picorv32/rv32im_fast/rtl/picorv32.v:801]
WARNING: [Synth 8-6014] Unused sequential element dbg_insn_addr_reg was removed.  [/net/users/oelmouden/picorv32/work/fmax_synthesis/vivado/xc7a100t-csg324-1/picorv32/rv32im_fast/rtl/picorv32.v:805]
WARNING: [Synth 8-6014] Unused sequential element clear_prefetched_high_word_q_reg was removed.  [/net/users/oelmouden/picorv32/work/fmax_synthesis/vivado/xc7a100t-csg324-1/picorv32/rv32im_fast/rtl/picorv32.v:1293]
WARNING: [Synth 8-6014] Unused sequential element set_mem_do_rinst_reg was removed.  [/net/users/oelmouden/picorv32/work/fmax_synthesis/vivado/xc7a100t-csg324-1/picorv32/rv32im_fast/rtl/picorv32.v:1406]
WARNING: [Synth 8-6014] Unused sequential element set_mem_do_rdata_reg was removed.  [/net/users/oelmouden/picorv32/work/fmax_synthesis/vivado/xc7a100t-csg324-1/picorv32/rv32im_fast/rtl/picorv32.v:1407]
WARNING: [Synth 8-6014] Unused sequential element set_mem_do_wdata_reg was removed.  [/net/users/oelmouden/picorv32/work/fmax_synthesis/vivado/xc7a100t-csg324-1/picorv32/rv32im_fast/rtl/picorv32.v:1408]
WARNING: [Synth 8-6014] Unused sequential element alu_out_0_q_reg was removed.  [/net/users/oelmouden/picorv32/work/fmax_synthesis/vivado/xc7a100t-csg324-1/picorv32/rv32im_fast/rtl/picorv32.v:1410]
WARNING: [Synth 8-6014] Unused sequential element alu_wait_reg was removed.  [/net/users/oelmouden/picorv32/work/fmax_synthesis/vivado/xc7a100t-csg324-1/picorv32/rv32im_fast/rtl/picorv32.v:1413]
WARNING: [Synth 8-6014] Unused sequential element alu_wait_2_reg was removed.  [/net/users/oelmouden/picorv32/work/fmax_synthesis/vivado/xc7a100t-csg324-1/picorv32/rv32im_fast/rtl/picorv32.v:1414]
WARNING: [Synth 8-6014] Unused sequential element dbg_rs1val_reg was removed.  [/net/users/oelmouden/picorv32/work/fmax_synthesis/vivado/xc7a100t-csg324-1/picorv32/rv32im_fast/rtl/picorv32.v:1417]
WARNING: [Synth 8-6014] Unused sequential element dbg_rs2val_reg was removed.  [/net/users/oelmouden/picorv32/work/fmax_synthesis/vivado/xc7a100t-csg324-1/picorv32/rv32im_fast/rtl/picorv32.v:1418]
WARNING: [Synth 8-6014] Unused sequential element dbg_rs1val_valid_reg was removed.  [/net/users/oelmouden/picorv32/work/fmax_synthesis/vivado/xc7a100t-csg324-1/picorv32/rv32im_fast/rtl/picorv32.v:1419]
WARNING: [Synth 8-6014] Unused sequential element dbg_rs2val_valid_reg was removed.  [/net/users/oelmouden/picorv32/work/fmax_synthesis/vivado/xc7a100t-csg324-1/picorv32/rv32im_fast/rtl/picorv32.v:1420]
WARNING: [Synth 8-6014] Unused sequential element next_irq_pending_reg was removed.  [/net/users/oelmouden/picorv32/work/fmax_synthesis/vivado/xc7a100t-csg324-1/picorv32/rv32im_fast/rtl/picorv32.v:1440]
WARNING: [Synth 8-6014] Unused sequential element decoder_trigger_q_reg was removed.  [/net/users/oelmouden/picorv32/work/fmax_synthesis/vivado/xc7a100t-csg324-1/picorv32/rv32im_fast/rtl/picorv32.v:1447]
WARNING: [Synth 8-6014] Unused sequential element decoder_pseudo_trigger_q_reg was removed.  [/net/users/oelmouden/picorv32/work/fmax_synthesis/vivado/xc7a100t-csg324-1/picorv32/rv32im_fast/rtl/picorv32.v:1449]
WARNING: [Synth 8-6014] Unused sequential element latched_trace_reg was removed.  [/net/users/oelmouden/picorv32/work/fmax_synthesis/vivado/xc7a100t-csg324-1/picorv32/rv32im_fast/rtl/picorv32.v:1465]
WARNING: [Synth 8-6014] Unused sequential element irq_active_reg was removed.  [/net/users/oelmouden/picorv32/work/fmax_synthesis/vivado/xc7a100t-csg324-1/picorv32/rv32im_fast/rtl/picorv32.v:1471]
WARNING: [Synth 8-6014] Unused sequential element irq_delay_reg was removed.  [/net/users/oelmouden/picorv32/work/fmax_synthesis/vivado/xc7a100t-csg324-1/picorv32/rv32im_fast/rtl/picorv32.v:1472]
WARNING: [Synth 8-6014] Unused sequential element irq_mask_reg was removed.  [/net/users/oelmouden/picorv32/work/fmax_synthesis/vivado/xc7a100t-csg324-1/picorv32/rv32im_fast/rtl/picorv32.v:1473]
WARNING: [Synth 8-6014] Unused sequential element irq_state_reg was removed.  [/net/users/oelmouden/picorv32/work/fmax_synthesis/vivado/xc7a100t-csg324-1/picorv32/rv32im_fast/rtl/picorv32.v:1475]
WARNING: [Synth 8-6014] Unused sequential element timer_reg was removed.  [/net/users/oelmouden/picorv32/work/fmax_synthesis/vivado/xc7a100t-csg324-1/picorv32/rv32im_fast/rtl/picorv32.v:1477]
WARNING: [Synth 8-6014] Unused sequential element current_pc_reg was removed.  [/net/users/oelmouden/picorv32/work/fmax_synthesis/vivado/xc7a100t-csg324-1/picorv32/rv32im_fast/rtl/picorv32.v:1495]
WARNING: [Synth 8-6014] Unused sequential element irq_pending_reg was removed.  [/net/users/oelmouden/picorv32/work/fmax_synthesis/vivado/xc7a100t-csg324-1/picorv32/rv32im_fast/rtl/picorv32.v:1963]
WARNING: [Synth 8-6014] Unused sequential element trace_valid_reg was removed.  [/net/users/oelmouden/picorv32/work/fmax_synthesis/vivado/xc7a100t-csg324-1/picorv32/rv32im_fast/rtl/picorv32.v:1452]
WARNING: [Synth 8-7129] Port pcpi_insn[24] in module picorv32_pcpi_div is either unconnected or has no load
WARNING: [Synth 8-7129] Port pcpi_insn[23] in module picorv32_pcpi_div is either unconnected or has no load
WARNING: [Synth 8-7129] Port pcpi_insn[22] in module picorv32_pcpi_div is either unconnected or has no load
WARNING: [Synth 8-7129] Port pcpi_insn[21] in module picorv32_pcpi_div is either unconnected or has no load
WARNING: [Synth 8-7129] Port pcpi_insn[20] in module picorv32_pcpi_div is either unconnected or has no load
WARNING: [Synth 8-7129] Port pcpi_insn[19] in module picorv32_pcpi_div is either unconnected or has no load
WARNING: [Synth 8-7129] Port pcpi_insn[18] in module picorv32_pcpi_div is either unconnected or has no load
WARNING: [Synth 8-7129] Port pcpi_insn[17] in module picorv32_pcpi_div is either unconnected or has no load
WARNING: [Synth 8-7129] Port pcpi_insn[16] in module picorv32_pcpi_div is either unconnected or has no load
WARNING: [Synth 8-7129] Port pcpi_insn[15] in module picorv32_pcpi_div is either unconnected or has no load
WARNING: [Synth 8-7129] Port pcpi_insn[11] in module picorv32_pcpi_div is either unconnected or has no load
WARNING: [Synth 8-7129] Port pcpi_insn[10] in module picorv32_pcpi_div is either unconnected or has no load
WARNING: [Synth 8-7129] Port pcpi_insn[9] in module picorv32_pcpi_div is either unconnected or has no load
WARNING: [Synth 8-7129] Port pcpi_insn[8] in module picorv32_pcpi_div is either unconnected or has no load
WARNING: [Synth 8-7129] Port pcpi_insn[7] in module picorv32_pcpi_div is either unconnected or has no load
WARNING: [Synth 8-7129] Port pcpi_insn[24] in module picorv32_pcpi_fast_mul is either unconnected or has no load
WARNING: [Synth 8-7129] Port pcpi_insn[23] in module picorv32_pcpi_fast_mul is either unconnected or has no load
WARNING: [Synth 8-7129] Port pcpi_insn[22] in module picorv32_pcpi_fast_mul is either unconnected or has no load
WARNING: [Synth 8-7129] Port pcpi_insn[21] in module picorv32_pcpi_fast_mul is either unconnected or has no load
WARNING: [Synth 8-7129] Port pcpi_insn[20] in module picorv32_pcpi_fast_mul is either unconnected or has no load
WARNING: [Synth 8-7129] Port pcpi_insn[19] in module picorv32_pcpi_fast_mul is either unconnected or has no load
WARNING: [Synth 8-7129] Port pcpi_insn[18] in module picorv32_pcpi_fast_mul is either unconnected or has no load
WARNING: [Synth 8-7129] Port pcpi_insn[17] in module picorv32_pcpi_fast_mul is either unconnected or has no load
WARNING: [Synth 8-7129] Port pcpi_insn[16] in module picorv32_pcpi_fast_mul is either unconnected or has no load
WARNING: [Synth 8-7129] Port pcpi_insn[15] in module picorv32_pcpi_fast_mul is either unconnected or has no load
WARNING: [Synth 8-7129] Port pcpi_insn[11] in module picorv32_pcpi_fast_mul is either unconnected or has no load
WARNING: [Synth 8-7129] Port pcpi_insn[10] in module picorv32_pcpi_fast_mul is either unconnected or has no load
WARNING: [Synth 8-7129] Port pcpi_insn[9] in module picorv32_pcpi_fast_mul is either unconnected or has no load
WARNING: [Synth 8-7129] Port pcpi_insn[8] in module picorv32_pcpi_fast_mul is either unconnected or has no load
WARNING: [Synth 8-7129] Port pcpi_insn[7] in module picorv32_pcpi_fast_mul is either unconnected or has no load
WARNING: [Synth 8-7129] Port pcpi_wr in module picorv32 is either unconnected or has no load
WARNING: [Synth 8-7129] Port pcpi_rd[31] in module picorv32 is either unconnected or has no load
WARNING: [Synth 8-7129] Port pcpi_rd[30] in module picorv32 is either unconnected or has no load
WARNING: [Synth 8-7129] Port pcpi_rd[29] in module picorv32 is either unconnected or has no load
WARNING: [Synth 8-7129] Port pcpi_rd[28] in module picorv32 is either unconnected or has no load
WARNING: [Synth 8-7129] Port pcpi_rd[27] in module picorv32 is either unconnected or has no load
WARNING: [Synth 8-7129] Port pcpi_rd[26] in module picorv32 is either unconnected or has no load
WARNING: [Synth 8-7129] Port pcpi_rd[25] in module picorv32 is either unconnected or has no load
WARNING: [Synth 8-7129] Port pcpi_rd[24] in module picorv32 is either unconnected or has no load
WARNING: [Synth 8-7129] Port pcpi_rd[23] in module picorv32 is either unconnected or has no load
WARNING: [Synth 8-7129] Port pcpi_rd[22] in module picorv32 is either unconnected or has no load
WARNING: [Synth 8-7129] Port pcpi_rd[21] in module picorv32 is either unconnected or has no load
WARNING: [Synth 8-7129] Port pcpi_rd[20] in module picorv32 is either unconnected or has no load
WARNING: [Synth 8-7129] Port pcpi_rd[19] in module picorv32 is either unconnected or has no load
WARNING: [Synth 8-7129] Port pcpi_rd[18] in module picorv32 is either unconnected or has no load
WARNING: [Synth 8-7129] Port pcpi_rd[17] in module picorv32 is either unconnected or has no load
WARNING: [Synth 8-7129] Port pcpi_rd[16] in module picorv32 is either unconnected or has no load
WARNING: [Synth 8-7129] Port pcpi_rd[15] in module picorv32 is either unconnected or has no load
WARNING: [Synth 8-7129] Port pcpi_rd[14] in module picorv32 is either unconnected or has no load
WARNING: [Synth 8-7129] Port pcpi_rd[13] in module picorv32 is either unconnected or has no load
WARNING: [Synth 8-7129] Port pcpi_rd[12] in module picorv32 is either unconnected or has no load
WARNING: [Synth 8-7129] Port pcpi_rd[11] in module picorv32 is either unconnected or has no load
WARNING: [Synth 8-7129] Port pcpi_rd[10] in module picorv32 is either unconnected or has no load
WARNING: [Synth 8-7129] Port pcpi_rd[9] in module picorv32 is either unconnected or has no load
WARNING: [Synth 8-7129] Port pcpi_rd[8] in module picorv32 is either unconnected or has no load
WARNING: [Synth 8-7129] Port pcpi_rd[7] in module picorv32 is either unconnected or has no load
WARNING: [Synth 8-7129] Port pcpi_rd[6] in module picorv32 is either unconnected or has no load
WARNING: [Synth 8-7129] Port pcpi_rd[5] in module picorv32 is either unconnected or has no load
WARNING: [Synth 8-7129] Port pcpi_rd[4] in module picorv32 is either unconnected or has no load
WARNING: [Synth 8-7129] Port pcpi_rd[3] in module picorv32 is either unconnected or has no load
WARNING: [Synth 8-7129] Port pcpi_rd[2] in module picorv32 is either unconnected or has no load
WARNING: [Synth 8-7129] Port pcpi_rd[1] in module picorv32 is either unconnected or has no load
WARNING: [Synth 8-7129] Port pcpi_rd[0] in module picorv32 is either unconnected or has no load
WARNING: [Synth 8-7129] Port pcpi_wait in module picorv32 is either unconnected or has no load
WARNING: [Synth 8-7129] Port pcpi_ready in module picorv32 is either unconnected or has no load
WARNING: [Synth 8-7129] Port irq[31] in module picorv32 is either unconnected or has no load
WARNING: [Synth 8-7129] Port irq[30] in module picorv32 is either unconnected or has no load
WARNING: [Synth 8-7129] Port irq[29] in module picorv32 is either unconnected or has no load
WARNING: [Synth 8-7129] Port irq[28] in module picorv32 is either unconnected or has no load
WARNING: [Synth 8-7129] Port irq[27] in module picorv32 is either unconnected or has no load
WARNING: [Synth 8-7129] Port irq[26] in module picorv32 is either unconnected or has no load
WARNING: [Synth 8-7129] Port irq[25] in module picorv32 is either unconnected or has no load
WARNING: [Synth 8-7129] Port irq[24] in module picorv32 is either unconnected or has no load
WARNING: [Synth 8-7129] Port irq[23] in module picorv32 is either unconnected or has no load
WARNING: [Synth 8-7129] Port irq[22] in module picorv32 is either unconnected or has no load
WARNING: [Synth 8-7129] Port irq[21] in module picorv32 is either unconnected or has no load
WARNING: [Synth 8-7129] Port irq[20] in module picorv32 is either unconnected or has no load
WARNING: [Synth 8-7129] Port irq[19] in module picorv32 is either unconnected or has no load
WARNING: [Synth 8-7129] Port irq[18] in module picorv32 is either unconnected or has no load
WARNING: [Synth 8-7129] Port irq[17] in module picorv32 is either unconnected or has no load
WARNING: [Synth 8-7129] Port irq[16] in module picorv32 is either unconnected or has no load
WARNING: [Synth 8-7129] Port irq[15] in module picorv32 is either unconnected or has no load
WARNING: [Synth 8-7129] Port irq[14] in module picorv32 is either unconnected or has no load
WARNING: [Synth 8-7129] Port irq[13] in module picorv32 is either unconnected or has no load
WARNING: [Synth 8-7129] Port irq[12] in module picorv32 is either unconnected or has no load
WARNING: [Synth 8-7129] Port irq[11] in module picorv32 is either unconnected or has no load
WARNING: [Synth 8-7129] Port irq[10] in module picorv32 is either unconnected or has no load
WARNING: [Synth 8-7129] Port irq[9] in module picorv32 is either unconnected or has no load
WARNING: [Synth 8-7129] Port irq[8] in module picorv32 is either unconnected or has no load
WARNING: [Synth 8-7129] Port irq[7] in module picorv32 is either unconnected or has no load
WARNING: [Synth 8-7129] Port irq[6] in module picorv32 is either unconnected or has no load
WARNING: [Synth 8-7129] Port irq[5] in module picorv32 is either unconnected or has no load
WARNING: [Synth 8-7129] Port irq[4] in module picorv32 is either unconnected or has no load
WARNING: [Synth 8-7129] Port irq[3] in module picorv32 is either unconnected or has no load
WARNING: [Synth 8-7129] Port irq[2] in module picorv32 is either unconnected or has no load
WARNING: [Synth 8-7129] Port irq[1] in module picorv32 is either unconnected or has no load
WARNING: [Synth 8-7129] Port irq[0] in module picorv32 is either unconnected or has no load
---------------------------------------------------------------------------------
Finished RTL Elaboration : Time (s): cpu = 00:00:07 ; elapsed = 00:00:07 . Memory (MB): peak = 3925.129 ; gain = 0.000 ; free physical = 741242 ; free virtual = 764273
---------------------------------------------------------------------------------
---------------------------------------------------------------------------------
Start Handling Custom Attributes
---------------------------------------------------------------------------------
---------------------------------------------------------------------------------
Finished Handling Custom Attributes : Time (s): cpu = 00:00:07 ; elapsed = 00:00:07 . Memory (MB): peak = 3925.129 ; gain = 0.000 ; free physical = 741242 ; free virtual = 764273
---------------------------------------------------------------------------------
---------------------------------------------------------------------------------
Finished RTL Optimization Phase 1 : Time (s): cpu = 00:00:07 ; elapsed = 00:00:07 . Memory (MB): peak = 3925.129 ; gain = 0.000 ; free physical = 741242 ; free virtual = 764273
---------------------------------------------------------------------------------
Netlist sorting complete. Time (s): cpu = 00:00:00.03 ; elapsed = 00:00:00.02 . Memory (MB): peak = 3925.129 ; gain = 0.000 ; free physical = 741242 ; free virtual = 764273
INFO: [Project 1-570] Preparing netlist for logic optimization

Processing XDC Constraints
Initializing timing engine
Parsing XDC File [/net/users/oelmouden/picorv32/work/fmax_synthesis/vivado/xc7a100t-csg324-1/picorv32/rv32im_fast/constraints.xdc]
WARNING: [Vivado 12-2489] -period contains time 10.309278 which will be rounded to 10.309 to ensure it is an integer multiple of 1 picosecond [/net/users/oelmouden/picorv32/work/fmax_synthesis/vivado/xc7a100t-csg324-1/picorv32/rv32im_fast/constraints.xdc:1]
Finished Parsing XDC File [/net/users/oelmouden/picorv32/work/fmax_synthesis/vivado/xc7a100t-csg324-1/picorv32/rv32im_fast/constraints.xdc]
Completed Processing XDC Constraints

Netlist sorting complete. Time (s): cpu = 00:00:00 ; elapsed = 00:00:00 . Memory (MB): peak = 3925.129 ; gain = 0.000 ; free physical = 741223 ; free virtual = 764254
INFO: [Project 1-111] Unisim Transformation Summary:
No Unisim elements were transformed.

Constraint Validation Runtime : Time (s): cpu = 00:00:00.04 ; elapsed = 00:00:00.02 . Memory (MB): peak = 3925.129 ; gain = 0.000 ; free physical = 741223 ; free virtual = 764254
---------------------------------------------------------------------------------
Finished Constraint Validation : Time (s): cpu = 00:00:13 ; elapsed = 00:00:14 . Memory (MB): peak = 3925.129 ; gain = 0.000 ; free physical = 741221 ; free virtual = 764253
---------------------------------------------------------------------------------
---------------------------------------------------------------------------------
Start Loading Part and Timing Information
---------------------------------------------------------------------------------
Loading part: xc7a100tcsg324-1
---------------------------------------------------------------------------------
Finished Loading Part and Timing Information : Time (s): cpu = 00:00:13 ; elapsed = 00:00:14 . Memory (MB): peak = 3925.129 ; gain = 0.000 ; free physical = 741221 ; free virtual = 764253
---------------------------------------------------------------------------------
---------------------------------------------------------------------------------
Start Applying 'set_property' XDC Constraints
---------------------------------------------------------------------------------
---------------------------------------------------------------------------------
Finished applying 'set_property' XDC Constraints : Time (s): cpu = 00:00:13 ; elapsed = 00:00:14 . Memory (MB): peak = 3925.129 ; gain = 0.000 ; free physical = 741221 ; free virtual = 764253
---------------------------------------------------------------------------------
INFO: [Synth 8-802] inferred FSM for state register 'mem_state_reg' in module 'picorv32'
---------------------------------------------------------------------------------------------------
                   State |                     New Encoding |                Previous Encoding 
---------------------------------------------------------------------------------------------------
                 iSTATE2 |                               00 |                               00
                 iSTATE0 |                               01 |                               10
                  iSTATE |                               10 |                               01
                 iSTATE1 |                               11 |                               11
---------------------------------------------------------------------------------------------------
INFO: [Synth 8-3354] encoded FSM with state register 'mem_state_reg' using encoding 'sequential' in module 'picorv32'
---------------------------------------------------------------------------------
Finished RTL Optimization Phase 2 : Time (s): cpu = 00:00:14 ; elapsed = 00:00:15 . Memory (MB): peak = 3925.129 ; gain = 0.000 ; free physical = 741275 ; free virtual = 764306
---------------------------------------------------------------------------------
---------------------------------------------------------------------------------
Start RTL Component Statistics 
---------------------------------------------------------------------------------
Detailed RTL Component Info : 
+---Adders : 
	   2 Input   63 Bit       Adders := 1     
	   2 Input   32 Bit       Adders := 7     
	   3 Input   32 Bit       Adders := 1     
	   2 Input    5 Bit       Adders := 1     
	   2 Input    4 Bit       Adders := 1     
+---XORs : 
	   2 Input     32 Bit         XORs := 1     
+---Registers : 
	               64 Bit    Registers := 1     
	               63 Bit    Registers := 1     
	               36 Bit    Registers := 1     
	               33 Bit    Registers := 2     
	               32 Bit    Registers := 18    
	                8 Bit    Registers := 1     
	                5 Bit    Registers := 6     
	                4 Bit    Registers := 3     
	                2 Bit    Registers := 1     
	                1 Bit    Registers := 89    
+---Multipliers : 
	              33x33  Multipliers := 1     
+---RAMs : 
	              32K Bit	(1024 X 32 bit)          RAMs := 1     
	             1024 Bit	(32 X 32 bit)          RAMs := 1     
+---Muxes : 
	   2 Input   63 Bit        Muxes := 2     
	   2 Input   33 Bit        Muxes := 2     
	   2 Input   32 Bit        Muxes := 33    
	   3 Input   32 Bit        Muxes := 3     
	   5 Input   32 Bit        Muxes := 1     
	   6 Input   32 Bit        Muxes := 1     
	   4 Input   32 Bit        Muxes := 7     
	   2 Input   16 Bit        Muxes := 1     
	   4 Input    8 Bit        Muxes := 2     
	   2 Input    8 Bit        Muxes := 3     
	   5 Input    4 Bit        Muxes := 1     
	   2 Input    4 Bit        Muxes := 1     
	   4 Input    4 Bit        Muxes := 1     
	   3 Input    4 Bit        Muxes := 1     
	   2 Input    3 Bit        Muxes := 3     
	   4 Input    2 Bit        Muxes := 1     
	   2 Input    2 Bit        Muxes := 2     
	   2 Input    1 Bit        Muxes := 32    
	   4 Input    1 Bit        Muxes := 18    
	   3 Input    1 Bit        Muxes := 4     
	   7 Input    1 Bit        Muxes := 4     
---------------------------------------------------------------------------------
Finished RTL Component Statistics 
---------------------------------------------------------------------------------
---------------------------------------------------------------------------------
Start Part Resource Summary
---------------------------------------------------------------------------------
Part Resources:
DSPs: 240 (col length:80)
BRAMs: 270 (col length: RAMB18 80 RAMB36 40)
---------------------------------------------------------------------------------
Finished Part Resource Summary
---------------------------------------------------------------------------------
---------------------------------------------------------------------------------
Start Cross Boundary and Area Optimization
---------------------------------------------------------------------------------
WARNING: [Synth 8-7080] Parallel synthesis criteria is not met
DSP Report: Generating DSP rd0, operation Mode is: A2*B2.
DSP Report: register rs1_reg is absorbed into DSP rd0.
DSP Report: register rd0 is absorbed into DSP rd0.
DSP Report: operator rd0 is absorbed into DSP rd0.
DSP Report: operator rd0 is absorbed into DSP rd0.
DSP Report: Generating DSP rd_reg, operation Mode is: (PCIN>>17)+A2*B2.
DSP Report: register rs2_reg is absorbed into DSP rd_reg.
DSP Report: register rs1_reg is absorbed into DSP rd_reg.
DSP Report: register rd_reg is absorbed into DSP rd_reg.
DSP Report: operator rd0 is absorbed into DSP rd_reg.
DSP Report: operator rd0 is absorbed into DSP rd_reg.
DSP Report: Generating DSP rd0, operation Mode is: A2*B2.
DSP Report: register rd0 is absorbed into DSP rd0.
DSP Report: register rd0 is absorbed into DSP rd0.
DSP Report: operator rd0 is absorbed into DSP rd0.
DSP Report: operator rd0 is absorbed into DSP rd0.
DSP Report: Generating DSP rd_reg, operation Mode is: (PCIN>>17)+A2*B2.
DSP Report: register rs2_reg is absorbed into DSP rd_reg.
DSP Report: register rd_reg is absorbed into DSP rd_reg.
DSP Report: register rd_reg is absorbed into DSP rd_reg.
DSP Report: operator rd0 is absorbed into DSP rd_reg.
DSP Report: operator rd0 is absorbed into DSP rd_reg.
WARNING: [Synth 8-7129] Port pcpi_wr in module picorv32 is either unconnected or has no load
WARNING: [Synth 8-7129] Port pcpi_rd[31] in module picorv32 is either unconnected or has no load
WARNING: [Synth 8-7129] Port pcpi_rd[30] in module picorv32 is either unconnected or has no load
INFO: [Common 17-14] Message 'Synth 8-7129' appears 100 times and further instances of the messages will be disabled. Use the Tcl command set_msg_config to change the current settings.
WARNING: [Synth 8-3332] Sequential element (rd_reg[47]) is unused and will be removed from module picorv32_pcpi_fast_mul.
WARNING: [Synth 8-3332] Sequential element (rd_reg[46]) is unused and will be removed from module picorv32_pcpi_fast_mul.
WARNING: [Synth 8-3332] Sequential element (rd_reg[45]) is unused and will be removed from module picorv32_pcpi_fast_mul.
WARNING: [Synth 8-3332] Sequential element (rd_reg[44]) is unused and will be removed from module picorv32_pcpi_fast_mul.
WARNING: [Synth 8-3332] Sequential element (rd_reg[43]) is unused and will be removed from module picorv32_pcpi_fast_mul.
WARNING: [Synth 8-3332] Sequential element (rd_reg[42]) is unused and will be removed from module picorv32_pcpi_fast_mul.
WARNING: [Synth 8-3332] Sequential element (rd_reg[41]) is unused and will be removed from module picorv32_pcpi_fast_mul.
WARNING: [Synth 8-3332] Sequential element (rd_reg[40]) is unused and will be removed from module picorv32_pcpi_fast_mul.
WARNING: [Synth 8-3332] Sequential element (rd_reg[39]) is unused and will be removed from module picorv32_pcpi_fast_mul.
WARNING: [Synth 8-3332] Sequential element (rd_reg[38]) is unused and will be removed from module picorv32_pcpi_fast_mul.
WARNING: [Synth 8-3332] Sequential element (rd_reg[37]) is unused and will be removed from module picorv32_pcpi_fast_mul.
WARNING: [Synth 8-3332] Sequential element (rd_reg[36]) is unused and will be removed from module picorv32_pcpi_fast_mul.
WARNING: [Synth 8-3332] Sequential element (rd_reg[35]) is unused and will be removed from module picorv32_pcpi_fast_mul.
WARNING: [Synth 8-3332] Sequential element (rd_reg[34]) is unused and will be removed from module picorv32_pcpi_fast_mul.
WARNING: [Synth 8-3332] Sequential element (rd_reg[33]) is unused and will be removed from module picorv32_pcpi_fast_mul.
WARNING: [Synth 8-3332] Sequential element (rd_reg[32]) is unused and will be removed from module picorv32_pcpi_fast_mul.
WARNING: [Synth 8-3332] Sequential element (rd_reg[31]) is unused and will be removed from module picorv32_pcpi_fast_mul.
WARNING: [Synth 8-3332] Sequential element (rd_reg[30]) is unused and will be removed from module picorv32_pcpi_fast_mul.
WARNING: [Synth 8-3332] Sequential element (rd_reg[29]) is unused and will be removed from module picorv32_pcpi_fast_mul.
WARNING: [Synth 8-3332] Sequential element (rd_reg[28]) is unused and will be removed from module picorv32_pcpi_fast_mul.
WARNING: [Synth 8-3332] Sequential element (rd_reg[27]) is unused and will be removed from module picorv32_pcpi_fast_mul.
WARNING: [Synth 8-3332] Sequential element (rd_reg[26]) is unused and will be removed from module picorv32_pcpi_fast_mul.
WARNING: [Synth 8-3332] Sequential element (rd_reg[25]) is unused and will be removed from module picorv32_pcpi_fast_mul.
WARNING: [Synth 8-3332] Sequential element (rd_reg[24]) is unused and will be removed from module picorv32_pcpi_fast_mul.
WARNING: [Synth 8-3332] Sequential element (rd_reg[23]) is unused and will be removed from module picorv32_pcpi_fast_mul.
WARNING: [Synth 8-3332] Sequential element (rd_reg[22]) is unused and will be removed from module picorv32_pcpi_fast_mul.
WARNING: [Synth 8-3332] Sequential element (rd_reg[21]) is unused and will be removed from module picorv32_pcpi_fast_mul.
WARNING: [Synth 8-3332] Sequential element (rd_reg[20]) is unused and will be removed from module picorv32_pcpi_fast_mul.
WARNING: [Synth 8-3332] Sequential element (rd_reg[19]) is unused and will be removed from module picorv32_pcpi_fast_mul.
WARNING: [Synth 8-3332] Sequential element (rd_reg[18]) is unused and will be removed from module picorv32_pcpi_fast_mul.
WARNING: [Synth 8-3332] Sequential element (rd_reg[17]) is unused and will be removed from module picorv32_pcpi_fast_mul.
WARNING: [Synth 8-3332] Sequential element (rd_reg[47]__0) is unused and will be removed from module picorv32_pcpi_fast_mul.
WARNING: [Synth 8-3332] Sequential element (rd_reg[46]__0) is unused and will be removed from module picorv32_pcpi_fast_mul.
WARNING: [Synth 8-3332] Sequential element (rd_reg[45]__0) is unused and will be removed from module picorv32_pcpi_fast_mul.
WARNING: [Synth 8-3332] Sequential element (rd_reg[44]__0) is unused and will be removed from module picorv32_pcpi_fast_mul.
WARNING: [Synth 8-3332] Sequential element (rd_reg[43]__0) is unused and will be removed from module picorv32_pcpi_fast_mul.
WARNING: [Synth 8-3332] Sequential element (rd_reg[42]__0) is unused and will be removed from module picorv32_pcpi_fast_mul.
WARNING: [Synth 8-3332] Sequential element (rd_reg[41]__0) is unused and will be removed from module picorv32_pcpi_fast_mul.
WARNING: [Synth 8-3332] Sequential element (rd_reg[40]__0) is unused and will be removed from module picorv32_pcpi_fast_mul.
WARNING: [Synth 8-3332] Sequential element (rd_reg[39]__0) is unused and will be removed from module picorv32_pcpi_fast_mul.
WARNING: [Synth 8-3332] Sequential element (rd_reg[38]__0) is unused and will be removed from module picorv32_pcpi_fast_mul.
WARNING: [Synth 8-3332] Sequential element (rd_reg[37]__0) is unused and will be removed from module picorv32_pcpi_fast_mul.
WARNING: [Synth 8-3332] Sequential element (rd_reg[36]__0) is unused and will be removed from module picorv32_pcpi_fast_mul.
WARNING: [Synth 8-3332] Sequential element (rd_reg[35]__0) is unused and will be removed from module picorv32_pcpi_fast_mul.
WARNING: [Synth 8-3332] Sequential element (rd_reg[34]__0) is unused and will be removed from module picorv32_pcpi_fast_mul.
WARNING: [Synth 8-3332] Sequential element (rd_reg[33]__0) is unused and will be removed from module picorv32_pcpi_fast_mul.
WARNING: [Synth 8-3332] Sequential element (rd_reg[32]__0) is unused and will be removed from module picorv32_pcpi_fast_mul.
WARNING: [Synth 8-3332] Sequential element (rd_reg[31]__0) is unused and will be removed from module picorv32_pcpi_fast_mul.
WARNING: [Synth 8-3332] Sequential element (rd_reg[30]__0) is unused and will be removed from module picorv32_pcpi_fast_mul.
WARNING: [Synth 8-3332] Sequential element (rd_reg[29]__0) is unused and will be removed from module picorv32_pcpi_fast_mul.
WARNING: [Synth 8-3332] Sequential element (rd_reg[28]__0) is unused and will be removed from module picorv32_pcpi_fast_mul.
WARNING: [Synth 8-3332] Sequential element (rd_reg[27]__0) is unused and will be removed from module picorv32_pcpi_fast_mul.
WARNING: [Synth 8-3332] Sequential element (rd_reg[26]__0) is unused and will be removed from module picorv32_pcpi_fast_mul.
WARNING: [Synth 8-3332] Sequential element (rd_reg[25]__0) is unused and will be removed from module picorv32_pcpi_fast_mul.
WARNING: [Synth 8-3332] Sequential element (rd_reg[24]__0) is unused and will be removed from module picorv32_pcpi_fast_mul.
WARNING: [Synth 8-3332] Sequential element (rd_reg[23]__0) is unused and will be removed from module picorv32_pcpi_fast_mul.
WARNING: [Synth 8-3332] Sequential element (rd_reg[22]__0) is unused and will be removed from module picorv32_pcpi_fast_mul.
WARNING: [Synth 8-3332] Sequential element (rd_reg[21]__0) is unused and will be removed from module picorv32_pcpi_fast_mul.
WARNING: [Synth 8-3332] Sequential element (rd_reg[20]__0) is unused and will be removed from module picorv32_pcpi_fast_mul.
WARNING: [Synth 8-3332] Sequential element (rd_reg[19]__0) is unused and will be removed from module picorv32_pcpi_fast_mul.
WARNING: [Synth 8-3332] Sequential element (rd_reg[18]__0) is unused and will be removed from module picorv32_pcpi_fast_mul.
WARNING: [Synth 8-3332] Sequential element (rd_reg[17]__0) is unused and will be removed from module picorv32_pcpi_fast_mul.
---------------------------------------------------------------------------------
Finished Cross Boundary and Area Optimization : Time (s): cpu = 00:00:20 ; elapsed = 00:00:21 . Memory (MB): peak = 3925.129 ; gain = 0.000 ; free physical = 741316 ; free virtual = 764347
---------------------------------------------------------------------------------
 Sort Area is  rd0_0 : 0 0 : 2737 5129 : Used 1 time 0
 Sort Area is  rd0_0 : 0 1 : 2392 5129 : Used 1 time 0
 Sort Area is  rd0_3 : 0 0 : 2338 4501 : Used 1 time 0
 Sort Area is  rd0_3 : 0 1 : 2163 4501 : Used 1 time 0
---------------------------------------------------------------------------------
Start ROM, RAM, DSP, Shift Register and Retiming Reporting
---------------------------------------------------------------------------------

Block RAM: Preliminary Mapping Report (see note below)
+-----------------+----------------+------------------------+---+---+------------------------+---+---+------------------+--------+--------+
|Module Name      | RTL Object     | PORT A (Depth x Width) | W | R | PORT B (Depth x Width) | W | R | Ports driving FF | RAMB18 | RAMB36 | 
+-----------------+----------------+------------------------+---+---+------------------------+---+---+------------------+--------+--------+
|picorv32_soc_top | ram/memory_reg | 1 K x 32(READ_FIRST)   | W |   | 1 K x 32(WRITE_FIRST)  |   | R | Port A and B     | 0      | 1      | 
+-----------------+----------------+------------------------+---+---+------------------------+---+---+------------------+--------+--------+

Note: The table above is a preliminary report that shows the Block RAMs at the current stage of the synthesis flow. Some Block RAMs may be reimplemented as non Block RAM primitives later in the synthesis flow. Multiple instantiated Block RAMs are reported only once. 

Distributed RAM: Preliminary Mapping Report (see note below)
+------------+-------------+-----------+----------------------+--------------+
|Module Name | RTL Object  | Inference | Size (Depth x Width) | Primitives   | 
+------------+-------------+-----------+----------------------+--------------+
|cpu         | cpuregs_reg | Implied   | 32 x 32              | RAM32M x 12  | 
+------------+-------------+-----------+----------------------+--------------+

Note: The table above is a preliminary report that shows the Distributed RAMs at the current stage of the synthesis flow. Some Distributed RAMs may be reimplemented as non Distributed RAM primitives later in the synthesis flow. Multiple instantiated RAMs are reported only once.

DSP: Preliminary Mapping Report (see note below. The ' indicates corresponding REG is set)
+-----------------------+------------------+--------+--------+--------+--------+--------+------+------+------+------+-------+------+------+
|Module Name            | DSP Mapping      | A Size | B Size | C Size | D Size | P Size | AREG | BREG | CREG | DREG | ADREG | MREG | PREG | 
+-----------------------+------------------+--------+--------+--------+--------+--------+------+------+------+------+-------+------+------+
|picorv32_pcpi_fast_mul | A2*B2            | 18     | 16     | -      | -      | 48     | 1    | 1    | -    | -    | -     | 0    | 0    | 
|picorv32_pcpi_fast_mul | (PCIN>>17)+A2*B2 | 16     | 16     | -      | -      | 48     | 1    | 1    | -    | -    | -     | 0    | 1    | 
|picorv32_pcpi_fast_mul | A2*B2            | 18     | 18     | -      | -      | 48     | 1    | 1    | -    | -    | -     | 0    | 0    | 
|picorv32_pcpi_fast_mul | (PCIN>>17)+A2*B2 | 18     | 16     | -      | -      | 48     | 1    | 1    | -    | -    | -     | 0    | 1    | 
+-----------------------+------------------+--------+--------+--------+--------+--------+------+------+------+------+-------+------+------+

Note: The table above is a preliminary report that shows the DSPs inferred at the current stage of the synthesis flow. Some DSP may be reimplemented as non DSP primitives later in the synthesis flow. Multiple instantiated DSPs are reported only once.
---------------------------------------------------------------------------------
Finished ROM, RAM, DSP, Shift Register and Retiming Reporting
---------------------------------------------------------------------------------
---------------------------------------------------------------------------------
Start Applying XDC Timing Constraints
---------------------------------------------------------------------------------
---------------------------------------------------------------------------------
Finished Applying XDC Timing Constraints : Time (s): cpu = 00:00:22 ; elapsed = 00:00:23 . Memory (MB): peak = 3925.129 ; gain = 0.000 ; free physical = 741317 ; free virtual = 764348
---------------------------------------------------------------------------------
---------------------------------------------------------------------------------
Start Timing Optimization
---------------------------------------------------------------------------------
---------------------------------------------------------------------------------
Finished Timing Optimization : Time (s): cpu = 00:00:22 ; elapsed = 00:00:24 . Memory (MB): peak = 3925.129 ; gain = 0.000 ; free physical = 741313 ; free virtual = 764344
---------------------------------------------------------------------------------
---------------------------------------------------------------------------------
Start ROM, RAM, DSP, Shift Register and Retiming Reporting
---------------------------------------------------------------------------------

Block RAM: Final Mapping Report
+-----------------+----------------+------------------------+---+---+------------------------+---+---+------------------+--------+--------+
|Module Name      | RTL Object     | PORT A (Depth x Width) | W | R | PORT B (Depth x Width) | W | R | Ports driving FF | RAMB18 | RAMB36 | 
+-----------------+----------------+------------------------+---+---+------------------------+---+---+------------------+--------+--------+
|picorv32_soc_top | ram/memory_reg | 1 K x 32(READ_FIRST)   | W |   | 1 K x 32(WRITE_FIRST)  |   | R | Port A and B     | 0      | 1      | 
+-----------------+----------------+------------------------+---+---+------------------------+---+---+------------------+--------+--------+


Distributed RAM: Final Mapping Report
+------------+-------------+-----------+----------------------+--------------+
|Module Name | RTL Object  | Inference | Size (Depth x Width) | Primitives   | 
+------------+-------------+-----------+----------------------+--------------+
|cpu         | cpuregs_reg | Implied   | 32 x 32              | RAM32M x 12  | 
+------------+-------------+-----------+----------------------+--------------+

---------------------------------------------------------------------------------
Finished ROM, RAM, DSP, Shift Register and Retiming Reporting
---------------------------------------------------------------------------------
---------------------------------------------------------------------------------
Start Technology Mapping
---------------------------------------------------------------------------------
INFO: [Synth 8-7052] The timing for the instance ram/memory_reg (implemented as a Block RAM) might be sub-optimal as no optional output register could be merged into the ram block. Providing additional output register may help in improving timing.
---------------------------------------------------------------------------------
Finished Technology Mapping : Time (s): cpu = 00:00:23 ; elapsed = 00:00:25 . Memory (MB): peak = 3925.129 ; gain = 0.000 ; free physical = 741311 ; free virtual = 764342
---------------------------------------------------------------------------------
---------------------------------------------------------------------------------
Start IO Insertion
---------------------------------------------------------------------------------
---------------------------------------------------------------------------------
Start Flattening Before IO Insertion
---------------------------------------------------------------------------------
---------------------------------------------------------------------------------
Finished Flattening Before IO Insertion
---------------------------------------------------------------------------------
---------------------------------------------------------------------------------
Start Final Netlist Cleanup
---------------------------------------------------------------------------------
---------------------------------------------------------------------------------
Finished Final Netlist Cleanup
---------------------------------------------------------------------------------
---------------------------------------------------------------------------------
Finished IO Insertion : Time (s): cpu = 00:00:26 ; elapsed = 00:00:28 . Memory (MB): peak = 3925.129 ; gain = 0.000 ; free physical = 741311 ; free virtual = 764342
---------------------------------------------------------------------------------
---------------------------------------------------------------------------------
Start Renaming Generated Instances
---------------------------------------------------------------------------------
---------------------------------------------------------------------------------
Finished Renaming Generated Instances : Time (s): cpu = 00:00:26 ; elapsed = 00:00:28 . Memory (MB): peak = 3925.129 ; gain = 0.000 ; free physical = 741311 ; free virtual = 764342
---------------------------------------------------------------------------------
---------------------------------------------------------------------------------
Start Handling Custom Attributes
---------------------------------------------------------------------------------
---------------------------------------------------------------------------------
Finished Handling Custom Attributes : Time (s): cpu = 00:00:27 ; elapsed = 00:00:29 . Memory (MB): peak = 3925.129 ; gain = 0.000 ; free physical = 741311 ; free virtual = 764342
---------------------------------------------------------------------------------
---------------------------------------------------------------------------------
Start Writing Synthesis Report
---------------------------------------------------------------------------------

DSP Final Report (the ' indicates corresponding REG is set)
+-----------------------+--------------------+--------+--------+--------+--------+--------+------+------+------+------+-------+------+------+
|Module Name            | DSP Mapping        | A Size | B Size | C Size | D Size | P Size | AREG | BREG | CREG | DREG | ADREG | MREG | PREG | 
+-----------------------+--------------------+--------+--------+--------+--------+--------+------+------+------+------+-------+------+------+
|picorv32_pcpi_fast_mul | A''*B'             | 17     | 18     | -      | -      | 48     | 2    | 1    | -    | -    | -     | 0    | 0    | 
|picorv32_pcpi_fast_mul | (PCIN>>17+A'*B')'  | 30     | 18     | -      | -      | 48     | 1    | 1    | -    | -    | -     | 0    | 1    | 
|picorv32_pcpi_fast_mul | A''*B''            | 17     | 17     | -      | -      | 48     | 2    | 2    | -    | -    | -     | 0    | 0    | 
|picorv32_pcpi_fast_mul | (PCIN>>17+A''*B')' | 17     | 18     | -      | -      | 48     | 2    | 1    | -    | -    | -     | 0    | 1    | 
+-----------------------+--------------------+--------+--------+--------+--------+--------+------+------+------+------+-------+------+------+


Report BlackBoxes: 
+-+--------------+----------+
| |BlackBox name |Instances |
+-+--------------+----------+
+-+--------------+----------+

Report Cell Usage: 
+------+---------+------+
|      |Cell     |Count |
+------+---------+------+
|1     |BUFG     |     1|
|2     |CARRY4   |   143|
|3     |DSP48E1  |     4|
|7     |LUT1     |   134|
|8     |LUT2     |   196|
|9     |LUT3     |   154|
|10    |LUT4     |   356|
|11    |LUT5     |   218|
|12    |LUT6     |   499|
|13    |MUXF7    |     1|
|14    |RAM32M   |    10|
|15    |RAM32X1D |     4|
|16    |RAMB36E1 |     1|
|17    |FDRE     |   810|
|18    |FDSE     |    26|
|19    |IBUF     |     2|
|20    |OBUF     |     1|
+------+---------+------+
---------------------------------------------------------------------------------
Finished Writing Synthesis Report : Time (s): cpu = 00:00:27 ; elapsed = 00:00:29 . Memory (MB): peak = 3925.129 ; gain = 0.000 ; free physical = 741311 ; free virtual = 764342
---------------------------------------------------------------------------------
Synthesis finished with 0 errors, 0 critical warnings and 130 warnings.
Synthesis Optimization Runtime : Time (s): cpu = 00:00:26 ; elapsed = 00:00:28 . Memory (MB): peak = 3925.129 ; gain = 0.000 ; free physical = 741311 ; free virtual = 764342
Synthesis Optimization Complete : Time (s): cpu = 00:00:27 ; elapsed = 00:00:29 . Memory (MB): peak = 3925.129 ; gain = 0.000 ; free physical = 741311 ; free virtual = 764342
INFO: [Project 1-571] Translating synthesized netlist
Netlist sorting complete. Time (s): cpu = 00:00:00.01 ; elapsed = 00:00:00.02 . Memory (MB): peak = 3925.129 ; gain = 0.000 ; free physical = 741475 ; free virtual = 764506
INFO: [Netlist 29-17] Analyzing 163 Unisim elements for replacement
INFO: [Netlist 29-28] Unisim Transformation completed in 0 CPU seconds
WARNING: [Netlist 29-101] Netlist 'picorv32_soc_top' is not ideal for floorplanning, since the cellview 'picorv32_soc_top' contains a large number of primitives.  Please consider enabling hierarchy in synthesis if you want to do floorplanning.
INFO: [Project 1-570] Preparing netlist for logic optimization
Parsing XDC File [/net/users/oelmouden/picorv32/work/fmax_synthesis/vivado/xc7a100t-csg324-1/picorv32/rv32im_fast/constraints.xdc]
WARNING: [Vivado 12-2489] -period contains time 10.309278 which will be rounded to 10.309 to ensure it is an integer multiple of 1 picosecond [/net/users/oelmouden/picorv32/work/fmax_synthesis/vivado/xc7a100t-csg324-1/picorv32/rv32im_fast/constraints.xdc:1]
Finished Parsing XDC File [/net/users/oelmouden/picorv32/work/fmax_synthesis/vivado/xc7a100t-csg324-1/picorv32/rv32im_fast/constraints.xdc]
INFO: [Opt 31-138] Pushed 0 inverter(s) to 0 load pin(s).
Netlist sorting complete. Time (s): cpu = 00:00:00 ; elapsed = 00:00:00 . Memory (MB): peak = 3925.129 ; gain = 0.000 ; free physical = 741475 ; free virtual = 764506
INFO: [Project 1-111] Unisim Transformation Summary:
  A total of 14 instances were transformed.
  RAM32M => RAM32M (RAMD32(x6), RAMS32(x2)): 10 instances
  RAM32X1D => RAM32X1D (RAMD32(x2)): 4 instances

Synth Design complete | Checksum: f69f57ba
INFO: [Common 17-83] Releasing license: Synthesis
601 Infos, 1129 Warnings, 0 Critical Warnings and 0 Errors encountered.
synth_design completed successfully
synth_design: Time (s): cpu = 00:00:35 ; elapsed = 00:00:34 . Memory (MB): peak = 3925.129 ; gain = 0.000 ; free physical = 741476 ; free virtual = 764507
INFO: [Common 17-2834] synth_design peak Physical Memory [PSS] (MB): overall = 3153.395; main = 2977.253; forked = 330.024
INFO: [Common 17-2834] synth_design peak Virtual Memory [VSS] (MB): overall = 5411.855; main = 3858.898; forked = 1552.957
Command: opt_design -sweep -remap -propconst
Attempting to get a license for feature 'Implementation' and/or device 'xc7a100t'
INFO: [Common 17-349] Got license for feature 'Implementation' and/or device 'xc7a100t'
Running DRC as a precondition to command opt_design
INFO: [DRC 23-27] Running DRC with 8 threads
INFO: [Project 1-461] DRC finished with 0 Errors
INFO: [Project 1-462] Please refer to the DRC report (report_drc) for more information.
INFO: [Timing 38-35] Done setting XDC timing constraints.
INFO: [Opt 31-138] Pushed 0 inverter(s) to 0 load pin(s).
Constant propagation | Checksum: 19a31d398
INFO: [Opt 31-389] Phase Constant propagation created 0 cells and removed 0 cells
INFO: [Constraints 18-11670] Building netlist checker database with flags, 0x8
Done building netlist checker database: Time (s): cpu = 00:00:00 ; elapsed = 00:00:00 . Memory (MB): peak = 3925.129 ; gain = 0.000 ; free physical = 741473 ; free virtual = 764504
Sweep | Checksum: 20be9e34c
INFO: [Opt 31-389] Phase Sweep created 1 cells and removed 0 cells
Remap | Checksum: 20be9e34c
INFO: [Opt 31-389] Phase Remap created 0 cells and removed 0 cells
Post Processing Netlist | Checksum: 20be9e34c
INFO: [Opt 31-389] Phase Post Processing Netlist created 0 cells and removed 0 cells
Opt_design Change Summary
=========================


---------------------------------------------------------------------------------------------------------------------
|  Phase                    |  #Cells created  |  #Cells Removed  |  #Constrained objects preventing optimizations  |
---------------------------------------------------------------------------------------------------------------------
|  Constant propagation     |               0  |               0  |                                              0  |
|  Sweep                    |               1  |               0  |                                              0  |
|  Remap                    |               0  |               0  |                                              0  |
|  Post Processing Netlist  |               0  |               0  |                                              0  |
---------------------------------------------------------------------------------------------------------------------


Netlist sorting complete. Time (s): cpu = 00:00:00 ; elapsed = 00:00:00.01 . Memory (MB): peak = 3925.129 ; gain = 0.000 ; free physical = 741473 ; free virtual = 764504
INFO: [Common 17-83] Releasing license: Implementation
615 Infos, 1129 Warnings, 0 Critical Warnings and 0 Errors encountered.
opt_design completed successfully
opt_design: Time (s): cpu = 00:00:12 ; elapsed = 00:00:11 . Memory (MB): peak = 3925.129 ; gain = 0.000 ; free physical = 741473 ; free virtual = 764504
Command: opt_design -directive Explore
INFO: [Vivado_Tcl 4-136] Directive used for opt_design is: Explore
Attempting to get a license for feature 'Implementation' and/or device 'xc7a100t'
INFO: [Common 17-349] Got license for feature 'Implementation' and/or device 'xc7a100t'
Running DRC as a precondition to command opt_design
INFO: [DRC 23-27] Running DRC with 8 threads
INFO: [Project 1-461] DRC finished with 0 Errors
INFO: [Project 1-462] Please refer to the DRC report (report_drc) for more information.
INFO: [Timing 38-35] Done setting XDC timing constraints.
INFO: [Opt 31-1851] Number of loadless carry chains removed were: 0
INFO: [Opt 31-1834] Total Chains To Be Transformed Were: 0 AND Number of Transformed insts Created are: 0
INFO: [Opt 31-138] Pushed 0 inverter(s) to 0 load pin(s).
INFO: [Opt 31-49] Retargeted 0 cell(s).
Retarget | Checksum: 21ef379f4
INFO: [Opt 31-389] Phase Retarget created 0 cells and removed 0 cells
INFO: [Opt 31-138] Pushed 0 inverter(s) to 0 load pin(s).
Constant propagation | Checksum: 21ef379f4
INFO: [Opt 31-389] Phase Constant propagation created 0 cells and removed 0 cells
INFO: [Constraints 18-11670] Building netlist checker database with flags, 0x8
Done building netlist checker database: Time (s): cpu = 00:00:00 ; elapsed = 00:00:00 . Memory (MB): peak = 3925.129 ; gain = 0.000 ; free physical = 741471 ; free virtual = 764502
Sweep | Checksum: 21ef379f4
INFO: [Opt 31-389] Phase Sweep created 0 cells and removed 0 cells
BUFG optimization | Checksum: 21ef379f4
INFO: [Opt 31-662] Phase BUFG optimization created 0 cells of which 0 are BUFGs and removed 0 cells.
INFO: [Opt 31-1064] SRL Remap converted 0 SRLs to 0 registers and converted 0 registers of register chains to 0 SRLs
Shift Register Optimization | Checksum: 21ef379f4
INFO: [Opt 31-389] Phase Shift Register Optimization created 0 cells and removed 0 cells
INFO: [Opt 31-1555] control_set_opt supports Versal devices only, and device 7a100t is unsupported
Post Processing Netlist | Checksum: 21ef379f4
INFO: [Opt 31-389] Phase Post Processing Netlist created 0 cells and removed 0 cells
Opt_design Change Summary
=========================


-------------------------------------------------------------------------------------------------------------------------
|  Phase                        |  #Cells created  |  #Cells Removed  |  #Constrained objects preventing optimizations  |
-------------------------------------------------------------------------------------------------------------------------
|  Retarget                     |               0  |               0  |                                              0  |
|  Constant propagation         |               0  |               0  |                                              0  |
|  Sweep                        |               0  |               0  |                                              0  |
|  BUFG optimization            |               0  |               0  |                                              0  |
|  Shift Register Optimization  |               0  |               0  |                                              0  |
|  Post Processing Netlist      |               0  |               0  |                                              0  |
-------------------------------------------------------------------------------------------------------------------------


Netlist sorting complete. Time (s): cpu = 00:00:00.01 ; elapsed = 00:00:00 . Memory (MB): peak = 3925.129 ; gain = 0.000 ; free physical = 741471 ; free virtual = 764502
INFO: [Common 17-83] Releasing license: Implementation
636 Infos, 1129 Warnings, 0 Critical Warnings and 0 Errors encountered.
opt_design completed successfully
Command: place_design -directive Explore
Attempting to get a license for feature 'Implementation' and/or device 'xc7a100t'
INFO: [Common 17-349] Got license for feature 'Implementation' and/or device 'xc7a100t'
INFO: [Common 17-83] Releasing license: Implementation
INFO: [DRC 23-27] Running DRC with 8 threads
INFO: [Vivado_Tcl 4-198] DRC finished with 0 Errors
INFO: [Vivado_Tcl 4-199] Please refer to the DRC report (report_drc) for more information.
INFO: [Vivado_Tcl 4-2302] The placer was invoked with the 'Explore' directive.
Running DRC as a precondition to command place_design
INFO: [DRC 23-27] Running DRC with 8 threads
INFO: [Vivado_Tcl 4-198] DRC finished with 0 Errors
INFO: [Vivado_Tcl 4-199] Please refer to the DRC report (report_drc) for more information.
INFO: [Place 30-611] Multithreading enabled for place_design using a maximum of 8 CPUs
Netlist sorting complete. Time (s): cpu = 00:00:00 ; elapsed = 00:00:00 . Memory (MB): peak = 3925.129 ; gain = 0.000 ; free physical = 741473 ; free virtual = 764504
Netlist sorting complete. Time (s): cpu = 00:00:00 ; elapsed = 00:00:00 . Memory (MB): peak = 3925.129 ; gain = 0.000 ; free physical = 741473 ; free virtual = 764504
INFO: [Timing 38-35] Done setting XDC timing constraints.
INFO: [Physopt 32-1035] Found 0 LUTNM shape to break, 84 LUT instances to create LUTNM shape
INFO: [Physopt 32-1044] Break lutnm for timing: one critical 0, two critical 0, total 0, new lutff created 0
INFO: [Physopt 32-1138] End 1 Pass. Optimized 35 nets or LUTs. Breaked 0 LUT, combined 35 existing LUTs and moved 0 existing LUT
INFO: [Physopt 32-65] No nets found for high-fanout optimization.
INFO: [Physopt 32-232] Optimized 0 net. Created 0 new instance.
INFO: [Physopt 32-775] End 1 Pass. Optimized 0 net or cell. Created 0 new cell, deleted 0 existing cell and moved 0 existing cell
INFO: [Physopt 32-670] No setup violation found.  DSP Register Optimization was not performed.
INFO: [Physopt 32-670] No setup violation found.  Shift Register to Pipeline Optimization was not performed.
INFO: [Physopt 32-670] No setup violation found.  Shift Register Optimization was not performed.
INFO: [Physopt 32-670] No setup violation found.  BRAM Register Optimization was not performed.
INFO: [Physopt 32-670] No setup violation found.  URAM Register Optimization was not performed.
INFO: [Physopt 32-949] No candidate nets found for dynamic/static region interface net replication
INFO: [Physopt 32-775] End 1 Pass. Optimized 0 net or cell. Created 0 new cell, deleted 0 existing cell and moved 0 existing cell
Netlist sorting complete. Time (s): cpu = 00:00:00 ; elapsed = 00:00:00 . Memory (MB): peak = 3925.129 ; gain = 0.000 ; free physical = 741472 ; free virtual = 764503

Summary of Physical Synthesis Optimizations
============================================


-----------------------------------------------------------------------------------------------------------------------------------------------------------
|  Optimization                                     |  Added Cells  |  Removed Cells  |  Optimized Cells/Nets  |  Dont Touch  |  Iterations  |  Elapsed   |
-----------------------------------------------------------------------------------------------------------------------------------------------------------
|  LUT Combining                                    |            0  |             35  |                    35  |           0  |           1  |  00:00:00  |
|  Retime                                           |            0  |              0  |                     0  |           0  |           1  |  00:00:00  |
|  Very High Fanout                                 |            0  |              0  |                     0  |           0  |           1  |  00:00:00  |
|  DSP Register                                     |            0  |              0  |                     0  |           0  |           0  |  00:00:00  |
|  Shift Register to Pipeline                       |            0  |              0  |                     0  |           0  |           0  |  00:00:00  |
|  Shift Register                                   |            0  |              0  |                     0  |           0  |           0  |  00:00:00  |
|  BRAM Register                                    |            0  |              0  |                     0  |           0  |           0  |  00:00:00  |
|  URAM Register                                    |            0  |              0  |                     0  |           0  |           0  |  00:00:00  |
|  Dynamic/Static Region Interface Net Replication  |            0  |              0  |                     0  |           0  |           1  |  00:00:00  |
|  Total                                            |            0  |             35  |                    35  |           0  |           4  |  00:00:00  |
-----------------------------------------------------------------------------------------------------------------------------------------------------------


INFO: [Timing 38-35] Done setting XDC timing constraints.
Post Placement Optimization Initialization | Checksum: 172cdc8f1
INFO: [Physopt 32-721] Multithreading enabled for phys_opt_design using a maximum of 8 CPUs
INFO: [Physopt 32-619] Estimated Timing Summary | WNS=3.393 | TNS=0.000 |
INFO: [Place 46-56] BUFG insertion identified 0 candidate nets. Inserted BUFG: 0, Replicated BUFG Driver: 0, Skipped due to Placement/Routing Conflicts: 0, Skipped due to Timing Degradation: 0, Skipped due to netlist editing failed: 0.
INFO: [Place 30-746] Post Placement Timing Summary WNS=3.393. For the most accurate timing information please run report_timing.
INFO: [Place 30-612] Post-Placement Estimated Congestion 
 ____________________________________________________
|           | Global Congestion | Short Congestion  |
| Direction | Region Size       | Region Size       |
|___________|___________________|___________________|
|      North|                1x1|                1x1|
|___________|___________________|___________________|
|      South|                1x1|                4x4|
|___________|___________________|___________________|
|       East|                1x1|                1x1|
|___________|___________________|___________________|
|       West|                1x1|                1x1|
|___________|___________________|___________________|

Netlist sorting complete. Time (s): cpu = 00:00:00 ; elapsed = 00:00:00 . Memory (MB): peak = 3925.129 ; gain = 0.000 ; free physical = 741462 ; free virtual = 764493
666 Infos, 1129 Warnings, 0 Critical Warnings and 0 Errors encountered.
place_design completed successfully
place_design: Time (s): cpu = 00:00:15 ; elapsed = 00:00:06 . Memory (MB): peak = 3925.129 ; gain = 0.000 ; free physical = 741462 ; free virtual = 764493
Command: phys_opt_design -retime -rewire -critical_pin_opt -placement_opt -critical_cell_opt
Attempting to get a license for feature 'Implementation' and/or device 'xc7a100t'
INFO: [Common 17-349] Got license for feature 'Implementation' and/or device 'xc7a100t'
WARNING: [Vivado_Tcl 4-1892] The option '-rewire' has been deprecated and will become unsupported in a future release. Please remove the option from the scripts and use '-restruct_opt' option instead.
INFO: [Vivado_Tcl 4-2279] Estimated Timing Summary | WNS= 3.393 | TNS= 0.000 | 
INFO: [Vivado_Tcl 4-383] Design worst setup slack (WNS) is greater than or equal to 0.250 ns. All physical synthesis setup optimizations will be skipped.
INFO: [Vivado_Tcl 4-232] No setup violation found. The netlist was not modified.
INFO: [Common 17-83] Releasing license: Implementation
671 Infos, 1130 Warnings, 0 Critical Warnings and 0 Errors encountered.
phys_opt_design completed successfully
Command: route_design -directive AggressiveExplore
Attempting to get a license for feature 'Implementation' and/or device 'xc7a100t'
INFO: [Common 17-349] Got license for feature 'Implementation' and/or device 'xc7a100t'
INFO: [Route 35-270] Using Router directive 'AggressiveExplore'.
INFO: [Route 35-254] Multithreading enabled for route_design using a maximum of 8 CPUs
INFO: [Route 72-16] Aggressive Explore Summary
+======+=======+=====+=======+=====+========+==============+===================+
| Pass |  WNS  | TNS |  WHS  | THS | Status | Elapsed Time | Solution Selected |
+======+=======+=====+=======+=====+========+==============+===================+
|  1   | 3.181 |  -  | 0.122 |  -  |  Pass  |   00:00:02   |         x         |
|  2   |   -   |  -  |   -   |  -  |  Skip  |   00:00:00   |                   |
+------+-------+-----+-------+-----+--------+--------------+-------------------+

INFO: [Route 35-16] Router Completed Successfully
INFO: [Common 17-83] Releasing license: Implementation
683 Infos, 1130 Warnings, 0 Critical Warnings and 0 Errors encountered.
route_design completed successfully
route_design: Time (s): cpu = 00:00:40 ; elapsed = 00:00:29 . Memory (MB): peak = 3925.129 ; gain = 0.000 ; free physical = 741382 ; free virtual = 764413
<grey>[synth_script.tcl]<end> <cyan>report_route_status:<end>
Design Route Status
                                               :      # nets :
   ------------------------------------------- : ----------- :
   # of logical nets.......................... :        3349 :
       # of nets not needing routing.......... :        1073 :
           # of internally routed nets........ :        1049 :
           # of nets with no loads............ :          24 :
       # of routable nets..................... :        2276 :
           # of fully routed nets............. :        2276 :
       # of nets with routing errors.......... :           0 :
   ------------------------------------------- : ----------- :

Command: place_design -post_place_opt
Attempting to get a license for feature 'Implementation' and/or device 'xc7a100t'
INFO: [Common 17-349] Got license for feature 'Implementation' and/or device 'xc7a100t'
INFO: [Common 17-83] Releasing license: Implementation
Running DRC as a precondition to command place_design
INFO: [DRC 23-27] Running DRC with 8 threads
INFO: [Vivado_Tcl 4-198] DRC finished with 0 Errors
INFO: [Vivado_Tcl 4-199] Please refer to the DRC report (report_drc) for more information.
INFO: [Place 30-611] Multithreading enabled for place_design using a maximum of 8 CPUs
Netlist sorting complete. Time (s): cpu = 00:00:00 ; elapsed = 00:00:00 . Memory (MB): peak = 3925.129 ; gain = 0.000 ; free physical = 741384 ; free virtual = 764416
Post Placement Optimization Initialization | Checksum: 273f617b3
INFO: [Physopt 32-721] Multithreading enabled for phys_opt_design using a maximum of 8 CPUs
INFO: [Physopt 32-619] Estimated Timing Summary | WNS=3.184 | TNS=0.000 |
INFO: [Place 46-56] BUFG insertion identified 0 candidate nets. Inserted BUFG: 0, Replicated BUFG Driver: 0, Skipped due to Placement/Routing Conflicts: 0, Skipped due to Timing Degradation: 0, Skipped due to netlist editing failed: 0.
INFO: [Place 30-746] Post Placement Timing Summary WNS=3.184. For the most accurate timing information please run report_timing.
INFO: [Place 30-612] Post-Placement Estimated Congestion 
 ____________________________________________________
|           | Global Congestion | Short Congestion  |
| Direction | Region Size       | Region Size       |
|___________|___________________|___________________|
|      North|                1x1|                1x1|
|___________|___________________|___________________|
|      South|                1x1|                4x4|
|___________|___________________|___________________|
|       East|                1x1|                1x1|
|___________|___________________|___________________|
|       West|                1x1|                1x1|
|___________|___________________|___________________|

Netlist sorting complete. Time (s): cpu = 00:00:00 ; elapsed = 00:00:00 . Memory (MB): peak = 3925.129 ; gain = 0.000 ; free physical = 741384 ; free virtual = 764415
694 Infos, 1130 Warnings, 0 Critical Warnings and 0 Errors encountered.
place_design completed successfully
Command: phys_opt_design -retime -routing_opt
Attempting to get a license for feature 'Implementation' and/or device 'xc7a100t'
INFO: [Common 17-349] Got license for feature 'Implementation' and/or device 'xc7a100t'
INFO: [Vivado_Tcl 4-241] Physical synthesis in post route mode 
INFO: [Vivado_Tcl 4-2279] Estimated Timing Summary | WNS= 3.184 | TNS= 0.000 | 
INFO: [Vivado_Tcl 4-383] Design worst setup slack (WNS) is greater than or equal to 0.000 ns. All physical synthesis setup optimizations will be skipped.
INFO: [Vivado_Tcl 4-232] No setup violation found. The netlist was not modified.
INFO: [Common 17-83] Releasing license: Implementation
700 Infos, 1130 Warnings, 0 Critical Warnings and 0 Errors encountered.
phys_opt_design completed successfully
Command: route_design -directive NoTimingRelaxation
Attempting to get a license for feature 'Implementation' and/or device 'xc7a100t'
INFO: [Common 17-349] Got license for feature 'Implementation' and/or device 'xc7a100t'
INFO: [Route 35-270] Using Router directive 'NoTimingRelaxation'.
INFO: [Route 35-254] Multithreading enabled for route_design using a maximum of 8 CPUs
INFO: [Route 35-16] Router Completed Successfully
INFO: [Common 17-83] Releasing license: Implementation
710 Infos, 1130 Warnings, 0 Critical Warnings and 0 Errors encountered.
route_design completed successfully
route_design: Time (s): cpu = 00:00:36 ; elapsed = 00:00:28 . Memory (MB): peak = 3925.129 ; gain = 0.000 ; free physical = 741305 ; free virtual = 764336
Copyright 1986-2022 Xilinx, Inc. All Rights Reserved. Copyright 2022-2024 Advanced Micro Devices, Inc. All Rights Reserved.
---------------------------------------------------------------------------------------------------------------------------------------------
| Tool Version : Vivado v.2024.2 (lin64) Build 5239630 Fri Nov 08 22:34:34 MST 2024
| Date         : Thu May 28 15:28:36 2026
| Host         : naouna.ims.bordeaux running 64-bit Red Hat Enterprise Linux release 8.10 (Ootpa)
| Command      : report_utilization
| Design       : picorv32_soc_top
| Device       : xc7a100tcsg324-1
| Speed File   : -1
| Design State : Routed
---------------------------------------------------------------------------------------------------------------------------------------------

Utilization Design Information

Table of Contents
-----------------
1. Slice Logic
1.1 Summary of Registers by Type
2. Slice Logic Distribution
3. Memory
4. DSP
5. IO and GT Specific
6. Clocking
7. Specific Feature
8. Primitives
9. Black Boxes
10. Instantiated Netlists

1. Slice Logic
--------------

+----------------------------+------+-------+------------+-----------+-------+
|          Site Type         | Used | Fixed | Prohibited | Available | Util% |
+----------------------------+------+-------+------------+-----------+-------+
| Slice LUTs                 | 1408 |     0 |          0 |     63400 |  2.22 |
|   LUT as Logic             | 1364 |     0 |          0 |     63400 |  2.15 |
|   LUT as Memory            |   44 |     0 |          0 |     19000 |  0.23 |
|     LUT as Distributed RAM |   44 |     0 |            |           |       |
|     LUT as Shift Register  |    0 |     0 |            |           |       |
| Slice Registers            |  837 |     0 |          0 |    126800 |  0.66 |
|   Register as Flip Flop    |  837 |     0 |          0 |    126800 |  0.66 |
|   Register as Latch        |    0 |     0 |          0 |    126800 |  0.00 |
| F7 Muxes                   |    1 |     0 |          0 |     31700 | <0.01 |
| F8 Muxes                   |    0 |     0 |          0 |     15850 |  0.00 |
+----------------------------+------+-------+------------+-----------+-------+
* Warning! LUT value is adjusted to account for LUT combining.


1.1 Summary of Registers by Type
--------------------------------

+-------+--------------+-------------+--------------+
| Total | Clock Enable | Synchronous | Asynchronous |
+-------+--------------+-------------+--------------+
| 0     |            _ |           - |            - |
| 0     |            _ |           - |          Set |
| 0     |            _ |           - |        Reset |
| 0     |            _ |         Set |            - |
| 0     |            _ |       Reset |            - |
| 0     |          Yes |           - |            - |
| 0     |          Yes |           - |          Set |
| 0     |          Yes |           - |        Reset |
| 26    |          Yes |         Set |            - |
| 811   |          Yes |       Reset |            - |
+-------+--------------+-------------+--------------+


2. Slice Logic Distribution
---------------------------

+--------------------------------------------+------+-------+------------+-----------+-------+
|                  Site Type                 | Used | Fixed | Prohibited | Available | Util% |
+--------------------------------------------+------+-------+------------+-----------+-------+
| Slice                                      |  458 |     0 |          0 |     15850 |  2.89 |
|   SLICEL                                   |  371 |     0 |            |           |       |
|   SLICEM                                   |   87 |     0 |            |           |       |
| LUT as Logic                               | 1364 |     0 |          0 |     63400 |  2.15 |
|   using O5 output only                     |    0 |       |            |           |       |
|   using O6 output only                     | 1171 |       |            |           |       |
|   using O5 and O6                          |  193 |       |            |           |       |
| LUT as Memory                              |   44 |     0 |          0 |     19000 |  0.23 |
|   LUT as Distributed RAM                   |   44 |     0 |            |           |       |
|     using O5 output only                   |    0 |       |            |           |       |
|     using O6 output only                   |    0 |       |            |           |       |
|     using O5 and O6                        |   44 |       |            |           |       |
|   LUT as Shift Register                    |    0 |     0 |            |           |       |
|     using O5 output only                   |    0 |       |            |           |       |
|     using O6 output only                   |    0 |       |            |           |       |
|     using O5 and O6                        |    0 |       |            |           |       |
| Slice Registers                            |  837 |     0 |          0 |    126800 |  0.66 |
|   Register driven from within the Slice    |  631 |       |            |           |       |
|   Register driven from outside the Slice   |  206 |       |            |           |       |
|     LUT in front of the register is unused |   70 |       |            |           |       |
|     LUT in front of the register is used   |  136 |       |            |           |       |
| Unique Control Sets                        |   26 |       |          0 |     15850 |  0.16 |
+--------------------------------------------+------+-------+------------+-----------+-------+
* * Note: Available Control Sets calculated as Slice * 1, Review the Control Sets Report for more information regarding control sets.


3. Memory
---------

+-------------------+------+-------+------------+-----------+-------+
|     Site Type     | Used | Fixed | Prohibited | Available | Util% |
+-------------------+------+-------+------------+-----------+-------+
| Block RAM Tile    |    1 |     0 |          0 |       135 |  0.74 |
|   RAMB36/FIFO*    |    1 |     0 |          0 |       135 |  0.74 |
|     RAMB36E1 only |    1 |       |            |           |       |
|   RAMB18          |    0 |     0 |          0 |       270 |  0.00 |
+-------------------+------+-------+------------+-----------+-------+
* Note: Each Block RAM Tile only has one FIFO logic available and therefore can accommodate only one FIFO36E1 or one FIFO18E1. However, if a FIFO18E1 occupies a Block RAM Tile, that tile can still accommodate a RAMB18E1


4. DSP
------

+----------------+------+-------+------------+-----------+-------+
|    Site Type   | Used | Fixed | Prohibited | Available | Util% |
+----------------+------+-------+------------+-----------+-------+
| DSPs           |    4 |     0 |          0 |       240 |  1.67 |
|   DSP48E1 only |    4 |       |            |           |       |
+----------------+------+-------+------------+-----------+-------+


5. IO and GT Specific
---------------------

+-----------------------------+------+-------+------------+-----------+-------+
|          Site Type          | Used | Fixed | Prohibited | Available | Util% |
+-----------------------------+------+-------+------------+-----------+-------+
| Bonded IOB                  |    3 |     0 |          0 |       210 |  1.43 |
|   IOB Master Pads           |    1 |       |            |           |       |
|   IOB Slave Pads            |    1 |       |            |           |       |
| Bonded IPADs                |    0 |     0 |          0 |         2 |  0.00 |
| PHY_CONTROL                 |    0 |     0 |          0 |         6 |  0.00 |
| PHASER_REF                  |    0 |     0 |          0 |         6 |  0.00 |
| OUT_FIFO                    |    0 |     0 |          0 |        24 |  0.00 |
| IN_FIFO                     |    0 |     0 |          0 |        24 |  0.00 |
| IDELAYCTRL                  |    0 |     0 |          0 |         6 |  0.00 |
| IBUFDS                      |    0 |     0 |          0 |       202 |  0.00 |
| PHASER_OUT/PHASER_OUT_PHY   |    0 |     0 |          0 |        24 |  0.00 |
| PHASER_IN/PHASER_IN_PHY     |    0 |     0 |          0 |        24 |  0.00 |
| IDELAYE2/IDELAYE2_FINEDELAY |    0 |     0 |          0 |       300 |  0.00 |
| ILOGIC                      |    0 |     0 |          0 |       210 |  0.00 |
| OLOGIC                      |    0 |     0 |          0 |       210 |  0.00 |
+-----------------------------+------+-------+------------+-----------+-------+


6. Clocking
-----------

+------------+------+-------+------------+-----------+-------+
|  Site Type | Used | Fixed | Prohibited | Available | Util% |
+------------+------+-------+------------+-----------+-------+
| BUFGCTRL   |    1 |     0 |          0 |        32 |  3.13 |
| BUFIO      |    0 |     0 |          0 |        24 |  0.00 |
| MMCME2_ADV |    0 |     0 |          0 |         6 |  0.00 |
| PLLE2_ADV  |    0 |     0 |          0 |         6 |  0.00 |
| BUFMRCE    |    0 |     0 |          0 |        12 |  0.00 |
| BUFHCE     |    0 |     0 |          0 |        96 |  0.00 |
| BUFR       |    0 |     0 |          0 |        24 |  0.00 |
+------------+------+-------+------------+-----------+-------+


7. Specific Feature
-------------------

+-------------+------+-------+------------+-----------+-------+
|  Site Type  | Used | Fixed | Prohibited | Available | Util% |
+-------------+------+-------+------------+-----------+-------+
| BSCANE2     |    0 |     0 |          0 |         4 |  0.00 |
| CAPTUREE2   |    0 |     0 |          0 |         1 |  0.00 |
| DNA_PORT    |    0 |     0 |          0 |         1 |  0.00 |
| EFUSE_USR   |    0 |     0 |          0 |         1 |  0.00 |
| FRAME_ECCE2 |    0 |     0 |          0 |         1 |  0.00 |
| ICAPE2      |    0 |     0 |          0 |         2 |  0.00 |
| PCIE_2_1    |    0 |     0 |          0 |         1 |  0.00 |
| STARTUPE2   |    0 |     0 |          0 |         1 |  0.00 |
| XADC        |    0 |     0 |          0 |         1 |  0.00 |
+-------------+------+-------+------------+-----------+-------+


8. Primitives
-------------

+----------+------+---------------------+
| Ref Name | Used | Functional Category |
+----------+------+---------------------+
| FDRE     |  811 |        Flop & Latch |
| LUT6     |  499 |                 LUT |
| LUT4     |  356 |                 LUT |
| LUT5     |  218 |                 LUT |
| LUT2     |  196 |                 LUT |
| LUT3     |  154 |                 LUT |
| CARRY4   |  143 |          CarryLogic |
| LUT1     |  134 |                 LUT |
| RAMD32   |   68 |  Distributed Memory |
| FDSE     |   26 |        Flop & Latch |
| RAMS32   |   20 |  Distributed Memory |
| DSP48E1  |    4 |    Block Arithmetic |
| IBUF     |    2 |                  IO |
| RAMB36E1 |    1 |        Block Memory |
| OBUF     |    1 |                  IO |
| MUXF7    |    1 |               MuxFx |
| BUFG     |    1 |               Clock |
+----------+------+---------------------+


9. Black Boxes
--------------

+----------+------+
| Ref Name | Used |
+----------+------+


10. Instantiated Netlists
-------------------------

+----------+------+
| Ref Name | Used |
+----------+------+


Copyright 1986-2022 Xilinx, Inc. All Rights Reserved. Copyright 2022-2024 Advanced Micro Devices, Inc. All Rights Reserved.
---------------------------------------------------------------------------------------------------------------------------------------------
| Tool Version : Vivado v.2024.2 (lin64) Build 5239630 Fri Nov 08 22:34:34 MST 2024
| Date         : Thu May 28 15:28:36 2026
| Host         : naouna.ims.bordeaux running 64-bit Red Hat Enterprise Linux release 8.10 (Ootpa)
| Command      : report_utilization -hierarchical
| Design       : picorv32_soc_top
| Device       : xc7a100tcsg324-1
| Speed File   : -1
| Design State : Routed
---------------------------------------------------------------------------------------------------------------------------------------------

Utilization Design Information

Table of Contents
-----------------
1. Utilization by Hierarchy

1. Utilization by Hierarchy
---------------------------

+------------------+--------+------------+------------+---------+------+-----+--------+--------+------------+
|     Instance     | Module | Total LUTs | Logic LUTs | LUTRAMs | SRLs | FFs | RAMB36 | RAMB18 | DSP Blocks |
+------------------+--------+------------+------------+---------+------+-----+--------+--------+------------+
| picorv32_soc_top |  (top) |       1408 |       1364 |      44 |    0 | 837 |      1 |      0 |          4 |
+------------------+--------+------------+------------+---------+------+-----+--------+--------+------------+
* Note: The sum of lower-level cells may be larger than their parent cells total, due to cross-hierarchy LUT combining


INFO: [Timing 38-91] UpdateTimingParams: Speed grade: -1, Delay Type: max.
INFO: [Timing 38-191] Multithreading enabled for timing update using a maximum of 8 CPUs
INFO: [Timing 38-78] ReportTimingParams: -max_paths 1 -nworst 1 -delay_type max -sort_by slack.
Copyright 1986-2022 Xilinx, Inc. All Rights Reserved. Copyright 2022-2024 Advanced Micro Devices, Inc. All Rights Reserved.
---------------------------------------------------------------------------------------------------------------------------------------------
| Tool Version : Vivado v.2024.2 (lin64) Build 5239630 Fri Nov 08 22:34:34 MST 2024
| Date         : Thu May 28 15:28:36 2026
| Host         : naouna.ims.bordeaux running 64-bit Red Hat Enterprise Linux release 8.10 (Ootpa)
| Command      : report_timing
| Design       : picorv32_soc_top
| Device       : 7a100t-csg324
| Speed File   : -1  PRODUCTION 1.23 2018-06-13
| Design State : Routed
---------------------------------------------------------------------------------------------------------------------------------------------

Timing Report

Slack (MET) :             3.184ns  (required time - arrival time)
  Source:                 cpu/reg_op2_reg[2]/C
                            (rising edge-triggered cell FDRE clocked by clk  {rise@0.000ns fall@5.155ns period=10.309ns})
  Destination:            cpu/alu_out_q_reg[0]/D
                            (rising edge-triggered cell FDRE clocked by clk  {rise@0.000ns fall@5.155ns period=10.309ns})
  Path Group:             clk
  Path Type:              Setup (Max at Slow Process Corner)
  Requirement:            10.309ns  (clk rise@10.309ns - clk rise@0.000ns)
  Data Path Delay:        7.070ns  (logic 2.053ns (29.040%)  route 5.017ns (70.960%))
  Logic Levels:           8  (CARRY4=4 LUT4=2 LUT5=1 LUT6=1)
  Clock Path Skew:        -0.051ns (DCD - SCD + CPR)
    Destination Clock Delay (DCD):    4.490ns = ( 14.799 - 10.309 ) 
    Source Clock Delay      (SCD):    4.873ns
    Clock Pessimism Removal (CPR):    0.331ns
  Clock Uncertainty:      0.035ns  ((TSJ^2 + TIJ^2)^1/2 + DJ) / 2 + PE
    Total System Jitter     (TSJ):    0.071ns
    Total Input Jitter      (TIJ):    0.000ns
    Discrete Jitter          (DJ):    0.000ns
    Phase Error              (PE):    0.000ns

    Location             Delay type                Incr(ns)  Path(ns)    Netlist Resource(s)
  -------------------------------------------------------------------    -------------------
                         (clock clk rise edge)        0.000     0.000 r  
    N15                                               0.000     0.000 r  clk (IN)
                         net (fo=0)                   0.000     0.000    clk
    N15                  IBUF (Prop_ibuf_I_O)         0.948     0.948 r  clk_IBUF_inst/O
                         net (fo=1, routed)           2.016     2.963    clk_IBUF
    BUFGCTRL_X0Y0        BUFG (Prop_bufg_I_O)         0.096     3.059 r  clk_IBUF_BUFG_inst/O
                         net (fo=931, routed)         1.813     4.873    clk_IBUF_BUFG
    SLICE_X17Y37         FDRE                                         r  cpu/reg_op2_reg[2]/C
  -------------------------------------------------------------------    -------------------
    SLICE_X17Y37         FDRE (Prop_fdre_C_Q)         0.456     5.329 r  cpu/reg_op2_reg[2]/Q
                         net (fo=14, routed)          2.457     7.786    cpu/reg_op2_reg_n_0_[2]
    SLICE_X42Y37         LUT4 (Prop_lut4_I0_O)        0.124     7.910 r  decoder_trigger_i_89/O
                         net (fo=1, routed)           0.000     7.910    decoder_trigger_i_89_n_0
    SLICE_X42Y37         CARRY4 (Prop_carry4_S[1]_CO[3])
                                                      0.533     8.443 r  decoder_trigger_reg_i_66/CO[3]
                         net (fo=1, routed)           0.000     8.443    decoder_trigger_reg_i_66_n_0
    SLICE_X42Y38         CARRY4 (Prop_carry4_CI_CO[3])
                                                      0.117     8.560 r  decoder_trigger_reg_i_44/CO[3]
                         net (fo=1, routed)           0.000     8.560    decoder_trigger_reg_i_44_n_0
    SLICE_X42Y39         CARRY4 (Prop_carry4_CI_CO[3])
                                                      0.117     8.677 r  decoder_trigger_reg_i_21/CO[3]
                         net (fo=1, routed)           0.000     8.677    decoder_trigger_reg_i_21_n_0
    SLICE_X42Y40         CARRY4 (Prop_carry4_CI_CO[3])
                                                      0.117     8.794 r  decoder_trigger_reg_i_7/CO[3]
                         net (fo=1, routed)           0.905     9.698    cpu/alu_lts
    SLICE_X41Y44         LUT6 (Prop_lut6_I4_O)        0.124     9.822 f  decoder_trigger_i_4/O
                         net (fo=4, routed)           0.432    10.254    decoder_trigger_i_4_n_0
    SLICE_X38Y45         LUT4 (Prop_lut4_I0_O)        0.117    10.371 f  alu_out_q[0]_i_3/O
                         net (fo=1, routed)           1.223    11.594    alu_out_q[0]_i_3_n_0
    SLICE_X39Y34         LUT5 (Prop_lut5_I1_O)        0.348    11.942 r  alu_out_q[0]_i_1/O
                         net (fo=1, routed)           0.000    11.942    alu_out_q[0]_i_1_n_0
    SLICE_X39Y34         FDRE                                         r  cpu/alu_out_q_reg[0]/D
  -------------------------------------------------------------------    -------------------

                         (clock clk rise edge)       10.309    10.309 r  
    N15                                               0.000    10.309 r  clk (IN)
                         net (fo=0)                   0.000    10.309    clk
    N15                  IBUF (Prop_ibuf_I_O)         0.814    11.123 r  clk_IBUF_inst/O
                         net (fo=1, routed)           1.911    13.034    clk_IBUF
    BUFGCTRL_X0Y0        BUFG (Prop_bufg_I_O)         0.091    13.125 r  clk_IBUF_BUFG_inst/O
                         net (fo=931, routed)         1.674    14.799    clk_IBUF_BUFG
    SLICE_X39Y34         FDRE                                         r  cpu/alu_out_q_reg[0]/C
                         clock pessimism              0.331    15.131    
                         clock uncertainty           -0.035    15.095    
    SLICE_X39Y34         FDRE (Setup_fdre_C_D)        0.031    15.126    cpu/alu_out_q_reg[0]
  -------------------------------------------------------------------
                         required time                         15.126    
                         arrival time                         -11.942    
  -------------------------------------------------------------------
                         slack                                  3.184    




Command: report_power
Running Vector-less Activity Propagation...

Finished Running Vector-less Activity Propagation
Copyright 1986-2022 Xilinx, Inc. All Rights Reserved. Copyright 2022-2024 Advanced Micro Devices, Inc. All Rights Reserved.
-------------------------------------------------------------------------------------------------------------------------------------------------
| Tool Version     : Vivado v.2024.2 (lin64) Build 5239630 Fri Nov 08 22:34:34 MST 2024
| Date             : Thu May 28 15:28:37 2026
| Host             : naouna.ims.bordeaux running 64-bit Red Hat Enterprise Linux release 8.10 (Ootpa)
| Command          : report_power
| Design           : picorv32_soc_top
| Device           : xc7a100tcsg324-1
| Design State     : routed
| Grade            : commercial
| Process          : typical
| Characterization : Production
-------------------------------------------------------------------------------------------------------------------------------------------------

Power Report

Table of Contents
-----------------
1. Summary
1.1 On-Chip Components
1.2 Power Supply Summary
1.3 Confidence Level
2. Settings
2.1 Environment
2.2 Clock Constraints
3. Detailed Reports
3.1 By Hierarchy

1. Summary
----------

+--------------------------+--------------+
| Total On-Chip Power (W)  | 0.108        |
| Design Power Budget (W)  | Unspecified* |
| Power Budget Margin (W)  | NA           |
| Dynamic (W)              | 0.017        |
| Device Static (W)        | 0.091        |
| Effective TJA (C/W)      | 4.6          |
| Max Ambient (C)          | 84.5         |
| Junction Temperature (C) | 25.5         |
| Confidence Level         | Medium       |
| Setting File             | ---          |
| Simulation Activity File | ---          |
| Design Nets Matched      | NA           |
+--------------------------+--------------+
* Specify Design Power Budget using, set_operating_conditions -design_power_budget <value in Watts>


1.1 On-Chip Components
----------------------

+--------------------------+-----------+----------+-----------+-----------------+
| On-Chip                  | Power (W) | Used     | Available | Utilization (%) |
+--------------------------+-----------+----------+-----------+-----------------+
| Clocks                   |     0.004 |        3 |       --- |             --- |
| Slice Logic              |     0.004 |     2630 |       --- |             --- |
|   LUT as Logic           |     0.003 |     1364 |     63400 |            2.15 |
|   CARRY4                 |    <0.001 |      143 |     15850 |            0.90 |
|   Register               |    <0.001 |      837 |    126800 |            0.66 |
|   LUT as Distributed RAM |    <0.001 |       44 |     19000 |            0.23 |
|   F7/F8 Muxes            |    <0.001 |        1 |     63400 |           <0.01 |
|   Others                 |     0.000 |        4 |       --- |             --- |
| Signals                  |     0.005 |     2272 |       --- |             --- |
| Block RAM                |    <0.001 |        1 |       135 |            0.74 |
| DSPs                     |     0.003 |        4 |       240 |            1.67 |
| I/O                      |    <0.001 |        3 |       210 |            1.43 |
| Static Power             |     0.091 |          |           |                 |
| Total                    |     0.108 |          |           |                 |
+--------------------------+-----------+----------+-----------+-----------------+


1.2 Power Supply Summary
------------------------

+-----------+-------------+-----------+-------------+------------+-------------+-------------+------------+
| Source    | Voltage (V) | Total (A) | Dynamic (A) | Static (A) | Powerup (A) | Budget (A)  | Margin (A) |
+-----------+-------------+-----------+-------------+------------+-------------+-------------+------------+
| Vccint    |       1.000 |     0.032 |       0.017 |      0.015 |       NA    | Unspecified | NA         |
| Vccaux    |       1.800 |     0.018 |       0.000 |      0.018 |       NA    | Unspecified | NA         |
| Vcco33    |       3.300 |     0.000 |       0.000 |      0.000 |       NA    | Unspecified | NA         |
| Vcco25    |       2.500 |     0.000 |       0.000 |      0.000 |       NA    | Unspecified | NA         |
| Vcco18    |       1.800 |     0.004 |       0.000 |      0.004 |       NA    | Unspecified | NA         |
| Vcco15    |       1.500 |     0.000 |       0.000 |      0.000 |       NA    | Unspecified | NA         |
| Vcco135   |       1.350 |     0.000 |       0.000 |      0.000 |       NA    | Unspecified | NA         |
| Vcco12    |       1.200 |     0.000 |       0.000 |      0.000 |       NA    | Unspecified | NA         |
| Vccaux_io |       1.800 |     0.000 |       0.000 |      0.000 |       NA    | Unspecified | NA         |
| Vccbram   |       1.000 |     0.000 |       0.000 |      0.000 |       NA    | Unspecified | NA         |
| MGTAVcc   |       1.000 |     0.000 |       0.000 |      0.000 |       NA    | Unspecified | NA         |
| MGTAVtt   |       1.200 |     0.000 |       0.000 |      0.000 |       NA    | Unspecified | NA         |
| Vccadc    |       1.800 |     0.020 |       0.000 |      0.020 |       NA    | Unspecified | NA         |
+-----------+-------------+-----------+-------------+------------+-------------+-------------+------------+


1.3 Confidence Level
--------------------

+-----------------------------+------------+-------------------------------------------------------+------------------------------------------------------------------------------------------------------------+
| User Input Data             | Confidence | Details                                               | Action                                                                                                     |
+-----------------------------+------------+-------------------------------------------------------+------------------------------------------------------------------------------------------------------------+
| Design implementation state | High       | Design is routed                                      |                                                                                                            |
| Clock nodes activity        | High       | User specified more than 95% of clocks                |                                                                                                            |
| I/O nodes activity          | Medium     | More than 5% of inputs are missing user specification | Provide missing input activity with simulation results or by editing the "By Resource Type -> I/Os" view   |
| Internal nodes activity     | Medium     | User specified less than 25% of internal nodes        | Provide missing internal nodes activity with simulation results or by editing the "By Resource Type" views |
| Device models               | High       | Device models are Production                          |                                                                                                            |
|                             |            |                                                       |                                                                                                            |
| Overall confidence level    | Medium     |                                                       |                                                                                                            |
+-----------------------------+------------+-------------------------------------------------------+------------------------------------------------------------------------------------------------------------+


2. Settings
-----------

2.1 Environment
---------------

+-----------------------+--------------------------+
| Ambient Temp (C)      | 25.0                     |
| ThetaJA (C/W)         | 4.6                      |
| Airflow (LFM)         | 250                      |
| Heat Sink             | medium (Medium Profile)  |
| ThetaSA (C/W)         | 4.6                      |
| Board Selection       | medium (10"x10")         |
| # of Board Layers     | 12to15 (12 to 15 Layers) |
| Board Temperature (C) | 25.0                     |
+-----------------------+--------------------------+


2.2 Clock Constraints
---------------------

+-------+--------+-----------------+
| Clock | Domain | Constraint (ns) |
+-------+--------+-----------------+
| clk   | clk    |            10.3 |
+-------+--------+-----------------+


3. Detailed Reports
-------------------

3.1 By Hierarchy
----------------

+------------------+-----------+
| Name             | Power (W) |
+------------------+-----------+
| picorv32_soc_top |     0.017 |
+------------------+-----------+


713 Infos, 1130 Warnings, 0 Critical Warnings and 0 Errors encountered.
report_power completed successfully



<bold><cyan>######################################<end>
<bold><cyan>   Running synthesis at 98 MHz <end>
<bold><cyan>######################################<end>

WARNING: [filemgmt 56-128] File '/net/users/oelmouden/picorv32/work/fmax_synthesis/vivado/xc7a100t-csg324-1/picorv32/rv32im_fast/constraints.xdc' is already in the project and will not be added again
Parsing XDC File [/net/users/oelmouden/picorv32/work/fmax_synthesis/vivado/xc7a100t-csg324-1/picorv32/rv32im_fast/constraints.xdc]
WARNING: [Vivado 12-2489] -period contains time 10.204082 which will be rounded to 10.204 to ensure it is an integer multiple of 1 picosecond [/net/users/oelmouden/picorv32/work/fmax_synthesis/vivado/xc7a100t-csg324-1/picorv32/rv32im_fast/constraints.xdc:1]
WARNING: [Constraints 18-619] A clock with name 'clk' already exists, overwriting the previous clock with the same name. [/net/users/oelmouden/picorv32/work/fmax_synthesis/vivado/xc7a100t-csg324-1/picorv32/rv32im_fast/constraints.xdc:1]
Finished Parsing XDC File [/net/users/oelmouden/picorv32/work/fmax_synthesis/vivado/xc7a100t-csg324-1/picorv32/rv32im_fast/constraints.xdc]
Command: synth_design -flatten_hierarchy full -part xc7a100t-csg324-1 -top picorv32_soc_top -verilog_define VIVADO
Starting synth_design
Attempting to get a license for feature 'Synthesis' and/or device 'xc7a100t'
INFO: [Common 17-349] Got license for feature 'Synthesis' and/or device 'xc7a100t'
INFO: [Synth 8-7079] Multithreading enabled for synth_design using a maximum of 7 processes.
---------------------------------------------------------------------------------
Starting RTL Elaboration : Time (s): cpu = 00:00:05 ; elapsed = 00:00:05 . Memory (MB): peak = 3962.945 ; gain = 0.000 ; free physical = 741116 ; free virtual = 764147
---------------------------------------------------------------------------------
INFO: [Synth 8-6157] synthesizing module 'picorv32_soc_top' [/net/users/oelmouden/picorv32/work/fmax_synthesis/vivado/xc7a100t-csg324-1/picorv32/rv32im_fast/rtl/picorv32_soc_top.v:5]
INFO: [Synth 8-6157] synthesizing module 'picorv32' [/net/users/oelmouden/picorv32/work/fmax_synthesis/vivado/xc7a100t-csg324-1/picorv32/rv32im_fast/rtl/picorv32.v:62]
	Parameter ENABLE_COUNTERS bound to: 1'b1 
	Parameter ENABLE_COUNTERS64 bound to: 1'b1 
	Parameter ENABLE_REGS_16_31 bound to: 1'b1 
	Parameter ENABLE_REGS_DUALPORT bound to: 1'b1 
	Parameter LATCHED_MEM_RDATA bound to: 1'b0 
	Parameter TWO_STAGE_SHIFT bound to: 1'b1 
	Parameter BARREL_SHIFTER bound to: 1'b0 
	Parameter TWO_CYCLE_COMPARE bound to: 1'b0 
	Parameter TWO_CYCLE_ALU bound to: 1'b0 
	Parameter COMPRESSED_ISA bound to: 1'b0 
	Parameter CATCH_MISALIGN bound to: 1'b1 
	Parameter CATCH_ILLINSN bound to: 1'b1 
	Parameter ENABLE_PCPI bound to: 1'b0 
	Parameter ENABLE_MUL bound to: 1'b0 
	Parameter ENABLE_FAST_MUL bound to: 1'b1 
	Parameter ENABLE_DIV bound to: 1'b1 
	Parameter ENABLE_IRQ bound to: 1'b0 
	Parameter ENABLE_IRQ_QREGS bound to: 1'b1 
	Parameter ENABLE_IRQ_TIMER bound to: 1'b1 
	Parameter ENABLE_TRACE bound to: 1'b0 
	Parameter REGS_INIT_ZERO bound to: 1'b0 
	Parameter MASKED_IRQ bound to: 0 - type: integer 
	Parameter LATCHED_IRQ bound to: -1 - type: integer 
	Parameter PROGADDR_RESET bound to: 0 - type: integer 
	Parameter PROGADDR_IRQ bound to: 16 - type: integer 
	Parameter STACKADDR bound to: -1 - type: integer 
INFO: [Synth 8-6157] synthesizing module 'picorv32_pcpi_fast_mul' [/net/users/oelmouden/picorv32/work/fmax_synthesis/vivado/xc7a100t-csg324-1/picorv32/rv32im_fast/rtl/picorv32.v:2318]
INFO: [Synth 8-155] case statement is not full and has no default [/net/users/oelmouden/picorv32/work/fmax_synthesis/vivado/xc7a100t-csg324-1/picorv32/rv32im_fast/rtl/picorv32.v:2355]
INFO: [Synth 8-6155] done synthesizing module 'picorv32_pcpi_fast_mul' (0#1) [/net/users/oelmouden/picorv32/work/fmax_synthesis/vivado/xc7a100t-csg324-1/picorv32/rv32im_fast/rtl/picorv32.v:2318]
INFO: [Synth 8-6157] synthesizing module 'picorv32_pcpi_div' [/net/users/oelmouden/picorv32/work/fmax_synthesis/vivado/xc7a100t-csg324-1/picorv32/rv32im_fast/rtl/picorv32.v:2420]
INFO: [Synth 8-155] case statement is not full and has no default [/net/users/oelmouden/picorv32/work/fmax_synthesis/vivado/xc7a100t-csg324-1/picorv32/rv32im_fast/rtl/picorv32.v:2445]
INFO: [Synth 8-6155] done synthesizing module 'picorv32_pcpi_div' (0#1) [/net/users/oelmouden/picorv32/work/fmax_synthesis/vivado/xc7a100t-csg324-1/picorv32/rv32im_fast/rtl/picorv32.v:2420]
INFO: [Synth 8-155] case statement is not full and has no default [/net/users/oelmouden/picorv32/work/fmax_synthesis/vivado/xc7a100t-csg324-1/picorv32/rv32im_fast/rtl/picorv32.v:331]
WARNING: [Synth 8-151] case item 1'b0 is unreachable [/net/users/oelmouden/picorv32/work/fmax_synthesis/vivado/xc7a100t-csg324-1/picorv32/rv32im_fast/rtl/picorv32.v:1268]
WARNING: [Synth 8-151] case item 1'b0 is unreachable [/net/users/oelmouden/picorv32/work/fmax_synthesis/vivado/xc7a100t-csg324-1/picorv32/rv32im_fast/rtl/picorv32.v:1314]
INFO: [Synth 8-155] case statement is not full and has no default [/net/users/oelmouden/picorv32/work/fmax_synthesis/vivado/xc7a100t-csg324-1/picorv32/rv32im_fast/rtl/picorv32.v:1314]
WARNING: [Synth 8-151] case item 1'b0 is unreachable [/net/users/oelmouden/picorv32/work/fmax_synthesis/vivado/xc7a100t-csg324-1/picorv32/rv32im_fast/rtl/picorv32.v:1497]
INFO: [Synth 8-155] case statement is not full and has no default [/net/users/oelmouden/picorv32/work/fmax_synthesis/vivado/xc7a100t-csg324-1/picorv32/rv32im_fast/rtl/picorv32.v:1497]
WARNING: [Synth 8-151] case item 1'b0 is unreachable [/net/users/oelmouden/picorv32/work/fmax_synthesis/vivado/xc7a100t-csg324-1/picorv32/rv32im_fast/rtl/picorv32.v:1583]
WARNING: [Synth 8-151] case item 1'b0 is unreachable [/net/users/oelmouden/picorv32/work/fmax_synthesis/vivado/xc7a100t-csg324-1/picorv32/rv32im_fast/rtl/picorv32.v:1583]
WARNING: [Synth 8-151] case item 1'b0 is unreachable [/net/users/oelmouden/picorv32/work/fmax_synthesis/vivado/xc7a100t-csg324-1/picorv32/rv32im_fast/rtl/picorv32.v:1583]
WARNING: [Synth 8-151] case item 1'b0 is unreachable [/net/users/oelmouden/picorv32/work/fmax_synthesis/vivado/xc7a100t-csg324-1/picorv32/rv32im_fast/rtl/picorv32.v:1583]
WARNING: [Synth 8-151] case item 1'b0 is unreachable [/net/users/oelmouden/picorv32/work/fmax_synthesis/vivado/xc7a100t-csg324-1/picorv32/rv32im_fast/rtl/picorv32.v:1583]
INFO: [Synth 8-6155] done synthesizing module 'picorv32' (0#1) [/net/users/oelmouden/picorv32/work/fmax_synthesis/vivado/xc7a100t-csg324-1/picorv32/rv32im_fast/rtl/picorv32.v:62]
INFO: [Synth 8-6157] synthesizing module 'picorv32_simple_ram' [/net/users/oelmouden/picorv32/work/fmax_synthesis/vivado/xc7a100t-csg324-1/picorv32/rv32im_fast/rtl/picorv32_simple_ram.v:5]
	Parameter MEM_WORDS bound to: 1024 - type: integer 
INFO: [Synth 8-6155] done synthesizing module 'picorv32_simple_ram' (0#1) [/net/users/oelmouden/picorv32/work/fmax_synthesis/vivado/xc7a100t-csg324-1/picorv32/rv32im_fast/rtl/picorv32_simple_ram.v:5]
INFO: [Synth 8-6155] done synthesizing module 'picorv32_soc_top' (0#1) [/net/users/oelmouden/picorv32/work/fmax_synthesis/vivado/xc7a100t-csg324-1/picorv32/rv32im_fast/rtl/picorv32_soc_top.v:5]
WARNING: [Synth 8-6014] Unused sequential element pcpi_insn_valid_q_reg was removed.  [/net/users/oelmouden/picorv32/work/fmax_synthesis/vivado/xc7a100t-csg324-1/picorv32/rv32im_fast/rtl/picorv32.v:2365]
WARNING: [Synth 8-6014] Unused sequential element rs1_q_reg was removed.  [/net/users/oelmouden/picorv32/work/fmax_synthesis/vivado/xc7a100t-csg324-1/picorv32/rv32im_fast/rtl/picorv32.v:2367]
WARNING: [Synth 8-6014] Unused sequential element rs2_q_reg was removed.  [/net/users/oelmouden/picorv32/work/fmax_synthesis/vivado/xc7a100t-csg324-1/picorv32/rv32im_fast/rtl/picorv32.v:2368]
WARNING: [Synth 8-6014] Unused sequential element rd_q_reg was removed.  [/net/users/oelmouden/picorv32/work/fmax_synthesis/vivado/xc7a100t-csg324-1/picorv32/rv32im_fast/rtl/picorv32.v:2374]
WARNING: [Synth 8-6014] Unused sequential element pcpi_wr_reg was removed.  [/net/users/oelmouden/picorv32/work/fmax_synthesis/vivado/xc7a100t-csg324-1/picorv32/rv32im_fast/rtl/picorv32.v:2466]
WARNING: [Synth 8-6014] Unused sequential element mem_la_firstword_reg_reg was removed.  [/net/users/oelmouden/picorv32/work/fmax_synthesis/vivado/xc7a100t-csg324-1/picorv32/rv32im_fast/rtl/picorv32.v:392]
WARNING: [Synth 8-6014] Unused sequential element last_mem_valid_reg was removed.  [/net/users/oelmouden/picorv32/work/fmax_synthesis/vivado/xc7a100t-csg324-1/picorv32/rv32im_fast/rtl/picorv32.v:393]
WARNING: [Synth 8-6014] Unused sequential element next_insn_opcode_reg was removed.  [/net/users/oelmouden/picorv32/work/fmax_synthesis/vivado/xc7a100t-csg324-1/picorv32/rv32im_fast/rtl/picorv32.v:433]
WARNING: [Synth 8-6014] Unused sequential element mem_la_secondword_reg was removed.  [/net/users/oelmouden/picorv32/work/fmax_synthesis/vivado/xc7a100t-csg324-1/picorv32/rv32im_fast/rtl/picorv32.v:571]
WARNING: [Synth 8-6014] Unused sequential element prefetched_high_word_reg was removed.  [/net/users/oelmouden/picorv32/work/fmax_synthesis/vivado/xc7a100t-csg324-1/picorv32/rv32im_fast/rtl/picorv32.v:572]
WARNING: [Synth 8-6014] Unused sequential element q_ascii_instr_reg was removed.  [/net/users/oelmouden/picorv32/work/fmax_synthesis/vivado/xc7a100t-csg324-1/picorv32/rv32im_fast/rtl/picorv32.v:779]
WARNING: [Synth 8-6014] Unused sequential element q_insn_imm_reg was removed.  [/net/users/oelmouden/picorv32/work/fmax_synthesis/vivado/xc7a100t-csg324-1/picorv32/rv32im_fast/rtl/picorv32.v:780]
WARNING: [Synth 8-6014] Unused sequential element q_insn_opcode_reg was removed.  [/net/users/oelmouden/picorv32/work/fmax_synthesis/vivado/xc7a100t-csg324-1/picorv32/rv32im_fast/rtl/picorv32.v:781]
WARNING: [Synth 8-6014] Unused sequential element q_insn_rs1_reg was removed.  [/net/users/oelmouden/picorv32/work/fmax_synthesis/vivado/xc7a100t-csg324-1/picorv32/rv32im_fast/rtl/picorv32.v:782]
WARNING: [Synth 8-6014] Unused sequential element q_insn_rs2_reg was removed.  [/net/users/oelmouden/picorv32/work/fmax_synthesis/vivado/xc7a100t-csg324-1/picorv32/rv32im_fast/rtl/picorv32.v:783]
WARNING: [Synth 8-6014] Unused sequential element q_insn_rd_reg was removed.  [/net/users/oelmouden/picorv32/work/fmax_synthesis/vivado/xc7a100t-csg324-1/picorv32/rv32im_fast/rtl/picorv32.v:784]
WARNING: [Synth 8-6014] Unused sequential element dbg_next_reg was removed.  [/net/users/oelmouden/picorv32/work/fmax_synthesis/vivado/xc7a100t-csg324-1/picorv32/rv32im_fast/rtl/picorv32.v:785]
WARNING: [Synth 8-6014] Unused sequential element dbg_valid_insn_reg was removed.  [/net/users/oelmouden/picorv32/work/fmax_synthesis/vivado/xc7a100t-csg324-1/picorv32/rv32im_fast/rtl/picorv32.v:788]
WARNING: [Synth 8-6014] Unused sequential element cached_ascii_instr_reg was removed.  [/net/users/oelmouden/picorv32/work/fmax_synthesis/vivado/xc7a100t-csg324-1/picorv32/rv32im_fast/rtl/picorv32.v:793]
WARNING: [Synth 8-6014] Unused sequential element cached_insn_imm_reg was removed.  [/net/users/oelmouden/picorv32/work/fmax_synthesis/vivado/xc7a100t-csg324-1/picorv32/rv32im_fast/rtl/picorv32.v:794]
WARNING: [Synth 8-6014] Unused sequential element cached_insn_opcode_reg was removed.  [/net/users/oelmouden/picorv32/work/fmax_synthesis/vivado/xc7a100t-csg324-1/picorv32/rv32im_fast/rtl/picorv32.v:796]
WARNING: [Synth 8-6014] Unused sequential element cached_insn_rs1_reg was removed.  [/net/users/oelmouden/picorv32/work/fmax_synthesis/vivado/xc7a100t-csg324-1/picorv32/rv32im_fast/rtl/picorv32.v:799]
WARNING: [Synth 8-6014] Unused sequential element cached_insn_rs2_reg was removed.  [/net/users/oelmouden/picorv32/work/fmax_synthesis/vivado/xc7a100t-csg324-1/picorv32/rv32im_fast/rtl/picorv32.v:800]
WARNING: [Synth 8-6014] Unused sequential element cached_insn_rd_reg was removed.  [/net/users/oelmouden/picorv32/work/fmax_synthesis/vivado/xc7a100t-csg324-1/picorv32/rv32im_fast/rtl/picorv32.v:801]
WARNING: [Synth 8-6014] Unused sequential element dbg_insn_addr_reg was removed.  [/net/users/oelmouden/picorv32/work/fmax_synthesis/vivado/xc7a100t-csg324-1/picorv32/rv32im_fast/rtl/picorv32.v:805]
WARNING: [Synth 8-6014] Unused sequential element clear_prefetched_high_word_q_reg was removed.  [/net/users/oelmouden/picorv32/work/fmax_synthesis/vivado/xc7a100t-csg324-1/picorv32/rv32im_fast/rtl/picorv32.v:1293]
WARNING: [Synth 8-6014] Unused sequential element set_mem_do_rinst_reg was removed.  [/net/users/oelmouden/picorv32/work/fmax_synthesis/vivado/xc7a100t-csg324-1/picorv32/rv32im_fast/rtl/picorv32.v:1406]
WARNING: [Synth 8-6014] Unused sequential element set_mem_do_rdata_reg was removed.  [/net/users/oelmouden/picorv32/work/fmax_synthesis/vivado/xc7a100t-csg324-1/picorv32/rv32im_fast/rtl/picorv32.v:1407]
WARNING: [Synth 8-6014] Unused sequential element set_mem_do_wdata_reg was removed.  [/net/users/oelmouden/picorv32/work/fmax_synthesis/vivado/xc7a100t-csg324-1/picorv32/rv32im_fast/rtl/picorv32.v:1408]
WARNING: [Synth 8-6014] Unused sequential element alu_out_0_q_reg was removed.  [/net/users/oelmouden/picorv32/work/fmax_synthesis/vivado/xc7a100t-csg324-1/picorv32/rv32im_fast/rtl/picorv32.v:1410]
WARNING: [Synth 8-6014] Unused sequential element alu_wait_reg was removed.  [/net/users/oelmouden/picorv32/work/fmax_synthesis/vivado/xc7a100t-csg324-1/picorv32/rv32im_fast/rtl/picorv32.v:1413]
WARNING: [Synth 8-6014] Unused sequential element alu_wait_2_reg was removed.  [/net/users/oelmouden/picorv32/work/fmax_synthesis/vivado/xc7a100t-csg324-1/picorv32/rv32im_fast/rtl/picorv32.v:1414]
WARNING: [Synth 8-6014] Unused sequential element dbg_rs1val_reg was removed.  [/net/users/oelmouden/picorv32/work/fmax_synthesis/vivado/xc7a100t-csg324-1/picorv32/rv32im_fast/rtl/picorv32.v:1417]
WARNING: [Synth 8-6014] Unused sequential element dbg_rs2val_reg was removed.  [/net/users/oelmouden/picorv32/work/fmax_synthesis/vivado/xc7a100t-csg324-1/picorv32/rv32im_fast/rtl/picorv32.v:1418]
WARNING: [Synth 8-6014] Unused sequential element dbg_rs1val_valid_reg was removed.  [/net/users/oelmouden/picorv32/work/fmax_synthesis/vivado/xc7a100t-csg324-1/picorv32/rv32im_fast/rtl/picorv32.v:1419]
WARNING: [Synth 8-6014] Unused sequential element dbg_rs2val_valid_reg was removed.  [/net/users/oelmouden/picorv32/work/fmax_synthesis/vivado/xc7a100t-csg324-1/picorv32/rv32im_fast/rtl/picorv32.v:1420]
WARNING: [Synth 8-6014] Unused sequential element next_irq_pending_reg was removed.  [/net/users/oelmouden/picorv32/work/fmax_synthesis/vivado/xc7a100t-csg324-1/picorv32/rv32im_fast/rtl/picorv32.v:1440]
WARNING: [Synth 8-6014] Unused sequential element decoder_trigger_q_reg was removed.  [/net/users/oelmouden/picorv32/work/fmax_synthesis/vivado/xc7a100t-csg324-1/picorv32/rv32im_fast/rtl/picorv32.v:1447]
WARNING: [Synth 8-6014] Unused sequential element decoder_pseudo_trigger_q_reg was removed.  [/net/users/oelmouden/picorv32/work/fmax_synthesis/vivado/xc7a100t-csg324-1/picorv32/rv32im_fast/rtl/picorv32.v:1449]
WARNING: [Synth 8-6014] Unused sequential element latched_trace_reg was removed.  [/net/users/oelmouden/picorv32/work/fmax_synthesis/vivado/xc7a100t-csg324-1/picorv32/rv32im_fast/rtl/picorv32.v:1465]
WARNING: [Synth 8-6014] Unused sequential element irq_active_reg was removed.  [/net/users/oelmouden/picorv32/work/fmax_synthesis/vivado/xc7a100t-csg324-1/picorv32/rv32im_fast/rtl/picorv32.v:1471]
WARNING: [Synth 8-6014] Unused sequential element irq_delay_reg was removed.  [/net/users/oelmouden/picorv32/work/fmax_synthesis/vivado/xc7a100t-csg324-1/picorv32/rv32im_fast/rtl/picorv32.v:1472]
WARNING: [Synth 8-6014] Unused sequential element irq_mask_reg was removed.  [/net/users/oelmouden/picorv32/work/fmax_synthesis/vivado/xc7a100t-csg324-1/picorv32/rv32im_fast/rtl/picorv32.v:1473]
WARNING: [Synth 8-6014] Unused sequential element irq_state_reg was removed.  [/net/users/oelmouden/picorv32/work/fmax_synthesis/vivado/xc7a100t-csg324-1/picorv32/rv32im_fast/rtl/picorv32.v:1475]
WARNING: [Synth 8-6014] Unused sequential element timer_reg was removed.  [/net/users/oelmouden/picorv32/work/fmax_synthesis/vivado/xc7a100t-csg324-1/picorv32/rv32im_fast/rtl/picorv32.v:1477]
WARNING: [Synth 8-6014] Unused sequential element current_pc_reg was removed.  [/net/users/oelmouden/picorv32/work/fmax_synthesis/vivado/xc7a100t-csg324-1/picorv32/rv32im_fast/rtl/picorv32.v:1495]
WARNING: [Synth 8-6014] Unused sequential element irq_pending_reg was removed.  [/net/users/oelmouden/picorv32/work/fmax_synthesis/vivado/xc7a100t-csg324-1/picorv32/rv32im_fast/rtl/picorv32.v:1963]
WARNING: [Synth 8-6014] Unused sequential element trace_valid_reg was removed.  [/net/users/oelmouden/picorv32/work/fmax_synthesis/vivado/xc7a100t-csg324-1/picorv32/rv32im_fast/rtl/picorv32.v:1452]
WARNING: [Synth 8-7129] Port pcpi_insn[24] in module picorv32_pcpi_div is either unconnected or has no load
WARNING: [Synth 8-7129] Port pcpi_insn[23] in module picorv32_pcpi_div is either unconnected or has no load
WARNING: [Synth 8-7129] Port pcpi_insn[22] in module picorv32_pcpi_div is either unconnected or has no load
WARNING: [Synth 8-7129] Port pcpi_insn[21] in module picorv32_pcpi_div is either unconnected or has no load
WARNING: [Synth 8-7129] Port pcpi_insn[20] in module picorv32_pcpi_div is either unconnected or has no load
WARNING: [Synth 8-7129] Port pcpi_insn[19] in module picorv32_pcpi_div is either unconnected or has no load
WARNING: [Synth 8-7129] Port pcpi_insn[18] in module picorv32_pcpi_div is either unconnected or has no load
WARNING: [Synth 8-7129] Port pcpi_insn[17] in module picorv32_pcpi_div is either unconnected or has no load
WARNING: [Synth 8-7129] Port pcpi_insn[16] in module picorv32_pcpi_div is either unconnected or has no load
WARNING: [Synth 8-7129] Port pcpi_insn[15] in module picorv32_pcpi_div is either unconnected or has no load
WARNING: [Synth 8-7129] Port pcpi_insn[11] in module picorv32_pcpi_div is either unconnected or has no load
WARNING: [Synth 8-7129] Port pcpi_insn[10] in module picorv32_pcpi_div is either unconnected or has no load
WARNING: [Synth 8-7129] Port pcpi_insn[9] in module picorv32_pcpi_div is either unconnected or has no load
WARNING: [Synth 8-7129] Port pcpi_insn[8] in module picorv32_pcpi_div is either unconnected or has no load
WARNING: [Synth 8-7129] Port pcpi_insn[7] in module picorv32_pcpi_div is either unconnected or has no load
WARNING: [Synth 8-7129] Port pcpi_insn[24] in module picorv32_pcpi_fast_mul is either unconnected or has no load
WARNING: [Synth 8-7129] Port pcpi_insn[23] in module picorv32_pcpi_fast_mul is either unconnected or has no load
WARNING: [Synth 8-7129] Port pcpi_insn[22] in module picorv32_pcpi_fast_mul is either unconnected or has no load
WARNING: [Synth 8-7129] Port pcpi_insn[21] in module picorv32_pcpi_fast_mul is either unconnected or has no load
WARNING: [Synth 8-7129] Port pcpi_insn[20] in module picorv32_pcpi_fast_mul is either unconnected or has no load
WARNING: [Synth 8-7129] Port pcpi_insn[19] in module picorv32_pcpi_fast_mul is either unconnected or has no load
WARNING: [Synth 8-7129] Port pcpi_insn[18] in module picorv32_pcpi_fast_mul is either unconnected or has no load
WARNING: [Synth 8-7129] Port pcpi_insn[17] in module picorv32_pcpi_fast_mul is either unconnected or has no load
WARNING: [Synth 8-7129] Port pcpi_insn[16] in module picorv32_pcpi_fast_mul is either unconnected or has no load
WARNING: [Synth 8-7129] Port pcpi_insn[15] in module picorv32_pcpi_fast_mul is either unconnected or has no load
WARNING: [Synth 8-7129] Port pcpi_insn[11] in module picorv32_pcpi_fast_mul is either unconnected or has no load
WARNING: [Synth 8-7129] Port pcpi_insn[10] in module picorv32_pcpi_fast_mul is either unconnected or has no load
WARNING: [Synth 8-7129] Port pcpi_insn[9] in module picorv32_pcpi_fast_mul is either unconnected or has no load
WARNING: [Synth 8-7129] Port pcpi_insn[8] in module picorv32_pcpi_fast_mul is either unconnected or has no load
WARNING: [Synth 8-7129] Port pcpi_insn[7] in module picorv32_pcpi_fast_mul is either unconnected or has no load
WARNING: [Synth 8-7129] Port pcpi_wr in module picorv32 is either unconnected or has no load
WARNING: [Synth 8-7129] Port pcpi_rd[31] in module picorv32 is either unconnected or has no load
WARNING: [Synth 8-7129] Port pcpi_rd[30] in module picorv32 is either unconnected or has no load
WARNING: [Synth 8-7129] Port pcpi_rd[29] in module picorv32 is either unconnected or has no load
WARNING: [Synth 8-7129] Port pcpi_rd[28] in module picorv32 is either unconnected or has no load
WARNING: [Synth 8-7129] Port pcpi_rd[27] in module picorv32 is either unconnected or has no load
WARNING: [Synth 8-7129] Port pcpi_rd[26] in module picorv32 is either unconnected or has no load
WARNING: [Synth 8-7129] Port pcpi_rd[25] in module picorv32 is either unconnected or has no load
WARNING: [Synth 8-7129] Port pcpi_rd[24] in module picorv32 is either unconnected or has no load
WARNING: [Synth 8-7129] Port pcpi_rd[23] in module picorv32 is either unconnected or has no load
WARNING: [Synth 8-7129] Port pcpi_rd[22] in module picorv32 is either unconnected or has no load
WARNING: [Synth 8-7129] Port pcpi_rd[21] in module picorv32 is either unconnected or has no load
WARNING: [Synth 8-7129] Port pcpi_rd[20] in module picorv32 is either unconnected or has no load
WARNING: [Synth 8-7129] Port pcpi_rd[19] in module picorv32 is either unconnected or has no load
WARNING: [Synth 8-7129] Port pcpi_rd[18] in module picorv32 is either unconnected or has no load
WARNING: [Synth 8-7129] Port pcpi_rd[17] in module picorv32 is either unconnected or has no load
WARNING: [Synth 8-7129] Port pcpi_rd[16] in module picorv32 is either unconnected or has no load
WARNING: [Synth 8-7129] Port pcpi_rd[15] in module picorv32 is either unconnected or has no load
WARNING: [Synth 8-7129] Port pcpi_rd[14] in module picorv32 is either unconnected or has no load
WARNING: [Synth 8-7129] Port pcpi_rd[13] in module picorv32 is either unconnected or has no load
WARNING: [Synth 8-7129] Port pcpi_rd[12] in module picorv32 is either unconnected or has no load
WARNING: [Synth 8-7129] Port pcpi_rd[11] in module picorv32 is either unconnected or has no load
WARNING: [Synth 8-7129] Port pcpi_rd[10] in module picorv32 is either unconnected or has no load
WARNING: [Synth 8-7129] Port pcpi_rd[9] in module picorv32 is either unconnected or has no load
WARNING: [Synth 8-7129] Port pcpi_rd[8] in module picorv32 is either unconnected or has no load
WARNING: [Synth 8-7129] Port pcpi_rd[7] in module picorv32 is either unconnected or has no load
WARNING: [Synth 8-7129] Port pcpi_rd[6] in module picorv32 is either unconnected or has no load
WARNING: [Synth 8-7129] Port pcpi_rd[5] in module picorv32 is either unconnected or has no load
WARNING: [Synth 8-7129] Port pcpi_rd[4] in module picorv32 is either unconnected or has no load
WARNING: [Synth 8-7129] Port pcpi_rd[3] in module picorv32 is either unconnected or has no load
WARNING: [Synth 8-7129] Port pcpi_rd[2] in module picorv32 is either unconnected or has no load
WARNING: [Synth 8-7129] Port pcpi_rd[1] in module picorv32 is either unconnected or has no load
WARNING: [Synth 8-7129] Port pcpi_rd[0] in module picorv32 is either unconnected or has no load
WARNING: [Synth 8-7129] Port pcpi_wait in module picorv32 is either unconnected or has no load
WARNING: [Synth 8-7129] Port pcpi_ready in module picorv32 is either unconnected or has no load
WARNING: [Synth 8-7129] Port irq[31] in module picorv32 is either unconnected or has no load
WARNING: [Synth 8-7129] Port irq[30] in module picorv32 is either unconnected or has no load
WARNING: [Synth 8-7129] Port irq[29] in module picorv32 is either unconnected or has no load
WARNING: [Synth 8-7129] Port irq[28] in module picorv32 is either unconnected or has no load
WARNING: [Synth 8-7129] Port irq[27] in module picorv32 is either unconnected or has no load
WARNING: [Synth 8-7129] Port irq[26] in module picorv32 is either unconnected or has no load
WARNING: [Synth 8-7129] Port irq[25] in module picorv32 is either unconnected or has no load
WARNING: [Synth 8-7129] Port irq[24] in module picorv32 is either unconnected or has no load
WARNING: [Synth 8-7129] Port irq[23] in module picorv32 is either unconnected or has no load
WARNING: [Synth 8-7129] Port irq[22] in module picorv32 is either unconnected or has no load
WARNING: [Synth 8-7129] Port irq[21] in module picorv32 is either unconnected or has no load
WARNING: [Synth 8-7129] Port irq[20] in module picorv32 is either unconnected or has no load
WARNING: [Synth 8-7129] Port irq[19] in module picorv32 is either unconnected or has no load
WARNING: [Synth 8-7129] Port irq[18] in module picorv32 is either unconnected or has no load
WARNING: [Synth 8-7129] Port irq[17] in module picorv32 is either unconnected or has no load
WARNING: [Synth 8-7129] Port irq[16] in module picorv32 is either unconnected or has no load
WARNING: [Synth 8-7129] Port irq[15] in module picorv32 is either unconnected or has no load
WARNING: [Synth 8-7129] Port irq[14] in module picorv32 is either unconnected or has no load
WARNING: [Synth 8-7129] Port irq[13] in module picorv32 is either unconnected or has no load
WARNING: [Synth 8-7129] Port irq[12] in module picorv32 is either unconnected or has no load
WARNING: [Synth 8-7129] Port irq[11] in module picorv32 is either unconnected or has no load
WARNING: [Synth 8-7129] Port irq[10] in module picorv32 is either unconnected or has no load
WARNING: [Synth 8-7129] Port irq[9] in module picorv32 is either unconnected or has no load
WARNING: [Synth 8-7129] Port irq[8] in module picorv32 is either unconnected or has no load
WARNING: [Synth 8-7129] Port irq[7] in module picorv32 is either unconnected or has no load
WARNING: [Synth 8-7129] Port irq[6] in module picorv32 is either unconnected or has no load
WARNING: [Synth 8-7129] Port irq[5] in module picorv32 is either unconnected or has no load
WARNING: [Synth 8-7129] Port irq[4] in module picorv32 is either unconnected or has no load
WARNING: [Synth 8-7129] Port irq[3] in module picorv32 is either unconnected or has no load
WARNING: [Synth 8-7129] Port irq[2] in module picorv32 is either unconnected or has no load
WARNING: [Synth 8-7129] Port irq[1] in module picorv32 is either unconnected or has no load
WARNING: [Synth 8-7129] Port irq[0] in module picorv32 is either unconnected or has no load
---------------------------------------------------------------------------------
Finished RTL Elaboration : Time (s): cpu = 00:00:07 ; elapsed = 00:00:07 . Memory (MB): peak = 3962.945 ; gain = 0.000 ; free physical = 741080 ; free virtual = 764112
---------------------------------------------------------------------------------
---------------------------------------------------------------------------------
Start Handling Custom Attributes
---------------------------------------------------------------------------------
---------------------------------------------------------------------------------
Finished Handling Custom Attributes : Time (s): cpu = 00:00:07 ; elapsed = 00:00:07 . Memory (MB): peak = 3962.945 ; gain = 0.000 ; free physical = 741078 ; free virtual = 764109
---------------------------------------------------------------------------------
---------------------------------------------------------------------------------
Finished RTL Optimization Phase 1 : Time (s): cpu = 00:00:07 ; elapsed = 00:00:07 . Memory (MB): peak = 3962.945 ; gain = 0.000 ; free physical = 741078 ; free virtual = 764109
---------------------------------------------------------------------------------
Netlist sorting complete. Time (s): cpu = 00:00:00.02 ; elapsed = 00:00:00.03 . Memory (MB): peak = 3962.945 ; gain = 0.000 ; free physical = 741076 ; free virtual = 764107
INFO: [Project 1-570] Preparing netlist for logic optimization

Processing XDC Constraints
Initializing timing engine
Parsing XDC File [/net/users/oelmouden/picorv32/work/fmax_synthesis/vivado/xc7a100t-csg324-1/picorv32/rv32im_fast/constraints.xdc]
WARNING: [Vivado 12-2489] -period contains time 10.204082 which will be rounded to 10.204 to ensure it is an integer multiple of 1 picosecond [/net/users/oelmouden/picorv32/work/fmax_synthesis/vivado/xc7a100t-csg324-1/picorv32/rv32im_fast/constraints.xdc:1]
Finished Parsing XDC File [/net/users/oelmouden/picorv32/work/fmax_synthesis/vivado/xc7a100t-csg324-1/picorv32/rv32im_fast/constraints.xdc]
Completed Processing XDC Constraints

Netlist sorting complete. Time (s): cpu = 00:00:00 ; elapsed = 00:00:00 . Memory (MB): peak = 3962.945 ; gain = 0.000 ; free physical = 741049 ; free virtual = 764081
INFO: [Project 1-111] Unisim Transformation Summary:
No Unisim elements were transformed.

Constraint Validation Runtime : Time (s): cpu = 00:00:00.05 ; elapsed = 00:00:00.02 . Memory (MB): peak = 3962.945 ; gain = 0.000 ; free physical = 741049 ; free virtual = 764081
---------------------------------------------------------------------------------
Finished Constraint Validation : Time (s): cpu = 00:00:13 ; elapsed = 00:00:14 . Memory (MB): peak = 3962.945 ; gain = 0.000 ; free physical = 740984 ; free virtual = 764016
---------------------------------------------------------------------------------
---------------------------------------------------------------------------------
Start Loading Part and Timing Information
---------------------------------------------------------------------------------
Loading part: xc7a100tcsg324-1
---------------------------------------------------------------------------------
Finished Loading Part and Timing Information : Time (s): cpu = 00:00:13 ; elapsed = 00:00:14 . Memory (MB): peak = 3962.945 ; gain = 0.000 ; free physical = 740984 ; free virtual = 764016
---------------------------------------------------------------------------------
---------------------------------------------------------------------------------
Start Applying 'set_property' XDC Constraints
---------------------------------------------------------------------------------
---------------------------------------------------------------------------------
Finished applying 'set_property' XDC Constraints : Time (s): cpu = 00:00:13 ; elapsed = 00:00:14 . Memory (MB): peak = 3962.945 ; gain = 0.000 ; free physical = 740984 ; free virtual = 764016
---------------------------------------------------------------------------------
INFO: [Synth 8-802] inferred FSM for state register 'mem_state_reg' in module 'picorv32'
---------------------------------------------------------------------------------------------------
                   State |                     New Encoding |                Previous Encoding 
---------------------------------------------------------------------------------------------------
                 iSTATE2 |                               00 |                               00
                 iSTATE0 |                               01 |                               10
                  iSTATE |                               10 |                               01
                 iSTATE1 |                               11 |                               11
---------------------------------------------------------------------------------------------------
INFO: [Synth 8-3354] encoded FSM with state register 'mem_state_reg' using encoding 'sequential' in module 'picorv32'
---------------------------------------------------------------------------------
Finished RTL Optimization Phase 2 : Time (s): cpu = 00:00:14 ; elapsed = 00:00:15 . Memory (MB): peak = 3962.945 ; gain = 0.000 ; free physical = 740982 ; free virtual = 764013
---------------------------------------------------------------------------------
---------------------------------------------------------------------------------
Start RTL Component Statistics 
---------------------------------------------------------------------------------
Detailed RTL Component Info : 
+---Adders : 
	   2 Input   63 Bit       Adders := 1     
	   2 Input   32 Bit       Adders := 7     
	   3 Input   32 Bit       Adders := 1     
	   2 Input    5 Bit       Adders := 1     
	   2 Input    4 Bit       Adders := 1     
+---XORs : 
	   2 Input     32 Bit         XORs := 1     
+---Registers : 
	               64 Bit    Registers := 1     
	               63 Bit    Registers := 1     
	               36 Bit    Registers := 1     
	               33 Bit    Registers := 2     
	               32 Bit    Registers := 18    
	                8 Bit    Registers := 1     
	                5 Bit    Registers := 6     
	                4 Bit    Registers := 3     
	                2 Bit    Registers := 1     
	                1 Bit    Registers := 89    
+---Multipliers : 
	              33x33  Multipliers := 1     
+---RAMs : 
	              32K Bit	(1024 X 32 bit)          RAMs := 1     
	             1024 Bit	(32 X 32 bit)          RAMs := 1     
+---Muxes : 
	   2 Input   63 Bit        Muxes := 2     
	   2 Input   33 Bit        Muxes := 2     
	   2 Input   32 Bit        Muxes := 33    
	   3 Input   32 Bit        Muxes := 3     
	   5 Input   32 Bit        Muxes := 1     
	   6 Input   32 Bit        Muxes := 1     
	   4 Input   32 Bit        Muxes := 7     
	   2 Input   16 Bit        Muxes := 1     
	   4 Input    8 Bit        Muxes := 2     
	   2 Input    8 Bit        Muxes := 3     
	   5 Input    4 Bit        Muxes := 1     
	   2 Input    4 Bit        Muxes := 1     
	   4 Input    4 Bit        Muxes := 1     
	   3 Input    4 Bit        Muxes := 1     
	   2 Input    3 Bit        Muxes := 3     
	   4 Input    2 Bit        Muxes := 1     
	   2 Input    2 Bit        Muxes := 2     
	   2 Input    1 Bit        Muxes := 32    
	   4 Input    1 Bit        Muxes := 18    
	   3 Input    1 Bit        Muxes := 4     
	   7 Input    1 Bit        Muxes := 4     
---------------------------------------------------------------------------------
Finished RTL Component Statistics 
---------------------------------------------------------------------------------
---------------------------------------------------------------------------------
Start Part Resource Summary
---------------------------------------------------------------------------------
Part Resources:
DSPs: 240 (col length:80)
BRAMs: 270 (col length: RAMB18 80 RAMB36 40)
---------------------------------------------------------------------------------
Finished Part Resource Summary
---------------------------------------------------------------------------------
---------------------------------------------------------------------------------
Start Cross Boundary and Area Optimization
---------------------------------------------------------------------------------
WARNING: [Synth 8-7080] Parallel synthesis criteria is not met
DSP Report: Generating DSP rd0, operation Mode is: A2*B2.
DSP Report: register rs1_reg is absorbed into DSP rd0.
DSP Report: register rd0 is absorbed into DSP rd0.
DSP Report: operator rd0 is absorbed into DSP rd0.
DSP Report: operator rd0 is absorbed into DSP rd0.
DSP Report: Generating DSP rd_reg, operation Mode is: (PCIN>>17)+A2*B2.
DSP Report: register rs2_reg is absorbed into DSP rd_reg.
DSP Report: register rs1_reg is absorbed into DSP rd_reg.
DSP Report: register rd_reg is absorbed into DSP rd_reg.
DSP Report: operator rd0 is absorbed into DSP rd_reg.
DSP Report: operator rd0 is absorbed into DSP rd_reg.
DSP Report: Generating DSP rd0, operation Mode is: A2*B2.
DSP Report: register rd0 is absorbed into DSP rd0.
DSP Report: register rd0 is absorbed into DSP rd0.
DSP Report: operator rd0 is absorbed into DSP rd0.
DSP Report: operator rd0 is absorbed into DSP rd0.
DSP Report: Generating DSP rd_reg, operation Mode is: (PCIN>>17)+A2*B2.
DSP Report: register rs2_reg is absorbed into DSP rd_reg.
DSP Report: register rd_reg is absorbed into DSP rd_reg.
DSP Report: register rd_reg is absorbed into DSP rd_reg.
DSP Report: operator rd0 is absorbed into DSP rd_reg.
DSP Report: operator rd0 is absorbed into DSP rd_reg.
WARNING: [Synth 8-7129] Port pcpi_wr in module picorv32 is either unconnected or has no load
WARNING: [Synth 8-7129] Port pcpi_rd[31] in module picorv32 is either unconnected or has no load
WARNING: [Synth 8-7129] Port pcpi_rd[30] in module picorv32 is either unconnected or has no load
INFO: [Common 17-14] Message 'Synth 8-7129' appears 100 times and further instances of the messages will be disabled. Use the Tcl command set_msg_config to change the current settings.
WARNING: [Synth 8-3332] Sequential element (rd_reg[47]) is unused and will be removed from module picorv32_pcpi_fast_mul.
WARNING: [Synth 8-3332] Sequential element (rd_reg[46]) is unused and will be removed from module picorv32_pcpi_fast_mul.
WARNING: [Synth 8-3332] Sequential element (rd_reg[45]) is unused and will be removed from module picorv32_pcpi_fast_mul.
WARNING: [Synth 8-3332] Sequential element (rd_reg[44]) is unused and will be removed from module picorv32_pcpi_fast_mul.
WARNING: [Synth 8-3332] Sequential element (rd_reg[43]) is unused and will be removed from module picorv32_pcpi_fast_mul.
WARNING: [Synth 8-3332] Sequential element (rd_reg[42]) is unused and will be removed from module picorv32_pcpi_fast_mul.
WARNING: [Synth 8-3332] Sequential element (rd_reg[41]) is unused and will be removed from module picorv32_pcpi_fast_mul.
WARNING: [Synth 8-3332] Sequential element (rd_reg[40]) is unused and will be removed from module picorv32_pcpi_fast_mul.
WARNING: [Synth 8-3332] Sequential element (rd_reg[39]) is unused and will be removed from module picorv32_pcpi_fast_mul.
WARNING: [Synth 8-3332] Sequential element (rd_reg[38]) is unused and will be removed from module picorv32_pcpi_fast_mul.
WARNING: [Synth 8-3332] Sequential element (rd_reg[37]) is unused and will be removed from module picorv32_pcpi_fast_mul.
WARNING: [Synth 8-3332] Sequential element (rd_reg[36]) is unused and will be removed from module picorv32_pcpi_fast_mul.
WARNING: [Synth 8-3332] Sequential element (rd_reg[35]) is unused and will be removed from module picorv32_pcpi_fast_mul.
WARNING: [Synth 8-3332] Sequential element (rd_reg[34]) is unused and will be removed from module picorv32_pcpi_fast_mul.
WARNING: [Synth 8-3332] Sequential element (rd_reg[33]) is unused and will be removed from module picorv32_pcpi_fast_mul.
WARNING: [Synth 8-3332] Sequential element (rd_reg[32]) is unused and will be removed from module picorv32_pcpi_fast_mul.
WARNING: [Synth 8-3332] Sequential element (rd_reg[31]) is unused and will be removed from module picorv32_pcpi_fast_mul.
WARNING: [Synth 8-3332] Sequential element (rd_reg[30]) is unused and will be removed from module picorv32_pcpi_fast_mul.
WARNING: [Synth 8-3332] Sequential element (rd_reg[29]) is unused and will be removed from module picorv32_pcpi_fast_mul.
WARNING: [Synth 8-3332] Sequential element (rd_reg[28]) is unused and will be removed from module picorv32_pcpi_fast_mul.
WARNING: [Synth 8-3332] Sequential element (rd_reg[27]) is unused and will be removed from module picorv32_pcpi_fast_mul.
WARNING: [Synth 8-3332] Sequential element (rd_reg[26]) is unused and will be removed from module picorv32_pcpi_fast_mul.
WARNING: [Synth 8-3332] Sequential element (rd_reg[25]) is unused and will be removed from module picorv32_pcpi_fast_mul.
WARNING: [Synth 8-3332] Sequential element (rd_reg[24]) is unused and will be removed from module picorv32_pcpi_fast_mul.
WARNING: [Synth 8-3332] Sequential element (rd_reg[23]) is unused and will be removed from module picorv32_pcpi_fast_mul.
WARNING: [Synth 8-3332] Sequential element (rd_reg[22]) is unused and will be removed from module picorv32_pcpi_fast_mul.
WARNING: [Synth 8-3332] Sequential element (rd_reg[21]) is unused and will be removed from module picorv32_pcpi_fast_mul.
WARNING: [Synth 8-3332] Sequential element (rd_reg[20]) is unused and will be removed from module picorv32_pcpi_fast_mul.
WARNING: [Synth 8-3332] Sequential element (rd_reg[19]) is unused and will be removed from module picorv32_pcpi_fast_mul.
WARNING: [Synth 8-3332] Sequential element (rd_reg[18]) is unused and will be removed from module picorv32_pcpi_fast_mul.
WARNING: [Synth 8-3332] Sequential element (rd_reg[17]) is unused and will be removed from module picorv32_pcpi_fast_mul.
WARNING: [Synth 8-3332] Sequential element (rd_reg[47]__0) is unused and will be removed from module picorv32_pcpi_fast_mul.
WARNING: [Synth 8-3332] Sequential element (rd_reg[46]__0) is unused and will be removed from module picorv32_pcpi_fast_mul.
WARNING: [Synth 8-3332] Sequential element (rd_reg[45]__0) is unused and will be removed from module picorv32_pcpi_fast_mul.
WARNING: [Synth 8-3332] Sequential element (rd_reg[44]__0) is unused and will be removed from module picorv32_pcpi_fast_mul.
WARNING: [Synth 8-3332] Sequential element (rd_reg[43]__0) is unused and will be removed from module picorv32_pcpi_fast_mul.
WARNING: [Synth 8-3332] Sequential element (rd_reg[42]__0) is unused and will be removed from module picorv32_pcpi_fast_mul.
WARNING: [Synth 8-3332] Sequential element (rd_reg[41]__0) is unused and will be removed from module picorv32_pcpi_fast_mul.
WARNING: [Synth 8-3332] Sequential element (rd_reg[40]__0) is unused and will be removed from module picorv32_pcpi_fast_mul.
WARNING: [Synth 8-3332] Sequential element (rd_reg[39]__0) is unused and will be removed from module picorv32_pcpi_fast_mul.
WARNING: [Synth 8-3332] Sequential element (rd_reg[38]__0) is unused and will be removed from module picorv32_pcpi_fast_mul.
WARNING: [Synth 8-3332] Sequential element (rd_reg[37]__0) is unused and will be removed from module picorv32_pcpi_fast_mul.
WARNING: [Synth 8-3332] Sequential element (rd_reg[36]__0) is unused and will be removed from module picorv32_pcpi_fast_mul.
WARNING: [Synth 8-3332] Sequential element (rd_reg[35]__0) is unused and will be removed from module picorv32_pcpi_fast_mul.
WARNING: [Synth 8-3332] Sequential element (rd_reg[34]__0) is unused and will be removed from module picorv32_pcpi_fast_mul.
WARNING: [Synth 8-3332] Sequential element (rd_reg[33]__0) is unused and will be removed from module picorv32_pcpi_fast_mul.
WARNING: [Synth 8-3332] Sequential element (rd_reg[32]__0) is unused and will be removed from module picorv32_pcpi_fast_mul.
WARNING: [Synth 8-3332] Sequential element (rd_reg[31]__0) is unused and will be removed from module picorv32_pcpi_fast_mul.
WARNING: [Synth 8-3332] Sequential element (rd_reg[30]__0) is unused and will be removed from module picorv32_pcpi_fast_mul.
WARNING: [Synth 8-3332] Sequential element (rd_reg[29]__0) is unused and will be removed from module picorv32_pcpi_fast_mul.
WARNING: [Synth 8-3332] Sequential element (rd_reg[28]__0) is unused and will be removed from module picorv32_pcpi_fast_mul.
WARNING: [Synth 8-3332] Sequential element (rd_reg[27]__0) is unused and will be removed from module picorv32_pcpi_fast_mul.
WARNING: [Synth 8-3332] Sequential element (rd_reg[26]__0) is unused and will be removed from module picorv32_pcpi_fast_mul.
WARNING: [Synth 8-3332] Sequential element (rd_reg[25]__0) is unused and will be removed from module picorv32_pcpi_fast_mul.
WARNING: [Synth 8-3332] Sequential element (rd_reg[24]__0) is unused and will be removed from module picorv32_pcpi_fast_mul.
WARNING: [Synth 8-3332] Sequential element (rd_reg[23]__0) is unused and will be removed from module picorv32_pcpi_fast_mul.
WARNING: [Synth 8-3332] Sequential element (rd_reg[22]__0) is unused and will be removed from module picorv32_pcpi_fast_mul.
WARNING: [Synth 8-3332] Sequential element (rd_reg[21]__0) is unused and will be removed from module picorv32_pcpi_fast_mul.
WARNING: [Synth 8-3332] Sequential element (rd_reg[20]__0) is unused and will be removed from module picorv32_pcpi_fast_mul.
WARNING: [Synth 8-3332] Sequential element (rd_reg[19]__0) is unused and will be removed from module picorv32_pcpi_fast_mul.
WARNING: [Synth 8-3332] Sequential element (rd_reg[18]__0) is unused and will be removed from module picorv32_pcpi_fast_mul.
WARNING: [Synth 8-3332] Sequential element (rd_reg[17]__0) is unused and will be removed from module picorv32_pcpi_fast_mul.
---------------------------------------------------------------------------------
Finished Cross Boundary and Area Optimization : Time (s): cpu = 00:00:20 ; elapsed = 00:00:22 . Memory (MB): peak = 3962.945 ; gain = 0.000 ; free physical = 741109 ; free virtual = 764140
---------------------------------------------------------------------------------
 Sort Area is  rd0_0 : 0 0 : 2737 5129 : Used 1 time 0
 Sort Area is  rd0_0 : 0 1 : 2392 5129 : Used 1 time 0
 Sort Area is  rd0_3 : 0 0 : 2338 4501 : Used 1 time 0
 Sort Area is  rd0_3 : 0 1 : 2163 4501 : Used 1 time 0
---------------------------------------------------------------------------------
Start ROM, RAM, DSP, Shift Register and Retiming Reporting
---------------------------------------------------------------------------------

Block RAM: Preliminary Mapping Report (see note below)
+-----------------+----------------+------------------------+---+---+------------------------+---+---+------------------+--------+--------+
|Module Name      | RTL Object     | PORT A (Depth x Width) | W | R | PORT B (Depth x Width) | W | R | Ports driving FF | RAMB18 | RAMB36 | 
+-----------------+----------------+------------------------+---+---+------------------------+---+---+------------------+--------+--------+
|picorv32_soc_top | ram/memory_reg | 1 K x 32(READ_FIRST)   | W |   | 1 K x 32(WRITE_FIRST)  |   | R | Port A and B     | 0      | 1      | 
+-----------------+----------------+------------------------+---+---+------------------------+---+---+------------------+--------+--------+

Note: The table above is a preliminary report that shows the Block RAMs at the current stage of the synthesis flow. Some Block RAMs may be reimplemented as non Block RAM primitives later in the synthesis flow. Multiple instantiated Block RAMs are reported only once. 

Distributed RAM: Preliminary Mapping Report (see note below)
+------------+-------------+-----------+----------------------+--------------+
|Module Name | RTL Object  | Inference | Size (Depth x Width) | Primitives   | 
+------------+-------------+-----------+----------------------+--------------+
|cpu         | cpuregs_reg | Implied   | 32 x 32              | RAM32M x 12  | 
+------------+-------------+-----------+----------------------+--------------+

Note: The table above is a preliminary report that shows the Distributed RAMs at the current stage of the synthesis flow. Some Distributed RAMs may be reimplemented as non Distributed RAM primitives later in the synthesis flow. Multiple instantiated RAMs are reported only once.

DSP: Preliminary Mapping Report (see note below. The ' indicates corresponding REG is set)
+-----------------------+------------------+--------+--------+--------+--------+--------+------+------+------+------+-------+------+------+
|Module Name            | DSP Mapping      | A Size | B Size | C Size | D Size | P Size | AREG | BREG | CREG | DREG | ADREG | MREG | PREG | 
+-----------------------+------------------+--------+--------+--------+--------+--------+------+------+------+------+-------+------+------+
|picorv32_pcpi_fast_mul | A2*B2            | 18     | 16     | -      | -      | 48     | 1    | 1    | -    | -    | -     | 0    | 0    | 
|picorv32_pcpi_fast_mul | (PCIN>>17)+A2*B2 | 16     | 16     | -      | -      | 48     | 1    | 1    | -    | -    | -     | 0    | 1    | 
|picorv32_pcpi_fast_mul | A2*B2            | 18     | 18     | -      | -      | 48     | 1    | 1    | -    | -    | -     | 0    | 0    | 
|picorv32_pcpi_fast_mul | (PCIN>>17)+A2*B2 | 18     | 16     | -      | -      | 48     | 1    | 1    | -    | -    | -     | 0    | 1    | 
+-----------------------+------------------+--------+--------+--------+--------+--------+------+------+------+------+-------+------+------+

Note: The table above is a preliminary report that shows the DSPs inferred at the current stage of the synthesis flow. Some DSP may be reimplemented as non DSP primitives later in the synthesis flow. Multiple instantiated DSPs are reported only once.
---------------------------------------------------------------------------------
Finished ROM, RAM, DSP, Shift Register and Retiming Reporting
---------------------------------------------------------------------------------
---------------------------------------------------------------------------------
Start Applying XDC Timing Constraints
---------------------------------------------------------------------------------
---------------------------------------------------------------------------------
Finished Applying XDC Timing Constraints : Time (s): cpu = 00:00:22 ; elapsed = 00:00:24 . Memory (MB): peak = 3962.945 ; gain = 0.000 ; free physical = 741110 ; free virtual = 764141
---------------------------------------------------------------------------------
---------------------------------------------------------------------------------
Start Timing Optimization
---------------------------------------------------------------------------------
---------------------------------------------------------------------------------
Finished Timing Optimization : Time (s): cpu = 00:00:23 ; elapsed = 00:00:24 . Memory (MB): peak = 3962.945 ; gain = 0.000 ; free physical = 741110 ; free virtual = 764141
---------------------------------------------------------------------------------
---------------------------------------------------------------------------------
Start ROM, RAM, DSP, Shift Register and Retiming Reporting
---------------------------------------------------------------------------------

Block RAM: Final Mapping Report
+-----------------+----------------+------------------------+---+---+------------------------+---+---+------------------+--------+--------+
|Module Name      | RTL Object     | PORT A (Depth x Width) | W | R | PORT B (Depth x Width) | W | R | Ports driving FF | RAMB18 | RAMB36 | 
+-----------------+----------------+------------------------+---+---+------------------------+---+---+------------------+--------+--------+
|picorv32_soc_top | ram/memory_reg | 1 K x 32(READ_FIRST)   | W |   | 1 K x 32(WRITE_FIRST)  |   | R | Port A and B     | 0      | 1      | 
+-----------------+----------------+------------------------+---+---+------------------------+---+---+------------------+--------+--------+


Distributed RAM: Final Mapping Report
+------------+-------------+-----------+----------------------+--------------+
|Module Name | RTL Object  | Inference | Size (Depth x Width) | Primitives   | 
+------------+-------------+-----------+----------------------+--------------+
|cpu         | cpuregs_reg | Implied   | 32 x 32              | RAM32M x 12  | 
+------------+-------------+-----------+----------------------+--------------+

---------------------------------------------------------------------------------
Finished ROM, RAM, DSP, Shift Register and Retiming Reporting
---------------------------------------------------------------------------------
---------------------------------------------------------------------------------
Start Technology Mapping
---------------------------------------------------------------------------------
INFO: [Synth 8-7052] The timing for the instance ram/memory_reg (implemented as a Block RAM) might be sub-optimal as no optional output register could be merged into the ram block. Providing additional output register may help in improving timing.
---------------------------------------------------------------------------------
Finished Technology Mapping : Time (s): cpu = 00:00:24 ; elapsed = 00:00:25 . Memory (MB): peak = 3962.945 ; gain = 0.000 ; free physical = 741110 ; free virtual = 764141
---------------------------------------------------------------------------------
---------------------------------------------------------------------------------
Start IO Insertion
---------------------------------------------------------------------------------
---------------------------------------------------------------------------------
Start Flattening Before IO Insertion
---------------------------------------------------------------------------------
---------------------------------------------------------------------------------
Finished Flattening Before IO Insertion
---------------------------------------------------------------------------------
---------------------------------------------------------------------------------
Start Final Netlist Cleanup
---------------------------------------------------------------------------------
---------------------------------------------------------------------------------
Finished Final Netlist Cleanup
---------------------------------------------------------------------------------
---------------------------------------------------------------------------------
Finished IO Insertion : Time (s): cpu = 00:00:27 ; elapsed = 00:00:29 . Memory (MB): peak = 3962.945 ; gain = 0.000 ; free physical = 741110 ; free virtual = 764141
---------------------------------------------------------------------------------
---------------------------------------------------------------------------------
Start Renaming Generated Instances
---------------------------------------------------------------------------------
---------------------------------------------------------------------------------
Finished Renaming Generated Instances : Time (s): cpu = 00:00:27 ; elapsed = 00:00:29 . Memory (MB): peak = 3962.945 ; gain = 0.000 ; free physical = 741110 ; free virtual = 764141
---------------------------------------------------------------------------------
---------------------------------------------------------------------------------
Start Handling Custom Attributes
---------------------------------------------------------------------------------
---------------------------------------------------------------------------------
Finished Handling Custom Attributes : Time (s): cpu = 00:00:27 ; elapsed = 00:00:29 . Memory (MB): peak = 3962.945 ; gain = 0.000 ; free physical = 741110 ; free virtual = 764141
---------------------------------------------------------------------------------
---------------------------------------------------------------------------------
Start Writing Synthesis Report
---------------------------------------------------------------------------------

DSP Final Report (the ' indicates corresponding REG is set)
+-----------------------+--------------------+--------+--------+--------+--------+--------+------+------+------+------+-------+------+------+
|Module Name            | DSP Mapping        | A Size | B Size | C Size | D Size | P Size | AREG | BREG | CREG | DREG | ADREG | MREG | PREG | 
+-----------------------+--------------------+--------+--------+--------+--------+--------+------+------+------+------+-------+------+------+
|picorv32_pcpi_fast_mul | A''*B'             | 17     | 18     | -      | -      | 48     | 2    | 1    | -    | -    | -     | 0    | 0    | 
|picorv32_pcpi_fast_mul | (PCIN>>17+A'*B')'  | 30     | 18     | -      | -      | 48     | 1    | 1    | -    | -    | -     | 0    | 1    | 
|picorv32_pcpi_fast_mul | A''*B''            | 17     | 17     | -      | -      | 48     | 2    | 2    | -    | -    | -     | 0    | 0    | 
|picorv32_pcpi_fast_mul | (PCIN>>17+A''*B')' | 17     | 18     | -      | -      | 48     | 2    | 1    | -    | -    | -     | 0    | 1    | 
+-----------------------+--------------------+--------+--------+--------+--------+--------+------+------+------+------+-------+------+------+


Report BlackBoxes: 
+-+--------------+----------+
| |BlackBox name |Instances |
+-+--------------+----------+
+-+--------------+----------+

Report Cell Usage: 
+------+---------+------+
|      |Cell     |Count |
+------+---------+------+
|1     |BUFG     |     1|
|2     |CARRY4   |   143|
|3     |DSP48E1  |     4|
|7     |LUT1     |   134|
|8     |LUT2     |   196|
|9     |LUT3     |   154|
|10    |LUT4     |   356|
|11    |LUT5     |   218|
|12    |LUT6     |   499|
|13    |MUXF7    |     1|
|14    |RAM32M   |    10|
|15    |RAM32X1D |     4|
|16    |RAMB36E1 |     1|
|17    |FDRE     |   810|
|18    |FDSE     |    26|
|19    |IBUF     |     2|
|20    |OBUF     |     1|
+------+---------+------+
---------------------------------------------------------------------------------
Finished Writing Synthesis Report : Time (s): cpu = 00:00:27 ; elapsed = 00:00:29 . Memory (MB): peak = 3962.945 ; gain = 0.000 ; free physical = 741110 ; free virtual = 764141
---------------------------------------------------------------------------------
Synthesis finished with 0 errors, 0 critical warnings and 130 warnings.
Synthesis Optimization Runtime : Time (s): cpu = 00:00:26 ; elapsed = 00:00:28 . Memory (MB): peak = 3962.945 ; gain = 0.000 ; free physical = 741110 ; free virtual = 764141
Synthesis Optimization Complete : Time (s): cpu = 00:00:27 ; elapsed = 00:00:29 . Memory (MB): peak = 3962.945 ; gain = 0.000 ; free physical = 741109 ; free virtual = 764140
INFO: [Project 1-571] Translating synthesized netlist
Netlist sorting complete. Time (s): cpu = 00:00:00.02 ; elapsed = 00:00:00.02 . Memory (MB): peak = 3962.945 ; gain = 0.000 ; free physical = 741273 ; free virtual = 764304
INFO: [Netlist 29-17] Analyzing 163 Unisim elements for replacement
INFO: [Netlist 29-28] Unisim Transformation completed in 0 CPU seconds
WARNING: [Netlist 29-101] Netlist 'picorv32_soc_top' is not ideal for floorplanning, since the cellview 'picorv32_soc_top' contains a large number of primitives.  Please consider enabling hierarchy in synthesis if you want to do floorplanning.
INFO: [Project 1-570] Preparing netlist for logic optimization
Parsing XDC File [/net/users/oelmouden/picorv32/work/fmax_synthesis/vivado/xc7a100t-csg324-1/picorv32/rv32im_fast/constraints.xdc]
WARNING: [Vivado 12-2489] -period contains time 10.204082 which will be rounded to 10.204 to ensure it is an integer multiple of 1 picosecond [/net/users/oelmouden/picorv32/work/fmax_synthesis/vivado/xc7a100t-csg324-1/picorv32/rv32im_fast/constraints.xdc:1]
Finished Parsing XDC File [/net/users/oelmouden/picorv32/work/fmax_synthesis/vivado/xc7a100t-csg324-1/picorv32/rv32im_fast/constraints.xdc]
INFO: [Opt 31-138] Pushed 0 inverter(s) to 0 load pin(s).
Netlist sorting complete. Time (s): cpu = 00:00:00 ; elapsed = 00:00:00 . Memory (MB): peak = 3962.945 ; gain = 0.000 ; free physical = 741274 ; free virtual = 764305
INFO: [Project 1-111] Unisim Transformation Summary:
  A total of 14 instances were transformed.
  RAM32M => RAM32M (RAMD32(x6), RAMS32(x2)): 10 instances
  RAM32X1D => RAM32X1D (RAMD32(x2)): 4 instances

Synth Design complete | Checksum: f69f57ba
INFO: [Common 17-83] Releasing license: Synthesis
743 Infos, 1355 Warnings, 0 Critical Warnings and 0 Errors encountered.
synth_design completed successfully
synth_design: Time (s): cpu = 00:00:36 ; elapsed = 00:00:34 . Memory (MB): peak = 3962.945 ; gain = 0.000 ; free physical = 741275 ; free virtual = 764306
INFO: [Common 17-2834] synth_design peak Physical Memory [PSS] (MB): overall = 3182.893; main = 3003.869; forked = 331.808
INFO: [Common 17-2834] synth_design peak Virtual Memory [VSS] (MB): overall = 5445.672; main = 3892.715; forked = 1552.957
Command: opt_design -sweep -remap -propconst
Attempting to get a license for feature 'Implementation' and/or device 'xc7a100t'
INFO: [Common 17-349] Got license for feature 'Implementation' and/or device 'xc7a100t'
Running DRC as a precondition to command opt_design
INFO: [DRC 23-27] Running DRC with 8 threads
INFO: [Project 1-461] DRC finished with 0 Errors
INFO: [Project 1-462] Please refer to the DRC report (report_drc) for more information.
INFO: [Timing 38-35] Done setting XDC timing constraints.
INFO: [Opt 31-138] Pushed 0 inverter(s) to 0 load pin(s).
Constant propagation | Checksum: 19a31d398
INFO: [Opt 31-389] Phase Constant propagation created 0 cells and removed 0 cells
INFO: [Constraints 18-11670] Building netlist checker database with flags, 0x8
Done building netlist checker database: Time (s): cpu = 00:00:00 ; elapsed = 00:00:00 . Memory (MB): peak = 3962.945 ; gain = 0.000 ; free physical = 741278 ; free virtual = 764309
Sweep | Checksum: 20be9e34c
INFO: [Opt 31-389] Phase Sweep created 1 cells and removed 0 cells
Remap | Checksum: 20be9e34c
INFO: [Opt 31-389] Phase Remap created 0 cells and removed 0 cells
Post Processing Netlist | Checksum: 20be9e34c
INFO: [Opt 31-389] Phase Post Processing Netlist created 0 cells and removed 0 cells
Opt_design Change Summary
=========================


---------------------------------------------------------------------------------------------------------------------
|  Phase                    |  #Cells created  |  #Cells Removed  |  #Constrained objects preventing optimizations  |
---------------------------------------------------------------------------------------------------------------------
|  Constant propagation     |               0  |               0  |                                              0  |
|  Sweep                    |               1  |               0  |                                              0  |
|  Remap                    |               0  |               0  |                                              0  |
|  Post Processing Netlist  |               0  |               0  |                                              0  |
---------------------------------------------------------------------------------------------------------------------


Netlist sorting complete. Time (s): cpu = 00:00:00 ; elapsed = 00:00:00 . Memory (MB): peak = 3962.945 ; gain = 0.000 ; free physical = 741273 ; free virtual = 764304
INFO: [Common 17-83] Releasing license: Implementation
757 Infos, 1355 Warnings, 0 Critical Warnings and 0 Errors encountered.
opt_design completed successfully
opt_design: Time (s): cpu = 00:00:13 ; elapsed = 00:00:12 . Memory (MB): peak = 3962.945 ; gain = 0.000 ; free physical = 741273 ; free virtual = 764304
Command: opt_design -directive Explore
INFO: [Vivado_Tcl 4-136] Directive used for opt_design is: Explore
Attempting to get a license for feature 'Implementation' and/or device 'xc7a100t'
INFO: [Common 17-349] Got license for feature 'Implementation' and/or device 'xc7a100t'
Running DRC as a precondition to command opt_design
INFO: [DRC 23-27] Running DRC with 8 threads
INFO: [Project 1-461] DRC finished with 0 Errors
INFO: [Project 1-462] Please refer to the DRC report (report_drc) for more information.
INFO: [Timing 38-35] Done setting XDC timing constraints.
INFO: [Opt 31-1851] Number of loadless carry chains removed were: 0
INFO: [Opt 31-1834] Total Chains To Be Transformed Were: 0 AND Number of Transformed insts Created are: 0
INFO: [Opt 31-138] Pushed 0 inverter(s) to 0 load pin(s).
INFO: [Opt 31-49] Retargeted 0 cell(s).
Retarget | Checksum: 21ef379f4
INFO: [Opt 31-389] Phase Retarget created 0 cells and removed 0 cells
INFO: [Opt 31-138] Pushed 0 inverter(s) to 0 load pin(s).
Constant propagation | Checksum: 21ef379f4
INFO: [Opt 31-389] Phase Constant propagation created 0 cells and removed 0 cells
INFO: [Constraints 18-11670] Building netlist checker database with flags, 0x8
Done building netlist checker database: Time (s): cpu = 00:00:00 ; elapsed = 00:00:00 . Memory (MB): peak = 3962.945 ; gain = 0.000 ; free physical = 741109 ; free virtual = 764166
Sweep | Checksum: 21ef379f4
INFO: [Opt 31-389] Phase Sweep created 0 cells and removed 0 cells
BUFG optimization | Checksum: 21ef379f4
INFO: [Opt 31-662] Phase BUFG optimization created 0 cells of which 0 are BUFGs and removed 0 cells.
INFO: [Opt 31-1064] SRL Remap converted 0 SRLs to 0 registers and converted 0 registers of register chains to 0 SRLs
Shift Register Optimization | Checksum: 21ef379f4
INFO: [Opt 31-389] Phase Shift Register Optimization created 0 cells and removed 0 cells
INFO: [Opt 31-1555] control_set_opt supports Versal devices only, and device 7a100t is unsupported
Post Processing Netlist | Checksum: 21ef379f4
INFO: [Opt 31-389] Phase Post Processing Netlist created 0 cells and removed 0 cells
Opt_design Change Summary
=========================


-------------------------------------------------------------------------------------------------------------------------
|  Phase                        |  #Cells created  |  #Cells Removed  |  #Constrained objects preventing optimizations  |
-------------------------------------------------------------------------------------------------------------------------
|  Retarget                     |               0  |               0  |                                              0  |
|  Constant propagation         |               0  |               0  |                                              0  |
|  Sweep                        |               0  |               0  |                                              0  |
|  BUFG optimization            |               0  |               0  |                                              0  |
|  Shift Register Optimization  |               0  |               0  |                                              0  |
|  Post Processing Netlist      |               0  |               0  |                                              0  |
-------------------------------------------------------------------------------------------------------------------------


Netlist sorting complete. Time (s): cpu = 00:00:00 ; elapsed = 00:00:00 . Memory (MB): peak = 3962.945 ; gain = 0.000 ; free physical = 741161 ; free virtual = 764192
INFO: [Common 17-83] Releasing license: Implementation
778 Infos, 1355 Warnings, 0 Critical Warnings and 0 Errors encountered.
opt_design completed successfully
Command: place_design -directive Explore
Attempting to get a license for feature 'Implementation' and/or device 'xc7a100t'
INFO: [Common 17-349] Got license for feature 'Implementation' and/or device 'xc7a100t'
INFO: [Common 17-83] Releasing license: Implementation
INFO: [DRC 23-27] Running DRC with 8 threads
INFO: [Vivado_Tcl 4-198] DRC finished with 0 Errors
INFO: [Vivado_Tcl 4-199] Please refer to the DRC report (report_drc) for more information.
INFO: [Vivado_Tcl 4-2302] The placer was invoked with the 'Explore' directive.
Running DRC as a precondition to command place_design
INFO: [DRC 23-27] Running DRC with 8 threads
INFO: [Vivado_Tcl 4-198] DRC finished with 0 Errors
INFO: [Vivado_Tcl 4-199] Please refer to the DRC report (report_drc) for more information.
INFO: [Place 30-611] Multithreading enabled for place_design using a maximum of 8 CPUs
Netlist sorting complete. Time (s): cpu = 00:00:00 ; elapsed = 00:00:00 . Memory (MB): peak = 3962.945 ; gain = 0.000 ; free physical = 741163 ; free virtual = 764194
Netlist sorting complete. Time (s): cpu = 00:00:00 ; elapsed = 00:00:00 . Memory (MB): peak = 3962.945 ; gain = 0.000 ; free physical = 741163 ; free virtual = 764194
INFO: [Timing 38-35] Done setting XDC timing constraints.
INFO: [Physopt 32-1035] Found 0 LUTNM shape to break, 84 LUT instances to create LUTNM shape
INFO: [Physopt 32-1044] Break lutnm for timing: one critical 0, two critical 0, total 0, new lutff created 0
INFO: [Physopt 32-1138] End 1 Pass. Optimized 35 nets or LUTs. Breaked 0 LUT, combined 35 existing LUTs and moved 0 existing LUT
INFO: [Physopt 32-65] No nets found for high-fanout optimization.
INFO: [Physopt 32-232] Optimized 0 net. Created 0 new instance.
INFO: [Physopt 32-775] End 1 Pass. Optimized 0 net or cell. Created 0 new cell, deleted 0 existing cell and moved 0 existing cell
INFO: [Physopt 32-670] No setup violation found.  DSP Register Optimization was not performed.
INFO: [Physopt 32-670] No setup violation found.  Shift Register to Pipeline Optimization was not performed.
INFO: [Physopt 32-670] No setup violation found.  Shift Register Optimization was not performed.
INFO: [Physopt 32-670] No setup violation found.  BRAM Register Optimization was not performed.
INFO: [Physopt 32-670] No setup violation found.  URAM Register Optimization was not performed.
INFO: [Physopt 32-949] No candidate nets found for dynamic/static region interface net replication
INFO: [Physopt 32-775] End 1 Pass. Optimized 0 net or cell. Created 0 new cell, deleted 0 existing cell and moved 0 existing cell
Netlist sorting complete. Time (s): cpu = 00:00:00 ; elapsed = 00:00:00 . Memory (MB): peak = 3962.945 ; gain = 0.000 ; free physical = 741431 ; free virtual = 764462

Summary of Physical Synthesis Optimizations
============================================


-----------------------------------------------------------------------------------------------------------------------------------------------------------
|  Optimization                                     |  Added Cells  |  Removed Cells  |  Optimized Cells/Nets  |  Dont Touch  |  Iterations  |  Elapsed   |
-----------------------------------------------------------------------------------------------------------------------------------------------------------
|  LUT Combining                                    |            0  |             35  |                    35  |           0  |           1  |  00:00:00  |
|  Retime                                           |            0  |              0  |                     0  |           0  |           1  |  00:00:00  |
|  Very High Fanout                                 |            0  |              0  |                     0  |           0  |           1  |  00:00:00  |
|  DSP Register                                     |            0  |              0  |                     0  |           0  |           0  |  00:00:00  |
|  Shift Register to Pipeline                       |            0  |              0  |                     0  |           0  |           0  |  00:00:00  |
|  Shift Register                                   |            0  |              0  |                     0  |           0  |           0  |  00:00:00  |
|  BRAM Register                                    |            0  |              0  |                     0  |           0  |           0  |  00:00:00  |
|  URAM Register                                    |            0  |              0  |                     0  |           0  |           0  |  00:00:00  |
|  Dynamic/Static Region Interface Net Replication  |            0  |              0  |                     0  |           0  |           1  |  00:00:00  |
|  Total                                            |            0  |             35  |                    35  |           0  |           4  |  00:00:00  |
-----------------------------------------------------------------------------------------------------------------------------------------------------------


INFO: [Timing 38-35] Done setting XDC timing constraints.
Post Placement Optimization Initialization | Checksum: 1e7ce6652
INFO: [Physopt 32-721] Multithreading enabled for phys_opt_design using a maximum of 8 CPUs
INFO: [Physopt 32-619] Estimated Timing Summary | WNS=3.250 | TNS=0.000 |
INFO: [Place 46-56] BUFG insertion identified 0 candidate nets. Inserted BUFG: 0, Replicated BUFG Driver: 0, Skipped due to Placement/Routing Conflicts: 0, Skipped due to Timing Degradation: 0, Skipped due to netlist editing failed: 0.
INFO: [Place 30-746] Post Placement Timing Summary WNS=3.250. For the most accurate timing information please run report_timing.
INFO: [Place 30-612] Post-Placement Estimated Congestion 
 ____________________________________________________
|           | Global Congestion | Short Congestion  |
| Direction | Region Size       | Region Size       |
|___________|___________________|___________________|
|      North|                1x1|                1x1|
|___________|___________________|___________________|
|      South|                1x1|                4x4|
|___________|___________________|___________________|
|       East|                1x1|                1x1|
|___________|___________________|___________________|
|       West|                1x1|                1x1|
|___________|___________________|___________________|

Netlist sorting complete. Time (s): cpu = 00:00:00 ; elapsed = 00:00:00 . Memory (MB): peak = 3962.945 ; gain = 0.000 ; free physical = 741431 ; free virtual = 764462
808 Infos, 1355 Warnings, 0 Critical Warnings and 0 Errors encountered.
place_design completed successfully
place_design: Time (s): cpu = 00:00:16 ; elapsed = 00:00:06 . Memory (MB): peak = 3962.945 ; gain = 0.000 ; free physical = 741431 ; free virtual = 764462
Command: phys_opt_design -retime -rewire -critical_pin_opt -placement_opt -critical_cell_opt
Attempting to get a license for feature 'Implementation' and/or device 'xc7a100t'
INFO: [Common 17-349] Got license for feature 'Implementation' and/or device 'xc7a100t'
WARNING: [Vivado_Tcl 4-1892] The option '-rewire' has been deprecated and will become unsupported in a future release. Please remove the option from the scripts and use '-restruct_opt' option instead.
INFO: [Vivado_Tcl 4-2279] Estimated Timing Summary | WNS= 3.250 | TNS= 0.000 | 
INFO: [Vivado_Tcl 4-383] Design worst setup slack (WNS) is greater than or equal to 0.250 ns. All physical synthesis setup optimizations will be skipped.
INFO: [Vivado_Tcl 4-232] No setup violation found. The netlist was not modified.
INFO: [Common 17-83] Releasing license: Implementation
813 Infos, 1356 Warnings, 0 Critical Warnings and 0 Errors encountered.
phys_opt_design completed successfully
Command: route_design -directive AggressiveExplore
Attempting to get a license for feature 'Implementation' and/or device 'xc7a100t'
INFO: [Common 17-349] Got license for feature 'Implementation' and/or device 'xc7a100t'
INFO: [Route 35-270] Using Router directive 'AggressiveExplore'.
INFO: [Route 35-254] Multithreading enabled for route_design using a maximum of 8 CPUs
INFO: [Route 72-16] Aggressive Explore Summary
+======+=======+=====+=======+=====+========+==============+===================+
| Pass |  WNS  | TNS |  WHS  | THS | Status | Elapsed Time | Solution Selected |
+======+=======+=====+=======+=====+========+==============+===================+
|  1   | 3.150 |  -  | 0.112 |  -  |  Pass  |   00:00:02   |         x         |
|  2   |   -   |  -  |   -   |  -  |  Skip  |   00:00:00   |                   |
+------+-------+-----+-------+-----+--------+--------------+-------------------+

INFO: [Route 35-16] Router Completed Successfully
INFO: [Common 17-83] Releasing license: Implementation
825 Infos, 1356 Warnings, 0 Critical Warnings and 0 Errors encountered.
route_design completed successfully
route_design: Time (s): cpu = 00:00:40 ; elapsed = 00:00:30 . Memory (MB): peak = 3962.945 ; gain = 0.000 ; free physical = 741427 ; free virtual = 764458
<grey>[synth_script.tcl]<end> <cyan>report_route_status:<end>
Design Route Status
                                               :      # nets :
   ------------------------------------------- : ----------- :
   # of logical nets.......................... :        3349 :
       # of nets not needing routing.......... :        1075 :
           # of internally routed nets........ :        1051 :
           # of nets with no loads............ :          24 :
       # of routable nets..................... :        2274 :
           # of fully routed nets............. :        2274 :
       # of nets with routing errors.......... :           0 :
   ------------------------------------------- : ----------- :

Command: place_design -post_place_opt
Attempting to get a license for feature 'Implementation' and/or device 'xc7a100t'
INFO: [Common 17-349] Got license for feature 'Implementation' and/or device 'xc7a100t'
INFO: [Common 17-83] Releasing license: Implementation
Running DRC as a precondition to command place_design
INFO: [DRC 23-27] Running DRC with 8 threads
INFO: [Vivado_Tcl 4-198] DRC finished with 0 Errors
INFO: [Vivado_Tcl 4-199] Please refer to the DRC report (report_drc) for more information.
INFO: [Place 30-611] Multithreading enabled for place_design using a maximum of 8 CPUs
Netlist sorting complete. Time (s): cpu = 00:00:00 ; elapsed = 00:00:00 . Memory (MB): peak = 3962.945 ; gain = 0.000 ; free physical = 741425 ; free virtual = 764456
Post Placement Optimization Initialization | Checksum: 2a07da182
INFO: [Physopt 32-721] Multithreading enabled for phys_opt_design using a maximum of 8 CPUs
INFO: [Physopt 32-619] Estimated Timing Summary | WNS=3.186 | TNS=0.000 |
INFO: [Place 46-56] BUFG insertion identified 0 candidate nets. Inserted BUFG: 0, Replicated BUFG Driver: 0, Skipped due to Placement/Routing Conflicts: 0, Skipped due to Timing Degradation: 0, Skipped due to netlist editing failed: 0.
INFO: [Place 30-746] Post Placement Timing Summary WNS=3.186. For the most accurate timing information please run report_timing.
INFO: [Place 30-612] Post-Placement Estimated Congestion 
 ____________________________________________________
|           | Global Congestion | Short Congestion  |
| Direction | Region Size       | Region Size       |
|___________|___________________|___________________|
|      North|                1x1|                1x1|
|___________|___________________|___________________|
|      South|                1x1|                4x4|
|___________|___________________|___________________|
|       East|                1x1|                1x1|
|___________|___________________|___________________|
|       West|                1x1|                1x1|
|___________|___________________|___________________|

Netlist sorting complete. Time (s): cpu = 00:00:00 ; elapsed = 00:00:00.01 . Memory (MB): peak = 3962.945 ; gain = 0.000 ; free physical = 741425 ; free virtual = 764456
836 Infos, 1356 Warnings, 0 Critical Warnings and 0 Errors encountered.
place_design completed successfully
Command: phys_opt_design -retime -routing_opt
Attempting to get a license for feature 'Implementation' and/or device 'xc7a100t'
INFO: [Common 17-349] Got license for feature 'Implementation' and/or device 'xc7a100t'
INFO: [Vivado_Tcl 4-241] Physical synthesis in post route mode 
INFO: [Vivado_Tcl 4-2279] Estimated Timing Summary | WNS= 3.186 | TNS= 0.000 | 
INFO: [Vivado_Tcl 4-383] Design worst setup slack (WNS) is greater than or equal to 0.000 ns. All physical synthesis setup optimizations will be skipped.
INFO: [Vivado_Tcl 4-232] No setup violation found. The netlist was not modified.
INFO: [Common 17-83] Releasing license: Implementation
842 Infos, 1356 Warnings, 0 Critical Warnings and 0 Errors encountered.
phys_opt_design completed successfully
Command: route_design -directive NoTimingRelaxation
Attempting to get a license for feature 'Implementation' and/or device 'xc7a100t'
INFO: [Common 17-349] Got license for feature 'Implementation' and/or device 'xc7a100t'
INFO: [Route 35-270] Using Router directive 'NoTimingRelaxation'.
INFO: [Route 35-254] Multithreading enabled for route_design using a maximum of 8 CPUs
INFO: [Route 35-16] Router Completed Successfully
INFO: [Common 17-83] Releasing license: Implementation
852 Infos, 1356 Warnings, 0 Critical Warnings and 0 Errors encountered.
route_design completed successfully
route_design: Time (s): cpu = 00:00:37 ; elapsed = 00:00:29 . Memory (MB): peak = 3962.945 ; gain = 0.000 ; free physical = 741429 ; free virtual = 764460
Copyright 1986-2022 Xilinx, Inc. All Rights Reserved. Copyright 2022-2024 Advanced Micro Devices, Inc. All Rights Reserved.
---------------------------------------------------------------------------------------------------------------------------------------------
| Tool Version : Vivado v.2024.2 (lin64) Build 5239630 Fri Nov 08 22:34:34 MST 2024
| Date         : Thu May 28 15:30:36 2026
| Host         : naouna.ims.bordeaux running 64-bit Red Hat Enterprise Linux release 8.10 (Ootpa)
| Command      : report_utilization
| Design       : picorv32_soc_top
| Device       : xc7a100tcsg324-1
| Speed File   : -1
| Design State : Routed
---------------------------------------------------------------------------------------------------------------------------------------------

Utilization Design Information

Table of Contents
-----------------
1. Slice Logic
1.1 Summary of Registers by Type
2. Slice Logic Distribution
3. Memory
4. DSP
5. IO and GT Specific
6. Clocking
7. Specific Feature
8. Primitives
9. Black Boxes
10. Instantiated Netlists

1. Slice Logic
--------------

+----------------------------+------+-------+------------+-----------+-------+
|          Site Type         | Used | Fixed | Prohibited | Available | Util% |
+----------------------------+------+-------+------------+-----------+-------+
| Slice LUTs                 | 1408 |     0 |          0 |     63400 |  2.22 |
|   LUT as Logic             | 1364 |     0 |          0 |     63400 |  2.15 |
|   LUT as Memory            |   44 |     0 |          0 |     19000 |  0.23 |
|     LUT as Distributed RAM |   44 |     0 |            |           |       |
|     LUT as Shift Register  |    0 |     0 |            |           |       |
| Slice Registers            |  837 |     0 |          0 |    126800 |  0.66 |
|   Register as Flip Flop    |  837 |     0 |          0 |    126800 |  0.66 |
|   Register as Latch        |    0 |     0 |          0 |    126800 |  0.00 |
| F7 Muxes                   |    1 |     0 |          0 |     31700 | <0.01 |
| F8 Muxes                   |    0 |     0 |          0 |     15850 |  0.00 |
+----------------------------+------+-------+------------+-----------+-------+
* Warning! LUT value is adjusted to account for LUT combining.


1.1 Summary of Registers by Type
--------------------------------

+-------+--------------+-------------+--------------+
| Total | Clock Enable | Synchronous | Asynchronous |
+-------+--------------+-------------+--------------+
| 0     |            _ |           - |            - |
| 0     |            _ |           - |          Set |
| 0     |            _ |           - |        Reset |
| 0     |            _ |         Set |            - |
| 0     |            _ |       Reset |            - |
| 0     |          Yes |           - |            - |
| 0     |          Yes |           - |          Set |
| 0     |          Yes |           - |        Reset |
| 26    |          Yes |         Set |            - |
| 811   |          Yes |       Reset |            - |
+-------+--------------+-------------+--------------+


2. Slice Logic Distribution
---------------------------

+--------------------------------------------+------+-------+------------+-----------+-------+
|                  Site Type                 | Used | Fixed | Prohibited | Available | Util% |
+--------------------------------------------+------+-------+------------+-----------+-------+
| Slice                                      |  458 |     0 |          0 |     15850 |  2.89 |
|   SLICEL                                   |  369 |     0 |            |           |       |
|   SLICEM                                   |   89 |     0 |            |           |       |
| LUT as Logic                               | 1364 |     0 |          0 |     63400 |  2.15 |
|   using O5 output only                     |    0 |       |            |           |       |
|   using O6 output only                     | 1171 |       |            |           |       |
|   using O5 and O6                          |  193 |       |            |           |       |
| LUT as Memory                              |   44 |     0 |          0 |     19000 |  0.23 |
|   LUT as Distributed RAM                   |   44 |     0 |            |           |       |
|     using O5 output only                   |    0 |       |            |           |       |
|     using O6 output only                   |    0 |       |            |           |       |
|     using O5 and O6                        |   44 |       |            |           |       |
|   LUT as Shift Register                    |    0 |     0 |            |           |       |
|     using O5 output only                   |    0 |       |            |           |       |
|     using O6 output only                   |    0 |       |            |           |       |
|     using O5 and O6                        |    0 |       |            |           |       |
| Slice Registers                            |  837 |     0 |          0 |    126800 |  0.66 |
|   Register driven from within the Slice    |  638 |       |            |           |       |
|   Register driven from outside the Slice   |  199 |       |            |           |       |
|     LUT in front of the register is unused |   72 |       |            |           |       |
|     LUT in front of the register is used   |  127 |       |            |           |       |
| Unique Control Sets                        |   26 |       |          0 |     15850 |  0.16 |
+--------------------------------------------+------+-------+------------+-----------+-------+
* * Note: Available Control Sets calculated as Slice * 1, Review the Control Sets Report for more information regarding control sets.


3. Memory
---------

+-------------------+------+-------+------------+-----------+-------+
|     Site Type     | Used | Fixed | Prohibited | Available | Util% |
+-------------------+------+-------+------------+-----------+-------+
| Block RAM Tile    |    1 |     0 |          0 |       135 |  0.74 |
|   RAMB36/FIFO*    |    1 |     0 |          0 |       135 |  0.74 |
|     RAMB36E1 only |    1 |       |            |           |       |
|   RAMB18          |    0 |     0 |          0 |       270 |  0.00 |
+-------------------+------+-------+------------+-----------+-------+
* Note: Each Block RAM Tile only has one FIFO logic available and therefore can accommodate only one FIFO36E1 or one FIFO18E1. However, if a FIFO18E1 occupies a Block RAM Tile, that tile can still accommodate a RAMB18E1


4. DSP
------

+----------------+------+-------+------------+-----------+-------+
|    Site Type   | Used | Fixed | Prohibited | Available | Util% |
+----------------+------+-------+------------+-----------+-------+
| DSPs           |    4 |     0 |          0 |       240 |  1.67 |
|   DSP48E1 only |    4 |       |            |           |       |
+----------------+------+-------+------------+-----------+-------+


5. IO and GT Specific
---------------------

+-----------------------------+------+-------+------------+-----------+-------+
|          Site Type          | Used | Fixed | Prohibited | Available | Util% |
+-----------------------------+------+-------+------------+-----------+-------+
| Bonded IOB                  |    3 |     0 |          0 |       210 |  1.43 |
|   IOB Master Pads           |    1 |       |            |           |       |
|   IOB Slave Pads            |    1 |       |            |           |       |
| Bonded IPADs                |    0 |     0 |          0 |         2 |  0.00 |
| PHY_CONTROL                 |    0 |     0 |          0 |         6 |  0.00 |
| PHASER_REF                  |    0 |     0 |          0 |         6 |  0.00 |
| OUT_FIFO                    |    0 |     0 |          0 |        24 |  0.00 |
| IN_FIFO                     |    0 |     0 |          0 |        24 |  0.00 |
| IDELAYCTRL                  |    0 |     0 |          0 |         6 |  0.00 |
| IBUFDS                      |    0 |     0 |          0 |       202 |  0.00 |
| PHASER_OUT/PHASER_OUT_PHY   |    0 |     0 |          0 |        24 |  0.00 |
| PHASER_IN/PHASER_IN_PHY     |    0 |     0 |          0 |        24 |  0.00 |
| IDELAYE2/IDELAYE2_FINEDELAY |    0 |     0 |          0 |       300 |  0.00 |
| ILOGIC                      |    0 |     0 |          0 |       210 |  0.00 |
| OLOGIC                      |    0 |     0 |          0 |       210 |  0.00 |
+-----------------------------+------+-------+------------+-----------+-------+


6. Clocking
-----------

+------------+------+-------+------------+-----------+-------+
|  Site Type | Used | Fixed | Prohibited | Available | Util% |
+------------+------+-------+------------+-----------+-------+
| BUFGCTRL   |    1 |     0 |          0 |        32 |  3.13 |
| BUFIO      |    0 |     0 |          0 |        24 |  0.00 |
| MMCME2_ADV |    0 |     0 |          0 |         6 |  0.00 |
| PLLE2_ADV  |    0 |     0 |          0 |         6 |  0.00 |
| BUFMRCE    |    0 |     0 |          0 |        12 |  0.00 |
| BUFHCE     |    0 |     0 |          0 |        96 |  0.00 |
| BUFR       |    0 |     0 |          0 |        24 |  0.00 |
+------------+------+-------+------------+-----------+-------+


7. Specific Feature
-------------------

+-------------+------+-------+------------+-----------+-------+
|  Site Type  | Used | Fixed | Prohibited | Available | Util% |
+-------------+------+-------+------------+-----------+-------+
| BSCANE2     |    0 |     0 |          0 |         4 |  0.00 |
| CAPTUREE2   |    0 |     0 |          0 |         1 |  0.00 |
| DNA_PORT    |    0 |     0 |          0 |         1 |  0.00 |
| EFUSE_USR   |    0 |     0 |          0 |         1 |  0.00 |
| FRAME_ECCE2 |    0 |     0 |          0 |         1 |  0.00 |
| ICAPE2      |    0 |     0 |          0 |         2 |  0.00 |
| PCIE_2_1    |    0 |     0 |          0 |         1 |  0.00 |
| STARTUPE2   |    0 |     0 |          0 |         1 |  0.00 |
| XADC        |    0 |     0 |          0 |         1 |  0.00 |
+-------------+------+-------+------------+-----------+-------+


8. Primitives
-------------

+----------+------+---------------------+
| Ref Name | Used | Functional Category |
+----------+------+---------------------+
| FDRE     |  811 |        Flop & Latch |
| LUT6     |  499 |                 LUT |
| LUT4     |  356 |                 LUT |
| LUT5     |  218 |                 LUT |
| LUT2     |  196 |                 LUT |
| LUT3     |  154 |                 LUT |
| CARRY4   |  143 |          CarryLogic |
| LUT1     |  134 |                 LUT |
| RAMD32   |   68 |  Distributed Memory |
| FDSE     |   26 |        Flop & Latch |
| RAMS32   |   20 |  Distributed Memory |
| DSP48E1  |    4 |    Block Arithmetic |
| IBUF     |    2 |                  IO |
| RAMB36E1 |    1 |        Block Memory |
| OBUF     |    1 |                  IO |
| MUXF7    |    1 |               MuxFx |
| BUFG     |    1 |               Clock |
+----------+------+---------------------+


9. Black Boxes
--------------

+----------+------+
| Ref Name | Used |
+----------+------+


10. Instantiated Netlists
-------------------------

+----------+------+
| Ref Name | Used |
+----------+------+


Copyright 1986-2022 Xilinx, Inc. All Rights Reserved. Copyright 2022-2024 Advanced Micro Devices, Inc. All Rights Reserved.
---------------------------------------------------------------------------------------------------------------------------------------------
| Tool Version : Vivado v.2024.2 (lin64) Build 5239630 Fri Nov 08 22:34:34 MST 2024
| Date         : Thu May 28 15:30:36 2026
| Host         : naouna.ims.bordeaux running 64-bit Red Hat Enterprise Linux release 8.10 (Ootpa)
| Command      : report_utilization -hierarchical
| Design       : picorv32_soc_top
| Device       : xc7a100tcsg324-1
| Speed File   : -1
| Design State : Routed
---------------------------------------------------------------------------------------------------------------------------------------------

Utilization Design Information

Table of Contents
-----------------
1. Utilization by Hierarchy

1. Utilization by Hierarchy
---------------------------

+------------------+--------+------------+------------+---------+------+-----+--------+--------+------------+
|     Instance     | Module | Total LUTs | Logic LUTs | LUTRAMs | SRLs | FFs | RAMB36 | RAMB18 | DSP Blocks |
+------------------+--------+------------+------------+---------+------+-----+--------+--------+------------+
| picorv32_soc_top |  (top) |       1408 |       1364 |      44 |    0 | 837 |      1 |      0 |          4 |
+------------------+--------+------------+------------+---------+------+-----+--------+--------+------------+
* Note: The sum of lower-level cells may be larger than their parent cells total, due to cross-hierarchy LUT combining


INFO: [Timing 38-91] UpdateTimingParams: Speed grade: -1, Delay Type: max.
INFO: [Timing 38-191] Multithreading enabled for timing update using a maximum of 8 CPUs
INFO: [Timing 38-78] ReportTimingParams: -max_paths 1 -nworst 1 -delay_type max -sort_by slack.
Copyright 1986-2022 Xilinx, Inc. All Rights Reserved. Copyright 2022-2024 Advanced Micro Devices, Inc. All Rights Reserved.
---------------------------------------------------------------------------------------------------------------------------------------------
| Tool Version : Vivado v.2024.2 (lin64) Build 5239630 Fri Nov 08 22:34:34 MST 2024
| Date         : Thu May 28 15:30:36 2026
| Host         : naouna.ims.bordeaux running 64-bit Red Hat Enterprise Linux release 8.10 (Ootpa)
| Command      : report_timing
| Design       : picorv32_soc_top
| Device       : 7a100t-csg324
| Speed File   : -1  PRODUCTION 1.23 2018-06-13
| Design State : Routed
---------------------------------------------------------------------------------------------------------------------------------------------

Timing Report

Slack (MET) :             3.186ns  (required time - arrival time)
  Source:                 cpu/reg_sh_reg[2]/C
                            (rising edge-triggered cell FDRE clocked by clk  {rise@0.000ns fall@5.102ns period=10.204ns})
  Destination:            cpu/pcpi_mul/rd0__0/A[12]
                            (rising edge-triggered cell DSP48E1 clocked by clk  {rise@0.000ns fall@5.102ns period=10.204ns})
  Path Group:             clk
  Path Type:              Setup (Max at Slow Process Corner)
  Requirement:            10.204ns  (clk rise@10.204ns - clk rise@0.000ns)
  Data Path Delay:        6.681ns  (logic 1.155ns (17.288%)  route 5.526ns (82.712%))
  Logic Levels:           4  (LUT3=2 LUT6=2)
  Clock Path Skew:        0.061ns (DCD - SCD + CPR)
    Destination Clock Delay (DCD):    4.595ns = ( 14.799 - 10.204 ) 
    Source Clock Delay      (SCD):    4.866ns
    Clock Pessimism Removal (CPR):    0.331ns
  Clock Uncertainty:      0.035ns  ((TSJ^2 + TIJ^2)^1/2 + DJ) / 2 + PE
    Total System Jitter     (TSJ):    0.071ns
    Total Input Jitter      (TIJ):    0.000ns
    Discrete Jitter          (DJ):    0.000ns
    Phase Error              (PE):    0.000ns

    Location             Delay type                Incr(ns)  Path(ns)    Netlist Resource(s)
  -------------------------------------------------------------------    -------------------
                         (clock clk rise edge)        0.000     0.000 r  
    N15                                               0.000     0.000 r  clk (IN)
                         net (fo=0)                   0.000     0.000    clk
    N15                  IBUF (Prop_ibuf_I_O)         0.948     0.948 r  clk_IBUF_inst/O
                         net (fo=1, routed)           2.016     2.963    clk_IBUF
    BUFGCTRL_X0Y0        BUFG (Prop_bufg_I_O)         0.096     3.059 r  clk_IBUF_BUFG_inst/O
                         net (fo=931, routed)         1.806     4.866    clk_IBUF_BUFG
    SLICE_X35Y36         FDRE                                         r  cpu/reg_sh_reg[2]/C
  -------------------------------------------------------------------    -------------------
    SLICE_X35Y36         FDRE (Prop_fdre_C_Q)         0.456     5.322 r  cpu/reg_sh_reg[2]/Q
                         net (fo=5, routed)           1.220     6.541    cpu/reg_sh_reg_n_0_[2]
    SLICE_X37Y36         LUT3 (Prop_lut3_I0_O)        0.124     6.665 r  reg_sh[0]_i_4/O
                         net (fo=35, routed)          1.281     7.946    reg_sh[0]_i_4_n_0
    SLICE_X48Y38         LUT6 (Prop_lut6_I2_O)        0.124     8.070 f  rd0__0_i_49/O
                         net (fo=1, routed)           0.910     8.980    rd0__0_i_49_n_0
    SLICE_X32Y38         LUT3 (Prop_lut3_I0_O)        0.119     9.099 r  rd0__0_i_28/O
                         net (fo=1, routed)           0.797     9.896    rd0__0_i_28_n_0
    SLICE_X32Y37         LUT6 (Prop_lut6_I5_O)        0.332    10.228 r  rd0__0_i_6/O
                         net (fo=3, routed)           1.319    11.547    cpu/reg_op1[12]
    DSP48_X0Y16          DSP48E1                                      r  cpu/pcpi_mul/rd0__0/A[12]
  -------------------------------------------------------------------    -------------------

                         (clock clk rise edge)       10.204    10.204 r  
    N15                                               0.000    10.204 r  clk (IN)
                         net (fo=0)                   0.000    10.204    clk
    N15                  IBUF (Prop_ibuf_I_O)         0.814    11.018 r  clk_IBUF_inst/O
                         net (fo=1, routed)           1.911    12.929    clk_IBUF
    BUFGCTRL_X0Y0        BUFG (Prop_bufg_I_O)         0.091    13.020 r  clk_IBUF_BUFG_inst/O
                         net (fo=931, routed)         1.779    14.799    clk_IBUF_BUFG
    DSP48_X0Y16          DSP48E1                                      r  cpu/pcpi_mul/rd0__0/CLK
                         clock pessimism              0.331    15.130    
                         clock uncertainty           -0.035    15.095    
    DSP48_X0Y16          DSP48E1 (Setup_dsp48e1_CLK_A[12])
                                                     -0.362    14.733    cpu/pcpi_mul/rd0__0
  -------------------------------------------------------------------
                         required time                         14.733    
                         arrival time                         -11.547    
  -------------------------------------------------------------------
                         slack                                  3.186    




Command: report_power
Running Vector-less Activity Propagation...

Finished Running Vector-less Activity Propagation
Copyright 1986-2022 Xilinx, Inc. All Rights Reserved. Copyright 2022-2024 Advanced Micro Devices, Inc. All Rights Reserved.
-------------------------------------------------------------------------------------------------------------------------------------------------
| Tool Version     : Vivado v.2024.2 (lin64) Build 5239630 Fri Nov 08 22:34:34 MST 2024
| Date             : Thu May 28 15:30:37 2026
| Host             : naouna.ims.bordeaux running 64-bit Red Hat Enterprise Linux release 8.10 (Ootpa)
| Command          : report_power
| Design           : picorv32_soc_top
| Device           : xc7a100tcsg324-1
| Design State     : routed
| Grade            : commercial
| Process          : typical
| Characterization : Production
-------------------------------------------------------------------------------------------------------------------------------------------------

Power Report

Table of Contents
-----------------
1. Summary
1.1 On-Chip Components
1.2 Power Supply Summary
1.3 Confidence Level
2. Settings
2.1 Environment
2.2 Clock Constraints
3. Detailed Reports
3.1 By Hierarchy

1. Summary
----------

+--------------------------+--------------+
| Total On-Chip Power (W)  | 0.108        |
| Design Power Budget (W)  | Unspecified* |
| Power Budget Margin (W)  | NA           |
| Dynamic (W)              | 0.017        |
| Device Static (W)        | 0.091        |
| Effective TJA (C/W)      | 4.6          |
| Max Ambient (C)          | 84.5         |
| Junction Temperature (C) | 25.5         |
| Confidence Level         | Medium       |
| Setting File             | ---          |
| Simulation Activity File | ---          |
| Design Nets Matched      | NA           |
+--------------------------+--------------+
* Specify Design Power Budget using, set_operating_conditions -design_power_budget <value in Watts>


1.1 On-Chip Components
----------------------

+--------------------------+-----------+----------+-----------+-----------------+
| On-Chip                  | Power (W) | Used     | Available | Utilization (%) |
+--------------------------+-----------+----------+-----------+-----------------+
| Clocks                   |     0.004 |        3 |       --- |             --- |
| Slice Logic              |     0.004 |     2630 |       --- |             --- |
|   LUT as Logic           |     0.003 |     1364 |     63400 |            2.15 |
|   CARRY4                 |    <0.001 |      143 |     15850 |            0.90 |
|   Register               |    <0.001 |      837 |    126800 |            0.66 |
|   LUT as Distributed RAM |    <0.001 |       44 |     19000 |            0.23 |
|   F7/F8 Muxes            |    <0.001 |        1 |     63400 |           <0.01 |
|   Others                 |     0.000 |        4 |       --- |             --- |
| Signals                  |     0.005 |     2270 |       --- |             --- |
| Block RAM                |    <0.001 |        1 |       135 |            0.74 |
| DSPs                     |     0.003 |        4 |       240 |            1.67 |
| I/O                      |    <0.001 |        3 |       210 |            1.43 |
| Static Power             |     0.091 |          |           |                 |
| Total                    |     0.108 |          |           |                 |
+--------------------------+-----------+----------+-----------+-----------------+


1.2 Power Supply Summary
------------------------

+-----------+-------------+-----------+-------------+------------+-------------+-------------+------------+
| Source    | Voltage (V) | Total (A) | Dynamic (A) | Static (A) | Powerup (A) | Budget (A)  | Margin (A) |
+-----------+-------------+-----------+-------------+------------+-------------+-------------+------------+
| Vccint    |       1.000 |     0.032 |       0.017 |      0.015 |       NA    | Unspecified | NA         |
| Vccaux    |       1.800 |     0.018 |       0.000 |      0.018 |       NA    | Unspecified | NA         |
| Vcco33    |       3.300 |     0.000 |       0.000 |      0.000 |       NA    | Unspecified | NA         |
| Vcco25    |       2.500 |     0.000 |       0.000 |      0.000 |       NA    | Unspecified | NA         |
| Vcco18    |       1.800 |     0.004 |       0.000 |      0.004 |       NA    | Unspecified | NA         |
| Vcco15    |       1.500 |     0.000 |       0.000 |      0.000 |       NA    | Unspecified | NA         |
| Vcco135   |       1.350 |     0.000 |       0.000 |      0.000 |       NA    | Unspecified | NA         |
| Vcco12    |       1.200 |     0.000 |       0.000 |      0.000 |       NA    | Unspecified | NA         |
| Vccaux_io |       1.800 |     0.000 |       0.000 |      0.000 |       NA    | Unspecified | NA         |
| Vccbram   |       1.000 |     0.000 |       0.000 |      0.000 |       NA    | Unspecified | NA         |
| MGTAVcc   |       1.000 |     0.000 |       0.000 |      0.000 |       NA    | Unspecified | NA         |
| MGTAVtt   |       1.200 |     0.000 |       0.000 |      0.000 |       NA    | Unspecified | NA         |
| Vccadc    |       1.800 |     0.020 |       0.000 |      0.020 |       NA    | Unspecified | NA         |
+-----------+-------------+-----------+-------------+------------+-------------+-------------+------------+


1.3 Confidence Level
--------------------

+-----------------------------+------------+-------------------------------------------------------+------------------------------------------------------------------------------------------------------------+
| User Input Data             | Confidence | Details                                               | Action                                                                                                     |
+-----------------------------+------------+-------------------------------------------------------+------------------------------------------------------------------------------------------------------------+
| Design implementation state | High       | Design is routed                                      |                                                                                                            |
| Clock nodes activity        | High       | User specified more than 95% of clocks                |                                                                                                            |
| I/O nodes activity          | Medium     | More than 5% of inputs are missing user specification | Provide missing input activity with simulation results or by editing the "By Resource Type -> I/Os" view   |
| Internal nodes activity     | Medium     | User specified less than 25% of internal nodes        | Provide missing internal nodes activity with simulation results or by editing the "By Resource Type" views |
| Device models               | High       | Device models are Production                          |                                                                                                            |
|                             |            |                                                       |                                                                                                            |
| Overall confidence level    | Medium     |                                                       |                                                                                                            |
+-----------------------------+------------+-------------------------------------------------------+------------------------------------------------------------------------------------------------------------+


2. Settings
-----------

2.1 Environment
---------------

+-----------------------+--------------------------+
| Ambient Temp (C)      | 25.0                     |
| ThetaJA (C/W)         | 4.6                      |
| Airflow (LFM)         | 250                      |
| Heat Sink             | medium (Medium Profile)  |
| ThetaSA (C/W)         | 4.6                      |
| Board Selection       | medium (10"x10")         |
| # of Board Layers     | 12to15 (12 to 15 Layers) |
| Board Temperature (C) | 25.0                     |
+-----------------------+--------------------------+


2.2 Clock Constraints
---------------------

+-------+--------+-----------------+
| Clock | Domain | Constraint (ns) |
+-------+--------+-----------------+
| clk   | clk    |            10.2 |
+-------+--------+-----------------+


3. Detailed Reports
-------------------

3.1 By Hierarchy
----------------

+------------------+-----------+
| Name             | Power (W) |
+------------------+-----------+
| picorv32_soc_top |     0.017 |
+------------------+-----------+


855 Infos, 1356 Warnings, 0 Critical Warnings and 0 Errors encountered.
report_power completed successfully



<bold><cyan>######################################<end>
<bold><cyan>   Running synthesis at 99 MHz <end>
<bold><cyan>######################################<end>

WARNING: [filemgmt 56-128] File '/net/users/oelmouden/picorv32/work/fmax_synthesis/vivado/xc7a100t-csg324-1/picorv32/rv32im_fast/constraints.xdc' is already in the project and will not be added again
Parsing XDC File [/net/users/oelmouden/picorv32/work/fmax_synthesis/vivado/xc7a100t-csg324-1/picorv32/rv32im_fast/constraints.xdc]
WARNING: [Vivado 12-2489] -period contains time 10.101010 which will be rounded to 10.101 to ensure it is an integer multiple of 1 picosecond [/net/users/oelmouden/picorv32/work/fmax_synthesis/vivado/xc7a100t-csg324-1/picorv32/rv32im_fast/constraints.xdc:1]
WARNING: [Constraints 18-619] A clock with name 'clk' already exists, overwriting the previous clock with the same name. [/net/users/oelmouden/picorv32/work/fmax_synthesis/vivado/xc7a100t-csg324-1/picorv32/rv32im_fast/constraints.xdc:1]
Finished Parsing XDC File [/net/users/oelmouden/picorv32/work/fmax_synthesis/vivado/xc7a100t-csg324-1/picorv32/rv32im_fast/constraints.xdc]
Command: synth_design -flatten_hierarchy full -part xc7a100t-csg324-1 -top picorv32_soc_top -verilog_define VIVADO
Starting synth_design
Attempting to get a license for feature 'Synthesis' and/or device 'xc7a100t'
INFO: [Common 17-349] Got license for feature 'Synthesis' and/or device 'xc7a100t'
INFO: [Synth 8-7079] Multithreading enabled for synth_design using a maximum of 7 processes.
---------------------------------------------------------------------------------
Starting RTL Elaboration : Time (s): cpu = 00:00:05 ; elapsed = 00:00:05 . Memory (MB): peak = 3996.762 ; gain = 0.000 ; free physical = 741257 ; free virtual = 764288
---------------------------------------------------------------------------------
INFO: [Synth 8-6157] synthesizing module 'picorv32_soc_top' [/net/users/oelmouden/picorv32/work/fmax_synthesis/vivado/xc7a100t-csg324-1/picorv32/rv32im_fast/rtl/picorv32_soc_top.v:5]
INFO: [Synth 8-6157] synthesizing module 'picorv32' [/net/users/oelmouden/picorv32/work/fmax_synthesis/vivado/xc7a100t-csg324-1/picorv32/rv32im_fast/rtl/picorv32.v:62]
	Parameter ENABLE_COUNTERS bound to: 1'b1 
	Parameter ENABLE_COUNTERS64 bound to: 1'b1 
	Parameter ENABLE_REGS_16_31 bound to: 1'b1 
	Parameter ENABLE_REGS_DUALPORT bound to: 1'b1 
	Parameter LATCHED_MEM_RDATA bound to: 1'b0 
	Parameter TWO_STAGE_SHIFT bound to: 1'b1 
	Parameter BARREL_SHIFTER bound to: 1'b0 
	Parameter TWO_CYCLE_COMPARE bound to: 1'b0 
	Parameter TWO_CYCLE_ALU bound to: 1'b0 
	Parameter COMPRESSED_ISA bound to: 1'b0 
	Parameter CATCH_MISALIGN bound to: 1'b1 
	Parameter CATCH_ILLINSN bound to: 1'b1 
	Parameter ENABLE_PCPI bound to: 1'b0 
	Parameter ENABLE_MUL bound to: 1'b0 
	Parameter ENABLE_FAST_MUL bound to: 1'b1 
	Parameter ENABLE_DIV bound to: 1'b1 
	Parameter ENABLE_IRQ bound to: 1'b0 
	Parameter ENABLE_IRQ_QREGS bound to: 1'b1 
	Parameter ENABLE_IRQ_TIMER bound to: 1'b1 
	Parameter ENABLE_TRACE bound to: 1'b0 
	Parameter REGS_INIT_ZERO bound to: 1'b0 
	Parameter MASKED_IRQ bound to: 0 - type: integer 
	Parameter LATCHED_IRQ bound to: -1 - type: integer 
	Parameter PROGADDR_RESET bound to: 0 - type: integer 
	Parameter PROGADDR_IRQ bound to: 16 - type: integer 
	Parameter STACKADDR bound to: -1 - type: integer 
INFO: [Synth 8-6157] synthesizing module 'picorv32_pcpi_fast_mul' [/net/users/oelmouden/picorv32/work/fmax_synthesis/vivado/xc7a100t-csg324-1/picorv32/rv32im_fast/rtl/picorv32.v:2318]
INFO: [Synth 8-155] case statement is not full and has no default [/net/users/oelmouden/picorv32/work/fmax_synthesis/vivado/xc7a100t-csg324-1/picorv32/rv32im_fast/rtl/picorv32.v:2355]
INFO: [Synth 8-6155] done synthesizing module 'picorv32_pcpi_fast_mul' (0#1) [/net/users/oelmouden/picorv32/work/fmax_synthesis/vivado/xc7a100t-csg324-1/picorv32/rv32im_fast/rtl/picorv32.v:2318]
INFO: [Synth 8-6157] synthesizing module 'picorv32_pcpi_div' [/net/users/oelmouden/picorv32/work/fmax_synthesis/vivado/xc7a100t-csg324-1/picorv32/rv32im_fast/rtl/picorv32.v:2420]
INFO: [Synth 8-155] case statement is not full and has no default [/net/users/oelmouden/picorv32/work/fmax_synthesis/vivado/xc7a100t-csg324-1/picorv32/rv32im_fast/rtl/picorv32.v:2445]
INFO: [Synth 8-6155] done synthesizing module 'picorv32_pcpi_div' (0#1) [/net/users/oelmouden/picorv32/work/fmax_synthesis/vivado/xc7a100t-csg324-1/picorv32/rv32im_fast/rtl/picorv32.v:2420]
INFO: [Synth 8-155] case statement is not full and has no default [/net/users/oelmouden/picorv32/work/fmax_synthesis/vivado/xc7a100t-csg324-1/picorv32/rv32im_fast/rtl/picorv32.v:331]
WARNING: [Synth 8-151] case item 1'b0 is unreachable [/net/users/oelmouden/picorv32/work/fmax_synthesis/vivado/xc7a100t-csg324-1/picorv32/rv32im_fast/rtl/picorv32.v:1268]
WARNING: [Synth 8-151] case item 1'b0 is unreachable [/net/users/oelmouden/picorv32/work/fmax_synthesis/vivado/xc7a100t-csg324-1/picorv32/rv32im_fast/rtl/picorv32.v:1314]
INFO: [Synth 8-155] case statement is not full and has no default [/net/users/oelmouden/picorv32/work/fmax_synthesis/vivado/xc7a100t-csg324-1/picorv32/rv32im_fast/rtl/picorv32.v:1314]
WARNING: [Synth 8-151] case item 1'b0 is unreachable [/net/users/oelmouden/picorv32/work/fmax_synthesis/vivado/xc7a100t-csg324-1/picorv32/rv32im_fast/rtl/picorv32.v:1497]
INFO: [Synth 8-155] case statement is not full and has no default [/net/users/oelmouden/picorv32/work/fmax_synthesis/vivado/xc7a100t-csg324-1/picorv32/rv32im_fast/rtl/picorv32.v:1497]
WARNING: [Synth 8-151] case item 1'b0 is unreachable [/net/users/oelmouden/picorv32/work/fmax_synthesis/vivado/xc7a100t-csg324-1/picorv32/rv32im_fast/rtl/picorv32.v:1583]
WARNING: [Synth 8-151] case item 1'b0 is unreachable [/net/users/oelmouden/picorv32/work/fmax_synthesis/vivado/xc7a100t-csg324-1/picorv32/rv32im_fast/rtl/picorv32.v:1583]
WARNING: [Synth 8-151] case item 1'b0 is unreachable [/net/users/oelmouden/picorv32/work/fmax_synthesis/vivado/xc7a100t-csg324-1/picorv32/rv32im_fast/rtl/picorv32.v:1583]
WARNING: [Synth 8-151] case item 1'b0 is unreachable [/net/users/oelmouden/picorv32/work/fmax_synthesis/vivado/xc7a100t-csg324-1/picorv32/rv32im_fast/rtl/picorv32.v:1583]
WARNING: [Synth 8-151] case item 1'b0 is unreachable [/net/users/oelmouden/picorv32/work/fmax_synthesis/vivado/xc7a100t-csg324-1/picorv32/rv32im_fast/rtl/picorv32.v:1583]
INFO: [Synth 8-6155] done synthesizing module 'picorv32' (0#1) [/net/users/oelmouden/picorv32/work/fmax_synthesis/vivado/xc7a100t-csg324-1/picorv32/rv32im_fast/rtl/picorv32.v:62]
INFO: [Synth 8-6157] synthesizing module 'picorv32_simple_ram' [/net/users/oelmouden/picorv32/work/fmax_synthesis/vivado/xc7a100t-csg324-1/picorv32/rv32im_fast/rtl/picorv32_simple_ram.v:5]
	Parameter MEM_WORDS bound to: 1024 - type: integer 
INFO: [Synth 8-6155] done synthesizing module 'picorv32_simple_ram' (0#1) [/net/users/oelmouden/picorv32/work/fmax_synthesis/vivado/xc7a100t-csg324-1/picorv32/rv32im_fast/rtl/picorv32_simple_ram.v:5]
INFO: [Synth 8-6155] done synthesizing module 'picorv32_soc_top' (0#1) [/net/users/oelmouden/picorv32/work/fmax_synthesis/vivado/xc7a100t-csg324-1/picorv32/rv32im_fast/rtl/picorv32_soc_top.v:5]
WARNING: [Synth 8-6014] Unused sequential element pcpi_insn_valid_q_reg was removed.  [/net/users/oelmouden/picorv32/work/fmax_synthesis/vivado/xc7a100t-csg324-1/picorv32/rv32im_fast/rtl/picorv32.v:2365]
WARNING: [Synth 8-6014] Unused sequential element rs1_q_reg was removed.  [/net/users/oelmouden/picorv32/work/fmax_synthesis/vivado/xc7a100t-csg324-1/picorv32/rv32im_fast/rtl/picorv32.v:2367]
WARNING: [Synth 8-6014] Unused sequential element rs2_q_reg was removed.  [/net/users/oelmouden/picorv32/work/fmax_synthesis/vivado/xc7a100t-csg324-1/picorv32/rv32im_fast/rtl/picorv32.v:2368]
WARNING: [Synth 8-6014] Unused sequential element rd_q_reg was removed.  [/net/users/oelmouden/picorv32/work/fmax_synthesis/vivado/xc7a100t-csg324-1/picorv32/rv32im_fast/rtl/picorv32.v:2374]
WARNING: [Synth 8-6014] Unused sequential element pcpi_wr_reg was removed.  [/net/users/oelmouden/picorv32/work/fmax_synthesis/vivado/xc7a100t-csg324-1/picorv32/rv32im_fast/rtl/picorv32.v:2466]
WARNING: [Synth 8-6014] Unused sequential element mem_la_firstword_reg_reg was removed.  [/net/users/oelmouden/picorv32/work/fmax_synthesis/vivado/xc7a100t-csg324-1/picorv32/rv32im_fast/rtl/picorv32.v:392]
WARNING: [Synth 8-6014] Unused sequential element last_mem_valid_reg was removed.  [/net/users/oelmouden/picorv32/work/fmax_synthesis/vivado/xc7a100t-csg324-1/picorv32/rv32im_fast/rtl/picorv32.v:393]
WARNING: [Synth 8-6014] Unused sequential element next_insn_opcode_reg was removed.  [/net/users/oelmouden/picorv32/work/fmax_synthesis/vivado/xc7a100t-csg324-1/picorv32/rv32im_fast/rtl/picorv32.v:433]
WARNING: [Synth 8-6014] Unused sequential element mem_la_secondword_reg was removed.  [/net/users/oelmouden/picorv32/work/fmax_synthesis/vivado/xc7a100t-csg324-1/picorv32/rv32im_fast/rtl/picorv32.v:571]
WARNING: [Synth 8-6014] Unused sequential element prefetched_high_word_reg was removed.  [/net/users/oelmouden/picorv32/work/fmax_synthesis/vivado/xc7a100t-csg324-1/picorv32/rv32im_fast/rtl/picorv32.v:572]
WARNING: [Synth 8-6014] Unused sequential element q_ascii_instr_reg was removed.  [/net/users/oelmouden/picorv32/work/fmax_synthesis/vivado/xc7a100t-csg324-1/picorv32/rv32im_fast/rtl/picorv32.v:779]
WARNING: [Synth 8-6014] Unused sequential element q_insn_imm_reg was removed.  [/net/users/oelmouden/picorv32/work/fmax_synthesis/vivado/xc7a100t-csg324-1/picorv32/rv32im_fast/rtl/picorv32.v:780]
WARNING: [Synth 8-6014] Unused sequential element q_insn_opcode_reg was removed.  [/net/users/oelmouden/picorv32/work/fmax_synthesis/vivado/xc7a100t-csg324-1/picorv32/rv32im_fast/rtl/picorv32.v:781]
WARNING: [Synth 8-6014] Unused sequential element q_insn_rs1_reg was removed.  [/net/users/oelmouden/picorv32/work/fmax_synthesis/vivado/xc7a100t-csg324-1/picorv32/rv32im_fast/rtl/picorv32.v:782]
WARNING: [Synth 8-6014] Unused sequential element q_insn_rs2_reg was removed.  [/net/users/oelmouden/picorv32/work/fmax_synthesis/vivado/xc7a100t-csg324-1/picorv32/rv32im_fast/rtl/picorv32.v:783]
WARNING: [Synth 8-6014] Unused sequential element q_insn_rd_reg was removed.  [/net/users/oelmouden/picorv32/work/fmax_synthesis/vivado/xc7a100t-csg324-1/picorv32/rv32im_fast/rtl/picorv32.v:784]
WARNING: [Synth 8-6014] Unused sequential element dbg_next_reg was removed.  [/net/users/oelmouden/picorv32/work/fmax_synthesis/vivado/xc7a100t-csg324-1/picorv32/rv32im_fast/rtl/picorv32.v:785]
WARNING: [Synth 8-6014] Unused sequential element dbg_valid_insn_reg was removed.  [/net/users/oelmouden/picorv32/work/fmax_synthesis/vivado/xc7a100t-csg324-1/picorv32/rv32im_fast/rtl/picorv32.v:788]
WARNING: [Synth 8-6014] Unused sequential element cached_ascii_instr_reg was removed.  [/net/users/oelmouden/picorv32/work/fmax_synthesis/vivado/xc7a100t-csg324-1/picorv32/rv32im_fast/rtl/picorv32.v:793]
WARNING: [Synth 8-6014] Unused sequential element cached_insn_imm_reg was removed.  [/net/users/oelmouden/picorv32/work/fmax_synthesis/vivado/xc7a100t-csg324-1/picorv32/rv32im_fast/rtl/picorv32.v:794]
WARNING: [Synth 8-6014] Unused sequential element cached_insn_opcode_reg was removed.  [/net/users/oelmouden/picorv32/work/fmax_synthesis/vivado/xc7a100t-csg324-1/picorv32/rv32im_fast/rtl/picorv32.v:796]
WARNING: [Synth 8-6014] Unused sequential element cached_insn_rs1_reg was removed.  [/net/users/oelmouden/picorv32/work/fmax_synthesis/vivado/xc7a100t-csg324-1/picorv32/rv32im_fast/rtl/picorv32.v:799]
WARNING: [Synth 8-6014] Unused sequential element cached_insn_rs2_reg was removed.  [/net/users/oelmouden/picorv32/work/fmax_synthesis/vivado/xc7a100t-csg324-1/picorv32/rv32im_fast/rtl/picorv32.v:800]
WARNING: [Synth 8-6014] Unused sequential element cached_insn_rd_reg was removed.  [/net/users/oelmouden/picorv32/work/fmax_synthesis/vivado/xc7a100t-csg324-1/picorv32/rv32im_fast/rtl/picorv32.v:801]
WARNING: [Synth 8-6014] Unused sequential element dbg_insn_addr_reg was removed.  [/net/users/oelmouden/picorv32/work/fmax_synthesis/vivado/xc7a100t-csg324-1/picorv32/rv32im_fast/rtl/picorv32.v:805]
WARNING: [Synth 8-6014] Unused sequential element clear_prefetched_high_word_q_reg was removed.  [/net/users/oelmouden/picorv32/work/fmax_synthesis/vivado/xc7a100t-csg324-1/picorv32/rv32im_fast/rtl/picorv32.v:1293]
WARNING: [Synth 8-6014] Unused sequential element set_mem_do_rinst_reg was removed.  [/net/users/oelmouden/picorv32/work/fmax_synthesis/vivado/xc7a100t-csg324-1/picorv32/rv32im_fast/rtl/picorv32.v:1406]
WARNING: [Synth 8-6014] Unused sequential element set_mem_do_rdata_reg was removed.  [/net/users/oelmouden/picorv32/work/fmax_synthesis/vivado/xc7a100t-csg324-1/picorv32/rv32im_fast/rtl/picorv32.v:1407]
WARNING: [Synth 8-6014] Unused sequential element set_mem_do_wdata_reg was removed.  [/net/users/oelmouden/picorv32/work/fmax_synthesis/vivado/xc7a100t-csg324-1/picorv32/rv32im_fast/rtl/picorv32.v:1408]
WARNING: [Synth 8-6014] Unused sequential element alu_out_0_q_reg was removed.  [/net/users/oelmouden/picorv32/work/fmax_synthesis/vivado/xc7a100t-csg324-1/picorv32/rv32im_fast/rtl/picorv32.v:1410]
WARNING: [Synth 8-6014] Unused sequential element alu_wait_reg was removed.  [/net/users/oelmouden/picorv32/work/fmax_synthesis/vivado/xc7a100t-csg324-1/picorv32/rv32im_fast/rtl/picorv32.v:1413]
WARNING: [Synth 8-6014] Unused sequential element alu_wait_2_reg was removed.  [/net/users/oelmouden/picorv32/work/fmax_synthesis/vivado/xc7a100t-csg324-1/picorv32/rv32im_fast/rtl/picorv32.v:1414]
WARNING: [Synth 8-6014] Unused sequential element dbg_rs1val_reg was removed.  [/net/users/oelmouden/picorv32/work/fmax_synthesis/vivado/xc7a100t-csg324-1/picorv32/rv32im_fast/rtl/picorv32.v:1417]
WARNING: [Synth 8-6014] Unused sequential element dbg_rs2val_reg was removed.  [/net/users/oelmouden/picorv32/work/fmax_synthesis/vivado/xc7a100t-csg324-1/picorv32/rv32im_fast/rtl/picorv32.v:1418]
WARNING: [Synth 8-6014] Unused sequential element dbg_rs1val_valid_reg was removed.  [/net/users/oelmouden/picorv32/work/fmax_synthesis/vivado/xc7a100t-csg324-1/picorv32/rv32im_fast/rtl/picorv32.v:1419]
WARNING: [Synth 8-6014] Unused sequential element dbg_rs2val_valid_reg was removed.  [/net/users/oelmouden/picorv32/work/fmax_synthesis/vivado/xc7a100t-csg324-1/picorv32/rv32im_fast/rtl/picorv32.v:1420]
WARNING: [Synth 8-6014] Unused sequential element next_irq_pending_reg was removed.  [/net/users/oelmouden/picorv32/work/fmax_synthesis/vivado/xc7a100t-csg324-1/picorv32/rv32im_fast/rtl/picorv32.v:1440]
WARNING: [Synth 8-6014] Unused sequential element decoder_trigger_q_reg was removed.  [/net/users/oelmouden/picorv32/work/fmax_synthesis/vivado/xc7a100t-csg324-1/picorv32/rv32im_fast/rtl/picorv32.v:1447]
WARNING: [Synth 8-6014] Unused sequential element decoder_pseudo_trigger_q_reg was removed.  [/net/users/oelmouden/picorv32/work/fmax_synthesis/vivado/xc7a100t-csg324-1/picorv32/rv32im_fast/rtl/picorv32.v:1449]
WARNING: [Synth 8-6014] Unused sequential element latched_trace_reg was removed.  [/net/users/oelmouden/picorv32/work/fmax_synthesis/vivado/xc7a100t-csg324-1/picorv32/rv32im_fast/rtl/picorv32.v:1465]
WARNING: [Synth 8-6014] Unused sequential element irq_active_reg was removed.  [/net/users/oelmouden/picorv32/work/fmax_synthesis/vivado/xc7a100t-csg324-1/picorv32/rv32im_fast/rtl/picorv32.v:1471]
WARNING: [Synth 8-6014] Unused sequential element irq_delay_reg was removed.  [/net/users/oelmouden/picorv32/work/fmax_synthesis/vivado/xc7a100t-csg324-1/picorv32/rv32im_fast/rtl/picorv32.v:1472]
WARNING: [Synth 8-6014] Unused sequential element irq_mask_reg was removed.  [/net/users/oelmouden/picorv32/work/fmax_synthesis/vivado/xc7a100t-csg324-1/picorv32/rv32im_fast/rtl/picorv32.v:1473]
WARNING: [Synth 8-6014] Unused sequential element irq_state_reg was removed.  [/net/users/oelmouden/picorv32/work/fmax_synthesis/vivado/xc7a100t-csg324-1/picorv32/rv32im_fast/rtl/picorv32.v:1475]
WARNING: [Synth 8-6014] Unused sequential element timer_reg was removed.  [/net/users/oelmouden/picorv32/work/fmax_synthesis/vivado/xc7a100t-csg324-1/picorv32/rv32im_fast/rtl/picorv32.v:1477]
WARNING: [Synth 8-6014] Unused sequential element current_pc_reg was removed.  [/net/users/oelmouden/picorv32/work/fmax_synthesis/vivado/xc7a100t-csg324-1/picorv32/rv32im_fast/rtl/picorv32.v:1495]
WARNING: [Synth 8-6014] Unused sequential element irq_pending_reg was removed.  [/net/users/oelmouden/picorv32/work/fmax_synthesis/vivado/xc7a100t-csg324-1/picorv32/rv32im_fast/rtl/picorv32.v:1963]
WARNING: [Synth 8-6014] Unused sequential element trace_valid_reg was removed.  [/net/users/oelmouden/picorv32/work/fmax_synthesis/vivado/xc7a100t-csg324-1/picorv32/rv32im_fast/rtl/picorv32.v:1452]
WARNING: [Synth 8-7129] Port pcpi_insn[24] in module picorv32_pcpi_div is either unconnected or has no load
WARNING: [Synth 8-7129] Port pcpi_insn[23] in module picorv32_pcpi_div is either unconnected or has no load
WARNING: [Synth 8-7129] Port pcpi_insn[22] in module picorv32_pcpi_div is either unconnected or has no load
WARNING: [Synth 8-7129] Port pcpi_insn[21] in module picorv32_pcpi_div is either unconnected or has no load
WARNING: [Synth 8-7129] Port pcpi_insn[20] in module picorv32_pcpi_div is either unconnected or has no load
WARNING: [Synth 8-7129] Port pcpi_insn[19] in module picorv32_pcpi_div is either unconnected or has no load
WARNING: [Synth 8-7129] Port pcpi_insn[18] in module picorv32_pcpi_div is either unconnected or has no load
WARNING: [Synth 8-7129] Port pcpi_insn[17] in module picorv32_pcpi_div is either unconnected or has no load
WARNING: [Synth 8-7129] Port pcpi_insn[16] in module picorv32_pcpi_div is either unconnected or has no load
WARNING: [Synth 8-7129] Port pcpi_insn[15] in module picorv32_pcpi_div is either unconnected or has no load
WARNING: [Synth 8-7129] Port pcpi_insn[11] in module picorv32_pcpi_div is either unconnected or has no load
WARNING: [Synth 8-7129] Port pcpi_insn[10] in module picorv32_pcpi_div is either unconnected or has no load
WARNING: [Synth 8-7129] Port pcpi_insn[9] in module picorv32_pcpi_div is either unconnected or has no load
WARNING: [Synth 8-7129] Port pcpi_insn[8] in module picorv32_pcpi_div is either unconnected or has no load
WARNING: [Synth 8-7129] Port pcpi_insn[7] in module picorv32_pcpi_div is either unconnected or has no load
WARNING: [Synth 8-7129] Port pcpi_insn[24] in module picorv32_pcpi_fast_mul is either unconnected or has no load
WARNING: [Synth 8-7129] Port pcpi_insn[23] in module picorv32_pcpi_fast_mul is either unconnected or has no load
WARNING: [Synth 8-7129] Port pcpi_insn[22] in module picorv32_pcpi_fast_mul is either unconnected or has no load
WARNING: [Synth 8-7129] Port pcpi_insn[21] in module picorv32_pcpi_fast_mul is either unconnected or has no load
WARNING: [Synth 8-7129] Port pcpi_insn[20] in module picorv32_pcpi_fast_mul is either unconnected or has no load
WARNING: [Synth 8-7129] Port pcpi_insn[19] in module picorv32_pcpi_fast_mul is either unconnected or has no load
WARNING: [Synth 8-7129] Port pcpi_insn[18] in module picorv32_pcpi_fast_mul is either unconnected or has no load
WARNING: [Synth 8-7129] Port pcpi_insn[17] in module picorv32_pcpi_fast_mul is either unconnected or has no load
WARNING: [Synth 8-7129] Port pcpi_insn[16] in module picorv32_pcpi_fast_mul is either unconnected or has no load
WARNING: [Synth 8-7129] Port pcpi_insn[15] in module picorv32_pcpi_fast_mul is either unconnected or has no load
WARNING: [Synth 8-7129] Port pcpi_insn[11] in module picorv32_pcpi_fast_mul is either unconnected or has no load
WARNING: [Synth 8-7129] Port pcpi_insn[10] in module picorv32_pcpi_fast_mul is either unconnected or has no load
WARNING: [Synth 8-7129] Port pcpi_insn[9] in module picorv32_pcpi_fast_mul is either unconnected or has no load
WARNING: [Synth 8-7129] Port pcpi_insn[8] in module picorv32_pcpi_fast_mul is either unconnected or has no load
WARNING: [Synth 8-7129] Port pcpi_insn[7] in module picorv32_pcpi_fast_mul is either unconnected or has no load
WARNING: [Synth 8-7129] Port pcpi_wr in module picorv32 is either unconnected or has no load
WARNING: [Synth 8-7129] Port pcpi_rd[31] in module picorv32 is either unconnected or has no load
WARNING: [Synth 8-7129] Port pcpi_rd[30] in module picorv32 is either unconnected or has no load
WARNING: [Synth 8-7129] Port pcpi_rd[29] in module picorv32 is either unconnected or has no load
WARNING: [Synth 8-7129] Port pcpi_rd[28] in module picorv32 is either unconnected or has no load
WARNING: [Synth 8-7129] Port pcpi_rd[27] in module picorv32 is either unconnected or has no load
WARNING: [Synth 8-7129] Port pcpi_rd[26] in module picorv32 is either unconnected or has no load
WARNING: [Synth 8-7129] Port pcpi_rd[25] in module picorv32 is either unconnected or has no load
WARNING: [Synth 8-7129] Port pcpi_rd[24] in module picorv32 is either unconnected or has no load
WARNING: [Synth 8-7129] Port pcpi_rd[23] in module picorv32 is either unconnected or has no load
WARNING: [Synth 8-7129] Port pcpi_rd[22] in module picorv32 is either unconnected or has no load
WARNING: [Synth 8-7129] Port pcpi_rd[21] in module picorv32 is either unconnected or has no load
WARNING: [Synth 8-7129] Port pcpi_rd[20] in module picorv32 is either unconnected or has no load
WARNING: [Synth 8-7129] Port pcpi_rd[19] in module picorv32 is either unconnected or has no load
WARNING: [Synth 8-7129] Port pcpi_rd[18] in module picorv32 is either unconnected or has no load
WARNING: [Synth 8-7129] Port pcpi_rd[17] in module picorv32 is either unconnected or has no load
WARNING: [Synth 8-7129] Port pcpi_rd[16] in module picorv32 is either unconnected or has no load
WARNING: [Synth 8-7129] Port pcpi_rd[15] in module picorv32 is either unconnected or has no load
WARNING: [Synth 8-7129] Port pcpi_rd[14] in module picorv32 is either unconnected or has no load
WARNING: [Synth 8-7129] Port pcpi_rd[13] in module picorv32 is either unconnected or has no load
WARNING: [Synth 8-7129] Port pcpi_rd[12] in module picorv32 is either unconnected or has no load
WARNING: [Synth 8-7129] Port pcpi_rd[11] in module picorv32 is either unconnected or has no load
WARNING: [Synth 8-7129] Port pcpi_rd[10] in module picorv32 is either unconnected or has no load
WARNING: [Synth 8-7129] Port pcpi_rd[9] in module picorv32 is either unconnected or has no load
WARNING: [Synth 8-7129] Port pcpi_rd[8] in module picorv32 is either unconnected or has no load
WARNING: [Synth 8-7129] Port pcpi_rd[7] in module picorv32 is either unconnected or has no load
WARNING: [Synth 8-7129] Port pcpi_rd[6] in module picorv32 is either unconnected or has no load
WARNING: [Synth 8-7129] Port pcpi_rd[5] in module picorv32 is either unconnected or has no load
WARNING: [Synth 8-7129] Port pcpi_rd[4] in module picorv32 is either unconnected or has no load
WARNING: [Synth 8-7129] Port pcpi_rd[3] in module picorv32 is either unconnected or has no load
WARNING: [Synth 8-7129] Port pcpi_rd[2] in module picorv32 is either unconnected or has no load
WARNING: [Synth 8-7129] Port pcpi_rd[1] in module picorv32 is either unconnected or has no load
WARNING: [Synth 8-7129] Port pcpi_rd[0] in module picorv32 is either unconnected or has no load
WARNING: [Synth 8-7129] Port pcpi_wait in module picorv32 is either unconnected or has no load
WARNING: [Synth 8-7129] Port pcpi_ready in module picorv32 is either unconnected or has no load
WARNING: [Synth 8-7129] Port irq[31] in module picorv32 is either unconnected or has no load
WARNING: [Synth 8-7129] Port irq[30] in module picorv32 is either unconnected or has no load
WARNING: [Synth 8-7129] Port irq[29] in module picorv32 is either unconnected or has no load
WARNING: [Synth 8-7129] Port irq[28] in module picorv32 is either unconnected or has no load
WARNING: [Synth 8-7129] Port irq[27] in module picorv32 is either unconnected or has no load
WARNING: [Synth 8-7129] Port irq[26] in module picorv32 is either unconnected or has no load
WARNING: [Synth 8-7129] Port irq[25] in module picorv32 is either unconnected or has no load
WARNING: [Synth 8-7129] Port irq[24] in module picorv32 is either unconnected or has no load
WARNING: [Synth 8-7129] Port irq[23] in module picorv32 is either unconnected or has no load
WARNING: [Synth 8-7129] Port irq[22] in module picorv32 is either unconnected or has no load
WARNING: [Synth 8-7129] Port irq[21] in module picorv32 is either unconnected or has no load
WARNING: [Synth 8-7129] Port irq[20] in module picorv32 is either unconnected or has no load
WARNING: [Synth 8-7129] Port irq[19] in module picorv32 is either unconnected or has no load
WARNING: [Synth 8-7129] Port irq[18] in module picorv32 is either unconnected or has no load
WARNING: [Synth 8-7129] Port irq[17] in module picorv32 is either unconnected or has no load
WARNING: [Synth 8-7129] Port irq[16] in module picorv32 is either unconnected or has no load
WARNING: [Synth 8-7129] Port irq[15] in module picorv32 is either unconnected or has no load
WARNING: [Synth 8-7129] Port irq[14] in module picorv32 is either unconnected or has no load
WARNING: [Synth 8-7129] Port irq[13] in module picorv32 is either unconnected or has no load
WARNING: [Synth 8-7129] Port irq[12] in module picorv32 is either unconnected or has no load
WARNING: [Synth 8-7129] Port irq[11] in module picorv32 is either unconnected or has no load
WARNING: [Synth 8-7129] Port irq[10] in module picorv32 is either unconnected or has no load
WARNING: [Synth 8-7129] Port irq[9] in module picorv32 is either unconnected or has no load
WARNING: [Synth 8-7129] Port irq[8] in module picorv32 is either unconnected or has no load
WARNING: [Synth 8-7129] Port irq[7] in module picorv32 is either unconnected or has no load
WARNING: [Synth 8-7129] Port irq[6] in module picorv32 is either unconnected or has no load
WARNING: [Synth 8-7129] Port irq[5] in module picorv32 is either unconnected or has no load
WARNING: [Synth 8-7129] Port irq[4] in module picorv32 is either unconnected or has no load
WARNING: [Synth 8-7129] Port irq[3] in module picorv32 is either unconnected or has no load
WARNING: [Synth 8-7129] Port irq[2] in module picorv32 is either unconnected or has no load
WARNING: [Synth 8-7129] Port irq[1] in module picorv32 is either unconnected or has no load
WARNING: [Synth 8-7129] Port irq[0] in module picorv32 is either unconnected or has no load
---------------------------------------------------------------------------------
Finished RTL Elaboration : Time (s): cpu = 00:00:07 ; elapsed = 00:00:07 . Memory (MB): peak = 3996.762 ; gain = 0.000 ; free physical = 741256 ; free virtual = 764288
---------------------------------------------------------------------------------
---------------------------------------------------------------------------------
Start Handling Custom Attributes
---------------------------------------------------------------------------------
---------------------------------------------------------------------------------
Finished Handling Custom Attributes : Time (s): cpu = 00:00:07 ; elapsed = 00:00:07 . Memory (MB): peak = 3996.762 ; gain = 0.000 ; free physical = 741256 ; free virtual = 764288
---------------------------------------------------------------------------------
---------------------------------------------------------------------------------
Finished RTL Optimization Phase 1 : Time (s): cpu = 00:00:07 ; elapsed = 00:00:07 . Memory (MB): peak = 3996.762 ; gain = 0.000 ; free physical = 741256 ; free virtual = 764288
---------------------------------------------------------------------------------
Netlist sorting complete. Time (s): cpu = 00:00:00.02 ; elapsed = 00:00:00.02 . Memory (MB): peak = 3996.762 ; gain = 0.000 ; free physical = 741256 ; free virtual = 764288
INFO: [Project 1-570] Preparing netlist for logic optimization

Processing XDC Constraints
Initializing timing engine
Parsing XDC File [/net/users/oelmouden/picorv32/work/fmax_synthesis/vivado/xc7a100t-csg324-1/picorv32/rv32im_fast/constraints.xdc]
WARNING: [Vivado 12-2489] -period contains time 10.101010 which will be rounded to 10.101 to ensure it is an integer multiple of 1 picosecond [/net/users/oelmouden/picorv32/work/fmax_synthesis/vivado/xc7a100t-csg324-1/picorv32/rv32im_fast/constraints.xdc:1]
Finished Parsing XDC File [/net/users/oelmouden/picorv32/work/fmax_synthesis/vivado/xc7a100t-csg324-1/picorv32/rv32im_fast/constraints.xdc]
Completed Processing XDC Constraints

Netlist sorting complete. Time (s): cpu = 00:00:00 ; elapsed = 00:00:00 . Memory (MB): peak = 3996.762 ; gain = 0.000 ; free physical = 741237 ; free virtual = 764268
INFO: [Project 1-111] Unisim Transformation Summary:
No Unisim elements were transformed.

Constraint Validation Runtime : Time (s): cpu = 00:00:00.07 ; elapsed = 00:00:00.02 . Memory (MB): peak = 3996.762 ; gain = 0.000 ; free physical = 741237 ; free virtual = 764268
---------------------------------------------------------------------------------
Finished Constraint Validation : Time (s): cpu = 00:00:13 ; elapsed = 00:00:13 . Memory (MB): peak = 3996.762 ; gain = 0.000 ; free physical = 741233 ; free virtual = 764265
---------------------------------------------------------------------------------
---------------------------------------------------------------------------------
Start Loading Part and Timing Information
---------------------------------------------------------------------------------
Loading part: xc7a100tcsg324-1
---------------------------------------------------------------------------------
Finished Loading Part and Timing Information : Time (s): cpu = 00:00:13 ; elapsed = 00:00:13 . Memory (MB): peak = 3996.762 ; gain = 0.000 ; free physical = 741233 ; free virtual = 764265
---------------------------------------------------------------------------------
---------------------------------------------------------------------------------
Start Applying 'set_property' XDC Constraints
---------------------------------------------------------------------------------
---------------------------------------------------------------------------------
Finished applying 'set_property' XDC Constraints : Time (s): cpu = 00:00:13 ; elapsed = 00:00:13 . Memory (MB): peak = 3996.762 ; gain = 0.000 ; free physical = 741233 ; free virtual = 764265
---------------------------------------------------------------------------------
INFO: [Synth 8-802] inferred FSM for state register 'mem_state_reg' in module 'picorv32'
---------------------------------------------------------------------------------------------------
                   State |                     New Encoding |                Previous Encoding 
---------------------------------------------------------------------------------------------------
                 iSTATE2 |                               00 |                               00
                 iSTATE0 |                               01 |                               10
                  iSTATE |                               10 |                               01
                 iSTATE1 |                               11 |                               11
---------------------------------------------------------------------------------------------------
INFO: [Synth 8-3354] encoded FSM with state register 'mem_state_reg' using encoding 'sequential' in module 'picorv32'
---------------------------------------------------------------------------------
Finished RTL Optimization Phase 2 : Time (s): cpu = 00:00:14 ; elapsed = 00:00:14 . Memory (MB): peak = 3996.762 ; gain = 0.000 ; free physical = 741235 ; free virtual = 764266
---------------------------------------------------------------------------------
---------------------------------------------------------------------------------
Start RTL Component Statistics 
---------------------------------------------------------------------------------
Detailed RTL Component Info : 
+---Adders : 
	   2 Input   63 Bit       Adders := 1     
	   2 Input   32 Bit       Adders := 7     
	   3 Input   32 Bit       Adders := 1     
	   2 Input    5 Bit       Adders := 1     
	   2 Input    4 Bit       Adders := 1     
+---XORs : 
	   2 Input     32 Bit         XORs := 1     
+---Registers : 
	               64 Bit    Registers := 1     
	               63 Bit    Registers := 1     
	               36 Bit    Registers := 1     
	               33 Bit    Registers := 2     
	               32 Bit    Registers := 18    
	                8 Bit    Registers := 1     
	                5 Bit    Registers := 6     
	                4 Bit    Registers := 3     
	                2 Bit    Registers := 1     
	                1 Bit    Registers := 89    
+---Multipliers : 
	              33x33  Multipliers := 1     
+---RAMs : 
	              32K Bit	(1024 X 32 bit)          RAMs := 1     
	             1024 Bit	(32 X 32 bit)          RAMs := 1     
+---Muxes : 
	   2 Input   63 Bit        Muxes := 2     
	   2 Input   33 Bit        Muxes := 2     
	   2 Input   32 Bit        Muxes := 33    
	   3 Input   32 Bit        Muxes := 3     
	   5 Input   32 Bit        Muxes := 1     
	   6 Input   32 Bit        Muxes := 1     
	   4 Input   32 Bit        Muxes := 7     
	   2 Input   16 Bit        Muxes := 1     
	   4 Input    8 Bit        Muxes := 2     
	   2 Input    8 Bit        Muxes := 3     
	   5 Input    4 Bit        Muxes := 1     
	   2 Input    4 Bit        Muxes := 1     
	   4 Input    4 Bit        Muxes := 1     
	   3 Input    4 Bit        Muxes := 1     
	   2 Input    3 Bit        Muxes := 3     
	   4 Input    2 Bit        Muxes := 1     
	   2 Input    2 Bit        Muxes := 2     
	   2 Input    1 Bit        Muxes := 32    
	   4 Input    1 Bit        Muxes := 18    
	   3 Input    1 Bit        Muxes := 4     
	   7 Input    1 Bit        Muxes := 4     
---------------------------------------------------------------------------------
Finished RTL Component Statistics 
---------------------------------------------------------------------------------
---------------------------------------------------------------------------------
Start Part Resource Summary
---------------------------------------------------------------------------------
Part Resources:
DSPs: 240 (col length:80)
BRAMs: 270 (col length: RAMB18 80 RAMB36 40)
---------------------------------------------------------------------------------
Finished Part Resource Summary
---------------------------------------------------------------------------------
---------------------------------------------------------------------------------
Start Cross Boundary and Area Optimization
---------------------------------------------------------------------------------
WARNING: [Synth 8-7080] Parallel synthesis criteria is not met
DSP Report: Generating DSP rd0, operation Mode is: A2*B2.
DSP Report: register rs1_reg is absorbed into DSP rd0.
DSP Report: register rd0 is absorbed into DSP rd0.
DSP Report: operator rd0 is absorbed into DSP rd0.
DSP Report: operator rd0 is absorbed into DSP rd0.
DSP Report: Generating DSP rd_reg, operation Mode is: (PCIN>>17)+A2*B2.
DSP Report: register rs2_reg is absorbed into DSP rd_reg.
DSP Report: register rs1_reg is absorbed into DSP rd_reg.
DSP Report: register rd_reg is absorbed into DSP rd_reg.
DSP Report: operator rd0 is absorbed into DSP rd_reg.
DSP Report: operator rd0 is absorbed into DSP rd_reg.
DSP Report: Generating DSP rd0, operation Mode is: A2*B2.
DSP Report: register rd0 is absorbed into DSP rd0.
DSP Report: register rd0 is absorbed into DSP rd0.
DSP Report: operator rd0 is absorbed into DSP rd0.
DSP Report: operator rd0 is absorbed into DSP rd0.
DSP Report: Generating DSP rd_reg, operation Mode is: (PCIN>>17)+A2*B2.
DSP Report: register rs2_reg is absorbed into DSP rd_reg.
DSP Report: register rd_reg is absorbed into DSP rd_reg.
DSP Report: register rd_reg is absorbed into DSP rd_reg.
DSP Report: operator rd0 is absorbed into DSP rd_reg.
DSP Report: operator rd0 is absorbed into DSP rd_reg.
WARNING: [Synth 8-7129] Port pcpi_wr in module picorv32 is either unconnected or has no load
WARNING: [Synth 8-7129] Port pcpi_rd[31] in module picorv32 is either unconnected or has no load
WARNING: [Synth 8-7129] Port pcpi_rd[30] in module picorv32 is either unconnected or has no load
INFO: [Common 17-14] Message 'Synth 8-7129' appears 100 times and further instances of the messages will be disabled. Use the Tcl command set_msg_config to change the current settings.
WARNING: [Synth 8-3332] Sequential element (rd_reg[47]) is unused and will be removed from module picorv32_pcpi_fast_mul.
WARNING: [Synth 8-3332] Sequential element (rd_reg[46]) is unused and will be removed from module picorv32_pcpi_fast_mul.
WARNING: [Synth 8-3332] Sequential element (rd_reg[45]) is unused and will be removed from module picorv32_pcpi_fast_mul.
WARNING: [Synth 8-3332] Sequential element (rd_reg[44]) is unused and will be removed from module picorv32_pcpi_fast_mul.
WARNING: [Synth 8-3332] Sequential element (rd_reg[43]) is unused and will be removed from module picorv32_pcpi_fast_mul.
WARNING: [Synth 8-3332] Sequential element (rd_reg[42]) is unused and will be removed from module picorv32_pcpi_fast_mul.
WARNING: [Synth 8-3332] Sequential element (rd_reg[41]) is unused and will be removed from module picorv32_pcpi_fast_mul.
WARNING: [Synth 8-3332] Sequential element (rd_reg[40]) is unused and will be removed from module picorv32_pcpi_fast_mul.
WARNING: [Synth 8-3332] Sequential element (rd_reg[39]) is unused and will be removed from module picorv32_pcpi_fast_mul.
WARNING: [Synth 8-3332] Sequential element (rd_reg[38]) is unused and will be removed from module picorv32_pcpi_fast_mul.
WARNING: [Synth 8-3332] Sequential element (rd_reg[37]) is unused and will be removed from module picorv32_pcpi_fast_mul.
WARNING: [Synth 8-3332] Sequential element (rd_reg[36]) is unused and will be removed from module picorv32_pcpi_fast_mul.
WARNING: [Synth 8-3332] Sequential element (rd_reg[35]) is unused and will be removed from module picorv32_pcpi_fast_mul.
WARNING: [Synth 8-3332] Sequential element (rd_reg[34]) is unused and will be removed from module picorv32_pcpi_fast_mul.
WARNING: [Synth 8-3332] Sequential element (rd_reg[33]) is unused and will be removed from module picorv32_pcpi_fast_mul.
WARNING: [Synth 8-3332] Sequential element (rd_reg[32]) is unused and will be removed from module picorv32_pcpi_fast_mul.
WARNING: [Synth 8-3332] Sequential element (rd_reg[31]) is unused and will be removed from module picorv32_pcpi_fast_mul.
WARNING: [Synth 8-3332] Sequential element (rd_reg[30]) is unused and will be removed from module picorv32_pcpi_fast_mul.
WARNING: [Synth 8-3332] Sequential element (rd_reg[29]) is unused and will be removed from module picorv32_pcpi_fast_mul.
WARNING: [Synth 8-3332] Sequential element (rd_reg[28]) is unused and will be removed from module picorv32_pcpi_fast_mul.
WARNING: [Synth 8-3332] Sequential element (rd_reg[27]) is unused and will be removed from module picorv32_pcpi_fast_mul.
WARNING: [Synth 8-3332] Sequential element (rd_reg[26]) is unused and will be removed from module picorv32_pcpi_fast_mul.
WARNING: [Synth 8-3332] Sequential element (rd_reg[25]) is unused and will be removed from module picorv32_pcpi_fast_mul.
WARNING: [Synth 8-3332] Sequential element (rd_reg[24]) is unused and will be removed from module picorv32_pcpi_fast_mul.
WARNING: [Synth 8-3332] Sequential element (rd_reg[23]) is unused and will be removed from module picorv32_pcpi_fast_mul.
WARNING: [Synth 8-3332] Sequential element (rd_reg[22]) is unused and will be removed from module picorv32_pcpi_fast_mul.
WARNING: [Synth 8-3332] Sequential element (rd_reg[21]) is unused and will be removed from module picorv32_pcpi_fast_mul.
WARNING: [Synth 8-3332] Sequential element (rd_reg[20]) is unused and will be removed from module picorv32_pcpi_fast_mul.
WARNING: [Synth 8-3332] Sequential element (rd_reg[19]) is unused and will be removed from module picorv32_pcpi_fast_mul.
WARNING: [Synth 8-3332] Sequential element (rd_reg[18]) is unused and will be removed from module picorv32_pcpi_fast_mul.
WARNING: [Synth 8-3332] Sequential element (rd_reg[17]) is unused and will be removed from module picorv32_pcpi_fast_mul.
WARNING: [Synth 8-3332] Sequential element (rd_reg[47]__0) is unused and will be removed from module picorv32_pcpi_fast_mul.
WARNING: [Synth 8-3332] Sequential element (rd_reg[46]__0) is unused and will be removed from module picorv32_pcpi_fast_mul.
WARNING: [Synth 8-3332] Sequential element (rd_reg[45]__0) is unused and will be removed from module picorv32_pcpi_fast_mul.
WARNING: [Synth 8-3332] Sequential element (rd_reg[44]__0) is unused and will be removed from module picorv32_pcpi_fast_mul.
WARNING: [Synth 8-3332] Sequential element (rd_reg[43]__0) is unused and will be removed from module picorv32_pcpi_fast_mul.
WARNING: [Synth 8-3332] Sequential element (rd_reg[42]__0) is unused and will be removed from module picorv32_pcpi_fast_mul.
WARNING: [Synth 8-3332] Sequential element (rd_reg[41]__0) is unused and will be removed from module picorv32_pcpi_fast_mul.
WARNING: [Synth 8-3332] Sequential element (rd_reg[40]__0) is unused and will be removed from module picorv32_pcpi_fast_mul.
WARNING: [Synth 8-3332] Sequential element (rd_reg[39]__0) is unused and will be removed from module picorv32_pcpi_fast_mul.
WARNING: [Synth 8-3332] Sequential element (rd_reg[38]__0) is unused and will be removed from module picorv32_pcpi_fast_mul.
WARNING: [Synth 8-3332] Sequential element (rd_reg[37]__0) is unused and will be removed from module picorv32_pcpi_fast_mul.
WARNING: [Synth 8-3332] Sequential element (rd_reg[36]__0) is unused and will be removed from module picorv32_pcpi_fast_mul.
WARNING: [Synth 8-3332] Sequential element (rd_reg[35]__0) is unused and will be removed from module picorv32_pcpi_fast_mul.
WARNING: [Synth 8-3332] Sequential element (rd_reg[34]__0) is unused and will be removed from module picorv32_pcpi_fast_mul.
WARNING: [Synth 8-3332] Sequential element (rd_reg[33]__0) is unused and will be removed from module picorv32_pcpi_fast_mul.
WARNING: [Synth 8-3332] Sequential element (rd_reg[32]__0) is unused and will be removed from module picorv32_pcpi_fast_mul.
WARNING: [Synth 8-3332] Sequential element (rd_reg[31]__0) is unused and will be removed from module picorv32_pcpi_fast_mul.
WARNING: [Synth 8-3332] Sequential element (rd_reg[30]__0) is unused and will be removed from module picorv32_pcpi_fast_mul.
WARNING: [Synth 8-3332] Sequential element (rd_reg[29]__0) is unused and will be removed from module picorv32_pcpi_fast_mul.
WARNING: [Synth 8-3332] Sequential element (rd_reg[28]__0) is unused and will be removed from module picorv32_pcpi_fast_mul.
WARNING: [Synth 8-3332] Sequential element (rd_reg[27]__0) is unused and will be removed from module picorv32_pcpi_fast_mul.
WARNING: [Synth 8-3332] Sequential element (rd_reg[26]__0) is unused and will be removed from module picorv32_pcpi_fast_mul.
WARNING: [Synth 8-3332] Sequential element (rd_reg[25]__0) is unused and will be removed from module picorv32_pcpi_fast_mul.
WARNING: [Synth 8-3332] Sequential element (rd_reg[24]__0) is unused and will be removed from module picorv32_pcpi_fast_mul.
WARNING: [Synth 8-3332] Sequential element (rd_reg[23]__0) is unused and will be removed from module picorv32_pcpi_fast_mul.
WARNING: [Synth 8-3332] Sequential element (rd_reg[22]__0) is unused and will be removed from module picorv32_pcpi_fast_mul.
WARNING: [Synth 8-3332] Sequential element (rd_reg[21]__0) is unused and will be removed from module picorv32_pcpi_fast_mul.
WARNING: [Synth 8-3332] Sequential element (rd_reg[20]__0) is unused and will be removed from module picorv32_pcpi_fast_mul.
WARNING: [Synth 8-3332] Sequential element (rd_reg[19]__0) is unused and will be removed from module picorv32_pcpi_fast_mul.
WARNING: [Synth 8-3332] Sequential element (rd_reg[18]__0) is unused and will be removed from module picorv32_pcpi_fast_mul.
WARNING: [Synth 8-3332] Sequential element (rd_reg[17]__0) is unused and will be removed from module picorv32_pcpi_fast_mul.
---------------------------------------------------------------------------------
Finished Cross Boundary and Area Optimization : Time (s): cpu = 00:00:20 ; elapsed = 00:00:21 . Memory (MB): peak = 3996.762 ; gain = 0.000 ; free physical = 741231 ; free virtual = 764262
---------------------------------------------------------------------------------
 Sort Area is  rd0_0 : 0 0 : 2737 5129 : Used 1 time 0
 Sort Area is  rd0_0 : 0 1 : 2392 5129 : Used 1 time 0
 Sort Area is  rd0_3 : 0 0 : 2338 4501 : Used 1 time 0
 Sort Area is  rd0_3 : 0 1 : 2163 4501 : Used 1 time 0
---------------------------------------------------------------------------------
Start ROM, RAM, DSP, Shift Register and Retiming Reporting
---------------------------------------------------------------------------------

Block RAM: Preliminary Mapping Report (see note below)
+-----------------+----------------+------------------------+---+---+------------------------+---+---+------------------+--------+--------+
|Module Name      | RTL Object     | PORT A (Depth x Width) | W | R | PORT B (Depth x Width) | W | R | Ports driving FF | RAMB18 | RAMB36 | 
+-----------------+----------------+------------------------+---+---+------------------------+---+---+------------------+--------+--------+
|picorv32_soc_top | ram/memory_reg | 1 K x 32(READ_FIRST)   | W |   | 1 K x 32(WRITE_FIRST)  |   | R | Port A and B     | 0      | 1      | 
+-----------------+----------------+------------------------+---+---+------------------------+---+---+------------------+--------+--------+

Note: The table above is a preliminary report that shows the Block RAMs at the current stage of the synthesis flow. Some Block RAMs may be reimplemented as non Block RAM primitives later in the synthesis flow. Multiple instantiated Block RAMs are reported only once. 

Distributed RAM: Preliminary Mapping Report (see note below)
+------------+-------------+-----------+----------------------+--------------+
|Module Name | RTL Object  | Inference | Size (Depth x Width) | Primitives   | 
+------------+-------------+-----------+----------------------+--------------+
|cpu         | cpuregs_reg | Implied   | 32 x 32              | RAM32M x 12  | 
+------------+-------------+-----------+----------------------+--------------+

Note: The table above is a preliminary report that shows the Distributed RAMs at the current stage of the synthesis flow. Some Distributed RAMs may be reimplemented as non Distributed RAM primitives later in the synthesis flow. Multiple instantiated RAMs are reported only once.

DSP: Preliminary Mapping Report (see note below. The ' indicates corresponding REG is set)
+-----------------------+------------------+--------+--------+--------+--------+--------+------+------+------+------+-------+------+------+
|Module Name            | DSP Mapping      | A Size | B Size | C Size | D Size | P Size | AREG | BREG | CREG | DREG | ADREG | MREG | PREG | 
+-----------------------+------------------+--------+--------+--------+--------+--------+------+------+------+------+-------+------+------+
|picorv32_pcpi_fast_mul | A2*B2            | 18     | 16     | -      | -      | 48     | 1    | 1    | -    | -    | -     | 0    | 0    | 
|picorv32_pcpi_fast_mul | (PCIN>>17)+A2*B2 | 16     | 16     | -      | -      | 48     | 1    | 1    | -    | -    | -     | 0    | 1    | 
|picorv32_pcpi_fast_mul | A2*B2            | 18     | 18     | -      | -      | 48     | 1    | 1    | -    | -    | -     | 0    | 0    | 
|picorv32_pcpi_fast_mul | (PCIN>>17)+A2*B2 | 18     | 16     | -      | -      | 48     | 1    | 1    | -    | -    | -     | 0    | 1    | 
+-----------------------+------------------+--------+--------+--------+--------+--------+------+------+------+------+-------+------+------+

Note: The table above is a preliminary report that shows the DSPs inferred at the current stage of the synthesis flow. Some DSP may be reimplemented as non DSP primitives later in the synthesis flow. Multiple instantiated DSPs are reported only once.
---------------------------------------------------------------------------------
Finished ROM, RAM, DSP, Shift Register and Retiming Reporting
---------------------------------------------------------------------------------
---------------------------------------------------------------------------------
Start Applying XDC Timing Constraints
---------------------------------------------------------------------------------
---------------------------------------------------------------------------------
Finished Applying XDC Timing Constraints : Time (s): cpu = 00:00:22 ; elapsed = 00:00:23 . Memory (MB): peak = 3996.762 ; gain = 0.000 ; free physical = 741232 ; free virtual = 764263
---------------------------------------------------------------------------------
---------------------------------------------------------------------------------
Start Timing Optimization
---------------------------------------------------------------------------------
---------------------------------------------------------------------------------
Finished Timing Optimization : Time (s): cpu = 00:00:22 ; elapsed = 00:00:24 . Memory (MB): peak = 3996.762 ; gain = 0.000 ; free physical = 741232 ; free virtual = 764263
---------------------------------------------------------------------------------
---------------------------------------------------------------------------------
Start ROM, RAM, DSP, Shift Register and Retiming Reporting
---------------------------------------------------------------------------------

Block RAM: Final Mapping Report
+-----------------+----------------+------------------------+---+---+------------------------+---+---+------------------+--------+--------+
|Module Name      | RTL Object     | PORT A (Depth x Width) | W | R | PORT B (Depth x Width) | W | R | Ports driving FF | RAMB18 | RAMB36 | 
+-----------------+----------------+------------------------+---+---+------------------------+---+---+------------------+--------+--------+
|picorv32_soc_top | ram/memory_reg | 1 K x 32(READ_FIRST)   | W |   | 1 K x 32(WRITE_FIRST)  |   | R | Port A and B     | 0      | 1      | 
+-----------------+----------------+------------------------+---+---+------------------------+---+---+------------------+--------+--------+


Distributed RAM: Final Mapping Report
+------------+-------------+-----------+----------------------+--------------+
|Module Name | RTL Object  | Inference | Size (Depth x Width) | Primitives   | 
+------------+-------------+-----------+----------------------+--------------+
|cpu         | cpuregs_reg | Implied   | 32 x 32              | RAM32M x 12  | 
+------------+-------------+-----------+----------------------+--------------+

---------------------------------------------------------------------------------
Finished ROM, RAM, DSP, Shift Register and Retiming Reporting
---------------------------------------------------------------------------------
---------------------------------------------------------------------------------
Start Technology Mapping
---------------------------------------------------------------------------------
INFO: [Synth 8-7052] The timing for the instance ram/memory_reg (implemented as a Block RAM) might be sub-optimal as no optional output register could be merged into the ram block. Providing additional output register may help in improving timing.
---------------------------------------------------------------------------------
Finished Technology Mapping : Time (s): cpu = 00:00:23 ; elapsed = 00:00:25 . Memory (MB): peak = 3996.762 ; gain = 0.000 ; free physical = 741231 ; free virtual = 764262
---------------------------------------------------------------------------------
---------------------------------------------------------------------------------
Start IO Insertion
---------------------------------------------------------------------------------
---------------------------------------------------------------------------------
Start Flattening Before IO Insertion
---------------------------------------------------------------------------------
---------------------------------------------------------------------------------
Finished Flattening Before IO Insertion
---------------------------------------------------------------------------------
---------------------------------------------------------------------------------
Start Final Netlist Cleanup
---------------------------------------------------------------------------------
---------------------------------------------------------------------------------
Finished Final Netlist Cleanup
---------------------------------------------------------------------------------
---------------------------------------------------------------------------------
Finished IO Insertion : Time (s): cpu = 00:00:26 ; elapsed = 00:00:28 . Memory (MB): peak = 3996.762 ; gain = 0.000 ; free physical = 741231 ; free virtual = 764262
---------------------------------------------------------------------------------
---------------------------------------------------------------------------------
Start Renaming Generated Instances
---------------------------------------------------------------------------------
---------------------------------------------------------------------------------
Finished Renaming Generated Instances : Time (s): cpu = 00:00:26 ; elapsed = 00:00:28 . Memory (MB): peak = 3996.762 ; gain = 0.000 ; free physical = 741231 ; free virtual = 764262
---------------------------------------------------------------------------------
---------------------------------------------------------------------------------
Start Handling Custom Attributes
---------------------------------------------------------------------------------
---------------------------------------------------------------------------------
Finished Handling Custom Attributes : Time (s): cpu = 00:00:27 ; elapsed = 00:00:28 . Memory (MB): peak = 3996.762 ; gain = 0.000 ; free physical = 741232 ; free virtual = 764263
---------------------------------------------------------------------------------
---------------------------------------------------------------------------------
Start Writing Synthesis Report
---------------------------------------------------------------------------------

DSP Final Report (the ' indicates corresponding REG is set)
+-----------------------+--------------------+--------+--------+--------+--------+--------+------+------+------+------+-------+------+------+
|Module Name            | DSP Mapping        | A Size | B Size | C Size | D Size | P Size | AREG | BREG | CREG | DREG | ADREG | MREG | PREG | 
+-----------------------+--------------------+--------+--------+--------+--------+--------+------+------+------+------+-------+------+------+
|picorv32_pcpi_fast_mul | A''*B'             | 17     | 18     | -      | -      | 48     | 2    | 1    | -    | -    | -     | 0    | 0    | 
|picorv32_pcpi_fast_mul | (PCIN>>17+A'*B')'  | 30     | 18     | -      | -      | 48     | 1    | 1    | -    | -    | -     | 0    | 1    | 
|picorv32_pcpi_fast_mul | A''*B''            | 17     | 17     | -      | -      | 48     | 2    | 2    | -    | -    | -     | 0    | 0    | 
|picorv32_pcpi_fast_mul | (PCIN>>17+A''*B')' | 17     | 18     | -      | -      | 48     | 2    | 1    | -    | -    | -     | 0    | 1    | 
+-----------------------+--------------------+--------+--------+--------+--------+--------+------+------+------+------+-------+------+------+


Report BlackBoxes: 
+-+--------------+----------+
| |BlackBox name |Instances |
+-+--------------+----------+
+-+--------------+----------+

Report Cell Usage: 
+------+---------+------+
|      |Cell     |Count |
+------+---------+------+
|1     |BUFG     |     1|
|2     |CARRY4   |   143|
|3     |DSP48E1  |     4|
|7     |LUT1     |   134|
|8     |LUT2     |   196|
|9     |LUT3     |   154|
|10    |LUT4     |   356|
|11    |LUT5     |   218|
|12    |LUT6     |   499|
|13    |MUXF7    |     1|
|14    |RAM32M   |    10|
|15    |RAM32X1D |     4|
|16    |RAMB36E1 |     1|
|17    |FDRE     |   810|
|18    |FDSE     |    26|
|19    |IBUF     |     2|
|20    |OBUF     |     1|
+------+---------+------+
---------------------------------------------------------------------------------
Finished Writing Synthesis Report : Time (s): cpu = 00:00:27 ; elapsed = 00:00:28 . Memory (MB): peak = 3996.762 ; gain = 0.000 ; free physical = 741232 ; free virtual = 764263
---------------------------------------------------------------------------------
Synthesis finished with 0 errors, 0 critical warnings and 130 warnings.
Synthesis Optimization Runtime : Time (s): cpu = 00:00:25 ; elapsed = 00:00:27 . Memory (MB): peak = 3996.762 ; gain = 0.000 ; free physical = 741232 ; free virtual = 764263
Synthesis Optimization Complete : Time (s): cpu = 00:00:27 ; elapsed = 00:00:28 . Memory (MB): peak = 3996.762 ; gain = 0.000 ; free physical = 741232 ; free virtual = 764263
INFO: [Project 1-571] Translating synthesized netlist
Netlist sorting complete. Time (s): cpu = 00:00:00.01 ; elapsed = 00:00:00.02 . Memory (MB): peak = 3996.762 ; gain = 0.000 ; free physical = 741395 ; free virtual = 764426
INFO: [Netlist 29-17] Analyzing 163 Unisim elements for replacement
INFO: [Netlist 29-28] Unisim Transformation completed in 0 CPU seconds
WARNING: [Netlist 29-101] Netlist 'picorv32_soc_top' is not ideal for floorplanning, since the cellview 'picorv32_soc_top' contains a large number of primitives.  Please consider enabling hierarchy in synthesis if you want to do floorplanning.
INFO: [Project 1-570] Preparing netlist for logic optimization
Parsing XDC File [/net/users/oelmouden/picorv32/work/fmax_synthesis/vivado/xc7a100t-csg324-1/picorv32/rv32im_fast/constraints.xdc]
WARNING: [Vivado 12-2489] -period contains time 10.101010 which will be rounded to 10.101 to ensure it is an integer multiple of 1 picosecond [/net/users/oelmouden/picorv32/work/fmax_synthesis/vivado/xc7a100t-csg324-1/picorv32/rv32im_fast/constraints.xdc:1]
Finished Parsing XDC File [/net/users/oelmouden/picorv32/work/fmax_synthesis/vivado/xc7a100t-csg324-1/picorv32/rv32im_fast/constraints.xdc]
INFO: [Opt 31-138] Pushed 0 inverter(s) to 0 load pin(s).
Netlist sorting complete. Time (s): cpu = 00:00:00 ; elapsed = 00:00:00 . Memory (MB): peak = 3996.762 ; gain = 0.000 ; free physical = 741395 ; free virtual = 764426
INFO: [Project 1-111] Unisim Transformation Summary:
  A total of 14 instances were transformed.
  RAM32M => RAM32M (RAMD32(x6), RAMS32(x2)): 10 instances
  RAM32X1D => RAM32X1D (RAMD32(x2)): 4 instances

Synth Design complete | Checksum: f69f57ba
INFO: [Common 17-83] Releasing license: Synthesis
885 Infos, 1581 Warnings, 0 Critical Warnings and 0 Errors encountered.
synth_design completed successfully
synth_design: Time (s): cpu = 00:00:35 ; elapsed = 00:00:34 . Memory (MB): peak = 3996.762 ; gain = 0.000 ; free physical = 741395 ; free virtual = 764426
INFO: [Common 17-2834] synth_design peak Physical Memory [PSS] (MB): overall = 3210.461; main = 3033.876; forked = 329.448
INFO: [Common 17-2834] synth_design peak Virtual Memory [VSS] (MB): overall = 5483.488; main = 3930.531; forked = 1552.957
Command: opt_design -sweep -remap -propconst
Attempting to get a license for feature 'Implementation' and/or device 'xc7a100t'
INFO: [Common 17-349] Got license for feature 'Implementation' and/or device 'xc7a100t'
Running DRC as a precondition to command opt_design
INFO: [DRC 23-27] Running DRC with 8 threads
INFO: [Project 1-461] DRC finished with 0 Errors
INFO: [Project 1-462] Please refer to the DRC report (report_drc) for more information.
INFO: [Timing 38-35] Done setting XDC timing constraints.
INFO: [Opt 31-138] Pushed 0 inverter(s) to 0 load pin(s).
Constant propagation | Checksum: 19a31d398
INFO: [Opt 31-389] Phase Constant propagation created 0 cells and removed 0 cells
INFO: [Constraints 18-11670] Building netlist checker database with flags, 0x8
Done building netlist checker database: Time (s): cpu = 00:00:00 ; elapsed = 00:00:00 . Memory (MB): peak = 3996.762 ; gain = 0.000 ; free physical = 741394 ; free virtual = 764425
Sweep | Checksum: 20be9e34c
INFO: [Opt 31-389] Phase Sweep created 1 cells and removed 0 cells
Remap | Checksum: 20be9e34c
INFO: [Opt 31-389] Phase Remap created 0 cells and removed 0 cells
Post Processing Netlist | Checksum: 20be9e34c
INFO: [Opt 31-389] Phase Post Processing Netlist created 0 cells and removed 0 cells
Opt_design Change Summary
=========================


---------------------------------------------------------------------------------------------------------------------
|  Phase                    |  #Cells created  |  #Cells Removed  |  #Constrained objects preventing optimizations  |
---------------------------------------------------------------------------------------------------------------------
|  Constant propagation     |               0  |               0  |                                              0  |
|  Sweep                    |               1  |               0  |                                              0  |
|  Remap                    |               0  |               0  |                                              0  |
|  Post Processing Netlist  |               0  |               0  |                                              0  |
---------------------------------------------------------------------------------------------------------------------


Netlist sorting complete. Time (s): cpu = 00:00:00 ; elapsed = 00:00:00 . Memory (MB): peak = 3996.762 ; gain = 0.000 ; free physical = 741394 ; free virtual = 764425
INFO: [Common 17-83] Releasing license: Implementation
899 Infos, 1581 Warnings, 0 Critical Warnings and 0 Errors encountered.
opt_design completed successfully
opt_design: Time (s): cpu = 00:00:13 ; elapsed = 00:00:11 . Memory (MB): peak = 3996.762 ; gain = 0.000 ; free physical = 741394 ; free virtual = 764425
Command: opt_design -directive Explore
INFO: [Vivado_Tcl 4-136] Directive used for opt_design is: Explore
Attempting to get a license for feature 'Implementation' and/or device 'xc7a100t'
INFO: [Common 17-349] Got license for feature 'Implementation' and/or device 'xc7a100t'
Running DRC as a precondition to command opt_design
INFO: [DRC 23-27] Running DRC with 8 threads
INFO: [Project 1-461] DRC finished with 0 Errors
INFO: [Project 1-462] Please refer to the DRC report (report_drc) for more information.
INFO: [Timing 38-35] Done setting XDC timing constraints.
INFO: [Opt 31-1851] Number of loadless carry chains removed were: 0
INFO: [Opt 31-1834] Total Chains To Be Transformed Were: 0 AND Number of Transformed insts Created are: 0
INFO: [Opt 31-138] Pushed 0 inverter(s) to 0 load pin(s).
INFO: [Opt 31-49] Retargeted 0 cell(s).
Retarget | Checksum: 21ef379f4
INFO: [Opt 31-389] Phase Retarget created 0 cells and removed 0 cells
INFO: [Opt 31-138] Pushed 0 inverter(s) to 0 load pin(s).
Constant propagation | Checksum: 21ef379f4
INFO: [Opt 31-389] Phase Constant propagation created 0 cells and removed 0 cells
INFO: [Constraints 18-11670] Building netlist checker database with flags, 0x8
Done building netlist checker database: Time (s): cpu = 00:00:00 ; elapsed = 00:00:00 . Memory (MB): peak = 3996.762 ; gain = 0.000 ; free physical = 741392 ; free virtual = 764423
Sweep | Checksum: 21ef379f4
INFO: [Opt 31-389] Phase Sweep created 0 cells and removed 0 cells
BUFG optimization | Checksum: 21ef379f4
INFO: [Opt 31-662] Phase BUFG optimization created 0 cells of which 0 are BUFGs and removed 0 cells.
INFO: [Opt 31-1064] SRL Remap converted 0 SRLs to 0 registers and converted 0 registers of register chains to 0 SRLs
Shift Register Optimization | Checksum: 21ef379f4
INFO: [Opt 31-389] Phase Shift Register Optimization created 0 cells and removed 0 cells
INFO: [Opt 31-1555] control_set_opt supports Versal devices only, and device 7a100t is unsupported
Post Processing Netlist | Checksum: 21ef379f4
INFO: [Opt 31-389] Phase Post Processing Netlist created 0 cells and removed 0 cells
Opt_design Change Summary
=========================


-------------------------------------------------------------------------------------------------------------------------
|  Phase                        |  #Cells created  |  #Cells Removed  |  #Constrained objects preventing optimizations  |
-------------------------------------------------------------------------------------------------------------------------
|  Retarget                     |               0  |               0  |                                              0  |
|  Constant propagation         |               0  |               0  |                                              0  |
|  Sweep                        |               0  |               0  |                                              0  |
|  BUFG optimization            |               0  |               0  |                                              0  |
|  Shift Register Optimization  |               0  |               0  |                                              0  |
|  Post Processing Netlist      |               0  |               0  |                                              0  |
-------------------------------------------------------------------------------------------------------------------------


Netlist sorting complete. Time (s): cpu = 00:00:00 ; elapsed = 00:00:00 . Memory (MB): peak = 3996.762 ; gain = 0.000 ; free physical = 741392 ; free virtual = 764423
INFO: [Common 17-83] Releasing license: Implementation
920 Infos, 1581 Warnings, 0 Critical Warnings and 0 Errors encountered.
opt_design completed successfully
Command: place_design -directive Explore
Attempting to get a license for feature 'Implementation' and/or device 'xc7a100t'
INFO: [Common 17-349] Got license for feature 'Implementation' and/or device 'xc7a100t'
INFO: [Common 17-83] Releasing license: Implementation
INFO: [DRC 23-27] Running DRC with 8 threads
INFO: [Vivado_Tcl 4-198] DRC finished with 0 Errors
INFO: [Vivado_Tcl 4-199] Please refer to the DRC report (report_drc) for more information.
INFO: [Vivado_Tcl 4-2302] The placer was invoked with the 'Explore' directive.
Running DRC as a precondition to command place_design
INFO: [DRC 23-27] Running DRC with 8 threads
INFO: [Vivado_Tcl 4-198] DRC finished with 0 Errors
INFO: [Vivado_Tcl 4-199] Please refer to the DRC report (report_drc) for more information.
INFO: [Place 30-611] Multithreading enabled for place_design using a maximum of 8 CPUs
Netlist sorting complete. Time (s): cpu = 00:00:00 ; elapsed = 00:00:00 . Memory (MB): peak = 3996.762 ; gain = 0.000 ; free physical = 741394 ; free virtual = 764425
Netlist sorting complete. Time (s): cpu = 00:00:00 ; elapsed = 00:00:00 . Memory (MB): peak = 3996.762 ; gain = 0.000 ; free physical = 741394 ; free virtual = 764425
INFO: [Timing 38-35] Done setting XDC timing constraints.
INFO: [Physopt 32-1035] Found 0 LUTNM shape to break, 84 LUT instances to create LUTNM shape
INFO: [Physopt 32-1044] Break lutnm for timing: one critical 0, two critical 0, total 0, new lutff created 0
INFO: [Physopt 32-1138] End 1 Pass. Optimized 35 nets or LUTs. Breaked 0 LUT, combined 35 existing LUTs and moved 0 existing LUT
INFO: [Physopt 32-65] No nets found for high-fanout optimization.
INFO: [Physopt 32-232] Optimized 0 net. Created 0 new instance.
INFO: [Physopt 32-775] End 1 Pass. Optimized 0 net or cell. Created 0 new cell, deleted 0 existing cell and moved 0 existing cell
INFO: [Physopt 32-670] No setup violation found.  DSP Register Optimization was not performed.
INFO: [Physopt 32-670] No setup violation found.  Shift Register to Pipeline Optimization was not performed.
INFO: [Physopt 32-670] No setup violation found.  Shift Register Optimization was not performed.
INFO: [Physopt 32-670] No setup violation found.  BRAM Register Optimization was not performed.
INFO: [Physopt 32-670] No setup violation found.  URAM Register Optimization was not performed.
INFO: [Physopt 32-949] No candidate nets found for dynamic/static region interface net replication
INFO: [Physopt 32-775] End 1 Pass. Optimized 0 net or cell. Created 0 new cell, deleted 0 existing cell and moved 0 existing cell
Netlist sorting complete. Time (s): cpu = 00:00:00 ; elapsed = 00:00:00 . Memory (MB): peak = 3996.762 ; gain = 0.000 ; free physical = 741390 ; free virtual = 764421

Summary of Physical Synthesis Optimizations
============================================


-----------------------------------------------------------------------------------------------------------------------------------------------------------
|  Optimization                                     |  Added Cells  |  Removed Cells  |  Optimized Cells/Nets  |  Dont Touch  |  Iterations  |  Elapsed   |
-----------------------------------------------------------------------------------------------------------------------------------------------------------
|  LUT Combining                                    |            0  |             35  |                    35  |           0  |           1  |  00:00:00  |
|  Retime                                           |            0  |              0  |                     0  |           0  |           1  |  00:00:00  |
|  Very High Fanout                                 |            0  |              0  |                     0  |           0  |           1  |  00:00:00  |
|  DSP Register                                     |            0  |              0  |                     0  |           0  |           0  |  00:00:00  |
|  Shift Register to Pipeline                       |            0  |              0  |                     0  |           0  |           0  |  00:00:00  |
|  Shift Register                                   |            0  |              0  |                     0  |           0  |           0  |  00:00:00  |
|  BRAM Register                                    |            0  |              0  |                     0  |           0  |           0  |  00:00:00  |
|  URAM Register                                    |            0  |              0  |                     0  |           0  |           0  |  00:00:00  |
|  Dynamic/Static Region Interface Net Replication  |            0  |              0  |                     0  |           0  |           1  |  00:00:00  |
|  Total                                            |            0  |             35  |                    35  |           0  |           4  |  00:00:00  |
-----------------------------------------------------------------------------------------------------------------------------------------------------------


INFO: [Timing 38-35] Done setting XDC timing constraints.
Post Placement Optimization Initialization | Checksum: 183194ca0
INFO: [Physopt 32-721] Multithreading enabled for phys_opt_design using a maximum of 8 CPUs
INFO: [Physopt 32-619] Estimated Timing Summary | WNS=2.815 | TNS=0.000 |
INFO: [Place 46-56] BUFG insertion identified 0 candidate nets. Inserted BUFG: 0, Replicated BUFG Driver: 0, Skipped due to Placement/Routing Conflicts: 0, Skipped due to Timing Degradation: 0, Skipped due to netlist editing failed: 0.
INFO: [Place 30-746] Post Placement Timing Summary WNS=2.815. For the most accurate timing information please run report_timing.
INFO: [Place 30-612] Post-Placement Estimated Congestion 
 ____________________________________________________
|           | Global Congestion | Short Congestion  |
| Direction | Region Size       | Region Size       |
|___________|___________________|___________________|
|      North|                1x1|                1x1|
|___________|___________________|___________________|
|      South|                1x1|                4x4|
|___________|___________________|___________________|
|       East|                1x1|                1x1|
|___________|___________________|___________________|
|       West|                1x1|                1x1|
|___________|___________________|___________________|

Netlist sorting complete. Time (s): cpu = 00:00:00 ; elapsed = 00:00:00 . Memory (MB): peak = 3996.762 ; gain = 0.000 ; free physical = 741391 ; free virtual = 764422
950 Infos, 1581 Warnings, 0 Critical Warnings and 0 Errors encountered.
place_design completed successfully
place_design: Time (s): cpu = 00:00:15 ; elapsed = 00:00:06 . Memory (MB): peak = 3996.762 ; gain = 0.000 ; free physical = 741391 ; free virtual = 764422
Command: phys_opt_design -retime -rewire -critical_pin_opt -placement_opt -critical_cell_opt
Attempting to get a license for feature 'Implementation' and/or device 'xc7a100t'
INFO: [Common 17-349] Got license for feature 'Implementation' and/or device 'xc7a100t'
WARNING: [Vivado_Tcl 4-1892] The option '-rewire' has been deprecated and will become unsupported in a future release. Please remove the option from the scripts and use '-restruct_opt' option instead.
INFO: [Vivado_Tcl 4-2279] Estimated Timing Summary | WNS= 2.815 | TNS= 0.000 | 
INFO: [Vivado_Tcl 4-383] Design worst setup slack (WNS) is greater than or equal to 0.250 ns. All physical synthesis setup optimizations will be skipped.
INFO: [Vivado_Tcl 4-232] No setup violation found. The netlist was not modified.
INFO: [Common 17-83] Releasing license: Implementation
955 Infos, 1582 Warnings, 0 Critical Warnings and 0 Errors encountered.
phys_opt_design completed successfully
Command: route_design -directive AggressiveExplore
Attempting to get a license for feature 'Implementation' and/or device 'xc7a100t'
INFO: [Common 17-349] Got license for feature 'Implementation' and/or device 'xc7a100t'
INFO: [Route 35-270] Using Router directive 'AggressiveExplore'.
INFO: [Route 35-254] Multithreading enabled for route_design using a maximum of 8 CPUs
INFO: [Route 72-16] Aggressive Explore Summary
+======+=======+=====+=======+=====+========+==============+===================+
| Pass |  WNS  | TNS |  WHS  | THS | Status | Elapsed Time | Solution Selected |
+======+=======+=====+=======+=====+========+==============+===================+
|  1   | 2.702 |  -  | 0.112 |  -  |  Pass  |   00:00:02   |         x         |
|  2   |   -   |  -  |   -   |  -  |  Skip  |   00:00:00   |                   |
+------+-------+-----+-------+-----+--------+--------------+-------------------+

INFO: [Route 35-16] Router Completed Successfully
INFO: [Common 17-83] Releasing license: Implementation
967 Infos, 1582 Warnings, 0 Critical Warnings and 0 Errors encountered.
route_design completed successfully
route_design: Time (s): cpu = 00:00:39 ; elapsed = 00:00:29 . Memory (MB): peak = 3996.762 ; gain = 0.000 ; free physical = 741392 ; free virtual = 764423
<grey>[synth_script.tcl]<end> <cyan>report_route_status:<end>
Design Route Status
                                               :      # nets :
   ------------------------------------------- : ----------- :
   # of logical nets.......................... :        3349 :
       # of nets not needing routing.......... :        1075 :
           # of internally routed nets........ :        1051 :
           # of nets with no loads............ :          24 :
       # of routable nets..................... :        2274 :
           # of fully routed nets............. :        2274 :
       # of nets with routing errors.......... :           0 :
   ------------------------------------------- : ----------- :

Command: place_design -post_place_opt
Attempting to get a license for feature 'Implementation' and/or device 'xc7a100t'
INFO: [Common 17-349] Got license for feature 'Implementation' and/or device 'xc7a100t'
INFO: [Common 17-83] Releasing license: Implementation
Running DRC as a precondition to command place_design
INFO: [DRC 23-27] Running DRC with 8 threads
INFO: [Vivado_Tcl 4-198] DRC finished with 0 Errors
INFO: [Vivado_Tcl 4-199] Please refer to the DRC report (report_drc) for more information.
INFO: [Place 30-611] Multithreading enabled for place_design using a maximum of 8 CPUs
Netlist sorting complete. Time (s): cpu = 00:00:00 ; elapsed = 00:00:00 . Memory (MB): peak = 3996.762 ; gain = 0.000 ; free physical = 741394 ; free virtual = 764425
Post Placement Optimization Initialization | Checksum: 2173c571a
INFO: [Physopt 32-721] Multithreading enabled for phys_opt_design using a maximum of 8 CPUs
INFO: [Physopt 32-619] Estimated Timing Summary | WNS=2.708 | TNS=0.000 |
INFO: [Place 46-56] BUFG insertion identified 0 candidate nets. Inserted BUFG: 0, Replicated BUFG Driver: 0, Skipped due to Placement/Routing Conflicts: 0, Skipped due to Timing Degradation: 0, Skipped due to netlist editing failed: 0.
INFO: [Place 30-746] Post Placement Timing Summary WNS=2.708. For the most accurate timing information please run report_timing.
INFO: [Place 30-612] Post-Placement Estimated Congestion 
 ____________________________________________________
|           | Global Congestion | Short Congestion  |
| Direction | Region Size       | Region Size       |
|___________|___________________|___________________|
|      North|                1x1|                1x1|
|___________|___________________|___________________|
|      South|                1x1|                4x4|
|___________|___________________|___________________|
|       East|                1x1|                1x1|
|___________|___________________|___________________|
|       West|                1x1|                1x1|
|___________|___________________|___________________|

Netlist sorting complete. Time (s): cpu = 00:00:00.01 ; elapsed = 00:00:00 . Memory (MB): peak = 3996.762 ; gain = 0.000 ; free physical = 741383 ; free virtual = 764414
978 Infos, 1582 Warnings, 0 Critical Warnings and 0 Errors encountered.
place_design completed successfully
Command: phys_opt_design -retime -routing_opt
Attempting to get a license for feature 'Implementation' and/or device 'xc7a100t'
INFO: [Common 17-349] Got license for feature 'Implementation' and/or device 'xc7a100t'
INFO: [Vivado_Tcl 4-241] Physical synthesis in post route mode 
INFO: [Vivado_Tcl 4-2279] Estimated Timing Summary | WNS= 2.708 | TNS= 0.000 | 
INFO: [Vivado_Tcl 4-383] Design worst setup slack (WNS) is greater than or equal to 0.000 ns. All physical synthesis setup optimizations will be skipped.
INFO: [Vivado_Tcl 4-232] No setup violation found. The netlist was not modified.
INFO: [Common 17-83] Releasing license: Implementation
984 Infos, 1582 Warnings, 0 Critical Warnings and 0 Errors encountered.
phys_opt_design completed successfully
Command: route_design -directive NoTimingRelaxation
Attempting to get a license for feature 'Implementation' and/or device 'xc7a100t'
INFO: [Common 17-349] Got license for feature 'Implementation' and/or device 'xc7a100t'
INFO: [Route 35-270] Using Router directive 'NoTimingRelaxation'.
INFO: [Route 35-254] Multithreading enabled for route_design using a maximum of 8 CPUs
INFO: [Route 35-16] Router Completed Successfully
INFO: [Common 17-83] Releasing license: Implementation
994 Infos, 1582 Warnings, 0 Critical Warnings and 0 Errors encountered.
route_design completed successfully
route_design: Time (s): cpu = 00:00:37 ; elapsed = 00:00:28 . Memory (MB): peak = 3996.762 ; gain = 0.000 ; free physical = 741393 ; free virtual = 764425
Copyright 1986-2022 Xilinx, Inc. All Rights Reserved. Copyright 2022-2024 Advanced Micro Devices, Inc. All Rights Reserved.
---------------------------------------------------------------------------------------------------------------------------------------------
| Tool Version : Vivado v.2024.2 (lin64) Build 5239630 Fri Nov 08 22:34:34 MST 2024
| Date         : Thu May 28 15:32:33 2026
| Host         : naouna.ims.bordeaux running 64-bit Red Hat Enterprise Linux release 8.10 (Ootpa)
| Command      : report_utilization
| Design       : picorv32_soc_top
| Device       : xc7a100tcsg324-1
| Speed File   : -1
| Design State : Routed
---------------------------------------------------------------------------------------------------------------------------------------------

Utilization Design Information

Table of Contents
-----------------
1. Slice Logic
1.1 Summary of Registers by Type
2. Slice Logic Distribution
3. Memory
4. DSP
5. IO and GT Specific
6. Clocking
7. Specific Feature
8. Primitives
9. Black Boxes
10. Instantiated Netlists

1. Slice Logic
--------------

+----------------------------+------+-------+------------+-----------+-------+
|          Site Type         | Used | Fixed | Prohibited | Available | Util% |
+----------------------------+------+-------+------------+-----------+-------+
| Slice LUTs                 | 1409 |     0 |          0 |     63400 |  2.22 |
|   LUT as Logic             | 1365 |     0 |          0 |     63400 |  2.15 |
|   LUT as Memory            |   44 |     0 |          0 |     19000 |  0.23 |
|     LUT as Distributed RAM |   44 |     0 |            |           |       |
|     LUT as Shift Register  |    0 |     0 |            |           |       |
| Slice Registers            |  837 |     0 |          0 |    126800 |  0.66 |
|   Register as Flip Flop    |  837 |     0 |          0 |    126800 |  0.66 |
|   Register as Latch        |    0 |     0 |          0 |    126800 |  0.00 |
| F7 Muxes                   |    1 |     0 |          0 |     31700 | <0.01 |
| F8 Muxes                   |    0 |     0 |          0 |     15850 |  0.00 |
+----------------------------+------+-------+------------+-----------+-------+
* Warning! LUT value is adjusted to account for LUT combining.


1.1 Summary of Registers by Type
--------------------------------

+-------+--------------+-------------+--------------+
| Total | Clock Enable | Synchronous | Asynchronous |
+-------+--------------+-------------+--------------+
| 0     |            _ |           - |            - |
| 0     |            _ |           - |          Set |
| 0     |            _ |           - |        Reset |
| 0     |            _ |         Set |            - |
| 0     |            _ |       Reset |            - |
| 0     |          Yes |           - |            - |
| 0     |          Yes |           - |          Set |
| 0     |          Yes |           - |        Reset |
| 26    |          Yes |         Set |            - |
| 811   |          Yes |       Reset |            - |
+-------+--------------+-------------+--------------+


2. Slice Logic Distribution
---------------------------

+--------------------------------------------+------+-------+------------+-----------+-------+
|                  Site Type                 | Used | Fixed | Prohibited | Available | Util% |
+--------------------------------------------+------+-------+------------+-----------+-------+
| Slice                                      |  460 |     0 |          0 |     15850 |  2.90 |
|   SLICEL                                   |  369 |     0 |            |           |       |
|   SLICEM                                   |   91 |     0 |            |           |       |
| LUT as Logic                               | 1365 |     0 |          0 |     63400 |  2.15 |
|   using O5 output only                     |    0 |       |            |           |       |
|   using O6 output only                     | 1173 |       |            |           |       |
|   using O5 and O6                          |  192 |       |            |           |       |
| LUT as Memory                              |   44 |     0 |          0 |     19000 |  0.23 |
|   LUT as Distributed RAM                   |   44 |     0 |            |           |       |
|     using O5 output only                   |    0 |       |            |           |       |
|     using O6 output only                   |    0 |       |            |           |       |
|     using O5 and O6                        |   44 |       |            |           |       |
|   LUT as Shift Register                    |    0 |     0 |            |           |       |
|     using O5 output only                   |    0 |       |            |           |       |
|     using O6 output only                   |    0 |       |            |           |       |
|     using O5 and O6                        |    0 |       |            |           |       |
| Slice Registers                            |  837 |     0 |          0 |    126800 |  0.66 |
|   Register driven from within the Slice    |  635 |       |            |           |       |
|   Register driven from outside the Slice   |  202 |       |            |           |       |
|     LUT in front of the register is unused |   70 |       |            |           |       |
|     LUT in front of the register is used   |  132 |       |            |           |       |
| Unique Control Sets                        |   26 |       |          0 |     15850 |  0.16 |
+--------------------------------------------+------+-------+------------+-----------+-------+
* * Note: Available Control Sets calculated as Slice * 1, Review the Control Sets Report for more information regarding control sets.


3. Memory
---------

+-------------------+------+-------+------------+-----------+-------+
|     Site Type     | Used | Fixed | Prohibited | Available | Util% |
+-------------------+------+-------+------------+-----------+-------+
| Block RAM Tile    |    1 |     0 |          0 |       135 |  0.74 |
|   RAMB36/FIFO*    |    1 |     0 |          0 |       135 |  0.74 |
|     RAMB36E1 only |    1 |       |            |           |       |
|   RAMB18          |    0 |     0 |          0 |       270 |  0.00 |
+-------------------+------+-------+------------+-----------+-------+
* Note: Each Block RAM Tile only has one FIFO logic available and therefore can accommodate only one FIFO36E1 or one FIFO18E1. However, if a FIFO18E1 occupies a Block RAM Tile, that tile can still accommodate a RAMB18E1


4. DSP
------

+----------------+------+-------+------------+-----------+-------+
|    Site Type   | Used | Fixed | Prohibited | Available | Util% |
+----------------+------+-------+------------+-----------+-------+
| DSPs           |    4 |     0 |          0 |       240 |  1.67 |
|   DSP48E1 only |    4 |       |            |           |       |
+----------------+------+-------+------------+-----------+-------+


5. IO and GT Specific
---------------------

+-----------------------------+------+-------+------------+-----------+-------+
|          Site Type          | Used | Fixed | Prohibited | Available | Util% |
+-----------------------------+------+-------+------------+-----------+-------+
| Bonded IOB                  |    3 |     0 |          0 |       210 |  1.43 |
|   IOB Master Pads           |    1 |       |            |           |       |
|   IOB Slave Pads            |    1 |       |            |           |       |
| Bonded IPADs                |    0 |     0 |          0 |         2 |  0.00 |
| PHY_CONTROL                 |    0 |     0 |          0 |         6 |  0.00 |
| PHASER_REF                  |    0 |     0 |          0 |         6 |  0.00 |
| OUT_FIFO                    |    0 |     0 |          0 |        24 |  0.00 |
| IN_FIFO                     |    0 |     0 |          0 |        24 |  0.00 |
| IDELAYCTRL                  |    0 |     0 |          0 |         6 |  0.00 |
| IBUFDS                      |    0 |     0 |          0 |       202 |  0.00 |
| PHASER_OUT/PHASER_OUT_PHY   |    0 |     0 |          0 |        24 |  0.00 |
| PHASER_IN/PHASER_IN_PHY     |    0 |     0 |          0 |        24 |  0.00 |
| IDELAYE2/IDELAYE2_FINEDELAY |    0 |     0 |          0 |       300 |  0.00 |
| ILOGIC                      |    0 |     0 |          0 |       210 |  0.00 |
| OLOGIC                      |    0 |     0 |          0 |       210 |  0.00 |
+-----------------------------+------+-------+------------+-----------+-------+


6. Clocking
-----------

+------------+------+-------+------------+-----------+-------+
|  Site Type | Used | Fixed | Prohibited | Available | Util% |
+------------+------+-------+------------+-----------+-------+
| BUFGCTRL   |    1 |     0 |          0 |        32 |  3.13 |
| BUFIO      |    0 |     0 |          0 |        24 |  0.00 |
| MMCME2_ADV |    0 |     0 |          0 |         6 |  0.00 |
| PLLE2_ADV  |    0 |     0 |          0 |         6 |  0.00 |
| BUFMRCE    |    0 |     0 |          0 |        12 |  0.00 |
| BUFHCE     |    0 |     0 |          0 |        96 |  0.00 |
| BUFR       |    0 |     0 |          0 |        24 |  0.00 |
+------------+------+-------+------------+-----------+-------+


7. Specific Feature
-------------------

+-------------+------+-------+------------+-----------+-------+
|  Site Type  | Used | Fixed | Prohibited | Available | Util% |
+-------------+------+-------+------------+-----------+-------+
| BSCANE2     |    0 |     0 |          0 |         4 |  0.00 |
| CAPTUREE2   |    0 |     0 |          0 |         1 |  0.00 |
| DNA_PORT    |    0 |     0 |          0 |         1 |  0.00 |
| EFUSE_USR   |    0 |     0 |          0 |         1 |  0.00 |
| FRAME_ECCE2 |    0 |     0 |          0 |         1 |  0.00 |
| ICAPE2      |    0 |     0 |          0 |         2 |  0.00 |
| PCIE_2_1    |    0 |     0 |          0 |         1 |  0.00 |
| STARTUPE2   |    0 |     0 |          0 |         1 |  0.00 |
| XADC        |    0 |     0 |          0 |         1 |  0.00 |
+-------------+------+-------+------------+-----------+-------+


8. Primitives
-------------

+----------+------+---------------------+
| Ref Name | Used | Functional Category |
+----------+------+---------------------+
| FDRE     |  811 |        Flop & Latch |
| LUT6     |  499 |                 LUT |
| LUT4     |  356 |                 LUT |
| LUT5     |  218 |                 LUT |
| LUT2     |  196 |                 LUT |
| LUT3     |  154 |                 LUT |
| CARRY4   |  143 |          CarryLogic |
| LUT1     |  134 |                 LUT |
| RAMD32   |   68 |  Distributed Memory |
| FDSE     |   26 |        Flop & Latch |
| RAMS32   |   20 |  Distributed Memory |
| DSP48E1  |    4 |    Block Arithmetic |
| IBUF     |    2 |                  IO |
| RAMB36E1 |    1 |        Block Memory |
| OBUF     |    1 |                  IO |
| MUXF7    |    1 |               MuxFx |
| BUFG     |    1 |               Clock |
+----------+------+---------------------+


9. Black Boxes
--------------

+----------+------+
| Ref Name | Used |
+----------+------+


10. Instantiated Netlists
-------------------------

+----------+------+
| Ref Name | Used |
+----------+------+


Copyright 1986-2022 Xilinx, Inc. All Rights Reserved. Copyright 2022-2024 Advanced Micro Devices, Inc. All Rights Reserved.
---------------------------------------------------------------------------------------------------------------------------------------------
| Tool Version : Vivado v.2024.2 (lin64) Build 5239630 Fri Nov 08 22:34:34 MST 2024
| Date         : Thu May 28 15:32:34 2026
| Host         : naouna.ims.bordeaux running 64-bit Red Hat Enterprise Linux release 8.10 (Ootpa)
| Command      : report_utilization -hierarchical
| Design       : picorv32_soc_top
| Device       : xc7a100tcsg324-1
| Speed File   : -1
| Design State : Routed
---------------------------------------------------------------------------------------------------------------------------------------------

Utilization Design Information

Table of Contents
-----------------
1. Utilization by Hierarchy

1. Utilization by Hierarchy
---------------------------

+------------------+--------+------------+------------+---------+------+-----+--------+--------+------------+
|     Instance     | Module | Total LUTs | Logic LUTs | LUTRAMs | SRLs | FFs | RAMB36 | RAMB18 | DSP Blocks |
+------------------+--------+------------+------------+---------+------+-----+--------+--------+------------+
| picorv32_soc_top |  (top) |       1409 |       1365 |      44 |    0 | 837 |      1 |      0 |          4 |
+------------------+--------+------------+------------+---------+------+-----+--------+--------+------------+
* Note: The sum of lower-level cells may be larger than their parent cells total, due to cross-hierarchy LUT combining


INFO: [Timing 38-91] UpdateTimingParams: Speed grade: -1, Delay Type: max.
INFO: [Timing 38-191] Multithreading enabled for timing update using a maximum of 8 CPUs
INFO: [Timing 38-78] ReportTimingParams: -max_paths 1 -nworst 1 -delay_type max -sort_by slack.
Copyright 1986-2022 Xilinx, Inc. All Rights Reserved. Copyright 2022-2024 Advanced Micro Devices, Inc. All Rights Reserved.
---------------------------------------------------------------------------------------------------------------------------------------------
| Tool Version : Vivado v.2024.2 (lin64) Build 5239630 Fri Nov 08 22:34:34 MST 2024
| Date         : Thu May 28 15:32:34 2026
| Host         : naouna.ims.bordeaux running 64-bit Red Hat Enterprise Linux release 8.10 (Ootpa)
| Command      : report_timing
| Design       : picorv32_soc_top
| Device       : 7a100t-csg324
| Speed File   : -1  PRODUCTION 1.23 2018-06-13
| Design State : Routed
---------------------------------------------------------------------------------------------------------------------------------------------

Timing Report

Slack (MET) :             2.708ns  (required time - arrival time)
  Source:                 cpu/instr_srli_reg/C
                            (rising edge-triggered cell FDRE clocked by clk  {rise@0.000ns fall@5.050ns period=10.101ns})
  Destination:            cpu/pcpi_mul/rd0__0/B[2]
                            (rising edge-triggered cell DSP48E1 clocked by clk  {rise@0.000ns fall@5.050ns period=10.101ns})
  Path Group:             clk
  Path Type:              Setup (Max at Slow Process Corner)
  Requirement:            10.101ns  (clk rise@10.101ns - clk rise@0.000ns)
  Data Path Delay:        6.964ns  (logic 1.464ns (21.022%)  route 5.500ns (78.978%))
  Logic Levels:           5  (LUT3=1 LUT4=1 LUT5=2 LUT6=1)
  Clock Path Skew:        0.057ns (DCD - SCD + CPR)
    Destination Clock Delay (DCD):    4.595ns = ( 14.696 - 10.101 ) 
    Source Clock Delay      (SCD):    4.870ns
    Clock Pessimism Removal (CPR):    0.331ns
  Clock Uncertainty:      0.035ns  ((TSJ^2 + TIJ^2)^1/2 + DJ) / 2 + PE
    Total System Jitter     (TSJ):    0.071ns
    Total Input Jitter      (TIJ):    0.000ns
    Discrete Jitter          (DJ):    0.000ns
    Phase Error              (PE):    0.000ns

    Location             Delay type                Incr(ns)  Path(ns)    Netlist Resource(s)
  -------------------------------------------------------------------    -------------------
                         (clock clk rise edge)        0.000     0.000 r  
    N15                                               0.000     0.000 r  clk (IN)
                         net (fo=0)                   0.000     0.000    clk
    N15                  IBUF (Prop_ibuf_I_O)         0.948     0.948 r  clk_IBUF_inst/O
                         net (fo=1, routed)           2.016     2.963    clk_IBUF
    BUFGCTRL_X0Y0        BUFG (Prop_bufg_I_O)         0.096     3.059 r  clk_IBUF_BUFG_inst/O
                         net (fo=931, routed)         1.810     4.870    clk_IBUF_BUFG
    SLICE_X39Y43         FDRE                                         r  cpu/instr_srli_reg/C
  -------------------------------------------------------------------    -------------------
    SLICE_X39Y43         FDRE (Prop_fdre_C_Q)         0.419     5.289 f  cpu/instr_srli_reg/Q
                         net (fo=29, routed)          0.862     6.151    cpu/instr_srli
    SLICE_X39Y44         LUT4 (Prop_lut4_I0_O)        0.299     6.450 f  rd0_i_71/O
                         net (fo=2, routed)           0.672     7.122    rd0_i_71_n_0
    SLICE_X38Y44         LUT5 (Prop_lut5_I4_O)        0.150     7.272 f  rd0_i_62/O
                         net (fo=3, routed)           0.866     8.138    rd0_i_62_n_0
    SLICE_X37Y44         LUT6 (Prop_lut6_I3_O)        0.348     8.486 f  rd0_i_56/O
                         net (fo=74, routed)          1.301     9.787    rd0_i_56_n_0
    SLICE_X35Y36         LUT3 (Prop_lut3_I0_O)        0.124     9.911 r  rd0_i_53/O
                         net (fo=2, routed)           0.648    10.559    rd0_i_53_n_0
    SLICE_X35Y37         LUT5 (Prop_lut5_I4_O)        0.124    10.683 r  rd0_i_17/O
                         net (fo=3, routed)           1.151    11.834    rd0_i_17_n_0
    DSP48_X0Y16          DSP48E1                                      r  cpu/pcpi_mul/rd0__0/B[2]
  -------------------------------------------------------------------    -------------------

                         (clock clk rise edge)       10.101    10.101 r  
    N15                                               0.000    10.101 r  clk (IN)
                         net (fo=0)                   0.000    10.101    clk
    N15                  IBUF (Prop_ibuf_I_O)         0.814    10.915 r  clk_IBUF_inst/O
                         net (fo=1, routed)           1.911    12.826    clk_IBUF
    BUFGCTRL_X0Y0        BUFG (Prop_bufg_I_O)         0.091    12.917 r  clk_IBUF_BUFG_inst/O
                         net (fo=931, routed)         1.779    14.696    clk_IBUF_BUFG
    DSP48_X0Y16          DSP48E1                                      r  cpu/pcpi_mul/rd0__0/CLK
                         clock pessimism              0.331    15.027    
                         clock uncertainty           -0.035    14.992    
    DSP48_X0Y16          DSP48E1 (Setup_dsp48e1_CLK_B[2])
                                                     -0.450    14.542    cpu/pcpi_mul/rd0__0
  -------------------------------------------------------------------
                         required time                         14.542    
                         arrival time                         -11.834    
  -------------------------------------------------------------------
                         slack                                  2.708    




Command: report_power
Running Vector-less Activity Propagation...

Finished Running Vector-less Activity Propagation
Copyright 1986-2022 Xilinx, Inc. All Rights Reserved. Copyright 2022-2024 Advanced Micro Devices, Inc. All Rights Reserved.
-------------------------------------------------------------------------------------------------------------------------------------------------
| Tool Version     : Vivado v.2024.2 (lin64) Build 5239630 Fri Nov 08 22:34:34 MST 2024
| Date             : Thu May 28 15:32:34 2026
| Host             : naouna.ims.bordeaux running 64-bit Red Hat Enterprise Linux release 8.10 (Ootpa)
| Command          : report_power
| Design           : picorv32_soc_top
| Device           : xc7a100tcsg324-1
| Design State     : routed
| Grade            : commercial
| Process          : typical
| Characterization : Production
-------------------------------------------------------------------------------------------------------------------------------------------------

Power Report

Table of Contents
-----------------
1. Summary
1.1 On-Chip Components
1.2 Power Supply Summary
1.3 Confidence Level
2. Settings
2.1 Environment
2.2 Clock Constraints
3. Detailed Reports
3.1 By Hierarchy

1. Summary
----------

+--------------------------+--------------+
| Total On-Chip Power (W)  | 0.108        |
| Design Power Budget (W)  | Unspecified* |
| Power Budget Margin (W)  | NA           |
| Dynamic (W)              | 0.017        |
| Device Static (W)        | 0.091        |
| Effective TJA (C/W)      | 4.6          |
| Max Ambient (C)          | 84.5         |
| Junction Temperature (C) | 25.5         |
| Confidence Level         | Medium       |
| Setting File             | ---          |
| Simulation Activity File | ---          |
| Design Nets Matched      | NA           |
+--------------------------+--------------+
* Specify Design Power Budget using, set_operating_conditions -design_power_budget <value in Watts>


1.1 On-Chip Components
----------------------

+--------------------------+-----------+----------+-----------+-----------------+
| On-Chip                  | Power (W) | Used     | Available | Utilization (%) |
+--------------------------+-----------+----------+-----------+-----------------+
| Clocks                   |     0.004 |        3 |       --- |             --- |
| Slice Logic              |     0.004 |     2630 |       --- |             --- |
|   LUT as Logic           |     0.003 |     1365 |     63400 |            2.15 |
|   CARRY4                 |    <0.001 |      143 |     15850 |            0.90 |
|   Register               |    <0.001 |      837 |    126800 |            0.66 |
|   LUT as Distributed RAM |    <0.001 |       44 |     19000 |            0.23 |
|   F7/F8 Muxes            |    <0.001 |        1 |     63400 |           <0.01 |
|   Others                 |     0.000 |        4 |       --- |             --- |
| Signals                  |     0.005 |     2270 |       --- |             --- |
| Block RAM                |    <0.001 |        1 |       135 |            0.74 |
| DSPs                     |     0.003 |        4 |       240 |            1.67 |
| I/O                      |    <0.001 |        3 |       210 |            1.43 |
| Static Power             |     0.091 |          |           |                 |
| Total                    |     0.108 |          |           |                 |
+--------------------------+-----------+----------+-----------+-----------------+


1.2 Power Supply Summary
------------------------

+-----------+-------------+-----------+-------------+------------+-------------+-------------+------------+
| Source    | Voltage (V) | Total (A) | Dynamic (A) | Static (A) | Powerup (A) | Budget (A)  | Margin (A) |
+-----------+-------------+-----------+-------------+------------+-------------+-------------+------------+
| Vccint    |       1.000 |     0.032 |       0.017 |      0.015 |       NA    | Unspecified | NA         |
| Vccaux    |       1.800 |     0.018 |       0.000 |      0.018 |       NA    | Unspecified | NA         |
| Vcco33    |       3.300 |     0.000 |       0.000 |      0.000 |       NA    | Unspecified | NA         |
| Vcco25    |       2.500 |     0.000 |       0.000 |      0.000 |       NA    | Unspecified | NA         |
| Vcco18    |       1.800 |     0.004 |       0.000 |      0.004 |       NA    | Unspecified | NA         |
| Vcco15    |       1.500 |     0.000 |       0.000 |      0.000 |       NA    | Unspecified | NA         |
| Vcco135   |       1.350 |     0.000 |       0.000 |      0.000 |       NA    | Unspecified | NA         |
| Vcco12    |       1.200 |     0.000 |       0.000 |      0.000 |       NA    | Unspecified | NA         |
| Vccaux_io |       1.800 |     0.000 |       0.000 |      0.000 |       NA    | Unspecified | NA         |
| Vccbram   |       1.000 |     0.000 |       0.000 |      0.000 |       NA    | Unspecified | NA         |
| MGTAVcc   |       1.000 |     0.000 |       0.000 |      0.000 |       NA    | Unspecified | NA         |
| MGTAVtt   |       1.200 |     0.000 |       0.000 |      0.000 |       NA    | Unspecified | NA         |
| Vccadc    |       1.800 |     0.020 |       0.000 |      0.020 |       NA    | Unspecified | NA         |
+-----------+-------------+-----------+-------------+------------+-------------+-------------+------------+


1.3 Confidence Level
--------------------

+-----------------------------+------------+-------------------------------------------------------+------------------------------------------------------------------------------------------------------------+
| User Input Data             | Confidence | Details                                               | Action                                                                                                     |
+-----------------------------+------------+-------------------------------------------------------+------------------------------------------------------------------------------------------------------------+
| Design implementation state | High       | Design is routed                                      |                                                                                                            |
| Clock nodes activity        | High       | User specified more than 95% of clocks                |                                                                                                            |
| I/O nodes activity          | Medium     | More than 5% of inputs are missing user specification | Provide missing input activity with simulation results or by editing the "By Resource Type -> I/Os" view   |
| Internal nodes activity     | Medium     | User specified less than 25% of internal nodes        | Provide missing internal nodes activity with simulation results or by editing the "By Resource Type" views |
| Device models               | High       | Device models are Production                          |                                                                                                            |
|                             |            |                                                       |                                                                                                            |
| Overall confidence level    | Medium     |                                                       |                                                                                                            |
+-----------------------------+------------+-------------------------------------------------------+------------------------------------------------------------------------------------------------------------+


2. Settings
-----------

2.1 Environment
---------------

+-----------------------+--------------------------+
| Ambient Temp (C)      | 25.0                     |
| ThetaJA (C/W)         | 4.6                      |
| Airflow (LFM)         | 250                      |
| Heat Sink             | medium (Medium Profile)  |
| ThetaSA (C/W)         | 4.6                      |
| Board Selection       | medium (10"x10")         |
| # of Board Layers     | 12to15 (12 to 15 Layers) |
| Board Temperature (C) | 25.0                     |
+-----------------------+--------------------------+


2.2 Clock Constraints
---------------------

+-------+--------+-----------------+
| Clock | Domain | Constraint (ns) |
+-------+--------+-----------------+
| clk   | clk    |            10.1 |
+-------+--------+-----------------+


3. Detailed Reports
-------------------

3.1 By Hierarchy
----------------

+------------------+-----------+
| Name             | Power (W) |
+------------------+-----------+
| picorv32_soc_top |     0.017 |
+------------------+-----------+


997 Infos, 1582 Warnings, 0 Critical Warnings and 0 Errors encountered.
report_power completed successfully


<grey>[analyze_script.tcl]<end> total time for max frequency search: 00:13:56 (836 seconds)

<grey>[analyze_script.tcl]<end> <bold><red>No timing violated! Try raising the upper bound (100 MHz)<end>
INFO: [Common 17-206] Exiting Vivado at Thu May 28 15:32:35 2026...
