#-----------------------------------------------------------
# Vivado v2024.2 (64-bit)
# SW Build 5239630 on Fri Nov 08 22:34:34 MST 2024
# IP Build 5239520 on Sun Nov 10 16:12:51 MST 2024
# SharedData Build 5239561 on Fri Nov 08 14:39:27 MST 2024
# Start of session at: Thu May 28 14:54:10 2026
# Process ID         : 1372823
# Current directory  : /net/users/oelmouden/picorv32
# Command line       : vivado -mode tcl -notrace -source /net/users/oelmouden/picorv32/work/custom_freq_synthesis/vivado/xc7a100t-csg324-1/picorv32/rv32imc/500MHz/scripts/init_script.tcl -source /net/users/oelmouden/picorv32/work/custom_freq_synthesis/vivado/xc7a100t-csg324-1/picorv32/rv32imc/500MHz/scripts/analyze_script.tcl -source /net/users/oelmouden/picorv32/work/custom_freq_synthesis/vivado/xc7a100t-csg324-1/picorv32/rv32imc/500MHz/scripts/synth_script.tcl -source /net/users/oelmouden/picorv32/work/custom_freq_synthesis/vivado/xc7a100t-csg324-1/picorv32/rv32imc/500MHz/scripts/exit.tcl
# Log file           : /net/users/oelmouden/picorv32/vivado.log
# Journal file       : /net/users/oelmouden/picorv32/vivado.jou
# Running On         : naouna.ims.bordeaux
# Platform           : RedHatEnterprise
# Operating System   : Red Hat Enterprise Linux release 8.10 (Ootpa)
# Processor Detail   : Intel(R) Xeon(R) CPU E5-2670 v3 @ 2.30GHz
# CPU Frequency      : 3100.000 MHz
# CPU Physical cores : 24
# CPU Logical cores  : 48
# Host memory        : 810985 MB
# Swap memory        : 4294 MB
# Total Virtual      : 815280 MB
# Available Virtual  : 788315 MB
#-----------------------------------------------------------
source /net/users/oelmouden/picorv32/work/custom_freq_synthesis/vivado/xc7a100t-csg324-1/picorv32/rv32imc/500MHz/scripts/init_script.tcl -notrace
source /net/users/oelmouden/picorv32/work/custom_freq_synthesis/vivado/xc7a100t-csg324-1/picorv32/rv32imc/500MHz/scripts/analyze_script.tcl -notrace
<grey>[analyze_script.tcl]<end> <cyan>Verilog/SystemVerilog files:<end>
  - /net/users/oelmouden/picorv32/work/custom_freq_synthesis/vivado/xc7a100t-csg324-1/picorv32/rv32imc/500MHz/rtl/picorv32.v
  - /net/users/oelmouden/picorv32/work/custom_freq_synthesis/vivado/xc7a100t-csg324-1/picorv32/rv32imc/500MHz/rtl/picorv32_soc_top.v
  - /net/users/oelmouden/picorv32/work/custom_freq_synthesis/vivado/xc7a100t-csg324-1/picorv32/rv32imc/500MHz/rtl/picorv32_simple_ram.v
read_verilog: Time (s): cpu = 00:00:09 ; elapsed = 00:00:09 . Memory (MB): peak = 1727.434 ; gain = 26.828 ; free physical = 730367 ; free virtual = 753443
<grey>[analyze_script.tcl]<end> <cyan>VHDL files:<end>
<grey>[analyze_script.tcl]<end> <cyan>note: no vhdl file in source directory<end>
source /net/users/oelmouden/picorv32/work/custom_freq_synthesis/vivado/xc7a100t-csg324-1/picorv32/rv32imc/500MHz/scripts/synth_script.tcl -notrace
Command: synth_design -flatten_hierarchy full -part xc7a100t-csg324-1 -top picorv32_soc_top -verilog_define VIVADO
Starting synth_design
Attempting to get a license for feature 'Synthesis' and/or device 'xc7a100t'
INFO: [Common 17-349] Got license for feature 'Synthesis' and/or device 'xc7a100t'
INFO: [Device 21-403] Loading part xc7a100tcsg324-1
INFO: [Synth 8-7079] Multithreading enabled for synth_design using a maximum of 7 processes.
INFO: [Synth 8-7078] Launching helper process for spawning children vivado processes
INFO: [Synth 8-7075] Helper process launched with PID 1410094
---------------------------------------------------------------------------------
Starting RTL Elaboration : Time (s): cpu = 00:00:06 ; elapsed = 00:00:06 . Memory (MB): peak = 2339.461 ; gain = 428.801 ; free physical = 729073 ; free virtual = 752148
---------------------------------------------------------------------------------
INFO: [Synth 8-6157] synthesizing module 'picorv32_soc_top' [/net/users/oelmouden/picorv32/work/custom_freq_synthesis/vivado/xc7a100t-csg324-1/picorv32/rv32imc/500MHz/rtl/picorv32_soc_top.v:5]
INFO: [Synth 8-6157] synthesizing module 'picorv32' [/net/users/oelmouden/picorv32/work/custom_freq_synthesis/vivado/xc7a100t-csg324-1/picorv32/rv32imc/500MHz/rtl/picorv32.v:62]
	Parameter ENABLE_COUNTERS bound to: 1'b1 
	Parameter ENABLE_COUNTERS64 bound to: 1'b1 
	Parameter ENABLE_REGS_16_31 bound to: 1'b1 
	Parameter ENABLE_REGS_DUALPORT bound to: 1'b1 
	Parameter LATCHED_MEM_RDATA bound to: 1'b0 
	Parameter TWO_STAGE_SHIFT bound to: 1'b1 
	Parameter BARREL_SHIFTER bound to: 1'b0 
	Parameter TWO_CYCLE_COMPARE bound to: 1'b0 
	Parameter TWO_CYCLE_ALU bound to: 1'b0 
	Parameter COMPRESSED_ISA bound to: 1'b1 
	Parameter CATCH_MISALIGN bound to: 1'b1 
	Parameter CATCH_ILLINSN bound to: 1'b1 
	Parameter ENABLE_PCPI bound to: 1'b0 
	Parameter ENABLE_MUL bound to: 1'b0 
	Parameter ENABLE_FAST_MUL bound to: 1'b1 
	Parameter ENABLE_DIV bound to: 1'b1 
	Parameter ENABLE_IRQ bound to: 1'b0 
	Parameter ENABLE_IRQ_QREGS bound to: 1'b1 
	Parameter ENABLE_IRQ_TIMER bound to: 1'b1 
	Parameter ENABLE_TRACE bound to: 1'b0 
	Parameter REGS_INIT_ZERO bound to: 1'b0 
	Parameter MASKED_IRQ bound to: 0 - type: integer 
	Parameter LATCHED_IRQ bound to: -1 - type: integer 
	Parameter PROGADDR_RESET bound to: 0 - type: integer 
	Parameter PROGADDR_IRQ bound to: 16 - type: integer 
	Parameter STACKADDR bound to: -1 - type: integer 
INFO: [Synth 8-6157] synthesizing module 'picorv32_pcpi_fast_mul' [/net/users/oelmouden/picorv32/work/custom_freq_synthesis/vivado/xc7a100t-csg324-1/picorv32/rv32imc/500MHz/rtl/picorv32.v:2318]
INFO: [Synth 8-155] case statement is not full and has no default [/net/users/oelmouden/picorv32/work/custom_freq_synthesis/vivado/xc7a100t-csg324-1/picorv32/rv32imc/500MHz/rtl/picorv32.v:2355]
INFO: [Synth 8-6155] done synthesizing module 'picorv32_pcpi_fast_mul' (0#1) [/net/users/oelmouden/picorv32/work/custom_freq_synthesis/vivado/xc7a100t-csg324-1/picorv32/rv32imc/500MHz/rtl/picorv32.v:2318]
INFO: [Synth 8-6157] synthesizing module 'picorv32_pcpi_div' [/net/users/oelmouden/picorv32/work/custom_freq_synthesis/vivado/xc7a100t-csg324-1/picorv32/rv32imc/500MHz/rtl/picorv32.v:2420]
INFO: [Synth 8-155] case statement is not full and has no default [/net/users/oelmouden/picorv32/work/custom_freq_synthesis/vivado/xc7a100t-csg324-1/picorv32/rv32imc/500MHz/rtl/picorv32.v:2445]
INFO: [Synth 8-6155] done synthesizing module 'picorv32_pcpi_div' (0#1) [/net/users/oelmouden/picorv32/work/custom_freq_synthesis/vivado/xc7a100t-csg324-1/picorv32/rv32imc/500MHz/rtl/picorv32.v:2420]
INFO: [Synth 8-155] case statement is not full and has no default [/net/users/oelmouden/picorv32/work/custom_freq_synthesis/vivado/xc7a100t-csg324-1/picorv32/rv32imc/500MHz/rtl/picorv32.v:331]
INFO: [Synth 8-155] case statement is not full and has no default [/net/users/oelmouden/picorv32/work/custom_freq_synthesis/vivado/xc7a100t-csg324-1/picorv32/rv32imc/500MHz/rtl/picorv32.v:439]
INFO: [Synth 8-155] case statement is not full and has no default [/net/users/oelmouden/picorv32/work/custom_freq_synthesis/vivado/xc7a100t-csg324-1/picorv32/rv32imc/500MHz/rtl/picorv32.v:455]
INFO: [Synth 8-155] case statement is not full and has no default [/net/users/oelmouden/picorv32/work/custom_freq_synthesis/vivado/xc7a100t-csg324-1/picorv32/rv32imc/500MHz/rtl/picorv32.v:509]
INFO: [Synth 8-155] case statement is not full and has no default [/net/users/oelmouden/picorv32/work/custom_freq_synthesis/vivado/xc7a100t-csg324-1/picorv32/rv32imc/500MHz/rtl/picorv32.v:437]
INFO: [Synth 8-155] case statement is not full and has no default [/net/users/oelmouden/picorv32/work/custom_freq_synthesis/vivado/xc7a100t-csg324-1/picorv32/rv32imc/500MHz/rtl/picorv32.v:904]
INFO: [Synth 8-155] case statement is not full and has no default [/net/users/oelmouden/picorv32/work/custom_freq_synthesis/vivado/xc7a100t-csg324-1/picorv32/rv32imc/500MHz/rtl/picorv32.v:986]
INFO: [Synth 8-155] case statement is not full and has no default [/net/users/oelmouden/picorv32/work/custom_freq_synthesis/vivado/xc7a100t-csg324-1/picorv32/rv32imc/500MHz/rtl/picorv32.v:902]
WARNING: [Synth 8-151] case item 1'b0 is unreachable [/net/users/oelmouden/picorv32/work/custom_freq_synthesis/vivado/xc7a100t-csg324-1/picorv32/rv32imc/500MHz/rtl/picorv32.v:1268]
WARNING: [Synth 8-151] case item 1'b0 is unreachable [/net/users/oelmouden/picorv32/work/custom_freq_synthesis/vivado/xc7a100t-csg324-1/picorv32/rv32imc/500MHz/rtl/picorv32.v:1314]
INFO: [Synth 8-155] case statement is not full and has no default [/net/users/oelmouden/picorv32/work/custom_freq_synthesis/vivado/xc7a100t-csg324-1/picorv32/rv32imc/500MHz/rtl/picorv32.v:1314]
WARNING: [Synth 8-151] case item 1'b0 is unreachable [/net/users/oelmouden/picorv32/work/custom_freq_synthesis/vivado/xc7a100t-csg324-1/picorv32/rv32imc/500MHz/rtl/picorv32.v:1497]
INFO: [Synth 8-155] case statement is not full and has no default [/net/users/oelmouden/picorv32/work/custom_freq_synthesis/vivado/xc7a100t-csg324-1/picorv32/rv32imc/500MHz/rtl/picorv32.v:1497]
WARNING: [Synth 8-151] case item 1'b0 is unreachable [/net/users/oelmouden/picorv32/work/custom_freq_synthesis/vivado/xc7a100t-csg324-1/picorv32/rv32imc/500MHz/rtl/picorv32.v:1583]
WARNING: [Synth 8-151] case item 1'b0 is unreachable [/net/users/oelmouden/picorv32/work/custom_freq_synthesis/vivado/xc7a100t-csg324-1/picorv32/rv32imc/500MHz/rtl/picorv32.v:1583]
WARNING: [Synth 8-151] case item 1'b0 is unreachable [/net/users/oelmouden/picorv32/work/custom_freq_synthesis/vivado/xc7a100t-csg324-1/picorv32/rv32imc/500MHz/rtl/picorv32.v:1583]
WARNING: [Synth 8-151] case item 1'b0 is unreachable [/net/users/oelmouden/picorv32/work/custom_freq_synthesis/vivado/xc7a100t-csg324-1/picorv32/rv32imc/500MHz/rtl/picorv32.v:1583]
WARNING: [Synth 8-151] case item 1'b0 is unreachable [/net/users/oelmouden/picorv32/work/custom_freq_synthesis/vivado/xc7a100t-csg324-1/picorv32/rv32imc/500MHz/rtl/picorv32.v:1583]
INFO: [Synth 8-6155] done synthesizing module 'picorv32' (0#1) [/net/users/oelmouden/picorv32/work/custom_freq_synthesis/vivado/xc7a100t-csg324-1/picorv32/rv32imc/500MHz/rtl/picorv32.v:62]
INFO: [Synth 8-6157] synthesizing module 'picorv32_simple_ram' [/net/users/oelmouden/picorv32/work/custom_freq_synthesis/vivado/xc7a100t-csg324-1/picorv32/rv32imc/500MHz/rtl/picorv32_simple_ram.v:5]
	Parameter MEM_WORDS bound to: 1024 - type: integer 
INFO: [Synth 8-6155] done synthesizing module 'picorv32_simple_ram' (0#1) [/net/users/oelmouden/picorv32/work/custom_freq_synthesis/vivado/xc7a100t-csg324-1/picorv32/rv32imc/500MHz/rtl/picorv32_simple_ram.v:5]
INFO: [Synth 8-6155] done synthesizing module 'picorv32_soc_top' (0#1) [/net/users/oelmouden/picorv32/work/custom_freq_synthesis/vivado/xc7a100t-csg324-1/picorv32/rv32imc/500MHz/rtl/picorv32_soc_top.v:5]
WARNING: [Synth 8-6014] Unused sequential element pcpi_insn_valid_q_reg was removed.  [/net/users/oelmouden/picorv32/work/custom_freq_synthesis/vivado/xc7a100t-csg324-1/picorv32/rv32imc/500MHz/rtl/picorv32.v:2365]
WARNING: [Synth 8-6014] Unused sequential element rs1_q_reg was removed.  [/net/users/oelmouden/picorv32/work/custom_freq_synthesis/vivado/xc7a100t-csg324-1/picorv32/rv32imc/500MHz/rtl/picorv32.v:2367]
WARNING: [Synth 8-6014] Unused sequential element rs2_q_reg was removed.  [/net/users/oelmouden/picorv32/work/custom_freq_synthesis/vivado/xc7a100t-csg324-1/picorv32/rv32imc/500MHz/rtl/picorv32.v:2368]
WARNING: [Synth 8-6014] Unused sequential element rd_q_reg was removed.  [/net/users/oelmouden/picorv32/work/custom_freq_synthesis/vivado/xc7a100t-csg324-1/picorv32/rv32imc/500MHz/rtl/picorv32.v:2374]
WARNING: [Synth 8-6014] Unused sequential element pcpi_wr_reg was removed.  [/net/users/oelmouden/picorv32/work/custom_freq_synthesis/vivado/xc7a100t-csg324-1/picorv32/rv32imc/500MHz/rtl/picorv32.v:2466]
WARNING: [Synth 8-6014] Unused sequential element next_insn_opcode_reg was removed.  [/net/users/oelmouden/picorv32/work/custom_freq_synthesis/vivado/xc7a100t-csg324-1/picorv32/rv32imc/500MHz/rtl/picorv32.v:433]
WARNING: [Synth 8-6014] Unused sequential element q_ascii_instr_reg was removed.  [/net/users/oelmouden/picorv32/work/custom_freq_synthesis/vivado/xc7a100t-csg324-1/picorv32/rv32imc/500MHz/rtl/picorv32.v:779]
WARNING: [Synth 8-6014] Unused sequential element q_insn_imm_reg was removed.  [/net/users/oelmouden/picorv32/work/custom_freq_synthesis/vivado/xc7a100t-csg324-1/picorv32/rv32imc/500MHz/rtl/picorv32.v:780]
WARNING: [Synth 8-6014] Unused sequential element q_insn_opcode_reg was removed.  [/net/users/oelmouden/picorv32/work/custom_freq_synthesis/vivado/xc7a100t-csg324-1/picorv32/rv32imc/500MHz/rtl/picorv32.v:781]
WARNING: [Synth 8-6014] Unused sequential element q_insn_rs1_reg was removed.  [/net/users/oelmouden/picorv32/work/custom_freq_synthesis/vivado/xc7a100t-csg324-1/picorv32/rv32imc/500MHz/rtl/picorv32.v:782]
WARNING: [Synth 8-6014] Unused sequential element q_insn_rs2_reg was removed.  [/net/users/oelmouden/picorv32/work/custom_freq_synthesis/vivado/xc7a100t-csg324-1/picorv32/rv32imc/500MHz/rtl/picorv32.v:783]
WARNING: [Synth 8-6014] Unused sequential element q_insn_rd_reg was removed.  [/net/users/oelmouden/picorv32/work/custom_freq_synthesis/vivado/xc7a100t-csg324-1/picorv32/rv32imc/500MHz/rtl/picorv32.v:784]
WARNING: [Synth 8-6014] Unused sequential element dbg_next_reg was removed.  [/net/users/oelmouden/picorv32/work/custom_freq_synthesis/vivado/xc7a100t-csg324-1/picorv32/rv32imc/500MHz/rtl/picorv32.v:785]
WARNING: [Synth 8-6014] Unused sequential element dbg_valid_insn_reg was removed.  [/net/users/oelmouden/picorv32/work/custom_freq_synthesis/vivado/xc7a100t-csg324-1/picorv32/rv32imc/500MHz/rtl/picorv32.v:788]
WARNING: [Synth 8-6014] Unused sequential element cached_ascii_instr_reg was removed.  [/net/users/oelmouden/picorv32/work/custom_freq_synthesis/vivado/xc7a100t-csg324-1/picorv32/rv32imc/500MHz/rtl/picorv32.v:793]
WARNING: [Synth 8-6014] Unused sequential element cached_insn_imm_reg was removed.  [/net/users/oelmouden/picorv32/work/custom_freq_synthesis/vivado/xc7a100t-csg324-1/picorv32/rv32imc/500MHz/rtl/picorv32.v:794]
WARNING: [Synth 8-6014] Unused sequential element cached_insn_opcode_reg was removed.  [/net/users/oelmouden/picorv32/work/custom_freq_synthesis/vivado/xc7a100t-csg324-1/picorv32/rv32imc/500MHz/rtl/picorv32.v:796]
WARNING: [Synth 8-6014] Unused sequential element cached_insn_rs1_reg was removed.  [/net/users/oelmouden/picorv32/work/custom_freq_synthesis/vivado/xc7a100t-csg324-1/picorv32/rv32imc/500MHz/rtl/picorv32.v:799]
WARNING: [Synth 8-6014] Unused sequential element cached_insn_rs2_reg was removed.  [/net/users/oelmouden/picorv32/work/custom_freq_synthesis/vivado/xc7a100t-csg324-1/picorv32/rv32imc/500MHz/rtl/picorv32.v:800]
WARNING: [Synth 8-6014] Unused sequential element cached_insn_rd_reg was removed.  [/net/users/oelmouden/picorv32/work/custom_freq_synthesis/vivado/xc7a100t-csg324-1/picorv32/rv32imc/500MHz/rtl/picorv32.v:801]
WARNING: [Synth 8-6014] Unused sequential element dbg_insn_addr_reg was removed.  [/net/users/oelmouden/picorv32/work/custom_freq_synthesis/vivado/xc7a100t-csg324-1/picorv32/rv32imc/500MHz/rtl/picorv32.v:805]
WARNING: [Synth 8-6014] Unused sequential element set_mem_do_rinst_reg was removed.  [/net/users/oelmouden/picorv32/work/custom_freq_synthesis/vivado/xc7a100t-csg324-1/picorv32/rv32imc/500MHz/rtl/picorv32.v:1406]
WARNING: [Synth 8-6014] Unused sequential element set_mem_do_rdata_reg was removed.  [/net/users/oelmouden/picorv32/work/custom_freq_synthesis/vivado/xc7a100t-csg324-1/picorv32/rv32imc/500MHz/rtl/picorv32.v:1407]
WARNING: [Synth 8-6014] Unused sequential element set_mem_do_wdata_reg was removed.  [/net/users/oelmouden/picorv32/work/custom_freq_synthesis/vivado/xc7a100t-csg324-1/picorv32/rv32imc/500MHz/rtl/picorv32.v:1408]
WARNING: [Synth 8-6014] Unused sequential element alu_out_0_q_reg was removed.  [/net/users/oelmouden/picorv32/work/custom_freq_synthesis/vivado/xc7a100t-csg324-1/picorv32/rv32imc/500MHz/rtl/picorv32.v:1410]
WARNING: [Synth 8-6014] Unused sequential element alu_wait_reg was removed.  [/net/users/oelmouden/picorv32/work/custom_freq_synthesis/vivado/xc7a100t-csg324-1/picorv32/rv32imc/500MHz/rtl/picorv32.v:1413]
WARNING: [Synth 8-6014] Unused sequential element alu_wait_2_reg was removed.  [/net/users/oelmouden/picorv32/work/custom_freq_synthesis/vivado/xc7a100t-csg324-1/picorv32/rv32imc/500MHz/rtl/picorv32.v:1414]
WARNING: [Synth 8-6014] Unused sequential element dbg_rs1val_reg was removed.  [/net/users/oelmouden/picorv32/work/custom_freq_synthesis/vivado/xc7a100t-csg324-1/picorv32/rv32imc/500MHz/rtl/picorv32.v:1417]
WARNING: [Synth 8-6014] Unused sequential element dbg_rs2val_reg was removed.  [/net/users/oelmouden/picorv32/work/custom_freq_synthesis/vivado/xc7a100t-csg324-1/picorv32/rv32imc/500MHz/rtl/picorv32.v:1418]
WARNING: [Synth 8-6014] Unused sequential element dbg_rs1val_valid_reg was removed.  [/net/users/oelmouden/picorv32/work/custom_freq_synthesis/vivado/xc7a100t-csg324-1/picorv32/rv32imc/500MHz/rtl/picorv32.v:1419]
WARNING: [Synth 8-6014] Unused sequential element dbg_rs2val_valid_reg was removed.  [/net/users/oelmouden/picorv32/work/custom_freq_synthesis/vivado/xc7a100t-csg324-1/picorv32/rv32imc/500MHz/rtl/picorv32.v:1420]
WARNING: [Synth 8-6014] Unused sequential element next_irq_pending_reg was removed.  [/net/users/oelmouden/picorv32/work/custom_freq_synthesis/vivado/xc7a100t-csg324-1/picorv32/rv32imc/500MHz/rtl/picorv32.v:1440]
WARNING: [Synth 8-6014] Unused sequential element decoder_trigger_q_reg was removed.  [/net/users/oelmouden/picorv32/work/custom_freq_synthesis/vivado/xc7a100t-csg324-1/picorv32/rv32imc/500MHz/rtl/picorv32.v:1447]
WARNING: [Synth 8-6014] Unused sequential element decoder_pseudo_trigger_q_reg was removed.  [/net/users/oelmouden/picorv32/work/custom_freq_synthesis/vivado/xc7a100t-csg324-1/picorv32/rv32imc/500MHz/rtl/picorv32.v:1449]
WARNING: [Synth 8-6014] Unused sequential element latched_trace_reg was removed.  [/net/users/oelmouden/picorv32/work/custom_freq_synthesis/vivado/xc7a100t-csg324-1/picorv32/rv32imc/500MHz/rtl/picorv32.v:1465]
WARNING: [Synth 8-6014] Unused sequential element irq_active_reg was removed.  [/net/users/oelmouden/picorv32/work/custom_freq_synthesis/vivado/xc7a100t-csg324-1/picorv32/rv32imc/500MHz/rtl/picorv32.v:1471]
WARNING: [Synth 8-6014] Unused sequential element irq_delay_reg was removed.  [/net/users/oelmouden/picorv32/work/custom_freq_synthesis/vivado/xc7a100t-csg324-1/picorv32/rv32imc/500MHz/rtl/picorv32.v:1472]
WARNING: [Synth 8-6014] Unused sequential element irq_mask_reg was removed.  [/net/users/oelmouden/picorv32/work/custom_freq_synthesis/vivado/xc7a100t-csg324-1/picorv32/rv32imc/500MHz/rtl/picorv32.v:1473]
WARNING: [Synth 8-6014] Unused sequential element timer_reg was removed.  [/net/users/oelmouden/picorv32/work/custom_freq_synthesis/vivado/xc7a100t-csg324-1/picorv32/rv32imc/500MHz/rtl/picorv32.v:1477]
WARNING: [Synth 8-6014] Unused sequential element current_pc_reg was removed.  [/net/users/oelmouden/picorv32/work/custom_freq_synthesis/vivado/xc7a100t-csg324-1/picorv32/rv32imc/500MHz/rtl/picorv32.v:1495]
WARNING: [Synth 8-6014] Unused sequential element irq_pending_reg was removed.  [/net/users/oelmouden/picorv32/work/custom_freq_synthesis/vivado/xc7a100t-csg324-1/picorv32/rv32imc/500MHz/rtl/picorv32.v:1963]
WARNING: [Synth 8-6014] Unused sequential element trace_valid_reg was removed.  [/net/users/oelmouden/picorv32/work/custom_freq_synthesis/vivado/xc7a100t-csg324-1/picorv32/rv32imc/500MHz/rtl/picorv32.v:1452]
WARNING: [Synth 8-7129] Port pcpi_insn[24] in module picorv32_pcpi_div is either unconnected or has no load
WARNING: [Synth 8-7129] Port pcpi_insn[23] in module picorv32_pcpi_div is either unconnected or has no load
WARNING: [Synth 8-7129] Port pcpi_insn[22] in module picorv32_pcpi_div is either unconnected or has no load
WARNING: [Synth 8-7129] Port pcpi_insn[21] in module picorv32_pcpi_div is either unconnected or has no load
WARNING: [Synth 8-7129] Port pcpi_insn[20] in module picorv32_pcpi_div is either unconnected or has no load
WARNING: [Synth 8-7129] Port pcpi_insn[19] in module picorv32_pcpi_div is either unconnected or has no load
WARNING: [Synth 8-7129] Port pcpi_insn[18] in module picorv32_pcpi_div is either unconnected or has no load
WARNING: [Synth 8-7129] Port pcpi_insn[17] in module picorv32_pcpi_div is either unconnected or has no load
WARNING: [Synth 8-7129] Port pcpi_insn[16] in module picorv32_pcpi_div is either unconnected or has no load
WARNING: [Synth 8-7129] Port pcpi_insn[15] in module picorv32_pcpi_div is either unconnected or has no load
WARNING: [Synth 8-7129] Port pcpi_insn[11] in module picorv32_pcpi_div is either unconnected or has no load
WARNING: [Synth 8-7129] Port pcpi_insn[10] in module picorv32_pcpi_div is either unconnected or has no load
WARNING: [Synth 8-7129] Port pcpi_insn[9] in module picorv32_pcpi_div is either unconnected or has no load
WARNING: [Synth 8-7129] Port pcpi_insn[8] in module picorv32_pcpi_div is either unconnected or has no load
WARNING: [Synth 8-7129] Port pcpi_insn[7] in module picorv32_pcpi_div is either unconnected or has no load
WARNING: [Synth 8-7129] Port pcpi_insn[24] in module picorv32_pcpi_fast_mul is either unconnected or has no load
WARNING: [Synth 8-7129] Port pcpi_insn[23] in module picorv32_pcpi_fast_mul is either unconnected or has no load
WARNING: [Synth 8-7129] Port pcpi_insn[22] in module picorv32_pcpi_fast_mul is either unconnected or has no load
WARNING: [Synth 8-7129] Port pcpi_insn[21] in module picorv32_pcpi_fast_mul is either unconnected or has no load
WARNING: [Synth 8-7129] Port pcpi_insn[20] in module picorv32_pcpi_fast_mul is either unconnected or has no load
WARNING: [Synth 8-7129] Port pcpi_insn[19] in module picorv32_pcpi_fast_mul is either unconnected or has no load
WARNING: [Synth 8-7129] Port pcpi_insn[18] in module picorv32_pcpi_fast_mul is either unconnected or has no load
WARNING: [Synth 8-7129] Port pcpi_insn[17] in module picorv32_pcpi_fast_mul is either unconnected or has no load
WARNING: [Synth 8-7129] Port pcpi_insn[16] in module picorv32_pcpi_fast_mul is either unconnected or has no load
WARNING: [Synth 8-7129] Port pcpi_insn[15] in module picorv32_pcpi_fast_mul is either unconnected or has no load
WARNING: [Synth 8-7129] Port pcpi_insn[11] in module picorv32_pcpi_fast_mul is either unconnected or has no load
WARNING: [Synth 8-7129] Port pcpi_insn[10] in module picorv32_pcpi_fast_mul is either unconnected or has no load
WARNING: [Synth 8-7129] Port pcpi_insn[9] in module picorv32_pcpi_fast_mul is either unconnected or has no load
WARNING: [Synth 8-7129] Port pcpi_insn[8] in module picorv32_pcpi_fast_mul is either unconnected or has no load
WARNING: [Synth 8-7129] Port pcpi_insn[7] in module picorv32_pcpi_fast_mul is either unconnected or has no load
WARNING: [Synth 8-7129] Port pcpi_wr in module picorv32 is either unconnected or has no load
WARNING: [Synth 8-7129] Port pcpi_rd[31] in module picorv32 is either unconnected or has no load
WARNING: [Synth 8-7129] Port pcpi_rd[30] in module picorv32 is either unconnected or has no load
WARNING: [Synth 8-7129] Port pcpi_rd[29] in module picorv32 is either unconnected or has no load
WARNING: [Synth 8-7129] Port pcpi_rd[28] in module picorv32 is either unconnected or has no load
WARNING: [Synth 8-7129] Port pcpi_rd[27] in module picorv32 is either unconnected or has no load
WARNING: [Synth 8-7129] Port pcpi_rd[26] in module picorv32 is either unconnected or has no load
WARNING: [Synth 8-7129] Port pcpi_rd[25] in module picorv32 is either unconnected or has no load
WARNING: [Synth 8-7129] Port pcpi_rd[24] in module picorv32 is either unconnected or has no load
WARNING: [Synth 8-7129] Port pcpi_rd[23] in module picorv32 is either unconnected or has no load
WARNING: [Synth 8-7129] Port pcpi_rd[22] in module picorv32 is either unconnected or has no load
WARNING: [Synth 8-7129] Port pcpi_rd[21] in module picorv32 is either unconnected or has no load
WARNING: [Synth 8-7129] Port pcpi_rd[20] in module picorv32 is either unconnected or has no load
WARNING: [Synth 8-7129] Port pcpi_rd[19] in module picorv32 is either unconnected or has no load
WARNING: [Synth 8-7129] Port pcpi_rd[18] in module picorv32 is either unconnected or has no load
WARNING: [Synth 8-7129] Port pcpi_rd[17] in module picorv32 is either unconnected or has no load
WARNING: [Synth 8-7129] Port pcpi_rd[16] in module picorv32 is either unconnected or has no load
WARNING: [Synth 8-7129] Port pcpi_rd[15] in module picorv32 is either unconnected or has no load
WARNING: [Synth 8-7129] Port pcpi_rd[14] in module picorv32 is either unconnected or has no load
WARNING: [Synth 8-7129] Port pcpi_rd[13] in module picorv32 is either unconnected or has no load
WARNING: [Synth 8-7129] Port pcpi_rd[12] in module picorv32 is either unconnected or has no load
WARNING: [Synth 8-7129] Port pcpi_rd[11] in module picorv32 is either unconnected or has no load
WARNING: [Synth 8-7129] Port pcpi_rd[10] in module picorv32 is either unconnected or has no load
WARNING: [Synth 8-7129] Port pcpi_rd[9] in module picorv32 is either unconnected or has no load
WARNING: [Synth 8-7129] Port pcpi_rd[8] in module picorv32 is either unconnected or has no load
WARNING: [Synth 8-7129] Port pcpi_rd[7] in module picorv32 is either unconnected or has no load
WARNING: [Synth 8-7129] Port pcpi_rd[6] in module picorv32 is either unconnected or has no load
WARNING: [Synth 8-7129] Port pcpi_rd[5] in module picorv32 is either unconnected or has no load
WARNING: [Synth 8-7129] Port pcpi_rd[4] in module picorv32 is either unconnected or has no load
WARNING: [Synth 8-7129] Port pcpi_rd[3] in module picorv32 is either unconnected or has no load
WARNING: [Synth 8-7129] Port pcpi_rd[2] in module picorv32 is either unconnected or has no load
WARNING: [Synth 8-7129] Port pcpi_rd[1] in module picorv32 is either unconnected or has no load
WARNING: [Synth 8-7129] Port pcpi_rd[0] in module picorv32 is either unconnected or has no load
WARNING: [Synth 8-7129] Port pcpi_wait in module picorv32 is either unconnected or has no load
WARNING: [Synth 8-7129] Port pcpi_ready in module picorv32 is either unconnected or has no load
WARNING: [Synth 8-7129] Port irq[31] in module picorv32 is either unconnected or has no load
WARNING: [Synth 8-7129] Port irq[30] in module picorv32 is either unconnected or has no load
WARNING: [Synth 8-7129] Port irq[29] in module picorv32 is either unconnected or has no load
WARNING: [Synth 8-7129] Port irq[28] in module picorv32 is either unconnected or has no load
WARNING: [Synth 8-7129] Port irq[27] in module picorv32 is either unconnected or has no load
WARNING: [Synth 8-7129] Port irq[26] in module picorv32 is either unconnected or has no load
WARNING: [Synth 8-7129] Port irq[25] in module picorv32 is either unconnected or has no load
WARNING: [Synth 8-7129] Port irq[24] in module picorv32 is either unconnected or has no load
WARNING: [Synth 8-7129] Port irq[23] in module picorv32 is either unconnected or has no load
WARNING: [Synth 8-7129] Port irq[22] in module picorv32 is either unconnected or has no load
WARNING: [Synth 8-7129] Port irq[21] in module picorv32 is either unconnected or has no load
WARNING: [Synth 8-7129] Port irq[20] in module picorv32 is either unconnected or has no load
WARNING: [Synth 8-7129] Port irq[19] in module picorv32 is either unconnected or has no load
WARNING: [Synth 8-7129] Port irq[18] in module picorv32 is either unconnected or has no load
WARNING: [Synth 8-7129] Port irq[17] in module picorv32 is either unconnected or has no load
WARNING: [Synth 8-7129] Port irq[16] in module picorv32 is either unconnected or has no load
WARNING: [Synth 8-7129] Port irq[15] in module picorv32 is either unconnected or has no load
WARNING: [Synth 8-7129] Port irq[14] in module picorv32 is either unconnected or has no load
WARNING: [Synth 8-7129] Port irq[13] in module picorv32 is either unconnected or has no load
WARNING: [Synth 8-7129] Port irq[12] in module picorv32 is either unconnected or has no load
WARNING: [Synth 8-7129] Port irq[11] in module picorv32 is either unconnected or has no load
WARNING: [Synth 8-7129] Port irq[10] in module picorv32 is either unconnected or has no load
WARNING: [Synth 8-7129] Port irq[9] in module picorv32 is either unconnected or has no load
WARNING: [Synth 8-7129] Port irq[8] in module picorv32 is either unconnected or has no load
WARNING: [Synth 8-7129] Port irq[7] in module picorv32 is either unconnected or has no load
WARNING: [Synth 8-7129] Port irq[6] in module picorv32 is either unconnected or has no load
WARNING: [Synth 8-7129] Port irq[5] in module picorv32 is either unconnected or has no load
WARNING: [Synth 8-7129] Port irq[4] in module picorv32 is either unconnected or has no load
WARNING: [Synth 8-7129] Port irq[3] in module picorv32 is either unconnected or has no load
WARNING: [Synth 8-7129] Port irq[2] in module picorv32 is either unconnected or has no load
WARNING: [Synth 8-7129] Port irq[1] in module picorv32 is either unconnected or has no load
WARNING: [Synth 8-7129] Port irq[0] in module picorv32 is either unconnected or has no load
---------------------------------------------------------------------------------
Finished RTL Elaboration : Time (s): cpu = 00:00:08 ; elapsed = 00:00:08 . Memory (MB): peak = 2429.430 ; gain = 518.770 ; free physical = 728969 ; free virtual = 752047
---------------------------------------------------------------------------------
---------------------------------------------------------------------------------
Start Handling Custom Attributes
---------------------------------------------------------------------------------
---------------------------------------------------------------------------------
Finished Handling Custom Attributes : Time (s): cpu = 00:00:08 ; elapsed = 00:00:08 . Memory (MB): peak = 2447.242 ; gain = 536.582 ; free physical = 728960 ; free virtual = 752037
---------------------------------------------------------------------------------
---------------------------------------------------------------------------------
Finished RTL Optimization Phase 1 : Time (s): cpu = 00:00:08 ; elapsed = 00:00:08 . Memory (MB): peak = 2447.242 ; gain = 536.582 ; free physical = 728960 ; free virtual = 752037
---------------------------------------------------------------------------------
Netlist sorting complete. Time (s): cpu = 00:00:00.04 ; elapsed = 00:00:00.04 . Memory (MB): peak = 2447.242 ; gain = 0.000 ; free physical = 728960 ; free virtual = 752037
INFO: [Project 1-570] Preparing netlist for logic optimization

Processing XDC Constraints
Initializing timing engine
Parsing XDC File [/net/users/oelmouden/picorv32/work/custom_freq_synthesis/vivado/xc7a100t-csg324-1/picorv32/rv32imc/500MHz/constraints.xdc]
Finished Parsing XDC File [/net/users/oelmouden/picorv32/work/custom_freq_synthesis/vivado/xc7a100t-csg324-1/picorv32/rv32imc/500MHz/constraints.xdc]
Completed Processing XDC Constraints

Netlist sorting complete. Time (s): cpu = 00:00:00 ; elapsed = 00:00:00 . Memory (MB): peak = 2589.992 ; gain = 0.000 ; free physical = 728865 ; free virtual = 751942
INFO: [Project 1-111] Unisim Transformation Summary:
No Unisim elements were transformed.

Constraint Validation Runtime : Time (s): cpu = 00:00:00.04 ; elapsed = 00:00:00.02 . Memory (MB): peak = 2589.992 ; gain = 0.000 ; free physical = 728861 ; free virtual = 751938
---------------------------------------------------------------------------------
Finished Constraint Validation : Time (s): cpu = 00:00:18 ; elapsed = 00:00:18 . Memory (MB): peak = 2589.992 ; gain = 679.332 ; free physical = 728216 ; free virtual = 751293
---------------------------------------------------------------------------------
---------------------------------------------------------------------------------
Start Loading Part and Timing Information
---------------------------------------------------------------------------------
Loading part: xc7a100tcsg324-1
---------------------------------------------------------------------------------
Finished Loading Part and Timing Information : Time (s): cpu = 00:00:18 ; elapsed = 00:00:18 . Memory (MB): peak = 2597.996 ; gain = 687.336 ; free physical = 728216 ; free virtual = 751293
---------------------------------------------------------------------------------
---------------------------------------------------------------------------------
Start Applying 'set_property' XDC Constraints
---------------------------------------------------------------------------------
---------------------------------------------------------------------------------
Finished applying 'set_property' XDC Constraints : Time (s): cpu = 00:00:18 ; elapsed = 00:00:19 . Memory (MB): peak = 2597.996 ; gain = 687.336 ; free physical = 728213 ; free virtual = 751291
---------------------------------------------------------------------------------
INFO: [Synth 8-802] inferred FSM for state register 'mem_state_reg' in module 'picorv32'
---------------------------------------------------------------------------------------------------
                   State |                     New Encoding |                Previous Encoding 
---------------------------------------------------------------------------------------------------
                 iSTATE2 |                               00 |                               00
                 iSTATE0 |                               01 |                               10
                  iSTATE |                               10 |                               01
                 iSTATE1 |                               11 |                               11
---------------------------------------------------------------------------------------------------
INFO: [Synth 8-3354] encoded FSM with state register 'mem_state_reg' using encoding 'sequential' in module 'picorv32'
---------------------------------------------------------------------------------
Finished RTL Optimization Phase 2 : Time (s): cpu = 00:00:19 ; elapsed = 00:00:20 . Memory (MB): peak = 2597.996 ; gain = 687.336 ; free physical = 727912 ; free virtual = 750990
---------------------------------------------------------------------------------
---------------------------------------------------------------------------------
Start RTL Component Statistics 
---------------------------------------------------------------------------------
Detailed RTL Component Info : 
+---Adders : 
	   2 Input   63 Bit       Adders := 1     
	   2 Input   32 Bit       Adders := 7     
	   3 Input   32 Bit       Adders := 1     
	   2 Input   30 Bit       Adders := 1     
	   2 Input    5 Bit       Adders := 1     
	   2 Input    4 Bit       Adders := 1     
+---XORs : 
	   2 Input     32 Bit         XORs := 1     
+---Registers : 
	               64 Bit    Registers := 1     
	               63 Bit    Registers := 1     
	               36 Bit    Registers := 1     
	               33 Bit    Registers := 2     
	               32 Bit    Registers := 18    
	               16 Bit    Registers := 1     
	                8 Bit    Registers := 1     
	                5 Bit    Registers := 6     
	                4 Bit    Registers := 3     
	                2 Bit    Registers := 2     
	                1 Bit    Registers := 95    
+---Multipliers : 
	              33x33  Multipliers := 1     
+---RAMs : 
	              32K Bit	(1024 X 32 bit)          RAMs := 1     
	             1024 Bit	(32 X 32 bit)          RAMs := 1     
+---Muxes : 
	   2 Input   63 Bit        Muxes := 2     
	   2 Input   33 Bit        Muxes := 2     
	   2 Input   32 Bit        Muxes := 35    
	   4 Input   32 Bit        Muxes := 12    
	   3 Input   32 Bit        Muxes := 3     
	   5 Input   32 Bit        Muxes := 1     
	   6 Input   32 Bit        Muxes := 1     
	   2 Input   16 Bit        Muxes := 1     
	   4 Input    8 Bit        Muxes := 2     
	   2 Input    8 Bit        Muxes := 3     
	   2 Input    6 Bit        Muxes := 1     
	   2 Input    5 Bit        Muxes := 15    
	   4 Input    5 Bit        Muxes := 3     
	   5 Input    5 Bit        Muxes := 4     
	   8 Input    5 Bit        Muxes := 2     
	   2 Input    4 Bit        Muxes := 4     
	   4 Input    4 Bit        Muxes := 4     
	   5 Input    4 Bit        Muxes := 1     
	   3 Input    4 Bit        Muxes := 1     
	   5 Input    3 Bit        Muxes := 1     
	   2 Input    3 Bit        Muxes := 3     
	   2 Input    2 Bit        Muxes := 3     
	   4 Input    2 Bit        Muxes := 1     
	   2 Input    1 Bit        Muxes := 59    
	   4 Input    1 Bit        Muxes := 32    
	   8 Input    1 Bit        Muxes := 5     
	   5 Input    1 Bit        Muxes := 5     
	   3 Input    1 Bit        Muxes := 4     
	   7 Input    1 Bit        Muxes := 4     
---------------------------------------------------------------------------------
Finished RTL Component Statistics 
---------------------------------------------------------------------------------
---------------------------------------------------------------------------------
Start Part Resource Summary
---------------------------------------------------------------------------------
Part Resources:
DSPs: 240 (col length:80)
BRAMs: 270 (col length: RAMB18 80 RAMB36 40)
---------------------------------------------------------------------------------
Finished Part Resource Summary
---------------------------------------------------------------------------------
---------------------------------------------------------------------------------
Start Cross Boundary and Area Optimization
---------------------------------------------------------------------------------
WARNING: [Synth 8-7080] Parallel synthesis criteria is not met
DSP Report: Generating DSP rd0, operation Mode is: A2*B2.
DSP Report: register rs1_reg is absorbed into DSP rd0.
DSP Report: register rd0 is absorbed into DSP rd0.
DSP Report: operator rd0 is absorbed into DSP rd0.
DSP Report: operator rd0 is absorbed into DSP rd0.
DSP Report: Generating DSP rd_reg, operation Mode is: (PCIN>>17)+A2*B2.
DSP Report: register rs2_reg is absorbed into DSP rd_reg.
DSP Report: register rs1_reg is absorbed into DSP rd_reg.
DSP Report: register rd_reg is absorbed into DSP rd_reg.
DSP Report: operator rd0 is absorbed into DSP rd_reg.
DSP Report: operator rd0 is absorbed into DSP rd_reg.
DSP Report: Generating DSP rd0, operation Mode is: A2*B2.
DSP Report: register rd0 is absorbed into DSP rd0.
DSP Report: register rd0 is absorbed into DSP rd0.
DSP Report: operator rd0 is absorbed into DSP rd0.
DSP Report: operator rd0 is absorbed into DSP rd0.
DSP Report: Generating DSP rd_reg, operation Mode is: (PCIN>>17)+A2*B2.
DSP Report: register rs2_reg is absorbed into DSP rd_reg.
DSP Report: register rd_reg is absorbed into DSP rd_reg.
DSP Report: register rd_reg is absorbed into DSP rd_reg.
DSP Report: operator rd0 is absorbed into DSP rd_reg.
DSP Report: operator rd0 is absorbed into DSP rd_reg.
WARNING: [Synth 8-7129] Port pcpi_wr in module picorv32 is either unconnected or has no load
WARNING: [Synth 8-7129] Port pcpi_rd[31] in module picorv32 is either unconnected or has no load
WARNING: [Synth 8-7129] Port pcpi_rd[30] in module picorv32 is either unconnected or has no load
INFO: [Common 17-14] Message 'Synth 8-7129' appears 100 times and further instances of the messages will be disabled. Use the Tcl command set_msg_config to change the current settings.
WARNING: [Synth 8-3332] Sequential element (rd_reg[47]) is unused and will be removed from module picorv32_pcpi_fast_mul.
WARNING: [Synth 8-3332] Sequential element (rd_reg[46]) is unused and will be removed from module picorv32_pcpi_fast_mul.
WARNING: [Synth 8-3332] Sequential element (rd_reg[45]) is unused and will be removed from module picorv32_pcpi_fast_mul.
WARNING: [Synth 8-3332] Sequential element (rd_reg[44]) is unused and will be removed from module picorv32_pcpi_fast_mul.
WARNING: [Synth 8-3332] Sequential element (rd_reg[43]) is unused and will be removed from module picorv32_pcpi_fast_mul.
WARNING: [Synth 8-3332] Sequential element (rd_reg[42]) is unused and will be removed from module picorv32_pcpi_fast_mul.
WARNING: [Synth 8-3332] Sequential element (rd_reg[41]) is unused and will be removed from module picorv32_pcpi_fast_mul.
WARNING: [Synth 8-3332] Sequential element (rd_reg[40]) is unused and will be removed from module picorv32_pcpi_fast_mul.
WARNING: [Synth 8-3332] Sequential element (rd_reg[39]) is unused and will be removed from module picorv32_pcpi_fast_mul.
WARNING: [Synth 8-3332] Sequential element (rd_reg[38]) is unused and will be removed from module picorv32_pcpi_fast_mul.
WARNING: [Synth 8-3332] Sequential element (rd_reg[37]) is unused and will be removed from module picorv32_pcpi_fast_mul.
WARNING: [Synth 8-3332] Sequential element (rd_reg[36]) is unused and will be removed from module picorv32_pcpi_fast_mul.
WARNING: [Synth 8-3332] Sequential element (rd_reg[35]) is unused and will be removed from module picorv32_pcpi_fast_mul.
WARNING: [Synth 8-3332] Sequential element (rd_reg[34]) is unused and will be removed from module picorv32_pcpi_fast_mul.
WARNING: [Synth 8-3332] Sequential element (rd_reg[33]) is unused and will be removed from module picorv32_pcpi_fast_mul.
WARNING: [Synth 8-3332] Sequential element (rd_reg[32]) is unused and will be removed from module picorv32_pcpi_fast_mul.
WARNING: [Synth 8-3332] Sequential element (rd_reg[31]) is unused and will be removed from module picorv32_pcpi_fast_mul.
WARNING: [Synth 8-3332] Sequential element (rd_reg[30]) is unused and will be removed from module picorv32_pcpi_fast_mul.
WARNING: [Synth 8-3332] Sequential element (rd_reg[29]) is unused and will be removed from module picorv32_pcpi_fast_mul.
WARNING: [Synth 8-3332] Sequential element (rd_reg[28]) is unused and will be removed from module picorv32_pcpi_fast_mul.
WARNING: [Synth 8-3332] Sequential element (rd_reg[27]) is unused and will be removed from module picorv32_pcpi_fast_mul.
WARNING: [Synth 8-3332] Sequential element (rd_reg[26]) is unused and will be removed from module picorv32_pcpi_fast_mul.
WARNING: [Synth 8-3332] Sequential element (rd_reg[25]) is unused and will be removed from module picorv32_pcpi_fast_mul.
WARNING: [Synth 8-3332] Sequential element (rd_reg[24]) is unused and will be removed from module picorv32_pcpi_fast_mul.
WARNING: [Synth 8-3332] Sequential element (rd_reg[23]) is unused and will be removed from module picorv32_pcpi_fast_mul.
WARNING: [Synth 8-3332] Sequential element (rd_reg[22]) is unused and will be removed from module picorv32_pcpi_fast_mul.
WARNING: [Synth 8-3332] Sequential element (rd_reg[21]) is unused and will be removed from module picorv32_pcpi_fast_mul.
WARNING: [Synth 8-3332] Sequential element (rd_reg[20]) is unused and will be removed from module picorv32_pcpi_fast_mul.
WARNING: [Synth 8-3332] Sequential element (rd_reg[19]) is unused and will be removed from module picorv32_pcpi_fast_mul.
WARNING: [Synth 8-3332] Sequential element (rd_reg[18]) is unused and will be removed from module picorv32_pcpi_fast_mul.
WARNING: [Synth 8-3332] Sequential element (rd_reg[17]) is unused and will be removed from module picorv32_pcpi_fast_mul.
WARNING: [Synth 8-3332] Sequential element (rd_reg[47]__0) is unused and will be removed from module picorv32_pcpi_fast_mul.
WARNING: [Synth 8-3332] Sequential element (rd_reg[46]__0) is unused and will be removed from module picorv32_pcpi_fast_mul.
WARNING: [Synth 8-3332] Sequential element (rd_reg[45]__0) is unused and will be removed from module picorv32_pcpi_fast_mul.
WARNING: [Synth 8-3332] Sequential element (rd_reg[44]__0) is unused and will be removed from module picorv32_pcpi_fast_mul.
WARNING: [Synth 8-3332] Sequential element (rd_reg[43]__0) is unused and will be removed from module picorv32_pcpi_fast_mul.
WARNING: [Synth 8-3332] Sequential element (rd_reg[42]__0) is unused and will be removed from module picorv32_pcpi_fast_mul.
WARNING: [Synth 8-3332] Sequential element (rd_reg[41]__0) is unused and will be removed from module picorv32_pcpi_fast_mul.
WARNING: [Synth 8-3332] Sequential element (rd_reg[40]__0) is unused and will be removed from module picorv32_pcpi_fast_mul.
WARNING: [Synth 8-3332] Sequential element (rd_reg[39]__0) is unused and will be removed from module picorv32_pcpi_fast_mul.
WARNING: [Synth 8-3332] Sequential element (rd_reg[38]__0) is unused and will be removed from module picorv32_pcpi_fast_mul.
WARNING: [Synth 8-3332] Sequential element (rd_reg[37]__0) is unused and will be removed from module picorv32_pcpi_fast_mul.
WARNING: [Synth 8-3332] Sequential element (rd_reg[36]__0) is unused and will be removed from module picorv32_pcpi_fast_mul.
WARNING: [Synth 8-3332] Sequential element (rd_reg[35]__0) is unused and will be removed from module picorv32_pcpi_fast_mul.
WARNING: [Synth 8-3332] Sequential element (rd_reg[34]__0) is unused and will be removed from module picorv32_pcpi_fast_mul.
WARNING: [Synth 8-3332] Sequential element (rd_reg[33]__0) is unused and will be removed from module picorv32_pcpi_fast_mul.
WARNING: [Synth 8-3332] Sequential element (rd_reg[32]__0) is unused and will be removed from module picorv32_pcpi_fast_mul.
WARNING: [Synth 8-3332] Sequential element (rd_reg[31]__0) is unused and will be removed from module picorv32_pcpi_fast_mul.
WARNING: [Synth 8-3332] Sequential element (rd_reg[30]__0) is unused and will be removed from module picorv32_pcpi_fast_mul.
WARNING: [Synth 8-3332] Sequential element (rd_reg[29]__0) is unused and will be removed from module picorv32_pcpi_fast_mul.
WARNING: [Synth 8-3332] Sequential element (rd_reg[28]__0) is unused and will be removed from module picorv32_pcpi_fast_mul.
WARNING: [Synth 8-3332] Sequential element (rd_reg[27]__0) is unused and will be removed from module picorv32_pcpi_fast_mul.
WARNING: [Synth 8-3332] Sequential element (rd_reg[26]__0) is unused and will be removed from module picorv32_pcpi_fast_mul.
WARNING: [Synth 8-3332] Sequential element (rd_reg[25]__0) is unused and will be removed from module picorv32_pcpi_fast_mul.
WARNING: [Synth 8-3332] Sequential element (rd_reg[24]__0) is unused and will be removed from module picorv32_pcpi_fast_mul.
WARNING: [Synth 8-3332] Sequential element (rd_reg[23]__0) is unused and will be removed from module picorv32_pcpi_fast_mul.
WARNING: [Synth 8-3332] Sequential element (rd_reg[22]__0) is unused and will be removed from module picorv32_pcpi_fast_mul.
WARNING: [Synth 8-3332] Sequential element (rd_reg[21]__0) is unused and will be removed from module picorv32_pcpi_fast_mul.
WARNING: [Synth 8-3332] Sequential element (rd_reg[20]__0) is unused and will be removed from module picorv32_pcpi_fast_mul.
WARNING: [Synth 8-3332] Sequential element (rd_reg[19]__0) is unused and will be removed from module picorv32_pcpi_fast_mul.
WARNING: [Synth 8-3332] Sequential element (rd_reg[18]__0) is unused and will be removed from module picorv32_pcpi_fast_mul.
WARNING: [Synth 8-3332] Sequential element (rd_reg[17]__0) is unused and will be removed from module picorv32_pcpi_fast_mul.
---------------------------------------------------------------------------------
Finished Cross Boundary and Area Optimization : Time (s): cpu = 00:00:31 ; elapsed = 00:00:32 . Memory (MB): peak = 2597.996 ; gain = 687.336 ; free physical = 727254 ; free virtual = 750341
---------------------------------------------------------------------------------
 Sort Area is  rd0_0 : 0 0 : 2737 5129 : Used 1 time 0
 Sort Area is  rd0_0 : 0 1 : 2392 5129 : Used 1 time 0
 Sort Area is  rd0_3 : 0 0 : 2338 4501 : Used 1 time 0
 Sort Area is  rd0_3 : 0 1 : 2163 4501 : Used 1 time 0
---------------------------------------------------------------------------------
Start ROM, RAM, DSP, Shift Register and Retiming Reporting
---------------------------------------------------------------------------------

Block RAM: Preliminary Mapping Report (see note below)
+-----------------+----------------+------------------------+---+---+------------------------+---+---+------------------+--------+--------+
|Module Name      | RTL Object     | PORT A (Depth x Width) | W | R | PORT B (Depth x Width) | W | R | Ports driving FF | RAMB18 | RAMB36 | 
+-----------------+----------------+------------------------+---+---+------------------------+---+---+------------------+--------+--------+
|picorv32_soc_top | ram/memory_reg | 1 K x 32(READ_FIRST)   | W |   | 1 K x 32(WRITE_FIRST)  |   | R | Port A and B     | 0      | 1      | 
+-----------------+----------------+------------------------+---+---+------------------------+---+---+------------------+--------+--------+

Note: The table above is a preliminary report that shows the Block RAMs at the current stage of the synthesis flow. Some Block RAMs may be reimplemented as non Block RAM primitives later in the synthesis flow. Multiple instantiated Block RAMs are reported only once. 

Distributed RAM: Preliminary Mapping Report (see note below)
+------------+-------------+-----------+----------------------+--------------+
|Module Name | RTL Object  | Inference | Size (Depth x Width) | Primitives   | 
+------------+-------------+-----------+----------------------+--------------+
|cpu         | cpuregs_reg | Implied   | 32 x 32              | RAM32M x 12  | 
+------------+-------------+-----------+----------------------+--------------+

Note: The table above is a preliminary report that shows the Distributed RAMs at the current stage of the synthesis flow. Some Distributed RAMs may be reimplemented as non Distributed RAM primitives later in the synthesis flow. Multiple instantiated RAMs are reported only once.

DSP: Preliminary Mapping Report (see note below. The ' indicates corresponding REG is set)
+-----------------------+------------------+--------+--------+--------+--------+--------+------+------+------+------+-------+------+------+
|Module Name            | DSP Mapping      | A Size | B Size | C Size | D Size | P Size | AREG | BREG | CREG | DREG | ADREG | MREG | PREG | 
+-----------------------+------------------+--------+--------+--------+--------+--------+------+------+------+------+-------+------+------+
|picorv32_pcpi_fast_mul | A2*B2            | 18     | 16     | -      | -      | 48     | 1    | 1    | -    | -    | -     | 0    | 0    | 
|picorv32_pcpi_fast_mul | (PCIN>>17)+A2*B2 | 16     | 16     | -      | -      | 48     | 1    | 1    | -    | -    | -     | 0    | 1    | 
|picorv32_pcpi_fast_mul | A2*B2            | 18     | 18     | -      | -      | 48     | 1    | 1    | -    | -    | -     | 0    | 0    | 
|picorv32_pcpi_fast_mul | (PCIN>>17)+A2*B2 | 18     | 16     | -      | -      | 48     | 1    | 1    | -    | -    | -     | 0    | 1    | 
+-----------------------+------------------+--------+--------+--------+--------+--------+------+------+------+------+-------+------+------+

Note: The table above is a preliminary report that shows the DSPs inferred at the current stage of the synthesis flow. Some DSP may be reimplemented as non DSP primitives later in the synthesis flow. Multiple instantiated DSPs are reported only once.
---------------------------------------------------------------------------------
Finished ROM, RAM, DSP, Shift Register and Retiming Reporting
---------------------------------------------------------------------------------
---------------------------------------------------------------------------------
Start Applying XDC Timing Constraints
---------------------------------------------------------------------------------
---------------------------------------------------------------------------------
Finished Applying XDC Timing Constraints : Time (s): cpu = 00:00:41 ; elapsed = 00:00:42 . Memory (MB): peak = 2675.996 ; gain = 765.336 ; free physical = 726996 ; free virtual = 750090
---------------------------------------------------------------------------------
---------------------------------------------------------------------------------
Start Timing Optimization
---------------------------------------------------------------------------------
INFO: [Synth 8-5584] The signal "picorv32_soc_top/ram/memory_reg" is implemented as distributed LUT RAM for the following reason(s): The timing constraints suggest that the chosen mapping will yield better timing results.
---------------------------------------------------------------------------------
Finished Timing Optimization : Time (s): cpu = 00:00:56 ; elapsed = 00:00:57 . Memory (MB): peak = 2784.098 ; gain = 873.438 ; free physical = 726257 ; free virtual = 749351
---------------------------------------------------------------------------------
---------------------------------------------------------------------------------
Start ROM, RAM, DSP, Shift Register and Retiming Reporting
---------------------------------------------------------------------------------

Distributed RAM: Final Mapping Report
+------------+-------------+-----------+----------------------+--------------+
|Module Name | RTL Object  | Inference | Size (Depth x Width) | Primitives   | 
+------------+-------------+-----------+----------------------+--------------+
|cpu         | cpuregs_reg | Implied   | 32 x 32              | RAM32M x 12  | 
+------------+-------------+-----------+----------------------+--------------+

---------------------------------------------------------------------------------
Finished ROM, RAM, DSP, Shift Register and Retiming Reporting
---------------------------------------------------------------------------------
---------------------------------------------------------------------------------
Start Technology Mapping
---------------------------------------------------------------------------------
---------------------------------------------------------------------------------
Finished Technology Mapping : Time (s): cpu = 00:00:57 ; elapsed = 00:00:59 . Memory (MB): peak = 2800.113 ; gain = 889.453 ; free physical = 726205 ; free virtual = 749299
---------------------------------------------------------------------------------
---------------------------------------------------------------------------------
Start IO Insertion
---------------------------------------------------------------------------------
---------------------------------------------------------------------------------
Start Flattening Before IO Insertion
---------------------------------------------------------------------------------
---------------------------------------------------------------------------------
Finished Flattening Before IO Insertion
---------------------------------------------------------------------------------
---------------------------------------------------------------------------------
Start Final Netlist Cleanup
---------------------------------------------------------------------------------
---------------------------------------------------------------------------------
Finished Final Netlist Cleanup
---------------------------------------------------------------------------------
---------------------------------------------------------------------------------
Finished IO Insertion : Time (s): cpu = 00:01:02 ; elapsed = 00:01:03 . Memory (MB): peak = 2902.926 ; gain = 992.266 ; free physical = 726160 ; free virtual = 749254
---------------------------------------------------------------------------------
---------------------------------------------------------------------------------
Start Renaming Generated Instances
---------------------------------------------------------------------------------
---------------------------------------------------------------------------------
Finished Renaming Generated Instances : Time (s): cpu = 00:01:02 ; elapsed = 00:01:03 . Memory (MB): peak = 2902.926 ; gain = 992.266 ; free physical = 726160 ; free virtual = 749254
---------------------------------------------------------------------------------
---------------------------------------------------------------------------------
Start Handling Custom Attributes
---------------------------------------------------------------------------------
---------------------------------------------------------------------------------
Finished Handling Custom Attributes : Time (s): cpu = 00:01:02 ; elapsed = 00:01:04 . Memory (MB): peak = 2902.926 ; gain = 992.266 ; free physical = 726155 ; free virtual = 749249
---------------------------------------------------------------------------------
---------------------------------------------------------------------------------
Start Writing Synthesis Report
---------------------------------------------------------------------------------

DSP Final Report (the ' indicates corresponding REG is set)
+-----------------------+--------------------+--------+--------+--------+--------+--------+------+------+------+------+-------+------+------+
|Module Name            | DSP Mapping        | A Size | B Size | C Size | D Size | P Size | AREG | BREG | CREG | DREG | ADREG | MREG | PREG | 
+-----------------------+--------------------+--------+--------+--------+--------+--------+------+------+------+------+-------+------+------+
|picorv32_pcpi_fast_mul | (A*B)'             | 17     | 18     | -      | -      | 48     | 0    | 0    | -    | -    | -     | 1    | 0    | 
|picorv32_pcpi_fast_mul | (PCIN>>17+(A*B)')' | 30     | 18     | -      | -      | 48     | 0    | 0    | -    | -    | -     | 1    | 1    | 
|picorv32_pcpi_fast_mul | (A*B)'             | 17     | 17     | -      | -      | 48     | 0    | 0    | -    | -    | -     | 1    | 0    | 
|picorv32_pcpi_fast_mul | (PCIN>>17+(A*B)')' | 17     | 18     | -      | -      | 48     | 0    | 0    | -    | -    | -     | 1    | 1    | 
+-----------------------+--------------------+--------+--------+--------+--------+--------+------+------+------+------+-------+------+------+


Report BlackBoxes: 
+-+--------------+----------+
| |BlackBox name |Instances |
+-+--------------+----------+
+-+--------------+----------+

Report Cell Usage: 
+------+----------+------+
|      |Cell      |Count |
+------+----------+------+
|1     |BUFG      |     1|
|2     |CARRY4    |   151|
|3     |DSP48E1   |     4|
|5     |LUT1      |   133|
|6     |LUT2      |   239|
|7     |LUT3      |   192|
|8     |LUT4      |   442|
|9     |LUT5      |   275|
|10    |LUT6      |   614|
|11    |RAM256X1S |   128|
|12    |RAM32M    |    10|
|13    |RAM32X1D  |     4|
|14    |FDRE      |   896|
|15    |FDSE      |    29|
|16    |IBUF      |     2|
|17    |OBUF      |     1|
+------+----------+------+
---------------------------------------------------------------------------------
Finished Writing Synthesis Report : Time (s): cpu = 00:01:02 ; elapsed = 00:01:04 . Memory (MB): peak = 2902.926 ; gain = 992.266 ; free physical = 726158 ; free virtual = 749252
---------------------------------------------------------------------------------
Synthesis finished with 0 errors, 0 critical warnings and 130 warnings.
Synthesis Optimization Runtime : Time (s): cpu = 00:00:59 ; elapsed = 00:01:01 . Memory (MB): peak = 2902.926 ; gain = 849.516 ; free physical = 726155 ; free virtual = 749249
Synthesis Optimization Complete : Time (s): cpu = 00:01:03 ; elapsed = 00:01:04 . Memory (MB): peak = 2902.934 ; gain = 992.266 ; free physical = 726152 ; free virtual = 749246
INFO: [Project 1-571] Translating synthesized netlist
Netlist sorting complete. Time (s): cpu = 00:00:00.02 ; elapsed = 00:00:00.02 . Memory (MB): peak = 2902.934 ; gain = 0.000 ; free physical = 726314 ; free virtual = 749408
INFO: [Netlist 29-17] Analyzing 297 Unisim elements for replacement
INFO: [Netlist 29-28] Unisim Transformation completed in 0 CPU seconds
WARNING: [Netlist 29-101] Netlist 'picorv32_soc_top' is not ideal for floorplanning, since the cellview 'picorv32_soc_top' contains a large number of primitives.  Please consider enabling hierarchy in synthesis if you want to do floorplanning.
INFO: [Project 1-570] Preparing netlist for logic optimization
Parsing XDC File [/net/users/oelmouden/picorv32/work/custom_freq_synthesis/vivado/xc7a100t-csg324-1/picorv32/rv32imc/500MHz/constraints.xdc]
Finished Parsing XDC File [/net/users/oelmouden/picorv32/work/custom_freq_synthesis/vivado/xc7a100t-csg324-1/picorv32/rv32imc/500MHz/constraints.xdc]
INFO: [Opt 31-138] Pushed 0 inverter(s) to 0 load pin(s).
Netlist sorting complete. Time (s): cpu = 00:00:00 ; elapsed = 00:00:00 . Memory (MB): peak = 2958.953 ; gain = 0.000 ; free physical = 726322 ; free virtual = 749416
INFO: [Project 1-111] Unisim Transformation Summary:
  A total of 142 instances were transformed.
  RAM256X1S => RAM256X1S (MUXF7(x2), MUXF8, RAMS64E(x4)): 128 instances
  RAM32M => RAM32M (RAMD32(x6), RAMS32(x2)): 10 instances
  RAM32X1D => RAM32X1D (RAMD32(x2)): 4 instances

Synth Design complete | Checksum: c1e78927
INFO: [Common 17-83] Releasing license: Synthesis
40 Infos, 214 Warnings, 0 Critical Warnings and 0 Errors encountered.
synth_design completed successfully
synth_design: Time (s): cpu = 00:01:15 ; elapsed = 00:01:13 . Memory (MB): peak = 2958.953 ; gain = 1231.520 ; free physical = 726324 ; free virtual = 749418
INFO: [Common 17-2834] synth_design peak Physical Memory [PSS] (MB): overall = 1764.964; main = 1672.015; forked = 197.896
INFO: [Common 17-2834] synth_design peak Virtual Memory [VSS] (MB): overall = 4353.074; main = 2958.957; forked = 1552.957
Command: opt_design -sweep -remap -propconst
Attempting to get a license for feature 'Implementation' and/or device 'xc7a100t'
INFO: [Common 17-349] Got license for feature 'Implementation' and/or device 'xc7a100t'
Running DRC as a precondition to command opt_design

Starting DRC Task
INFO: [DRC 23-27] Running DRC with 8 threads
INFO: [Project 1-461] DRC finished with 0 Errors
INFO: [Project 1-462] Please refer to the DRC report (report_drc) for more information.

Time (s): cpu = 00:00:02 ; elapsed = 00:00:00.62 . Memory (MB): peak = 2958.953 ; gain = 0.000 ; free physical = 726322 ; free virtual = 749416

Starting Logic Optimization Task

Phase 1 Initialization

Phase 1.1 Core Generation And Design Setup
Phase 1.1 Core Generation And Design Setup | Checksum: 1d123d291

Time (s): cpu = 00:00:00.01 ; elapsed = 00:00:00.01 . Memory (MB): peak = 2958.953 ; gain = 0.000 ; free physical = 726323 ; free virtual = 749417

Phase 1.2 Setup Constraints And Sort Netlist
Phase 1.2 Setup Constraints And Sort Netlist | Checksum: 1d123d291

Time (s): cpu = 00:00:00.01 ; elapsed = 00:00:00.01 . Memory (MB): peak = 2958.953 ; gain = 0.000 ; free physical = 726323 ; free virtual = 749417
Phase 1 Initialization | Checksum: 1d123d291

Time (s): cpu = 00:00:00.01 ; elapsed = 00:00:00.01 . Memory (MB): peak = 2958.953 ; gain = 0.000 ; free physical = 726323 ; free virtual = 749417

Phase 2 Timer Update And Timing Data Collection

Phase 2.1 Timer Update
INFO: [Timing 38-35] Done setting XDC timing constraints.
Phase 2.1 Timer Update | Checksum: 1d123d291

Time (s): cpu = 00:00:10 ; elapsed = 00:00:10 . Memory (MB): peak = 3286.906 ; gain = 327.953 ; free physical = 725799 ; free virtual = 748893

Phase 2.2 Timing Data Collection
Phase 2.2 Timing Data Collection | Checksum: 1d123d291

Time (s): cpu = 00:00:10 ; elapsed = 00:00:10 . Memory (MB): peak = 3286.906 ; gain = 327.953 ; free physical = 725799 ; free virtual = 748893
Phase 2 Timer Update And Timing Data Collection | Checksum: 1d123d291

Time (s): cpu = 00:00:10 ; elapsed = 00:00:10 . Memory (MB): peak = 3286.906 ; gain = 327.953 ; free physical = 725799 ; free virtual = 748893

Phase 3 Constant propagation
INFO: [Opt 31-138] Pushed 0 inverter(s) to 0 load pin(s).
Phase 3 Constant propagation | Checksum: 147f12223

Time (s): cpu = 00:00:10 ; elapsed = 00:00:10 . Memory (MB): peak = 3286.906 ; gain = 327.953 ; free physical = 725799 ; free virtual = 748893
Constant propagation | Checksum: 147f12223
INFO: [Opt 31-389] Phase Constant propagation created 0 cells and removed 0 cells

Phase 4 Sweep
INFO: [Constraints 18-11670] Building netlist checker database with flags, 0x8
Done building netlist checker database: Time (s): cpu = 00:00:00 ; elapsed = 00:00:00 . Memory (MB): peak = 3286.906 ; gain = 0.000 ; free physical = 725799 ; free virtual = 748893
Phase 4 Sweep | Checksum: 179bffbf2

Time (s): cpu = 00:00:10 ; elapsed = 00:00:10 . Memory (MB): peak = 3286.906 ; gain = 327.953 ; free physical = 725799 ; free virtual = 748893
Sweep | Checksum: 179bffbf2
INFO: [Opt 31-389] Phase Sweep created 1 cells and removed 0 cells

Phase 5 Remap
Phase 5 Remap | Checksum: 179bffbf2

Time (s): cpu = 00:00:10 ; elapsed = 00:00:10 . Memory (MB): peak = 3286.906 ; gain = 327.953 ; free physical = 725799 ; free virtual = 748893
Remap | Checksum: 179bffbf2
INFO: [Opt 31-389] Phase Remap created 0 cells and removed 0 cells

Phase 6 Post Processing Netlist
Phase 6 Post Processing Netlist | Checksum: 179bffbf2

Time (s): cpu = 00:00:10 ; elapsed = 00:00:10 . Memory (MB): peak = 3286.906 ; gain = 327.953 ; free physical = 725799 ; free virtual = 748893
Post Processing Netlist | Checksum: 179bffbf2
INFO: [Opt 31-389] Phase Post Processing Netlist created 0 cells and removed 0 cells

Phase 7 Finalization

Phase 7.1 Finalizing Design Cores and Updating Shapes
Phase 7.1 Finalizing Design Cores and Updating Shapes | Checksum: 18535c8af

Time (s): cpu = 00:00:10 ; elapsed = 00:00:10 . Memory (MB): peak = 3286.906 ; gain = 327.953 ; free physical = 725799 ; free virtual = 748893

Phase 7.2 Verifying Netlist Connectivity
Phase 7.2 Verifying Netlist Connectivity | Checksum: 18535c8af

Time (s): cpu = 00:00:10 ; elapsed = 00:00:10 . Memory (MB): peak = 3286.906 ; gain = 327.953 ; free physical = 725799 ; free virtual = 748893
Phase 7 Finalization | Checksum: 18535c8af

Time (s): cpu = 00:00:10 ; elapsed = 00:00:10 . Memory (MB): peak = 3286.906 ; gain = 327.953 ; free physical = 725799 ; free virtual = 748893
Opt_design Change Summary
=========================


---------------------------------------------------------------------------------------------------------------------
|  Phase                    |  #Cells created  |  #Cells Removed  |  #Constrained objects preventing optimizations  |
---------------------------------------------------------------------------------------------------------------------
|  Constant propagation     |               0  |               0  |                                              0  |
|  Sweep                    |               1  |               0  |                                              0  |
|  Remap                    |               0  |               0  |                                              0  |
|  Post Processing Netlist  |               0  |               0  |                                              0  |
---------------------------------------------------------------------------------------------------------------------


Ending Logic Optimization Task | Checksum: 18535c8af

Time (s): cpu = 00:00:10 ; elapsed = 00:00:10 . Memory (MB): peak = 3286.906 ; gain = 327.953 ; free physical = 725799 ; free virtual = 748893

Starting Netlist Obfuscation Task
Netlist sorting complete. Time (s): cpu = 00:00:00 ; elapsed = 00:00:00 . Memory (MB): peak = 3286.906 ; gain = 0.000 ; free physical = 725798 ; free virtual = 748892
Ending Netlist Obfuscation Task | Checksum: 18535c8af

Time (s): cpu = 00:00:00 ; elapsed = 00:00:00 . Memory (MB): peak = 3286.906 ; gain = 0.000 ; free physical = 725798 ; free virtual = 748892
INFO: [Common 17-83] Releasing license: Implementation
54 Infos, 214 Warnings, 0 Critical Warnings and 0 Errors encountered.
opt_design completed successfully
opt_design: Time (s): cpu = 00:00:15 ; elapsed = 00:00:14 . Memory (MB): peak = 3286.906 ; gain = 327.953 ; free physical = 725798 ; free virtual = 748892
Command: opt_design -directive Explore
INFO: [Vivado_Tcl 4-136] Directive used for opt_design is: Explore
Attempting to get a license for feature 'Implementation' and/or device 'xc7a100t'
INFO: [Common 17-349] Got license for feature 'Implementation' and/or device 'xc7a100t'
Running DRC as a precondition to command opt_design

Starting DRC Task
INFO: [DRC 23-27] Running DRC with 8 threads
INFO: [Project 1-461] DRC finished with 0 Errors
INFO: [Project 1-462] Please refer to the DRC report (report_drc) for more information.

Time (s): cpu = 00:00:01 ; elapsed = 00:00:00.28 . Memory (MB): peak = 3295.812 ; gain = 8.906 ; free physical = 725781 ; free virtual = 748875

Starting Logic Optimization Task

Phase 1 Initialization

Phase 1.1 Core Generation And Design Setup
Phase 1.1 Core Generation And Design Setup | Checksum: 18535c8af

Time (s): cpu = 00:00:00.01 ; elapsed = 00:00:00.01 . Memory (MB): peak = 3301.750 ; gain = 0.000 ; free physical = 725721 ; free virtual = 748815

Phase 1.2 Setup Constraints And Sort Netlist
Phase 1.2 Setup Constraints And Sort Netlist | Checksum: 18535c8af

Time (s): cpu = 00:00:00.01 ; elapsed = 00:00:00.02 . Memory (MB): peak = 3301.750 ; gain = 0.000 ; free physical = 725721 ; free virtual = 748815
Phase 1 Initialization | Checksum: 18535c8af

Time (s): cpu = 00:00:00.01 ; elapsed = 00:00:00.02 . Memory (MB): peak = 3301.750 ; gain = 0.000 ; free physical = 725721 ; free virtual = 748815

Phase 2 Timer Update And Timing Data Collection

Phase 2.1 Timer Update
INFO: [Timing 38-35] Done setting XDC timing constraints.
Phase 2.1 Timer Update | Checksum: 18535c8af

Time (s): cpu = 00:00:00.53 ; elapsed = 00:00:00.2 . Memory (MB): peak = 3323.562 ; gain = 21.812 ; free physical = 725714 ; free virtual = 748808

Phase 2.2 Timing Data Collection
Phase 2.2 Timing Data Collection | Checksum: 18535c8af

Time (s): cpu = 00:00:00.54 ; elapsed = 00:00:00.21 . Memory (MB): peak = 3323.562 ; gain = 21.812 ; free physical = 725714 ; free virtual = 748808
Phase 2 Timer Update And Timing Data Collection | Checksum: 18535c8af

Time (s): cpu = 00:00:00.54 ; elapsed = 00:00:00.22 . Memory (MB): peak = 3323.562 ; gain = 21.812 ; free physical = 725714 ; free virtual = 748808

Phase 3 Retarget
INFO: [Opt 31-1851] Number of loadless carry chains removed were: 0
INFO: [Opt 31-1834] Total Chains To Be Transformed Were: 0 AND Number of Transformed insts Created are: 0
INFO: [Opt 31-138] Pushed 0 inverter(s) to 0 load pin(s).
INFO: [Opt 31-49] Retargeted 0 cell(s).
Phase 3 Retarget | Checksum: 18535c8af

Time (s): cpu = 00:00:00.58 ; elapsed = 00:00:00.26 . Memory (MB): peak = 3323.562 ; gain = 21.812 ; free physical = 725707 ; free virtual = 748801
Retarget | Checksum: 18535c8af
INFO: [Opt 31-389] Phase Retarget created 0 cells and removed 0 cells

Phase 4 Constant propagation
INFO: [Opt 31-138] Pushed 0 inverter(s) to 0 load pin(s).
Phase 4 Constant propagation | Checksum: 18535c8af

Time (s): cpu = 00:00:00.61 ; elapsed = 00:00:00.29 . Memory (MB): peak = 3323.562 ; gain = 21.812 ; free physical = 725707 ; free virtual = 748801
Constant propagation | Checksum: 18535c8af
INFO: [Opt 31-389] Phase Constant propagation created 0 cells and removed 0 cells

Phase 5 Sweep
INFO: [Constraints 18-11670] Building netlist checker database with flags, 0x8
Done building netlist checker database: Time (s): cpu = 00:00:00 ; elapsed = 00:00:00 . Memory (MB): peak = 3323.562 ; gain = 0.000 ; free physical = 725704 ; free virtual = 748798
Phase 5 Sweep | Checksum: 18535c8af

Time (s): cpu = 00:00:00.64 ; elapsed = 00:00:00.33 . Memory (MB): peak = 3323.562 ; gain = 21.812 ; free physical = 725704 ; free virtual = 748798
Sweep | Checksum: 18535c8af
INFO: [Opt 31-389] Phase Sweep created 0 cells and removed 0 cells

Phase 6 BUFG optimization
Phase 6 BUFG optimization | Checksum: 18535c8af

Time (s): cpu = 00:00:00.73 ; elapsed = 00:00:00.37 . Memory (MB): peak = 3355.578 ; gain = 53.828 ; free physical = 725696 ; free virtual = 748790
BUFG optimization | Checksum: 18535c8af
INFO: [Opt 31-662] Phase BUFG optimization created 0 cells of which 0 are BUFGs and removed 0 cells.

Phase 7 Shift Register Optimization
INFO: [Opt 31-1064] SRL Remap converted 0 SRLs to 0 registers and converted 0 registers of register chains to 0 SRLs
Phase 7 Shift Register Optimization | Checksum: 18535c8af

Time (s): cpu = 00:00:00.74 ; elapsed = 00:00:00.37 . Memory (MB): peak = 3355.578 ; gain = 53.828 ; free physical = 725694 ; free virtual = 748788
Shift Register Optimization | Checksum: 18535c8af
INFO: [Opt 31-389] Phase Shift Register Optimization created 0 cells and removed 0 cells
INFO: [Opt 31-1555] control_set_opt supports Versal devices only, and device 7a100t is unsupported

Phase 8 Post Processing Netlist
Phase 8 Post Processing Netlist | Checksum: 18535c8af

Time (s): cpu = 00:00:00.75 ; elapsed = 00:00:00.38 . Memory (MB): peak = 3355.578 ; gain = 53.828 ; free physical = 725700 ; free virtual = 748794
Post Processing Netlist | Checksum: 18535c8af
INFO: [Opt 31-389] Phase Post Processing Netlist created 0 cells and removed 0 cells

Phase 9 Finalization

Phase 9.1 Finalizing Design Cores and Updating Shapes
Phase 9.1 Finalizing Design Cores and Updating Shapes | Checksum: 18535c8af

Time (s): cpu = 00:00:00.75 ; elapsed = 00:00:00.39 . Memory (MB): peak = 3355.578 ; gain = 53.828 ; free physical = 725706 ; free virtual = 748800

Phase 9.2 Verifying Netlist Connectivity

Starting Connectivity Check Task

Time (s): cpu = 00:00:00.01 ; elapsed = 00:00:00.01 . Memory (MB): peak = 3355.578 ; gain = 0.000 ; free physical = 725707 ; free virtual = 748801
Phase 9.2 Verifying Netlist Connectivity | Checksum: 18535c8af

Time (s): cpu = 00:00:00.76 ; elapsed = 00:00:00.4 . Memory (MB): peak = 3355.578 ; gain = 53.828 ; free physical = 725706 ; free virtual = 748800
Phase 9 Finalization | Checksum: 18535c8af

Time (s): cpu = 00:00:00.76 ; elapsed = 00:00:00.4 . Memory (MB): peak = 3355.578 ; gain = 53.828 ; free physical = 725704 ; free virtual = 748798
Opt_design Change Summary
=========================


-------------------------------------------------------------------------------------------------------------------------
|  Phase                        |  #Cells created  |  #Cells Removed  |  #Constrained objects preventing optimizations  |
-------------------------------------------------------------------------------------------------------------------------
|  Retarget                     |               0  |               0  |                                              0  |
|  Constant propagation         |               0  |               0  |                                              0  |
|  Sweep                        |               0  |               0  |                                              0  |
|  BUFG optimization            |               0  |               0  |                                              0  |
|  Shift Register Optimization  |               0  |               0  |                                              0  |
|  Post Processing Netlist      |               0  |               0  |                                              0  |
-------------------------------------------------------------------------------------------------------------------------


Ending Logic Optimization Task | Checksum: 18535c8af

Time (s): cpu = 00:00:00.76 ; elapsed = 00:00:00.4 . Memory (MB): peak = 3355.578 ; gain = 53.828 ; free physical = 725701 ; free virtual = 748795

Starting Netlist Obfuscation Task
Netlist sorting complete. Time (s): cpu = 00:00:00 ; elapsed = 00:00:00 . Memory (MB): peak = 3355.578 ; gain = 0.000 ; free physical = 725711 ; free virtual = 748805
Ending Netlist Obfuscation Task | Checksum: 18535c8af

Time (s): cpu = 00:00:00.01 ; elapsed = 00:00:00 . Memory (MB): peak = 3355.578 ; gain = 0.000 ; free physical = 725711 ; free virtual = 748805
INFO: [Common 17-83] Releasing license: Implementation
75 Infos, 214 Warnings, 0 Critical Warnings and 0 Errors encountered.
opt_design completed successfully
Command: place_design -directive Explore
Attempting to get a license for feature 'Implementation' and/or device 'xc7a100t'
INFO: [Common 17-349] Got license for feature 'Implementation' and/or device 'xc7a100t'
INFO: [Common 17-83] Releasing license: Implementation
INFO: [DRC 23-27] Running DRC with 8 threads
INFO: [Vivado_Tcl 4-198] DRC finished with 0 Errors
INFO: [Vivado_Tcl 4-199] Please refer to the DRC report (report_drc) for more information.
INFO: [Vivado_Tcl 4-2302] The placer was invoked with the 'Explore' directive.
Running DRC as a precondition to command place_design
INFO: [DRC 23-27] Running DRC with 8 threads
INFO: [Vivado_Tcl 4-198] DRC finished with 0 Errors
INFO: [Vivado_Tcl 4-199] Please refer to the DRC report (report_drc) for more information.
INFO: [Place 30-611] Multithreading enabled for place_design using a maximum of 8 CPUs

Starting Placer Task

Phase 1 Placer Initialization

Phase 1.1 Placer Initialization Netlist Sorting
Netlist sorting complete. Time (s): cpu = 00:00:00 ; elapsed = 00:00:00 . Memory (MB): peak = 3355.578 ; gain = 0.000 ; free physical = 725705 ; free virtual = 748799
Phase 1.1 Placer Initialization Netlist Sorting | Checksum: 143ec79f1

Time (s): cpu = 00:00:00 ; elapsed = 00:00:00.01 . Memory (MB): peak = 3355.578 ; gain = 0.000 ; free physical = 725705 ; free virtual = 748799
Netlist sorting complete. Time (s): cpu = 00:00:00 ; elapsed = 00:00:00 . Memory (MB): peak = 3355.578 ; gain = 0.000 ; free physical = 725705 ; free virtual = 748799

Phase 1.2 IO Placement/ Clock Placement/ Build Placer Device
INFO: [Timing 38-35] Done setting XDC timing constraints.
Phase 1.2 IO Placement/ Clock Placement/ Build Placer Device | Checksum: 189a35caa

Time (s): cpu = 00:00:01 ; elapsed = 00:00:00.4 . Memory (MB): peak = 3355.578 ; gain = 0.000 ; free physical = 725703 ; free virtual = 748797

Phase 1.3 Build Placer Netlist Model
Phase 1.3 Build Placer Netlist Model | Checksum: 26f56c035

Time (s): cpu = 00:00:03 ; elapsed = 00:00:01 . Memory (MB): peak = 3394.621 ; gain = 39.043 ; free physical = 725700 ; free virtual = 748794

Phase 1.4 Constrain Clocks/Macros
Phase 1.4 Constrain Clocks/Macros | Checksum: 26f56c035

Time (s): cpu = 00:00:03 ; elapsed = 00:00:01 . Memory (MB): peak = 3394.621 ; gain = 39.043 ; free physical = 725700 ; free virtual = 748794
Phase 1 Placer Initialization | Checksum: 26f56c035

Time (s): cpu = 00:00:03 ; elapsed = 00:00:01 . Memory (MB): peak = 3394.621 ; gain = 39.043 ; free physical = 725700 ; free virtual = 748794

Phase 2 Global Placement

Phase 2.1 Floorplanning
Phase 2.1 Floorplanning | Checksum: 1aded4c8d

Time (s): cpu = 00:00:05 ; elapsed = 00:00:02 . Memory (MB): peak = 3394.621 ; gain = 39.043 ; free physical = 725700 ; free virtual = 748794

Phase 2.2 Update Timing before SLR Path Opt
Phase 2.2 Update Timing before SLR Path Opt | Checksum: 206d363f0

Time (s): cpu = 00:00:05 ; elapsed = 00:00:02 . Memory (MB): peak = 3394.621 ; gain = 39.043 ; free physical = 725701 ; free virtual = 748795

Phase 2.3 Post-Processing in Floorplanning
Phase 2.3 Post-Processing in Floorplanning | Checksum: 206d363f0

Time (s): cpu = 00:00:05 ; elapsed = 00:00:02 . Memory (MB): peak = 3394.621 ; gain = 39.043 ; free physical = 725701 ; free virtual = 748795

Phase 2.4 Global Place Phase1
Phase 2.4 Global Place Phase1 | Checksum: 1cc94c5f3

Time (s): cpu = 00:00:23 ; elapsed = 00:00:08 . Memory (MB): peak = 3394.621 ; gain = 39.043 ; free physical = 725689 ; free virtual = 748783

Phase 2.5 Global Place Phase2

Phase 2.5.1 UpdateTiming Before Physical Synthesis
Phase 2.5.1 UpdateTiming Before Physical Synthesis | Checksum: 216f732be

Time (s): cpu = 00:00:24 ; elapsed = 00:00:09 . Memory (MB): peak = 3394.621 ; gain = 39.043 ; free physical = 725692 ; free virtual = 748786

Phase 2.5.2 Physical Synthesis In Placer
INFO: [Physopt 32-1035] Found 45 LUTNM shape to break, 1 LUT instances to create LUTNM shape
INFO: [Physopt 32-1044] Break lutnm for timing: one critical 1, two critical 44, total 45, new lutff created 0
INFO: [Physopt 32-1138] End 1 Pass. Optimized 45 nets or LUTs. Breaked 45 LUTs, combined 0 existing LUT and moved 0 existing LUT
INFO: [Physopt 32-65] No nets found for high-fanout optimization.
INFO: [Physopt 32-232] Optimized 0 net. Created 0 new instance.
INFO: [Physopt 32-775] End 1 Pass. Optimized 0 net or cell. Created 0 new cell, deleted 0 existing cell and moved 0 existing cell
INFO: [Physopt 32-457] Pass 1. Identified 2 candidate cells for DSP register optimization.
INFO: [Physopt 32-666] Processed cell cpu/pcpi_mul/rd_reg__0. No change.
INFO: [Physopt 32-666] Processed cell cpu/pcpi_mul/rd_reg. No change.
INFO: [Physopt 32-775] End 2 Pass. Optimized 0 net or cell. Created 0 new cell, deleted 0 existing cell and moved 0 existing cell
Netlist sorting complete. Time (s): cpu = 00:00:00.01 ; elapsed = 00:00:00.01 . Memory (MB): peak = 3394.621 ; gain = 0.000 ; free physical = 725691 ; free virtual = 748785
INFO: [Physopt 32-1123] No candidate cells found for Shift Register to Pipeline optimization
INFO: [Physopt 32-775] End 2 Pass. Optimized 0 net or cell. Created 0 new cell, deleted 0 existing cell and moved 0 existing cell
INFO: [Physopt 32-1401] No candidate cells found for Shift Register optimization.
INFO: [Physopt 32-677] No candidate cells for Shift Register optimization found in the design
INFO: [Physopt 32-775] End 1 Pass. Optimized 0 net or cell. Created 0 new cell, deleted 0 existing cell and moved 0 existing cell
INFO: [Physopt 32-526] No candidate cells for BRAM register optimization found in the design
INFO: [Physopt 32-775] End 1 Pass. Optimized 0 net or cell. Created 0 new cell, deleted 0 existing cell and moved 0 existing cell
INFO: [Physopt 32-846] No candidate cells for URAM register optimization found in the design
INFO: [Physopt 32-775] End 1 Pass. Optimized 0 net or cell. Created 0 new cell, deleted 0 existing cell and moved 0 existing cell
INFO: [Physopt 32-846] No candidate cells for URAM register optimization found in the design
INFO: [Physopt 32-775] End 1 Pass. Optimized 0 net or cell. Created 0 new cell, deleted 0 existing cell and moved 0 existing cell
INFO: [Physopt 32-949] No candidate nets found for dynamic/static region interface net replication
INFO: [Physopt 32-775] End 1 Pass. Optimized 0 net or cell. Created 0 new cell, deleted 0 existing cell and moved 0 existing cell
Netlist sorting complete. Time (s): cpu = 00:00:00 ; elapsed = 00:00:00 . Memory (MB): peak = 3394.621 ; gain = 0.000 ; free physical = 725690 ; free virtual = 748784

Summary of Physical Synthesis Optimizations
============================================


-----------------------------------------------------------------------------------------------------------------------------------------------------------
|  Optimization                                     |  Added Cells  |  Removed Cells  |  Optimized Cells/Nets  |  Dont Touch  |  Iterations  |  Elapsed   |
-----------------------------------------------------------------------------------------------------------------------------------------------------------
|  LUT Combining                                    |           45  |              0  |                    45  |           0  |           1  |  00:00:00  |
|  Retime                                           |            0  |              0  |                     0  |           0  |           1  |  00:00:00  |
|  Very High Fanout                                 |            0  |              0  |                     0  |           0  |           1  |  00:00:00  |
|  DSP Register                                     |            0  |              0  |                     0  |           0  |           1  |  00:00:00  |
|  Shift Register to Pipeline                       |            0  |              0  |                     0  |           0  |           1  |  00:00:00  |
|  Shift Register                                   |            0  |              0  |                     0  |           0  |           1  |  00:00:00  |
|  BRAM Register                                    |            0  |              0  |                     0  |           0  |           1  |  00:00:00  |
|  URAM Register                                    |            0  |              0  |                     0  |           0  |           1  |  00:00:00  |
|  Dynamic/Static Region Interface Net Replication  |            0  |              0  |                     0  |           0  |           1  |  00:00:00  |
|  Total                                            |           45  |              0  |                    45  |           0  |           9  |  00:00:01  |
-----------------------------------------------------------------------------------------------------------------------------------------------------------


Phase 2.5.2 Physical Synthesis In Placer | Checksum: 252a2196e

Time (s): cpu = 00:00:26 ; elapsed = 00:00:10 . Memory (MB): peak = 3394.621 ; gain = 39.043 ; free physical = 725854 ; free virtual = 748948
Phase 2.5 Global Place Phase2 | Checksum: 29679889c

Time (s): cpu = 00:00:27 ; elapsed = 00:00:10 . Memory (MB): peak = 3394.621 ; gain = 39.043 ; free physical = 725853 ; free virtual = 748947
Phase 2 Global Placement | Checksum: 29679889c

Time (s): cpu = 00:00:27 ; elapsed = 00:00:10 . Memory (MB): peak = 3394.621 ; gain = 39.043 ; free physical = 725853 ; free virtual = 748947

Phase 3 Detail Placement

Phase 3.1 Commit Multi Column Macros
Phase 3.1 Commit Multi Column Macros | Checksum: 25b070d98

Time (s): cpu = 00:00:27 ; elapsed = 00:00:10 . Memory (MB): peak = 3394.621 ; gain = 39.043 ; free physical = 725852 ; free virtual = 748946

Phase 3.2 Commit Most Macros & LUTRAMs
Phase 3.2 Commit Most Macros & LUTRAMs | Checksum: 1dcad3679

Time (s): cpu = 00:00:29 ; elapsed = 00:00:11 . Memory (MB): peak = 3394.621 ; gain = 39.043 ; free physical = 725821 ; free virtual = 748915

Phase 3.3 Area Swap Optimization
Phase 3.3 Area Swap Optimization | Checksum: 21dd9eeff

Time (s): cpu = 00:00:29 ; elapsed = 00:00:11 . Memory (MB): peak = 3394.621 ; gain = 39.043 ; free physical = 725811 ; free virtual = 748905

Phase 3.4 Pipeline Register Optimization
Phase 3.4 Pipeline Register Optimization | Checksum: 1b02100be

Time (s): cpu = 00:00:29 ; elapsed = 00:00:11 . Memory (MB): peak = 3394.621 ; gain = 39.043 ; free physical = 725805 ; free virtual = 748899

Phase 3.5 Fast Optimization
Phase 3.5 Fast Optimization | Checksum: 1cccda2ca

Time (s): cpu = 00:00:35 ; elapsed = 00:00:16 . Memory (MB): peak = 3394.621 ; gain = 39.043 ; free physical = 725815 ; free virtual = 748909

Phase 3.6 Small Shape Detail Placement
Phase 3.6 Small Shape Detail Placement | Checksum: 1cda19ec9

Time (s): cpu = 00:00:37 ; elapsed = 00:00:17 . Memory (MB): peak = 3394.621 ; gain = 39.043 ; free physical = 725816 ; free virtual = 748910

Phase 3.7 Re-assign LUT pins
Phase 3.7 Re-assign LUT pins | Checksum: 172b3ab17

Time (s): cpu = 00:00:37 ; elapsed = 00:00:17 . Memory (MB): peak = 3394.621 ; gain = 39.043 ; free physical = 725816 ; free virtual = 748910

Phase 3.8 Pipeline Register Optimization
Phase 3.8 Pipeline Register Optimization | Checksum: 1e0cf344e

Time (s): cpu = 00:00:37 ; elapsed = 00:00:17 . Memory (MB): peak = 3394.621 ; gain = 39.043 ; free physical = 725816 ; free virtual = 748910
Phase 3 Detail Placement | Checksum: 1e0cf344e

Time (s): cpu = 00:00:37 ; elapsed = 00:00:17 . Memory (MB): peak = 3394.621 ; gain = 39.043 ; free physical = 725816 ; free virtual = 748910

Phase 4 Post Placement Optimization and Clean-Up

Phase 4.1 Post Commit Optimization
INFO: [Timing 38-35] Done setting XDC timing constraints.

Phase 4.1.1 Post Placement Optimization
Post Placement Optimization Initialization | Checksum: 2a41a4139

Phase 4.1.1.1 BUFG Insertion

Starting Physical Synthesis Task

Phase 1 Physical Synthesis Initialization
INFO: [Physopt 32-721] Multithreading enabled for phys_opt_design using a maximum of 8 CPUs
INFO: [Physopt 32-619] Estimated Timing Summary | WNS=-5.348 | TNS=-6051.544 |
Phase 1 Physical Synthesis Initialization | Checksum: 20698bc2b

Time (s): cpu = 00:00:00.4 ; elapsed = 00:00:00.16 . Memory (MB): peak = 3394.621 ; gain = 0.000 ; free physical = 725817 ; free virtual = 748911
INFO: [Place 46-56] BUFG insertion identified 0 candidate nets. Inserted BUFG: 0, Replicated BUFG Driver: 0, Skipped due to Placement/Routing Conflicts: 0, Skipped due to Timing Degradation: 0, Skipped due to netlist editing failed: 0.
Ending Physical Synthesis Task | Checksum: 1eb9d419a

Time (s): cpu = 00:00:00.45 ; elapsed = 00:00:00.18 . Memory (MB): peak = 3394.621 ; gain = 0.000 ; free physical = 725817 ; free virtual = 748911
Phase 4.1.1.1 BUFG Insertion | Checksum: 2a41a4139

Time (s): cpu = 00:00:39 ; elapsed = 00:00:18 . Memory (MB): peak = 3394.621 ; gain = 39.043 ; free physical = 725817 ; free virtual = 748911

Phase 4.1.1.2 Post Placement Timing Optimization
INFO: [Place 30-746] Post Placement Timing Summary WNS=-4.226. For the most accurate timing information please run report_timing.
Phase 4.1.1.2 Post Placement Timing Optimization | Checksum: 27f9f637d

Time (s): cpu = 00:01:31 ; elapsed = 00:01:08 . Memory (MB): peak = 3394.621 ; gain = 39.043 ; free physical = 725628 ; free virtual = 748723

Time (s): cpu = 00:01:31 ; elapsed = 00:01:08 . Memory (MB): peak = 3394.621 ; gain = 39.043 ; free physical = 725628 ; free virtual = 748723
Phase 4.1 Post Commit Optimization | Checksum: 27f9f637d

Time (s): cpu = 00:01:32 ; elapsed = 00:01:08 . Memory (MB): peak = 3394.621 ; gain = 39.043 ; free physical = 725628 ; free virtual = 748723

Phase 4.2 Post Placement Cleanup
Phase 4.2 Post Placement Cleanup | Checksum: 27f9f637d

Time (s): cpu = 00:01:32 ; elapsed = 00:01:08 . Memory (MB): peak = 3394.621 ; gain = 39.043 ; free physical = 725624 ; free virtual = 748719

Phase 4.3 Placer Reporting

Phase 4.3.1 Print Estimated Congestion
INFO: [Place 30-612] Post-Placement Estimated Congestion 
 ____________________________________________________
|           | Global Congestion | Short Congestion  |
| Direction | Region Size       | Region Size       |
|___________|___________________|___________________|
|      North|                1x1|                4x4|
|___________|___________________|___________________|
|      South|                1x1|                4x4|
|___________|___________________|___________________|
|       East|                2x2|                4x4|
|___________|___________________|___________________|
|       West|                1x1|                1x1|
|___________|___________________|___________________|

Phase 4.3.1 Print Estimated Congestion | Checksum: 27f9f637d

Time (s): cpu = 00:01:32 ; elapsed = 00:01:08 . Memory (MB): peak = 3394.621 ; gain = 39.043 ; free physical = 725623 ; free virtual = 748718
Phase 4.3 Placer Reporting | Checksum: 27f9f637d

Time (s): cpu = 00:01:32 ; elapsed = 00:01:08 . Memory (MB): peak = 3394.621 ; gain = 39.043 ; free physical = 725623 ; free virtual = 748718

Phase 4.4 Final Placement Cleanup
Netlist sorting complete. Time (s): cpu = 00:00:00.01 ; elapsed = 00:00:00.01 . Memory (MB): peak = 3394.621 ; gain = 0.000 ; free physical = 725621 ; free virtual = 748716

Time (s): cpu = 00:01:32 ; elapsed = 00:01:08 . Memory (MB): peak = 3394.621 ; gain = 39.043 ; free physical = 725621 ; free virtual = 748716
Phase 4 Post Placement Optimization and Clean-Up | Checksum: 292e2ed1e

Time (s): cpu = 00:01:32 ; elapsed = 00:01:08 . Memory (MB): peak = 3394.621 ; gain = 39.043 ; free physical = 725621 ; free virtual = 748716
Ending Placer Task | Checksum: 1e53d615f

Time (s): cpu = 00:01:32 ; elapsed = 00:01:08 . Memory (MB): peak = 3394.621 ; gain = 39.043 ; free physical = 725621 ; free virtual = 748716
115 Infos, 214 Warnings, 0 Critical Warnings and 0 Errors encountered.
place_design completed successfully
place_design: Time (s): cpu = 00:01:35 ; elapsed = 00:01:09 . Memory (MB): peak = 3394.621 ; gain = 39.043 ; free physical = 725620 ; free virtual = 748714
Command: phys_opt_design -retime -rewire -critical_pin_opt -placement_opt -critical_cell_opt
Attempting to get a license for feature 'Implementation' and/or device 'xc7a100t'
INFO: [Common 17-349] Got license for feature 'Implementation' and/or device 'xc7a100t'
WARNING: [Vivado_Tcl 4-1892] The option '-rewire' has been deprecated and will become unsupported in a future release. Please remove the option from the scripts and use '-restruct_opt' option instead.

Starting Initial Update Timing Task

Time (s): cpu = 00:00:02 ; elapsed = 00:00:00.55 . Memory (MB): peak = 3394.621 ; gain = 0.000 ; free physical = 725571 ; free virtual = 748665
INFO: [Vivado_Tcl 4-1435] PhysOpt_Tcl_Interface Runtime Before Starting Physical Synthesis Task | CPU: 1.74s |  WALL: 0.59s
Netlist sorting complete. Time (s): cpu = 00:00:00 ; elapsed = 00:00:00 . Memory (MB): peak = 3394.621 ; gain = 0.000 ; free physical = 725570 ; free virtual = 748665

Starting Physical Synthesis Task

Phase 1 Physical Synthesis Initialization
INFO: [Physopt 32-721] Multithreading enabled for phys_opt_design using a maximum of 8 CPUs
INFO: [Physopt 32-619] Estimated Timing Summary | WNS=-4.226 | TNS=-5803.451 |
Phase 1 Physical Synthesis Initialization | Checksum: 169cc00c2

Time (s): cpu = 00:00:01 ; elapsed = 00:00:00.64 . Memory (MB): peak = 3394.621 ; gain = 0.000 ; free physical = 725518 ; free virtual = 748612
INFO: [Physopt 32-619] Estimated Timing Summary | WNS=-4.226 | TNS=-5803.451 |

Phase 2 Single Cell Placement Optimization
INFO: [Physopt 32-660] Identified 100 candidate nets for placement-based optimization.
INFO: [Physopt 32-662] Processed net cpu/mem_xfer.  Did not re-place instance mem_rdata_q[6]_i_1
INFO: [Physopt 32-662] Processed net cpu/p_9_in.  Did not re-place instance mem_rdata_q[6]_i_2
INFO: [Physopt 32-662] Processed net instr_jalr_i_4_n_0.  Did not re-place instance instr_jalr_i_4
INFO: [Physopt 32-662] Processed net mem_rdata_q[31]_i_1_n_0.  Did not re-place instance mem_rdata_q[31]_i_1
INFO: [Physopt 32-663] Processed net cpu/mem_rdata_q_reg_n_0_[31].  Re-placed instance cpu/mem_rdata_q_reg[31]
INFO: [Physopt 32-662] Processed net cpu/mem_rdata_q_reg_n_0_[27].  Did not re-place instance cpu/mem_rdata_q_reg[27]
INFO: [Physopt 32-662] Processed net cpu/mem_rdata_q_reg_n_0_[28].  Did not re-place instance cpu/mem_rdata_q_reg[28]
INFO: [Physopt 32-662] Processed net cpu/mem_rdata_q_reg_n_0_[25].  Did not re-place instance cpu/mem_rdata_q_reg[25]
INFO: [Physopt 32-662] Processed net mem_rdata_q[6]_i_3_n_0.  Did not re-place instance mem_rdata_q[6]_i_3
INFO: [Physopt 32-663] Processed net cpu/prefetched_high_word_reg_n_0.  Re-placed instance cpu/prefetched_high_word_reg
INFO: [Physopt 32-662] Processed net mem_rdata_q[6]_i_6_n_0.  Did not re-place instance mem_rdata_q[6]_i_6
INFO: [Physopt 32-662] Processed net mem_rdata_q[31]_i_4_n_0.  Did not re-place instance mem_rdata_q[31]_i_4
INFO: [Physopt 32-662] Processed net compressed_instr_i_1_n_0.  Did not re-place instance compressed_instr_i_1
INFO: [Physopt 32-662] Processed net mem_rdata_q[11]_i_5_n_0.  Did not re-place instance mem_rdata_q[11]_i_5
INFO: [Physopt 32-662] Processed net cpu/mem_rdata_q160_out.  Did not re-place instance mem_rdata_q[24]_i_5
INFO: [Physopt 32-662] Processed net compressed_instr_i_2_n_0.  Did not re-place instance compressed_instr_i_2
INFO: [Physopt 32-662] Processed net mem_rdata_q[31]_i_3_n_0.  Did not re-place instance mem_rdata_q[31]_i_3
INFO: [Physopt 32-662] Processed net reg_op1[31]_i_1_n_0.  Did not re-place instance reg_op1[31]_i_1
INFO: [Physopt 32-663] Processed net cpu/reg_op1_reg_n_0_[13].  Re-placed instance cpu/reg_op1_reg[13]
INFO: [Physopt 32-662] Processed net cpu/mem_done.  Did not re-place instance instr_jal_i_3
INFO: [Physopt 32-662] Processed net reg_op1[31]_i_3_n_0.  Did not re-place instance reg_op1[31]_i_3
INFO: [Physopt 32-663] Processed net cpu/reg_op1_reg_n_0_[5].  Re-placed instance cpu/reg_op1_reg[5]
INFO: [Physopt 32-663] Processed net cpu/reg_op1_reg_n_0_[3].  Re-placed instance cpu/reg_op1_reg[3]
INFO: [Physopt 32-663] Processed net cpu/reg_op1_reg_n_0_[7].  Re-placed instance cpu/reg_op1_reg[7]
INFO: [Physopt 32-663] Processed net cpu/reg_op1_reg_n_0_[4].  Re-placed instance cpu/reg_op1_reg[4]
INFO: [Physopt 32-662] Processed net cpu/reg_op1_reg_n_0_[14].  Did not re-place instance cpu/reg_op1_reg[14]
INFO: [Physopt 32-663] Processed net cpu/reg_op1_reg_n_0_[25].  Re-placed instance cpu/reg_op1_reg[25]
INFO: [Physopt 32-663] Processed net cpu/reg_op1_reg_n_0_[16].  Re-placed instance cpu/reg_op1_reg[16]
INFO: [Physopt 32-663] Processed net cpu/reg_op1_reg_n_0_[11].  Re-placed instance cpu/reg_op1_reg[11]
INFO: [Physopt 32-663] Processed net cpu/reg_op1_reg_n_0_[22].  Re-placed instance cpu/reg_op1_reg[22]
INFO: [Physopt 32-663] Processed net cpu/reg_op1_reg_n_0_[24].  Re-placed instance cpu/reg_op1_reg[24]
INFO: [Physopt 32-663] Processed net cpu/reg_op1_reg_n_0_[1].  Re-placed instance cpu/reg_op1_reg[1]
INFO: [Physopt 32-663] Processed net cpu/reg_op1_reg_n_0_[2].  Re-placed instance cpu/reg_op1_reg[2]
INFO: [Physopt 32-663] Processed net cpu/reg_op1_reg_n_0_[20].  Re-placed instance cpu/reg_op1_reg[20]
INFO: [Physopt 32-663] Processed net cpu/reg_op1_reg_n_0_[28].  Re-placed instance cpu/reg_op1_reg[28]
INFO: [Physopt 32-662] Processed net cpu/reg_op1_reg_n_0_[9].  Did not re-place instance cpu/reg_op1_reg[9]
INFO: [Physopt 32-662] Processed net cpu/reg_op1_reg_n_0_[6].  Did not re-place instance cpu/reg_op1_reg[6]
INFO: [Physopt 32-663] Processed net cpu/reg_op1_reg_n_0_[23].  Re-placed instance cpu/reg_op1_reg[23]
INFO: [Physopt 32-662] Processed net cpu/reg_op1_reg_n_0_[30].  Did not re-place instance cpu/reg_op1_reg[30]
INFO: [Physopt 32-662] Processed net mem_rdata_q[9]_i_6_n_0.  Did not re-place instance mem_rdata_q[9]_i_6
INFO: [Physopt 32-662] Processed net mem_rdata_q[15]_i_2_n_0.  Did not re-place instance mem_rdata_q[15]_i_2
INFO: [Physopt 32-662] Processed net mem_rdata_q[9]_i_7_n_0.  Did not re-place instance mem_rdata_q[9]_i_7
INFO: [Physopt 32-662] Processed net cpu/p_1_in[28].  Did not re-place instance mem_rdata_q[28]_i_1
INFO: [Physopt 32-662] Processed net mem_rdata_q[28]_i_2_n_0.  Did not re-place instance mem_rdata_q[28]_i_2
INFO: [Physopt 32-663] Processed net cpu/reg_op1_reg_n_0_[15].  Re-placed instance cpu/reg_op1_reg[15]
INFO: [Physopt 32-662] Processed net mem_rdata_q[1]_i_1_n_0.  Did not re-place instance mem_rdata_q[1]_i_1
INFO: [Physopt 32-662] Processed net mem_rdata_q[31]_i_8_n_0.  Did not re-place instance mem_rdata_q[31]_i_8
INFO: [Physopt 32-662] Processed net cpu/mem_rdata_q_reg_n_0_[26].  Did not re-place instance cpu/mem_rdata_q_reg[26]
INFO: [Physopt 32-662] Processed net is_lb_lh_lw_lbu_lhu_i_3_n_0.  Did not re-place instance is_lb_lh_lw_lbu_lhu_i_3
INFO: [Physopt 32-662] Processed net cpu/mem_rdata_q_reg_n_0_[23].  Did not re-place instance cpu/mem_rdata_q_reg[23]
INFO: [Physopt 32-662] Processed net mem_rdata_q[1]_i_2_n_0.  Did not re-place instance mem_rdata_q[1]_i_2
INFO: [Physopt 32-662] Processed net mem_rdata_q[24]_i_1_n_0.  Did not re-place instance mem_rdata_q[24]_i_1
INFO: [Physopt 32-662] Processed net cpu/mem_rdata_q_reg_n_0_[20].  Did not re-place instance cpu/mem_rdata_q_reg[20]
INFO: [Physopt 32-662] Processed net mem_rdata_q[26]_i_11_n_0.  Did not re-place instance mem_rdata_q[26]_i_11
INFO: [Physopt 32-662] Processed net mem_rdata_q[26]_i_14_n_0.  Did not re-place instance mem_rdata_q[26]_i_14
INFO: [Physopt 32-662] Processed net cpu/p_1_in[26].  Did not re-place instance mem_rdata_q[26]_i_1
INFO: [Physopt 32-663] Processed net mem_rdata_q[24]_i_3_n_0.  Re-placed instance mem_rdata_q[24]_i_3
INFO: [Physopt 32-663] Processed net mem_rdata_q[26]_i_7_n_0.  Re-placed instance mem_rdata_q[26]_i_7
INFO: [Physopt 32-662] Processed net cpu/mem_rdata_q_reg_n_0_[21].  Did not re-place instance cpu/mem_rdata_q_reg[21]
INFO: [Physopt 32-662] Processed net cpu/mem_rdata_q_reg_n_0_[24].  Did not re-place instance cpu/mem_rdata_q_reg[24]
INFO: [Physopt 32-662] Processed net cpu/mem_rdata_q_reg_n_0_[22].  Did not re-place instance cpu/mem_rdata_q_reg[22]
INFO: [Physopt 32-662] Processed net cpu/mem_rdata_q_reg_n_0_[14].  Did not re-place instance cpu/mem_rdata_q_reg[14]
INFO: [Physopt 32-662] Processed net cpu/mem_rdata_q_reg_n_0_[13].  Did not re-place instance cpu/mem_rdata_q_reg[13]
INFO: [Physopt 32-662] Processed net cpu/mem_rdata_q_reg_n_0_[12].  Did not re-place instance cpu/mem_rdata_q_reg[12]
INFO: [Physopt 32-662] Processed net cpu/mem_rdata_q_reg_n_0_[30].  Did not re-place instance cpu/mem_rdata_q_reg[30]
INFO: [Physopt 32-662] Processed net cpu/mem_rdata_q_reg_n_0_[29].  Did not re-place instance cpu/mem_rdata_q_reg[29]
INFO: [Physopt 32-662] Processed net cpu/p_1_in[27].  Did not re-place instance mem_rdata_q[27]_i_1
INFO: [Physopt 32-662] Processed net mem_rdata_q[27]_i_2_n_0.  Did not re-place instance mem_rdata_q[27]_i_2
INFO: [Physopt 32-662] Processed net mem_rdata_q[0]_i_2_n_0.  Did not re-place instance mem_rdata_q[0]_i_2
INFO: [Physopt 32-662] Processed net cpu/p_5_in[0].  Did not re-place instance mem_rdata_q[10]_i_1
INFO: [Physopt 32-662] Processed net cpu/mem_rdata_q3.  Did not re-place instance instr_jalr_i_3
INFO: [Physopt 32-662] Processed net mem_rdata_q[10]_i_2_n_0.  Did not re-place instance mem_rdata_q[10]_i_2
INFO: [Physopt 32-662] Processed net decoded_rs1_rep_rep[4]_i_1_n_0.  Did not re-place instance decoded_rs1_rep_rep[4]_i_1
INFO: [Physopt 32-662] Processed net decoded_rs1_rep_rep[4]_i_2_n_0.  Did not re-place instance decoded_rs1_rep_rep[4]_i_2
INFO: [Physopt 32-662] Processed net cpu/decoded_rs1_reg_rep_n_0_[4].  Did not re-place instance cpu/decoded_rs1_reg_rep[4]
INFO: [Physopt 32-662] Processed net cpu/latched_branch_reg_n_0.  Did not re-place instance cpu/latched_branch_reg
INFO: [Physopt 32-662] Processed net cpu/mem_do_prefetch_reg_n_0.  Did not re-place instance cpu/mem_do_prefetch_reg
INFO: [Physopt 32-662] Processed net cpu/p_67_in.  Did not re-place instance mem_la_firstword_reg_i_2
INFO: [Physopt 32-662] Processed net cpu/decoded_rs1[4].  Did not re-place instance cpu/decoded_rs1_reg_rep_rep[4]
INFO: [Physopt 32-662] Processed net mem_rdata_q[7]_i_2_n_0.  Did not re-place instance mem_rdata_q[7]_i_2
INFO: [Physopt 32-662] Processed net cpu/alu_out_0.  Did not re-place instance alu_out_q[0]_i_3
INFO: [Physopt 32-663] Processed net decoder_trigger_i_3_n_0.  Re-placed instance decoder_trigger_i_3
INFO: [Physopt 32-662] Processed net mem_rdata_q[7]_i_3_n_0.  Did not re-place instance mem_rdata_q[7]_i_3
INFO: [Physopt 32-662] Processed net alu_out_q[0]_i_5_n_0.  Did not re-place instance alu_out_q[0]_i_5
INFO: [Physopt 32-662] Processed net alu_out_q[0]_i_76_n_0.  Did not re-place instance alu_out_q[0]_i_76
INFO: [Physopt 32-662] Processed net latched_branch_i_1_n_0.  Did not re-place instance latched_branch_i_1
INFO: [Physopt 32-662] Processed net latched_branch_i_2_n_0.  Did not re-place instance latched_branch_i_2
INFO: [Physopt 32-663] Processed net cpu/mem_addr_reg[5]_rep_n_0.  Re-placed instance cpu/mem_addr_reg[5]_rep
INFO: [Physopt 32-662] Processed net mem_addr[5]_i_7_n_0.  Did not re-place instance mem_addr[5]_i_7
INFO: [Physopt 32-662] Processed net mem_addr[5]_rep_i_1_n_0.  Did not re-place instance mem_addr[5]_rep_i_1
INFO: [Physopt 32-662] Processed net cpu/p_12_in[1].  Did not re-place instance mem_rdata_q[4]_i_1
INFO: [Physopt 32-662] Processed net mem_rdata_q[4]_i_2_n_0.  Did not re-place instance mem_rdata_q[4]_i_2
INFO: [Physopt 32-663] Processed net decoded_imm_j[19]_i_5_n_0.  Re-placed instance decoded_imm_j[19]_i_5
INFO: [Physopt 32-662] Processed net cpu/mem_la_use_prefetched_high_word.  Did not re-place instance mem_16bit_buffer[15]_i_2
INFO: [Physopt 32-663] Processed net mem_rdata_q[25]_i_4_n_0.  Re-placed instance mem_rdata_q[25]_i_4
INFO: [Physopt 32-662] Processed net cpu/p_1_in[25].  Did not re-place instance mem_rdata_q[25]_i_1
INFO: [Physopt 32-663] Processed net mem_rdata_q[25]_i_6_n_0.  Re-placed instance mem_rdata_q[25]_i_6
INFO: [Physopt 32-662] Processed net mem_rdata_q[16]_i_2_n_0.  Did not re-place instance mem_rdata_q[16]_i_2
INFO: [Physopt 32-662] Processed net decoded_rs1_rep_rep[1]_i_1_n_0.  Did not re-place instance decoded_rs1_rep_rep[1]_i_1
INFO: [Physopt 32-662] Processed net cpu/decoded_rs1_reg_rep_n_0_[1].  Did not re-place instance cpu/decoded_rs1_reg_rep[1]
INFO: [Physopt 32-661] Optimized 25 nets.  Re-placed 25 instances.
INFO: [Physopt 32-775] End 1 Pass. Optimized 25 nets or cells. Created 0 new cell, deleted 0 existing cell and moved 25 existing cells
INFO: [Physopt 32-619] Estimated Timing Summary | WNS=-4.179 | TNS=-5807.718 |
Netlist sorting complete. Time (s): cpu = 00:00:00.01 ; elapsed = 00:00:00 . Memory (MB): peak = 3394.621 ; gain = 0.000 ; free physical = 725075 ; free virtual = 748169
Phase 2 Single Cell Placement Optimization | Checksum: 1b37fd97a

Time (s): cpu = 00:00:18 ; elapsed = 00:00:06 . Memory (MB): peak = 3394.621 ; gain = 0.000 ; free physical = 725075 ; free virtual = 748169

Phase 3 Multi Cell Placement Optimization
INFO: [Physopt 32-660] Identified 100 candidate nets for placement-based optimization.
INFO: [Physopt 32-662] Processed net cpu/mem_do_prefetch_reg_n_0.  Did not re-place instance cpu/mem_do_prefetch_reg/Q
INFO: [Physopt 32-662] Processed net mem_rdata_q[7]_i_2_n_0.  Did not re-place instance mem_rdata_q[7]_i_2/O
INFO: [Physopt 32-662] Processed net mem_rdata_q[15]_i_2_n_0.  Did not re-place instance mem_rdata_q[15]_i_2/O
INFO: [Physopt 32-662] Processed net mem_rdata_q[7]_i_3_n_0.  Did not re-place instance mem_rdata_q[7]_i_3/O
INFO: [Physopt 32-662] Processed net cpu/p_1_in[28].  Did not re-place instance mem_rdata_q[28]_i_1/O
INFO: [Physopt 32-662] Processed net mem_rdata_q[28]_i_2_n_0.  Did not re-place instance mem_rdata_q[28]_i_2/O
INFO: [Physopt 32-662] Processed net compressed_instr_i_1_n_0.  Did not re-place instance compressed_instr_i_1/O
INFO: [Physopt 32-662] Processed net mem_rdata_q[31]_i_1_n_0.  Did not re-place instance mem_rdata_q[31]_i_1/O
INFO: [Physopt 32-662] Processed net cpu/mem_rdata_q_reg_n_0_[27].  Did not re-place instance cpu/mem_rdata_q_reg[27]/Q
INFO: [Physopt 32-662] Processed net cpu/mem_rdata_q_reg_n_0_[25].  Did not re-place instance cpu/mem_rdata_q_reg[25]/Q
INFO: [Physopt 32-662] Processed net mem_rdata_q[0]_i_2_n_0.  Did not re-place instance mem_rdata_q[0]_i_2/O
INFO: [Physopt 32-662] Processed net mem_rdata_q[31]_i_3_n_0.  Did not re-place instance mem_rdata_q[31]_i_3/O
INFO: [Physopt 32-663] Processed net cpu/reg_op1_reg_n_0_[14].  Re-placed instance cpu/reg_op1_reg[14]/Q
INFO: [Physopt 32-662] Processed net cpu/mem_done.  Did not re-place instance instr_jal_i_3/O
INFO: [Physopt 32-662] Processed net reg_op1[31]_i_3_n_0.  Did not re-place instance reg_op1[31]_i_3/O
INFO: [Physopt 32-662] Processed net cpu/p_9_in.  Did not re-place instance mem_rdata_q[6]_i_2/O
INFO: [Physopt 32-663] Processed net cpu/reg_op1_reg_n_0_[2].  Re-placed instance cpu/reg_op1_reg[2]/Q
INFO: [Physopt 32-662] Processed net mem_rdata_q[6]_i_3_n_0.  Did not re-place instance mem_rdata_q[6]_i_3/O
INFO: [Physopt 32-662] Processed net cpu/prefetched_high_word_reg_n_0.  Did not re-place instance cpu/prefetched_high_word_reg/Q
INFO: [Physopt 32-662] Processed net mem_rdata_q[6]_i_6_n_0.  Did not re-place instance mem_rdata_q[6]_i_6/O
INFO: [Physopt 32-662] Processed net mem_rdata_q[31]_i_4_n_0.  Did not re-place instance mem_rdata_q[31]_i_4/O
INFO: [Physopt 32-662] Processed net cpu/reg_op1_reg_n_0_[6].  Did not re-place instance cpu/reg_op1_reg[6]/Q
INFO: [Physopt 32-662] Processed net cpu/reg_op1_reg_n_0_[9].  Did not re-place instance cpu/reg_op1_reg[9]/Q
INFO: [Physopt 32-662] Processed net cpu/reg_op1_reg_n_0_[28].  Did not re-place instance cpu/reg_op1_reg[28]/Q
INFO: [Physopt 32-662] Processed net cpu/reg_op1_reg_n_0_[30].  Did not re-place instance cpu/reg_op1_reg[30]/Q
INFO: [Physopt 32-663] Processed net reg_op1[0]_i_4_n_0.  Re-placed instance reg_op1[0]_i_4/O
INFO: [Physopt 32-662] Processed net cpu/reg_op1_reg_n_0_[23].  Did not re-place instance cpu/reg_op1_reg[23]/Q
INFO: [Physopt 32-663] Processed net cpu/instr_trap.  Re-placed instance latched_store_i_4/O
INFO: [Physopt 32-662] Processed net cpu/instr_lui.  Did not re-place instance cpu/instr_lui_reg/Q
INFO: [Physopt 32-662] Processed net is_lui_auipc_jal_i_1_n_0.  Did not re-place instance is_lui_auipc_jal_i_1/O
INFO: [Physopt 32-662] Processed net cpu_state[2]_i_4_n_0.  Did not re-place instance cpu_state[2]_i_4/O
INFO: [Physopt 32-663] Processed net cpu/reg_op1[23].  Re-placed instance reg_op1[23]_i_1/O
INFO: [Physopt 32-662] Processed net cpu_state[2]_i_6_n_0.  Did not re-place instance cpu_state[2]_i_6/O
INFO: [Physopt 32-662] Processed net reg_op1[23]_i_3_n_0.  Did not re-place instance reg_op1[23]_i_3/O
INFO: [Physopt 32-662] Processed net cpu/latched_branch_reg_n_0.  Did not re-place instance cpu/latched_branch_reg/Q
INFO: [Physopt 32-662] Processed net cpu/latched_store_reg_n_0.  Did not re-place instance cpu/latched_store_reg/Q
INFO: [Physopt 32-662] Processed net mem_rdata_q[9]_i_6_n_0.  Did not re-place instance mem_rdata_q[9]_i_6/O
INFO: [Physopt 32-662] Processed net compressed_instr_i_2_n_0.  Did not re-place instance compressed_instr_i_2/O
INFO: [Physopt 32-662] Processed net mem_rdata_q[6]_i_4_n_0.  Did not re-place instance mem_rdata_q[6]_i_4/O
INFO: [Physopt 32-662] Processed net mem_rdata_q[9]_i_7_n_0.  Did not re-place instance mem_rdata_q[9]_i_7/O
INFO: [Physopt 32-663] Processed net cpu/instr_rdcycle.  Re-placed instance cpu/instr_rdcycle_reg/Q
INFO: [Physopt 32-663] Processed net cpu_state[3]_i_4_n_0.  Re-placed instance cpu_state[3]_i_4/O
INFO: [Physopt 32-662] Processed net cpu_state[2]_i_5_n_0.  Did not re-place instance cpu_state[2]_i_5/O
INFO: [Physopt 32-662] Processed net cpu/mem_do_rinst5_out.  Did not re-place instance mem_do_rinst_i_3/O
INFO: [Physopt 32-662] Processed net cpu_state[3]_i_5_n_0.  Did not re-place instance cpu_state[3]_i_5/O
INFO: [Physopt 32-662] Processed net cpu_state[3]_i_6_n_0.  Did not re-place instance cpu_state[3]_i_6/O
INFO: [Physopt 32-662] Processed net mem_do_rinst_i_1_n_0.  Did not re-place instance mem_do_rinst_i_1/O
INFO: [Physopt 32-662] Processed net mem_do_rinst_i_6_n_0.  Did not re-place instance mem_do_rinst_i_6/O
INFO: [Physopt 32-662] Processed net mem_rdata_q[11]_i_6_n_0.  Did not re-place instance mem_rdata_q[11]_i_6/O
INFO: [Physopt 32-662] Processed net cpu/mem_rdata_q_reg_n_0_[14].  Did not re-place instance cpu/mem_rdata_q_reg[14]/Q
INFO: [Physopt 32-662] Processed net cpu/mem_la_secondword_reg_n_0.  Did not re-place instance cpu/mem_la_secondword_reg/Q
INFO: [Physopt 32-662] Processed net cpu/mem_rdata_q_reg_n_0_[26].  Did not re-place instance cpu/mem_rdata_q_reg[26]/Q
INFO: [Physopt 32-662] Processed net cpu/mem_rdata_q_reg_n_0_[13].  Did not re-place instance cpu/mem_rdata_q_reg[13]/Q
INFO: [Physopt 32-662] Processed net cpu/mem_rdata_q_reg_n_0_[12].  Did not re-place instance cpu/mem_rdata_q_reg[12]/Q
INFO: [Physopt 32-662] Processed net cpu/mem_rdata_q_reg_n_0_[30].  Did not re-place instance cpu/mem_rdata_q_reg[30]/Q
INFO: [Physopt 32-662] Processed net cpu/mem_rdata_q_reg_n_0_[31].  Did not re-place instance cpu/mem_rdata_q_reg[31]/Q
INFO: [Physopt 32-662] Processed net cpu/mem_rdata_q_reg_n_0_[29].  Did not re-place instance cpu/mem_rdata_q_reg[29]/Q
INFO: [Physopt 32-663] Processed net cpu/mem_rdata_q_reg_n_0_[15].  Re-placed instance cpu/mem_rdata_q_reg[15]/Q
INFO: [Physopt 32-662] Processed net mem_rdata_q[19]_i_3_n_0.  Did not re-place instance mem_rdata_q[19]_i_3/O
INFO: [Physopt 32-663] Processed net mem_rdata_q[19]_i_1_n_0.  Re-placed instance mem_rdata_q[19]_i_1/O
INFO: [Physopt 32-662] Processed net cpu/mem_rdata_q_reg_n_0_[18].  Did not re-place instance cpu/mem_rdata_q_reg[18]/Q
INFO: [Physopt 32-662] Processed net cpu/reg_op1_reg_n_0_[15].  Did not re-place instance cpu/reg_op1_reg[15]/Q
INFO: [Physopt 32-662] Processed net mem_rdata_q[31]_i_11_n_0.  Did not re-place instance mem_rdata_q[31]_i_11/O
INFO: [Physopt 32-662] Processed net mem_rdata_q[26]_i_5_n_0.  Did not re-place instance mem_rdata_q[26]_i_5/O
INFO: [Physopt 32-662] Processed net cpu/p_1_in[25].  Did not re-place instance mem_rdata_q[25]_i_1/O
INFO: [Physopt 32-662] Processed net cpu/p_1_in[27].  Did not re-place instance mem_rdata_q[27]_i_1/O
INFO: [Physopt 32-663] Processed net cpu/reg_op1[15].  Re-placed instance reg_op1[15]_i_1/O
INFO: [Physopt 32-662] Processed net mem_rdata_q[27]_i_2_n_0.  Did not re-place instance mem_rdata_q[27]_i_2/O
INFO: [Physopt 32-663] Processed net reg_op1[15]_i_3_n_0.  Re-placed instance reg_op1[15]_i_3/O
INFO: [Physopt 32-662] Processed net cpu/mem_rdata_q3.  Did not re-place instance instr_jalr_i_3/O
INFO: [Physopt 32-662] Processed net mem_rdata_q[10]_i_2_n_0.  Did not re-place instance mem_rdata_q[10]_i_2/O
INFO: [Physopt 32-662] Processed net decoded_rs1_rep_rep[4]_i_1_n_0.  Did not re-place instance decoded_rs1_rep_rep[4]_i_1/O
INFO: [Physopt 32-662] Processed net decoded_rs1_rep_rep[4]_i_2_n_0.  Did not re-place instance decoded_rs1_rep_rep[4]_i_2/O
INFO: [Physopt 32-662] Processed net cpu/decoded_rs1_reg_rep_n_0_[4].  Did not re-place instance cpu/decoded_rs1_reg_rep[4]/Q
INFO: [Physopt 32-662] Processed net mem_rdata_q[31]_i_14_n_0.  Did not re-place instance mem_rdata_q[31]_i_14/O
INFO: [Physopt 32-662] Processed net mem_rdata_q[11]_i_3_n_0.  Did not re-place instance mem_rdata_q[11]_i_3/O
INFO: [Physopt 32-662] Processed net mem_rdata_q[28]_i_3_n_0.  Did not re-place instance mem_rdata_q[28]_i_3/O
INFO: [Physopt 32-662] Processed net is_lb_lh_lw_lbu_lhu_i_3_n_0.  Did not re-place instance is_lb_lh_lw_lbu_lhu_i_3/O
INFO: [Physopt 32-662] Processed net mem_rdata_q[26]_i_11_n_0.  Did not re-place instance mem_rdata_q[26]_i_11/O
INFO: [Physopt 32-662] Processed net mem_rdata_q[26]_i_14_n_0.  Did not re-place instance mem_rdata_q[26]_i_14/O
INFO: [Physopt 32-662] Processed net cpu/p_1_in[26].  Did not re-place instance mem_rdata_q[26]_i_1/O
INFO: [Physopt 32-662] Processed net mem_rdata_q[26]_i_7_n_0.  Did not re-place instance mem_rdata_q[26]_i_7/O
INFO: [Physopt 32-662] Processed net cpu/p_12_in[1].  Did not re-place instance mem_rdata_q[4]_i_1/O
INFO: [Physopt 32-662] Processed net mem_rdata_q[4]_i_2_n_0.  Did not re-place instance mem_rdata_q[4]_i_2/O
INFO: [Physopt 32-662] Processed net cpu/instr_lui0.  Did not re-place instance instr_jal_i_1/O
INFO: [Physopt 32-663] Processed net decoded_imm_j[19]_i_1_n_0.  Re-placed instance decoded_imm_j[19]_i_1/O
INFO: [Physopt 32-661] Optimized 12 nets.  Re-placed 29 instances.
INFO: [Physopt 32-775] End 1 Pass. Optimized 12 nets or cells. Created 0 new cell, deleted 0 existing cell and moved 29 existing cells
INFO: [Physopt 32-619] Estimated Timing Summary | WNS=-4.179 | TNS=-5804.972 |
Netlist sorting complete. Time (s): cpu = 00:00:00 ; elapsed = 00:00:00 . Memory (MB): peak = 3394.621 ; gain = 0.000 ; free physical = 725698 ; free virtual = 748784
Phase 3 Multi Cell Placement Optimization | Checksum: 15d463f0d

Time (s): cpu = 00:01:28 ; elapsed = 00:00:29 . Memory (MB): peak = 3394.621 ; gain = 0.000 ; free physical = 725698 ; free virtual = 748783

Phase 4 Rewire
INFO: [Physopt 32-246] Starting Signal Push optimization...
INFO: [Physopt 32-77] Pass 1. Identified 31 candidate nets for rewire optimization.
INFO: [Physopt 32-134] Processed net mem_rdata_q[7]_i_2_n_0. Rewiring did not optimize the net.
INFO: [Physopt 32-134] Processed net mem_rdata_q[31]_i_3_n_0. Rewiring did not optimize the net.
INFO: [Physopt 32-134] Processed net cpu/p_9_in. Rewiring did not optimize the net.
INFO: [Physopt 32-134] Processed net instr_jalr_i_4_n_0. Rewiring did not optimize the net.
INFO: [Physopt 32-134] Processed net mem_rdata_q[9]_i_6_n_0. Rewiring did not optimize the net.
INFO: [Physopt 32-134] Processed net mem_rdata_q[0]_i_1_n_0. Rewiring did not optimize the net.
INFO: [Physopt 32-134] Processed net cpu/p_5_in[0]. Rewiring did not optimize the net.
INFO: [Physopt 32-134] Processed net cpu/mem_rdata_q3. Rewiring did not optimize the net.
INFO: [Physopt 32-134] Processed net cpu/p_5_in[1]. Rewiring did not optimize the net.
INFO: [Physopt 32-242] Processed net cpu/alu_out_0. Rewired (signal push) alu_out_q[0]_i_5_n_0 to 2 loads. Replicated 1 times.
INFO: [Physopt 32-134] Processed net latched_branch_i_2_n_0. Rewiring did not optimize the net.
INFO: [Physopt 32-134] Processed net cpu/p_12_in[1]. Rewiring did not optimize the net.
INFO: [Physopt 32-242] Processed net cpu/instr_lui0. Rewired (signal push) cpu/mem_done to 1 loads. Replicated 1 times.
INFO: [Physopt 32-134] Processed net mem_rdata_q[26]_i_16_n_0. Rewiring did not optimize the net.
INFO: [Physopt 32-134] Processed net cpu/p_11_in. Rewiring did not optimize the net.
INFO: [Physopt 32-134] Processed net cpu/p_12_in[0]. Rewiring did not optimize the net.
INFO: [Physopt 32-134] Processed net mem_rdata_q[13]_i_5_n_0. Rewiring did not optimize the net.
INFO: [Physopt 32-134] Processed net mem_rdata_q[19]_i_3_n_0. Rewiring did not optimize the net.
INFO: [Physopt 32-134] Processed net mem_rdata_q[31]_i_5_n_0. Rewiring did not optimize the net.
INFO: [Physopt 32-134] Processed net mem_rdata_q[31]_i_8_n_0. Rewiring did not optimize the net.
INFO: [Physopt 32-134] Processed net cpu/mem_la_use_prefetched_high_word. Rewiring did not optimize the net.
INFO: [Physopt 32-134] Processed net cpu/p_2_in[1]. Rewiring did not optimize the net.
INFO: [Physopt 32-134] Processed net cpu/instr_trap. Rewiring did not optimize the net.
INFO: [Physopt 32-134] Processed net cpu_state[2]_i_5_n_0. Rewiring did not optimize the net.
INFO: [Physopt 32-134] Processed net decoded_rs1_rep_rep[1]_i_2_n_0. Rewiring did not optimize the net.
INFO: [Physopt 32-242] Processed net cpu_state[7]_i_7_n_0. Rewired (signal push) cpu/instr_trap to 4 loads. Replicated 1 times.
INFO: [Physopt 32-134] Processed net instr_jal_i_8_n_0. Rewiring did not optimize the net.
INFO: [Physopt 32-134] Processed net decoded_imm_j[19]_i_4_n_0. Rewiring did not optimize the net.
INFO: [Physopt 32-134] Processed net mem_rdata_q[12]_i_6_n_0. Rewiring did not optimize the net.
INFO: [Physopt 32-134] Processed net instr_jalr_i_5_n_0. Rewiring did not optimize the net.
INFO: [Physopt 32-134] Processed net mem_rdata_q[13]_i_4_n_0. Rewiring did not optimize the net.
INFO: [Physopt 32-77] Pass 2. Identified 1 candidate net for rewire optimization.
INFO: [Physopt 32-134] Processed net cpu/instr_trap. Rewiring did not optimize the net.
INFO: [Physopt 32-232] Optimized 3 nets. Created 3 new instances.
INFO: [Physopt 32-775] End 4 Pass. Optimized 3 nets or cells. Created 3 new cells, deleted 0 existing cell and moved 0 existing cell
Netlist sorting complete. Time (s): cpu = 00:00:00.02 ; elapsed = 00:00:00.01 . Memory (MB): peak = 3394.621 ; gain = 0.000 ; free physical = 725693 ; free virtual = 748779
INFO: [Physopt 32-619] Estimated Timing Summary | WNS=-4.179 | TNS=-5806.471 |
Netlist sorting complete. Time (s): cpu = 00:00:00 ; elapsed = 00:00:00 . Memory (MB): peak = 3394.621 ; gain = 0.000 ; free physical = 725693 ; free virtual = 748779
Phase 4 Rewire | Checksum: 21356f37c

Time (s): cpu = 00:01:34 ; elapsed = 00:00:32 . Memory (MB): peak = 3394.621 ; gain = 0.000 ; free physical = 725693 ; free virtual = 748779

Phase 5 Critical Cell Optimization
INFO: [Physopt 32-46] Identified 100 candidate nets for critical-cell optimization.
INFO: [Physopt 32-572] Net mem_rdata_q[7]_i_2_n_0 was not replicated.
Resolution: phys_opt_design can be forced to replicate a net driver using the option -force_replication_on_nets <list of net objects>.
INFO: [Physopt 32-572] Net mem_rdata_q[15]_i_2_n_0 was not replicated.
Resolution: phys_opt_design can be forced to replicate a net driver using the option -force_replication_on_nets <list of net objects>.
INFO: [Physopt 32-572] Net mem_rdata_q[7]_i_3_n_0 was not replicated.
Resolution: phys_opt_design can be forced to replicate a net driver using the option -force_replication_on_nets <list of net objects>.
INFO: [Physopt 32-81] Processed net cpu/mem_rdata_q160_out. Replicated 1 times.
INFO: [Physopt 32-572] Net mem_rdata_q[31]_i_1_n_0 was not replicated.
Resolution: phys_opt_design can be forced to replicate a net driver using the option -force_replication_on_nets <list of net objects>.
INFO: [Physopt 32-572] Net mem_rdata_q[0]_i_2_n_0 was not replicated.
Resolution: phys_opt_design can be forced to replicate a net driver using the option -force_replication_on_nets <list of net objects>.
INFO: [Physopt 32-572] Net cpu/mem_done was not replicated.
Resolution: phys_opt_design can be forced to replicate a net driver using the option -force_replication_on_nets <list of net objects>.
INFO: [Physopt 32-572] Net reg_op1[31]_i_3_n_0 was not replicated.
Resolution: phys_opt_design can be forced to replicate a net driver using the option -force_replication_on_nets <list of net objects>.
INFO: [Physopt 32-572] Net cpu/p_9_in was not replicated.
Resolution: phys_opt_design can be forced to replicate a net driver using the option -force_replication_on_nets <list of net objects>.
INFO: [Physopt 32-572] Net instr_jalr_i_4_n_0 was not replicated.
Resolution: phys_opt_design can be forced to replicate a net driver using the option -force_replication_on_nets <list of net objects>.
INFO: [Physopt 32-572] Net mem_rdata_q[6]_i_3_n_0 was not replicated.
Resolution: phys_opt_design can be forced to replicate a net driver using the option -force_replication_on_nets <list of net objects>.
INFO: [Physopt 32-81] Processed net cpu/prefetched_high_word_reg_n_0. Replicated 1 times.
INFO: [Physopt 32-572] Net mem_rdata_q[6]_i_6_n_0 was not replicated.
Resolution: phys_opt_design can be forced to replicate a net driver using the option -force_replication_on_nets <list of net objects>.
INFO: [Physopt 32-572] Net mem_rdata_q[9]_i_6_n_0 was not replicated.
Resolution: phys_opt_design can be forced to replicate a net driver using the option -force_replication_on_nets <list of net objects>.
INFO: [Physopt 32-81] Processed net compressed_instr_i_2_n_0. Replicated 1 times.
INFO: [Physopt 32-572] Net mem_rdata_q[6]_i_4_n_0 was not replicated.
Resolution: phys_opt_design can be forced to replicate a net driver using the option -force_replication_on_nets <list of net objects>.
INFO: [Physopt 32-572] Net mem_rdata_q[9]_i_7_n_0 was not replicated.
Resolution: phys_opt_design can be forced to replicate a net driver using the option -force_replication_on_nets <list of net objects>.
INFO: [Physopt 32-572] Net mem_rdata_q[11]_i_6_n_0 was not replicated.
Resolution: phys_opt_design can be forced to replicate a net driver using the option -force_replication_on_nets <list of net objects>.
INFO: [Physopt 32-81] Processed net cpu/mem_la_secondword_reg_n_0. Replicated 1 times.
INFO: [Physopt 32-572] Net mem_rdata_q[31]_i_11_n_0 was not replicated.
Resolution: phys_opt_design can be forced to replicate a net driver using the option -force_replication_on_nets <list of net objects>.
INFO: [Physopt 32-601] Processed net mem_rdata_q[26]_i_5_n_0. Net driver mem_rdata_q[26]_i_5 was replaced.
INFO: [Physopt 32-572] Net cpu/mem_rdata_q3 was not replicated.
Resolution: phys_opt_design can be forced to replicate a net driver using the option -force_replication_on_nets <list of net objects>.
INFO: [Physopt 32-572] Net mem_rdata_q[10]_i_2_n_0 was not replicated.
Resolution: phys_opt_design can be forced to replicate a net driver using the option -force_replication_on_nets <list of net objects>.
INFO: [Physopt 32-572] Net decoded_rs1_rep_rep[4]_i_1_n_0 was not replicated.
Resolution: phys_opt_design can be forced to replicate a net driver using the option -force_replication_on_nets <list of net objects>.
INFO: [Physopt 32-81] Processed net decoded_rs1_rep_rep[4]_i_2_n_0. Replicated 1 times.
INFO: [Physopt 32-572] Net mem_rdata_q[31]_i_14_n_0 was not replicated.
Resolution: phys_opt_design can be forced to replicate a net driver using the option -force_replication_on_nets <list of net objects>.
INFO: [Physopt 32-572] Net mem_rdata_q[11]_i_3_n_0 was not replicated.
Resolution: phys_opt_design can be forced to replicate a net driver using the option -force_replication_on_nets <list of net objects>.
INFO: [Physopt 32-81] Processed net is_lb_lh_lw_lbu_lhu_i_3_n_0. Replicated 1 times.
INFO: [Physopt 32-572] Net mem_rdata_q[26]_i_11_n_0 was not replicated.
Resolution: phys_opt_design can be forced to replicate a net driver using the option -force_replication_on_nets <list of net objects>.
INFO: [Physopt 32-572] Net mem_rdata_q[26]_i_14_n_0 was not replicated.
Resolution: phys_opt_design can be forced to replicate a net driver using the option -force_replication_on_nets <list of net objects>.
INFO: [Physopt 32-572] Net cpu/p_12_in[1] was not replicated.
Resolution: phys_opt_design can be forced to replicate a net driver using the option -force_replication_on_nets <list of net objects>.
INFO: [Physopt 32-572] Net mem_rdata_q[4]_i_2_n_0 was not replicated.
Resolution: phys_opt_design can be forced to replicate a net driver using the option -force_replication_on_nets <list of net objects>.
INFO: [Physopt 32-572] Net cpu/mem_la_firstword1 was not replicated.
Resolution: phys_opt_design can be forced to replicate a net driver using the option -force_replication_on_nets <list of net objects>.
INFO: [Physopt 32-572] Net decoded_imm_j[19]_i_1_n_0 was not replicated.
Resolution: phys_opt_design can be forced to replicate a net driver using the option -force_replication_on_nets <list of net objects>.
INFO: [Physopt 32-81] Processed net cpu/clear_prefetched_high_word_q. Replicated 1 times.
INFO: [Physopt 32-572] Net cpu/instr_lui was not replicated.
Resolution: phys_opt_design can be forced to replicate a net driver using the option -force_replication_on_nets <list of net objects>.
INFO: [Physopt 32-572] Net is_lb_lh_lw_lbu_lhu_i_4_n_0 was not replicated.
Resolution: phys_opt_design can be forced to replicate a net driver using the option -force_replication_on_nets <list of net objects>.
INFO: [Physopt 32-572] Net instr_lui_i_5_n_0 was not replicated.
Resolution: phys_opt_design can be forced to replicate a net driver using the option -force_replication_on_nets <list of net objects>.
INFO: [Physopt 32-572] Net decoded_rs1_rep_rep[3]_i_7_n_0 was not replicated.
Resolution: phys_opt_design can be forced to replicate a net driver using the option -force_replication_on_nets <list of net objects>.
INFO: [Physopt 32-572] Net cpu/p_11_in was not replicated.
Resolution: phys_opt_design can be forced to replicate a net driver using the option -force_replication_on_nets <list of net objects>.
INFO: [Physopt 32-572] Net mem_rdata_q[5]_i_2_n_0 was not replicated.
Resolution: phys_opt_design can be forced to replicate a net driver using the option -force_replication_on_nets <list of net objects>.
INFO: [Physopt 32-572] Net cpu/p_12_in[0] was not replicated.
Resolution: phys_opt_design can be forced to replicate a net driver using the option -force_replication_on_nets <list of net objects>.
INFO: [Physopt 32-572] Net mem_rdata_q[31]_i_10_n_0 was not replicated.
Resolution: phys_opt_design can be forced to replicate a net driver using the option -force_replication_on_nets <list of net objects>.
INFO: [Physopt 32-572] Net mem_rdata_q[27]_i_7_n_0 was not replicated.
Resolution: phys_opt_design can be forced to replicate a net driver using the option -force_replication_on_nets <list of net objects>.
INFO: [Physopt 32-572] Net mem_rdata_q[19]_i_3_n_0 was not replicated.
Resolution: phys_opt_design can be forced to replicate a net driver using the option -force_replication_on_nets <list of net objects>.
INFO: [Physopt 32-572] Net mem_rdata_q[19]_i_1_n_0 was not replicated.
Resolution: phys_opt_design can be forced to replicate a net driver using the option -force_replication_on_nets <list of net objects>.
INFO: [Physopt 32-572] Net mem_rdata_q[31]_i_5_n_0 was not replicated.
Resolution: phys_opt_design can be forced to replicate a net driver using the option -force_replication_on_nets <list of net objects>.
INFO: [Physopt 32-81] Processed net mem_rdata_q[8]_i_3_n_0. Replicated 1 times.
INFO: [Physopt 32-572] Net decoded_rs2_rep[3]_i_2_n_0 was not replicated.
Resolution: phys_opt_design can be forced to replicate a net driver using the option -force_replication_on_nets <list of net objects>.
INFO: [Physopt 32-572] Net decoded_rs2_rep[3]_i_1_n_0 was not replicated.
Resolution: phys_opt_design can be forced to replicate a net driver using the option -force_replication_on_nets <list of net objects>.
INFO: [Physopt 32-572] Net mem_rdata_q[24]_i_1_n_0 was not replicated.
Resolution: phys_opt_design can be forced to replicate a net driver using the option -force_replication_on_nets <list of net objects>.
INFO: [Physopt 32-572] Net is_lb_lh_lw_lbu_lhu_i_2_n_0 was not replicated.
Resolution: phys_opt_design can be forced to replicate a net driver using the option -force_replication_on_nets <list of net objects>.
INFO: [Physopt 32-572] Net mem_rdata_q[24]_i_7_n_0 was not replicated.
Resolution: phys_opt_design can be forced to replicate a net driver using the option -force_replication_on_nets <list of net objects>.
INFO: [Physopt 32-572] Net mem_valid was not replicated.
Resolution: phys_opt_design can be forced to replicate a net driver using the option -force_replication_on_nets <list of net objects>.
INFO: [Physopt 32-81] Processed net cpu/reg_out_reg_n_0_[1]. Replicated 1 times.
INFO: [Physopt 32-572] Net mem_16bit_buffer[15]_i_3_n_0 was not replicated.
Resolution: phys_opt_design can be forced to replicate a net driver using the option -force_replication_on_nets <list of net objects>.
INFO: [Physopt 32-572] Net mem_rdata_q[31]_i_8_n_0 was not replicated.
Resolution: phys_opt_design can be forced to replicate a net driver using the option -force_replication_on_nets <list of net objects>.
INFO: [Physopt 32-572] Net mem_rdata_q[1]_i_2_n_0 was not replicated.
Resolution: phys_opt_design can be forced to replicate a net driver using the option -force_replication_on_nets <list of net objects>.
INFO: [Physopt 32-572] Net compressed_instr_i_3_n_0 was not replicated.
Resolution: phys_opt_design can be forced to replicate a net driver using the option -force_replication_on_nets <list of net objects>.
INFO: [Physopt 32-572] Net decoded_imm_j[19]_i_5_n_0 was not replicated.
Resolution: phys_opt_design can be forced to replicate a net driver using the option -force_replication_on_nets <list of net objects>.
INFO: [Physopt 32-572] Net cpu/mem_la_use_prefetched_high_word was not replicated.
Resolution: phys_opt_design can be forced to replicate a net driver using the option -force_replication_on_nets <list of net objects>.
INFO: [Physopt 32-572] Net mem_rdata_q[30]_i_3_n_0 was not replicated.
Resolution: phys_opt_design can be forced to replicate a net driver using the option -force_replication_on_nets <list of net objects>.
INFO: [Physopt 32-572] Net mem_rdata_q[24]_i_15_n_0 was not replicated.
Resolution: phys_opt_design can be forced to replicate a net driver using the option -force_replication_on_nets <list of net objects>.
INFO: [Physopt 32-572] Net cpu/p_10_in was not replicated.
Resolution: phys_opt_design can be forced to replicate a net driver using the option -force_replication_on_nets <list of net objects>.
INFO: [Physopt 32-572] Net cpu/mem_rdata_q1 was not replicated.
Resolution: phys_opt_design can be forced to replicate a net driver using the option -force_replication_on_nets <list of net objects>.
INFO: [Physopt 32-572] Net mem_rdata_q[2]_i_2_n_0 was not replicated.
Resolution: phys_opt_design can be forced to replicate a net driver using the option -force_replication_on_nets <list of net objects>.
INFO: [Physopt 32-572] Net decoded_rs1_rep_rep[3]_i_1_n_0 was not replicated.
Resolution: phys_opt_design can be forced to replicate a net driver using the option -force_replication_on_nets <list of net objects>.
INFO: [Physopt 32-572] Net decoded_rs1_rep_rep[3]_i_3_n_0 was not replicated.
Resolution: phys_opt_design can be forced to replicate a net driver using the option -force_replication_on_nets <list of net objects>.
INFO: [Physopt 32-572] Net mem_wstrb[3]_i_1_n_0 was not replicated.
Resolution: phys_opt_design can be forced to replicate a net driver using the option -force_replication_on_nets <list of net objects>.
INFO: [Physopt 32-572] Net mem_rdata_q[31]_i_13_n_0 was not replicated.
Resolution: phys_opt_design can be forced to replicate a net driver using the option -force_replication_on_nets <list of net objects>.
INFO: [Physopt 32-572] Net mem_rdata_q[26]_i_2_n_0 was not replicated.
Resolution: phys_opt_design can be forced to replicate a net driver using the option -force_replication_on_nets <list of net objects>.
INFO: [Physopt 32-572] Net is_alu_reg_imm_i_6_n_0 was not replicated.
Resolution: phys_opt_design can be forced to replicate a net driver using the option -force_replication_on_nets <list of net objects>.
INFO: [Physopt 32-572] Net decoded_rs2_rep[4]_i_1_n_0 was not replicated.
Resolution: phys_opt_design can be forced to replicate a net driver using the option -force_replication_on_nets <list of net objects>.
INFO: [Physopt 32-572] Net mem_rdata_q[31]_i_17_n_0 was not replicated.
Resolution: phys_opt_design can be forced to replicate a net driver using the option -force_replication_on_nets <list of net objects>.
INFO: [Physopt 32-572] Net cpu/instr_trap was not replicated.
Resolution: phys_opt_design can be forced to replicate a net driver using the option -force_replication_on_nets <list of net objects>.
INFO: [Physopt 32-81] Processed net is_lui_auipc_jal_i_1_n_0. Replicated 2 times.
INFO: [Physopt 32-572] Net cpu_state[2]_i_4_n_0 was not replicated.
Resolution: phys_opt_design can be forced to replicate a net driver using the option -force_replication_on_nets <list of net objects>.
INFO: [Physopt 32-572] Net instr_jal_i_9_n_0 was not replicated.
Resolution: phys_opt_design can be forced to replicate a net driver using the option -force_replication_on_nets <list of net objects>.
INFO: [Physopt 32-572] Net mem_rdata_q[31]_i_9_n_0 was not replicated.
Resolution: phys_opt_design can be forced to replicate a net driver using the option -force_replication_on_nets <list of net objects>.
INFO: [Physopt 32-572] Net decoded_imm_j[12]_i_2_n_0 was not replicated.
Resolution: phys_opt_design can be forced to replicate a net driver using the option -force_replication_on_nets <list of net objects>.
INFO: [Physopt 32-572] Net mem_rdata_q[26]_i_4_n_0 was not replicated.
Resolution: phys_opt_design can be forced to replicate a net driver using the option -force_replication_on_nets <list of net objects>.
INFO: [Physopt 32-572] Net cpu_state[3]_i_4_n_0 was not replicated.
Resolution: phys_opt_design can be forced to replicate a net driver using the option -force_replication_on_nets <list of net objects>.
INFO: [Physopt 32-81] Processed net cpu/instr_and. Replicated 1 times.
INFO: [Physopt 32-572] Net cpu_state[2]_i_5_n_0 was not replicated.
Resolution: phys_opt_design can be forced to replicate a net driver using the option -force_replication_on_nets <list of net objects>.
INFO: [Physopt 32-572] Net mem_rdata_q[31]_i_15_n_0 was not replicated.
Resolution: phys_opt_design can be forced to replicate a net driver using the option -force_replication_on_nets <list of net objects>.
INFO: [Physopt 32-572] Net mem_rdata_q[27]_i_10_n_0 was not replicated.
Resolution: phys_opt_design can be forced to replicate a net driver using the option -force_replication_on_nets <list of net objects>.
INFO: [Physopt 32-572] Net decoded_rs1_rep_rep[3]_i_6_n_0 was not replicated.
Resolution: phys_opt_design can be forced to replicate a net driver using the option -force_replication_on_nets <list of net objects>.
INFO: [Physopt 32-572] Net is_alu_reg_reg_i_2_n_0 was not replicated.
Resolution: phys_opt_design can be forced to replicate a net driver using the option -force_replication_on_nets <list of net objects>.
INFO: [Physopt 32-572] Net decoded_rs2_rep[4]_i_5_n_0 was not replicated.
Resolution: phys_opt_design can be forced to replicate a net driver using the option -force_replication_on_nets <list of net objects>.
INFO: [Physopt 32-572] Net instr_jal_i_8_n_0 was not replicated.
Resolution: phys_opt_design can be forced to replicate a net driver using the option -force_replication_on_nets <list of net objects>.
INFO: [Physopt 32-572] Net decoded_rd[4]_i_4_n_0 was not replicated.
Resolution: phys_opt_design can be forced to replicate a net driver using the option -force_replication_on_nets <list of net objects>.
INFO: [Physopt 32-572] Net cpu/mem_la_firstword_reg was not replicated.
Resolution: phys_opt_design can be forced to replicate a net driver using the option -force_replication_on_nets <list of net objects>.
INFO: [Physopt 32-81] Processed net cpu/reg_next_pc_reg_n_0_[1]. Replicated 2 times.
INFO: [Physopt 32-572] Net decoded_imm_j[19]_i_4_n_0 was not replicated.
Resolution: phys_opt_design can be forced to replicate a net driver using the option -force_replication_on_nets <list of net objects>.
INFO: [Physopt 32-81] Processed net mem_rdata_q[16]_i_2_n_0. Replicated 1 times.
INFO: [Physopt 32-572] Net decoded_imm_j[15]_i_1_n_0 was not replicated.
Resolution: phys_opt_design can be forced to replicate a net driver using the option -force_replication_on_nets <list of net objects>.
INFO: [Physopt 32-572] Net decoded_rs1_rep_rep[0]_i_1_n_0 was not replicated.
Resolution: phys_opt_design can be forced to replicate a net driver using the option -force_replication_on_nets <list of net objects>.
INFO: [Physopt 32-572] Net decoded_rs1_rep_rep[0]_i_2_n_0 was not replicated.
Resolution: phys_opt_design can be forced to replicate a net driver using the option -force_replication_on_nets <list of net objects>.
INFO: [Physopt 32-232] Optimized 14 nets. Created 15 new instances.
INFO: [Physopt 32-775] End 1 Pass. Optimized 14 nets or cells. Created 15 new cells, deleted 0 existing cell and moved 0 existing cell
INFO: [Physopt 32-619] Estimated Timing Summary | WNS=-4.179 | TNS=-5824.657 |
Netlist sorting complete. Time (s): cpu = 00:00:00.02 ; elapsed = 00:00:00.03 . Memory (MB): peak = 3394.621 ; gain = 0.000 ; free physical = 724970 ; free virtual = 748055
Phase 5 Critical Cell Optimization | Checksum: 16725d7ad

Time (s): cpu = 00:02:32 ; elapsed = 00:00:52 . Memory (MB): peak = 3394.621 ; gain = 0.000 ; free physical = 724970 ; free virtual = 748055

Phase 6 Retime Optimization
INFO: [Physopt 32-528] Pass 1. Identified 5 candidate nets for forward retime optimization.
INFO: [Physopt 32-206] Processed net mem_rdata_q[11]_i_6_n_0. Retiming did not optimize the net.
INFO: [Physopt 32-206] Processed net cpu/mem_la_firstword1. Retiming did not optimize the net.
INFO: [Physopt 32-206] Processed net mem_rdata_q[6]_i_5_n_0. Retiming did not optimize the net.
INFO: [Physopt 32-206] Processed net mem_rdata_q[11]_i_7_n_0. Retiming did not optimize the net.
INFO: [Physopt 32-206] Processed net is_lui_auipc_jal_i_1_n_0. Retiming did not optimize the net.
INFO: [Physopt 32-200] End Pass 1. Optimized 0 net. Created 0 new instance, removed 0 instance. 

Phase 6 Retime Optimization | Checksum: 16725d7ad

Time (s): cpu = 00:02:32 ; elapsed = 00:00:52 . Memory (MB): peak = 3394.621 ; gain = 0.000 ; free physical = 724970 ; free virtual = 748055

Phase 7 Critical Pin Optimization
INFO: [Physopt 32-606] Identified 100 candidate nets for critical-pin optimization.
INFO: [Physopt 32-608] Optimized 34 nets.  Swapped 685 pins.
INFO: [Physopt 32-775] End 1 Pass. Optimized 34 nets or cells. Created 0 new cell, deleted 0 existing cell and moved 685 existing cells
INFO: [Physopt 32-619] Estimated Timing Summary | WNS=-4.160 | TNS=-5805.167 |
Netlist sorting complete. Time (s): cpu = 00:00:00.01 ; elapsed = 00:00:00.01 . Memory (MB): peak = 3394.621 ; gain = 0.000 ; free physical = 724971 ; free virtual = 748056
Phase 7 Critical Pin Optimization | Checksum: 16725d7ad

Time (s): cpu = 00:02:33 ; elapsed = 00:00:53 . Memory (MB): peak = 3394.621 ; gain = 0.000 ; free physical = 724971 ; free virtual = 748056
Netlist sorting complete. Time (s): cpu = 00:00:00 ; elapsed = 00:00:00 . Memory (MB): peak = 3394.621 ; gain = 0.000 ; free physical = 724971 ; free virtual = 748056
INFO: [Physopt 32-603] Post Physical Optimization Timing Summary | WNS=-4.160 | TNS=-5805.167 |

Summary of Physical Synthesis Optimizations
============================================


----------------------------------------------------------------------------------------------------------------------------------------------------------------------
|  Optimization            |  WNS Gain (ns)  |  TNS Gain (ns)  |  Added Cells  |  Removed Cells  |  Optimized Cells/Nets  |  Dont Touch  |  Iterations  |  Elapsed   |
----------------------------------------------------------------------------------------------------------------------------------------------------------------------
|  Single Cell Placement   |          0.047  |         -4.267  |            0  |              0  |                    25  |           0  |           1  |  00:00:05  |
|  Multi Cell Placement    |          0.000  |          2.746  |            0  |              0  |                    12  |           0  |           1  |  00:00:23  |
|  Rewire                  |          0.000  |         -1.499  |            3  |              0  |                     3  |           0  |           1  |  00:00:03  |
|  Critical Cell           |          0.000  |        -18.187  |           15  |              0  |                    14  |           0  |           1  |  00:00:20  |
|  Retime                  |          0.000  |          0.000  |            0  |              0  |                     0  |           0  |           1  |  00:00:00  |
|  Critical Pin            |          0.019  |         19.490  |            0  |              0  |                    34  |           0  |           1  |  00:00:00  |
|  Total                   |          0.066  |         -1.716  |           18  |              0  |                    88  |           0  |           6  |  00:00:52  |
----------------------------------------------------------------------------------------------------------------------------------------------------------------------


Netlist sorting complete. Time (s): cpu = 00:00:00 ; elapsed = 00:00:00 . Memory (MB): peak = 3394.621 ; gain = 0.000 ; free physical = 724971 ; free virtual = 748056
Ending Physical Synthesis Task | Checksum: 27bde6f09

Time (s): cpu = 00:02:33 ; elapsed = 00:00:53 . Memory (MB): peak = 3394.621 ; gain = 0.000 ; free physical = 724971 ; free virtual = 748056
INFO: [Common 17-83] Releasing license: Implementation
467 Infos, 215 Warnings, 0 Critical Warnings and 0 Errors encountered.
phys_opt_design completed successfully
phys_opt_design: Time (s): cpu = 00:02:34 ; elapsed = 00:00:53 . Memory (MB): peak = 3394.621 ; gain = 0.000 ; free physical = 724971 ; free virtual = 748056
Command: route_design -directive AggressiveExplore
Attempting to get a license for feature 'Implementation' and/or device 'xc7a100t'
INFO: [Common 17-349] Got license for feature 'Implementation' and/or device 'xc7a100t'
INFO: [DRC 23-27] Running DRC with 8 threads
INFO: [Vivado_Tcl 4-198] DRC finished with 0 Errors
INFO: [Vivado_Tcl 4-199] Please refer to the DRC report (report_drc) for more information.


Starting Routing Task
INFO: [Route 35-270] Using Router directive 'AggressiveExplore'.
INFO: [Route 35-254] Multithreading enabled for route_design using a maximum of 8 CPUs

Phase 1 Build RT Design
Checksum: PlaceDB: f8d604d1 ConstDB: 0 ShapeSum: c85de425 RouteDB: b1d25f96
Post Restoration Checksum: NetGraph: 2426ad01 | NumContArr: 1f3fe3ac | Constraints: c2a8fa9d | Timing: c2a8fa9d
Phase 1 Build RT Design | Checksum: 1c8b885e7

Time (s): cpu = 00:00:38 ; elapsed = 00:00:32 . Memory (MB): peak = 3394.621 ; gain = 0.000 ; free physical = 724501 ; free virtual = 747593

Phase 2 Router Initialization

Phase 2.1 Fix Topology Constraints
Phase 2.1 Fix Topology Constraints | Checksum: 1c8b885e7

Time (s): cpu = 00:00:38 ; elapsed = 00:00:32 . Memory (MB): peak = 3394.621 ; gain = 0.000 ; free physical = 724501 ; free virtual = 747593

Phase 2.2 Pre Route Cleanup
Phase 2.2 Pre Route Cleanup | Checksum: 1c8b885e7

Time (s): cpu = 00:00:38 ; elapsed = 00:00:32 . Memory (MB): peak = 3394.621 ; gain = 0.000 ; free physical = 724501 ; free virtual = 747593
 Number of Nodes with overlaps = 0

Phase 2.3 Update Timing
Phase 2.3 Update Timing | Checksum: 1406f4304

Time (s): cpu = 00:00:42 ; elapsed = 00:00:33 . Memory (MB): peak = 3394.621 ; gain = 0.000 ; free physical = 724460 ; free virtual = 747552
INFO: [Route 35-416] Intermediate Timing Summary | WNS=-4.006 | TNS=-10581.588| WHS=-0.227 | THS=-100.897|


Router Utilization Summary
  Global Vertical Routing Utilization    = 0 %
  Global Horizontal Routing Utilization  = 0 %
  Routable Net Status*
  *Does not include unroutable nets such as driverless and loadless.
  Run report_route_status for detailed report.
  Number of Failed Nets               = 2764
    (Failed Nets is the sum of unrouted and partially routed nets)
  Number of Unrouted Nets             = 2764
  Number of Partially Routed Nets     = 0
  Number of Node Overlaps             = 0

Phase 2 Router Initialization | Checksum: 14f18dc74

Time (s): cpu = 00:00:44 ; elapsed = 00:00:33 . Memory (MB): peak = 3394.621 ; gain = 0.000 ; free physical = 724446 ; free virtual = 747539

Phase 3 Global Routing
Phase 3 Global Routing | Checksum: 14f18dc74

Time (s): cpu = 00:00:44 ; elapsed = 00:00:33 . Memory (MB): peak = 3394.621 ; gain = 0.000 ; free physical = 724446 ; free virtual = 747539

Phase 4 Initial Routing

Phase 4.1 Initial Net Routing Pass
Phase 4.1 Initial Net Routing Pass | Checksum: 2d5e90347

Time (s): cpu = 00:00:48 ; elapsed = 00:00:34 . Memory (MB): peak = 3394.621 ; gain = 0.000 ; free physical = 724426 ; free virtual = 747519
Phase 4 Initial Routing | Checksum: 2d5e90347

Time (s): cpu = 00:00:48 ; elapsed = 00:00:34 . Memory (MB): peak = 3394.621 ; gain = 0.000 ; free physical = 724425 ; free virtual = 747518
INFO: [Route 35-580] Design has 1316 pins with tight setup and hold constraints.

The top 5 pins with tight setup and hold constraints:

+====================+===================+========================================+
| Launch Setup Clock | Launch Hold Clock | Pin                                    |
+====================+===================+========================================+
| clk                | clk               | cpu/mem_do_rinst_reg/D                 |
| clk                | clk               | cpu/reg_op1_reg[29]/D                  |
| clk                | clk               | cpu/is_beq_bne_blt_bge_bltu_bgeu_reg/D |
| clk                | clk               | cpu/latched_is_lb_reg/D                |
| clk                | clk               | cpu/reg_op1_reg[30]/D                  |
+--------------------+-------------------+----------------------------------------+

File with complete list of pins: tight_setup_hold_pins.txt


Phase 5 Rip-up And Reroute

Phase 5.1 Global Iteration 0
 Number of Nodes with overlaps = 949
 Number of Nodes with overlaps = 295
 Number of Nodes with overlaps = 154
 Number of Nodes with overlaps = 98
 Number of Nodes with overlaps = 58
 Number of Nodes with overlaps = 27
 Number of Nodes with overlaps = 15
 Number of Nodes with overlaps = 8
 Number of Nodes with overlaps = 3
 Number of Nodes with overlaps = 0
INFO: [Route 35-416] Intermediate Timing Summary | WNS=-5.338 | TNS=-14309.184| WHS=N/A    | THS=N/A    |

Phase 5.1 Global Iteration 0 | Checksum: 2695d4161

Time (s): cpu = 00:01:10 ; elapsed = 00:00:43 . Memory (MB): peak = 3394.621 ; gain = 0.000 ; free physical = 724566 ; free virtual = 747658

Phase 5.2 Global Iteration 1
 Number of Nodes with overlaps = 36
 Number of Nodes with overlaps = 45
 Number of Nodes with overlaps = 2
 Number of Nodes with overlaps = 0
INFO: [Route 35-416] Intermediate Timing Summary | WNS=-5.753 | TNS=-13980.342| WHS=N/A    | THS=N/A    |

Phase 5.2 Global Iteration 1 | Checksum: 23797a735

Time (s): cpu = 00:01:12 ; elapsed = 00:00:45 . Memory (MB): peak = 3394.621 ; gain = 0.000 ; free physical = 724563 ; free virtual = 747655
Phase 5 Rip-up And Reroute | Checksum: 23797a735

Time (s): cpu = 00:01:12 ; elapsed = 00:00:45 . Memory (MB): peak = 3394.621 ; gain = 0.000 ; free physical = 724563 ; free virtual = 747655

Phase 6 Delay and Skew Optimization

Phase 6.1 Delay CleanUp

Phase 6.1.1 Update Timing
Phase 6.1.1 Update Timing | Checksum: 2041c21b3

Time (s): cpu = 00:01:12 ; elapsed = 00:00:45 . Memory (MB): peak = 3394.621 ; gain = 0.000 ; free physical = 724563 ; free virtual = 747655
INFO: [Route 35-416] Intermediate Timing Summary | WNS=-5.251 | TNS=-13733.688| WHS=N/A    | THS=N/A    |

 Number of Nodes with overlaps = 0
Phase 6.1 Delay CleanUp | Checksum: 250028bf4

Time (s): cpu = 00:01:14 ; elapsed = 00:00:45 . Memory (MB): peak = 3394.621 ; gain = 0.000 ; free physical = 724562 ; free virtual = 747655

Phase 6.2 Clock Skew Optimization
Phase 6.2 Clock Skew Optimization | Checksum: 250028bf4

Time (s): cpu = 00:01:14 ; elapsed = 00:00:45 . Memory (MB): peak = 3394.621 ; gain = 0.000 ; free physical = 724562 ; free virtual = 747655
Phase 6 Delay and Skew Optimization | Checksum: 250028bf4

Time (s): cpu = 00:01:14 ; elapsed = 00:00:45 . Memory (MB): peak = 3394.621 ; gain = 0.000 ; free physical = 724562 ; free virtual = 747655

Phase 7 Post Hold Fix

Phase 7.1 Hold Fix Iter
INFO: [Route 35-416] Intermediate Timing Summary | WNS=-5.199 | TNS=-13731.685| WHS=0.041  | THS=0.000  |

Phase 7.1 Hold Fix Iter | Checksum: 2463de805

Time (s): cpu = 00:01:14 ; elapsed = 00:00:46 . Memory (MB): peak = 3394.621 ; gain = 0.000 ; free physical = 724562 ; free virtual = 747655
Phase 7 Post Hold Fix | Checksum: 2463de805

Time (s): cpu = 00:01:14 ; elapsed = 00:00:46 . Memory (MB): peak = 3394.621 ; gain = 0.000 ; free physical = 724562 ; free virtual = 747655

Phase 8 Timing Verification

Phase 8.1 Update Timing
Phase 8.1 Update Timing | Checksum: 2463de805

Time (s): cpu = 00:01:15 ; elapsed = 00:00:46 . Memory (MB): peak = 3394.621 ; gain = 0.000 ; free physical = 724561 ; free virtual = 747654
INFO: [Route 35-416] Intermediate Timing Summary | WNS=-5.199 | TNS=-13731.685| WHS=0.041  | THS=0.000  |

Phase 8 Timing Verification | Checksum: 2463de805

Time (s): cpu = 00:01:15 ; elapsed = 00:00:46 . Memory (MB): peak = 3394.621 ; gain = 0.000 ; free physical = 724561 ; free virtual = 747654

Phase 9 Route finalize

Router Utilization Summary
  Global Vertical Routing Utilization    = 1.19528 %
  Global Horizontal Routing Utilization  = 1.13924 %
  Routable Net Status*
  *Does not include unroutable nets such as driverless and loadless.
  Run report_route_status for detailed report.
  Number of Failed Nets               = 0
    (Failed Nets is the sum of unrouted and partially routed nets)
  Number of Unrouted Nets             = 0
  Number of Partially Routed Nets     = 0
  Number of Node Overlaps             = 0


--GLOBAL Congestion:
Utilization threshold used for congestion level computation: 0.85
Congestion Report
North Dir 1x1 Area, Max Cong = 85.5856%, Congestion bounded by tiles (Lower Left Tile -> Upper Right Tile):
   INT_R_X7Y40 -> INT_R_X7Y40
South Dir 1x1 Area, Max Cong = 73.8739%, No Congested Regions.
East Dir 1x1 Area, Max Cong = 73.5294%, No Congested Regions.
West Dir 1x1 Area, Max Cong = 72.0588%, No Congested Regions.

------------------------------
Reporting congestion hotspots
------------------------------
Direction: North
----------------
Congested clusters found at Level 0
Effective congestion level: 0 Aspect Ratio: 1 Sparse Ratio: 1
Direction: South
----------------
Congested clusters found at Level 0
Effective congestion level: 0 Aspect Ratio: 1 Sparse Ratio: 0
Direction: East
----------------
Congested clusters found at Level 0
Effective congestion level: 0 Aspect Ratio: 1 Sparse Ratio: 0
Direction: West
----------------
Congested clusters found at Level 0
Effective congestion level: 0 Aspect Ratio: 1 Sparse Ratio: 0

Phase 9 Route finalize | Checksum: 2463de805

Time (s): cpu = 00:01:15 ; elapsed = 00:00:46 . Memory (MB): peak = 3394.621 ; gain = 0.000 ; free physical = 724561 ; free virtual = 747653

Phase 10 Verifying routed nets

 Verification completed successfully
Phase 10 Verifying routed nets | Checksum: 2463de805

Time (s): cpu = 00:01:15 ; elapsed = 00:00:46 . Memory (MB): peak = 3394.621 ; gain = 0.000 ; free physical = 724560 ; free virtual = 747652

Phase 11 Depositing Routes
Phase 11 Depositing Routes | Checksum: 2b657b54f

Time (s): cpu = 00:01:16 ; elapsed = 00:00:46 . Memory (MB): peak = 3394.621 ; gain = 0.000 ; free physical = 724559 ; free virtual = 747652

Phase 12 Incr Placement Change
Netlist sorting complete. Time (s): cpu = 00:00:00 ; elapsed = 00:00:00 . Memory (MB): peak = 3394.621 ; gain = 0.000 ; free physical = 724559 ; free virtual = 747651
INFO: [Place 30-746] Post Placement Timing Summary WNS=-4.568. For the most accurate timing information please run report_timing.
Ending IncrPlace Task | Checksum: 216fae35e

Time (s): cpu = 00:00:17 ; elapsed = 00:00:15 . Memory (MB): peak = 3394.621 ; gain = 0.000 ; free physical = 723641 ; free virtual = 746733
Phase 12 Incr Placement Change | Checksum: 216fae35e

Time (s): cpu = 00:01:33 ; elapsed = 00:01:01 . Memory (MB): peak = 3394.621 ; gain = 0.000 ; free physical = 723641 ; free virtual = 746733

Phase 13 Build RT Design
Checksum: PlaceDB: 319581c7 ConstDB: 0 ShapeSum: f694d649 RouteDB: eed08b4e
Post Restoration Checksum: NetGraph: 94f62ae3 | NumContArr: cf952208 | Constraints: c2a8fa9d | Timing: c2a8fa9d
Phase 13 Build RT Design | Checksum: 2e9dd4225

Time (s): cpu = 00:01:35 ; elapsed = 00:01:01 . Memory (MB): peak = 3394.621 ; gain = 0.000 ; free physical = 723641 ; free virtual = 746734

Phase 14 Router Initialization

Phase 14.1 Fix Topology Constraints
Phase 14.1 Fix Topology Constraints | Checksum: 2e9dd4225

Time (s): cpu = 00:01:35 ; elapsed = 00:01:02 . Memory (MB): peak = 3394.621 ; gain = 0.000 ; free physical = 723641 ; free virtual = 746734

Phase 14.2 Pre Route Cleanup
Phase 14.2 Pre Route Cleanup | Checksum: 2715171e8

Time (s): cpu = 00:01:35 ; elapsed = 00:01:02 . Memory (MB): peak = 3394.621 ; gain = 0.000 ; free physical = 723641 ; free virtual = 746734
 Number of Nodes with overlaps = 0

Phase 14.3 Update Timing
Phase 14.3 Update Timing | Checksum: 2effb89af

Time (s): cpu = 00:01:39 ; elapsed = 00:01:03 . Memory (MB): peak = 3394.621 ; gain = 0.000 ; free physical = 723641 ; free virtual = 746734
INFO: [Route 35-416] Intermediate Timing Summary | WNS=-4.521 | TNS=-14129.520| WHS=-0.227 | THS=-100.884|


Router Utilization Summary
  Global Vertical Routing Utilization    = 1.16303 %
  Global Horizontal Routing Utilization  = 1.10934 %
  Routable Net Status*
  *Does not include unroutable nets such as driverless and loadless.
  Run report_route_status for detailed report.
  Number of Failed Nets               = 275
    (Failed Nets is the sum of unrouted and partially routed nets)
  Number of Unrouted Nets             = 102
  Number of Partially Routed Nets     = 173
  Number of Node Overlaps             = 0

Phase 14 Router Initialization | Checksum: 2d9e55752

Time (s): cpu = 00:01:41 ; elapsed = 00:01:03 . Memory (MB): peak = 3394.621 ; gain = 0.000 ; free physical = 723640 ; free virtual = 746733

Phase 15 Global Routing
Phase 15 Global Routing | Checksum: 2d9e55752

Time (s): cpu = 00:01:41 ; elapsed = 00:01:03 . Memory (MB): peak = 3394.621 ; gain = 0.000 ; free physical = 723639 ; free virtual = 746732

Phase 16 Initial Routing

Phase 16.1 Initial Net Routing Pass
Phase 16.1 Initial Net Routing Pass | Checksum: 1b32994b4

Time (s): cpu = 00:01:41 ; elapsed = 00:01:03 . Memory (MB): peak = 3394.621 ; gain = 0.000 ; free physical = 723639 ; free virtual = 746732
Phase 16 Initial Routing | Checksum: 1b32994b4

Time (s): cpu = 00:01:41 ; elapsed = 00:01:03 . Memory (MB): peak = 3394.621 ; gain = 0.000 ; free physical = 723639 ; free virtual = 746732
INFO: [Route 35-580] Design has 1779 pins with tight setup and hold constraints.

The top 5 pins with tight setup and hold constraints:

+====================+===================+========================================+
| Launch Setup Clock | Launch Hold Clock | Pin                                    |
+====================+===================+========================================+
| clk                | clk               | cpu/mem_do_rinst_reg/D                 |
| clk                | clk               | cpu/reg_op1_reg[30]/D                  |
| clk                | clk               | cpu/is_beq_bne_blt_bge_bltu_bgeu_reg/D |
| clk                | clk               | cpu/latched_is_lb_reg/D                |
| clk                | clk               | cpu/reg_op1_reg[29]/D                  |
+--------------------+-------------------+----------------------------------------+

File with complete list of pins: tight_setup_hold_pins.txt


Phase 17 Rip-up And Reroute

Phase 17.1 Global Iteration 0
 Number of Nodes with overlaps = 558
 Number of Nodes with overlaps = 265
 Number of Nodes with overlaps = 163
 Number of Nodes with overlaps = 110
 Number of Nodes with overlaps = 75
 Number of Nodes with overlaps = 38
 Number of Nodes with overlaps = 40
 Number of Nodes with overlaps = 26
 Number of Nodes with overlaps = 5
 Number of Nodes with overlaps = 13
 Number of Nodes with overlaps = 4
 Number of Nodes with overlaps = 2
 Number of Nodes with overlaps = 2
 Number of Nodes with overlaps = 1
 Number of Nodes with overlaps = 1
 Number of Nodes with overlaps = 0
INFO: [Route 35-416] Intermediate Timing Summary | WNS=-5.136 | TNS=-14205.590| WHS=N/A    | THS=N/A    |

Phase 17.1 Global Iteration 0 | Checksum: 1db59a199

Time (s): cpu = 00:01:57 ; elapsed = 00:01:11 . Memory (MB): peak = 3394.621 ; gain = 0.000 ; free physical = 723640 ; free virtual = 746732

Phase 17.2 Global Iteration 1
 Number of Nodes with overlaps = 45
 Number of Nodes with overlaps = 58
 Number of Nodes with overlaps = 0
INFO: [Route 35-416] Intermediate Timing Summary | WNS=-6.024 | TNS=-14267.775| WHS=N/A    | THS=N/A    |

Phase 17.2 Global Iteration 1 | Checksum: 2a932197f

Time (s): cpu = 00:02:00 ; elapsed = 00:01:12 . Memory (MB): peak = 3394.621 ; gain = 0.000 ; free physical = 723615 ; free virtual = 746707
Phase 17 Rip-up And Reroute | Checksum: 2a932197f

Time (s): cpu = 00:02:00 ; elapsed = 00:01:12 . Memory (MB): peak = 3394.621 ; gain = 0.000 ; free physical = 723615 ; free virtual = 746707

Phase 18 Delay and Skew Optimization

Phase 18.1 Delay CleanUp

Phase 18.1.1 Update Timing
Phase 18.1.1 Update Timing | Checksum: 2405f67c1

Time (s): cpu = 00:02:00 ; elapsed = 00:01:12 . Memory (MB): peak = 3394.621 ; gain = 0.000 ; free physical = 723607 ; free virtual = 746699
INFO: [Route 35-416] Intermediate Timing Summary | WNS=-5.049 | TNS=-13642.908| WHS=N/A    | THS=N/A    |

 Number of Nodes with overlaps = 0
Phase 18.1 Delay CleanUp | Checksum: 234001650

Time (s): cpu = 00:02:01 ; elapsed = 00:01:13 . Memory (MB): peak = 3394.621 ; gain = 0.000 ; free physical = 723590 ; free virtual = 746683

Phase 18.2 Clock Skew Optimization
Phase 18.2 Clock Skew Optimization | Checksum: 234001650

Time (s): cpu = 00:02:01 ; elapsed = 00:01:13 . Memory (MB): peak = 3394.621 ; gain = 0.000 ; free physical = 723590 ; free virtual = 746683
Phase 18 Delay and Skew Optimization | Checksum: 234001650

Time (s): cpu = 00:02:01 ; elapsed = 00:01:13 . Memory (MB): peak = 3394.621 ; gain = 0.000 ; free physical = 723590 ; free virtual = 746683

Phase 19 Post Hold Fix

Phase 19.1 Hold Fix Iter
INFO: [Route 35-416] Intermediate Timing Summary | WNS=-5.049 | TNS=-13663.785| WHS=0.052  | THS=0.000  |

Phase 19.1 Hold Fix Iter | Checksum: 234ffe181

Time (s): cpu = 00:02:02 ; elapsed = 00:01:13 . Memory (MB): peak = 3394.621 ; gain = 0.000 ; free physical = 723580 ; free virtual = 746672
Phase 19 Post Hold Fix | Checksum: 234ffe181

Time (s): cpu = 00:02:02 ; elapsed = 00:01:13 . Memory (MB): peak = 3394.621 ; gain = 0.000 ; free physical = 723580 ; free virtual = 746672

Phase 20 Timing Verification

Phase 20.1 Update Timing
Phase 20.1 Update Timing | Checksum: 234ffe181

Time (s): cpu = 00:02:03 ; elapsed = 00:01:13 . Memory (MB): peak = 3394.621 ; gain = 0.000 ; free physical = 723570 ; free virtual = 746662
INFO: [Route 35-416] Intermediate Timing Summary | WNS=-5.049 | TNS=-13663.785| WHS=0.052  | THS=0.000  |

Phase 20 Timing Verification | Checksum: 234ffe181

Time (s): cpu = 00:02:03 ; elapsed = 00:01:13 . Memory (MB): peak = 3394.621 ; gain = 0.000 ; free physical = 723570 ; free virtual = 746662

Phase 21 Route finalize

Router Utilization Summary
  Global Vertical Routing Utilization    = 1.20447 %
  Global Horizontal Routing Utilization  = 1.15835 %
  Routable Net Status*
  *Does not include unroutable nets such as driverless and loadless.
  Run report_route_status for detailed report.
  Number of Failed Nets               = 0
    (Failed Nets is the sum of unrouted and partially routed nets)
  Number of Unrouted Nets             = 0
  Number of Partially Routed Nets     = 0
  Number of Node Overlaps             = 0


--GLOBAL Congestion:
Utilization threshold used for congestion level computation: 0.85
Congestion Report
North Dir 1x1 Area, Max Cong = 89.1892%, Congestion bounded by tiles (Lower Left Tile -> Upper Right Tile):
   INT_R_X7Y40 -> INT_R_X7Y40
   INT_R_X7Y34 -> INT_R_X7Y34
South Dir 1x1 Area, Max Cong = 65.7658%, No Congested Regions.
East Dir 1x1 Area, Max Cong = 80.8824%, No Congested Regions.
West Dir 1x1 Area, Max Cong = 72.0588%, No Congested Regions.

------------------------------
Reporting congestion hotspots
------------------------------
Direction: North
----------------
Congested clusters found at Level 0
Effective congestion level: 0 Aspect Ratio: 1 Sparse Ratio: 1
Direction: South
----------------
Congested clusters found at Level 0
Effective congestion level: 0 Aspect Ratio: 1 Sparse Ratio: 0
Direction: East
----------------
Congested clusters found at Level 0
Effective congestion level: 0 Aspect Ratio: 1 Sparse Ratio: 0
Direction: West
----------------
Congested clusters found at Level 0
Effective congestion level: 0 Aspect Ratio: 1 Sparse Ratio: 0

Phase 21 Route finalize | Checksum: 234ffe181

Time (s): cpu = 00:02:03 ; elapsed = 00:01:13 . Memory (MB): peak = 3394.621 ; gain = 0.000 ; free physical = 723562 ; free virtual = 746654

Phase 22 Verifying routed nets

 Verification completed successfully
Phase 22 Verifying routed nets | Checksum: 234ffe181

Time (s): cpu = 00:02:03 ; elapsed = 00:01:13 . Memory (MB): peak = 3394.621 ; gain = 0.000 ; free physical = 723562 ; free virtual = 746654

Phase 23 Depositing Routes
Phase 23 Depositing Routes | Checksum: 2ba14e3d6

Time (s): cpu = 00:02:04 ; elapsed = 00:01:13 . Memory (MB): peak = 3394.621 ; gain = 0.000 ; free physical = 723547 ; free virtual = 746639
INFO: [Route 72-16] Aggressive Explore Summary
+======+========+=====+=======+=====+========+==============+===================+
| Pass |  WNS   | TNS |  WHS  | THS | Status | Elapsed Time | Solution Selected |
+======+========+=====+=======+=====+========+==============+===================+
|  1   | -5.199 |  -  | 0.041 |  -  |  Pass  |   00:00:14   |                   |
|  2   | -5.049 |  -  | 0.052 |  -  |  Pass  |   00:00:11   |         x         |
+------+--------+-----+-------+-----+--------+--------------+-------------------+


Phase 24 Post Process Routing
Phase 24 Post Process Routing | Checksum: 2ba14e3d6

Time (s): cpu = 00:02:04 ; elapsed = 00:01:14 . Memory (MB): peak = 3394.621 ; gain = 0.000 ; free physical = 723547 ; free virtual = 746639

Phase 25 Post Router Timing
INFO: [Route 35-20] Post Routing Timing Summary | WNS=-5.043 | TNS=-7653.542| WHS=0.052  | THS=0.000  |

Phase 25 Post Router Timing | Checksum: 2d5e8cf1a

Time (s): cpu = 00:02:06 ; elapsed = 00:01:14 . Memory (MB): peak = 3394.621 ; gain = 0.000 ; free physical = 723508 ; free virtual = 746600
CRITICAL WARNING: [Route 35-39] The design did not meet timing requirements. Please run report_timing_summary for detailed reports.
Resolution: Verify that the timing was met or had small violations at all previous steps (synthesis, placement, power_opt, and phys_opt). Run report_timing_summary and analyze individual timing paths.
INFO: [Route 35-253] TNS is the sum of the worst slack violation on every endpoint in the design. Review the paths with the biggest WNS violations in the timing reports and modify your constraints or your design to improve both WNS and TNS.
Total Elapsed time in route_design: 74.32 secs

Phase 26 Post-Route Event Processing
Phase 26 Post-Route Event Processing | Checksum: 22ff67db6

Time (s): cpu = 00:02:06 ; elapsed = 00:01:14 . Memory (MB): peak = 3394.621 ; gain = 0.000 ; free physical = 723508 ; free virtual = 746600
INFO: [Route 35-16] Router Completed Successfully
Ending Routing Task | Checksum: 22ff67db6

Time (s): cpu = 00:02:06 ; elapsed = 00:01:14 . Memory (MB): peak = 3394.621 ; gain = 0.000 ; free physical = 723508 ; free virtual = 746600

Routing Is Done.
INFO: [Common 17-83] Releasing license: Implementation
493 Infos, 215 Warnings, 1 Critical Warnings and 0 Errors encountered.
route_design completed successfully
route_design: Time (s): cpu = 00:02:08 ; elapsed = 00:01:15 . Memory (MB): peak = 3394.621 ; gain = 0.000 ; free physical = 723508 ; free virtual = 746600
<grey>[synth_script.tcl]<end> <cyan>report_route_status:<end>
Design Route Status
                                               :      # nets :
   ------------------------------------------- : ----------- :
   # of logical nets.......................... :        4694 :
       # of nets not needing routing.......... :        1929 :
           # of internally routed nets........ :        1905 :
           # of nets with no loads............ :          24 :
       # of routable nets..................... :        2765 :
           # of fully routed nets............. :        2765 :
       # of nets with routing errors.......... :           0 :
   ------------------------------------------- : ----------- :

Command: place_design -post_place_opt
Attempting to get a license for feature 'Implementation' and/or device 'xc7a100t'
INFO: [Common 17-349] Got license for feature 'Implementation' and/or device 'xc7a100t'
INFO: [Common 17-83] Releasing license: Implementation
INFO: [DRC 23-27] Running DRC with 8 threads
INFO: [Vivado_Tcl 4-198] DRC finished with 0 Errors
INFO: [Vivado_Tcl 4-199] Please refer to the DRC report (report_drc) for more information.
Running DRC as a precondition to command place_design
INFO: [DRC 23-27] Running DRC with 8 threads
INFO: [Vivado_Tcl 4-198] DRC finished with 0 Errors
INFO: [Vivado_Tcl 4-199] Please refer to the DRC report (report_drc) for more information.
INFO: [Place 30-611] Multithreading enabled for place_design using a maximum of 8 CPUs

Starting Placer Task

Phase 1 Placer Initialization

Phase 1.1 Placer Initialization Netlist Sorting
Netlist sorting complete. Time (s): cpu = 00:00:00 ; elapsed = 00:00:00 . Memory (MB): peak = 3394.621 ; gain = 0.000 ; free physical = 723467 ; free virtual = 746559
Phase 1.1 Placer Initialization Netlist Sorting | Checksum: 22ff67db6

Time (s): cpu = 00:00:00.06 ; elapsed = 00:00:00.04 . Memory (MB): peak = 3394.621 ; gain = 0.000 ; free physical = 723467 ; free virtual = 746559

Phase 1.2 Placer Initialization PCO Part 1

Phase 1.2.1 Build Super Logic Region (SLR) Database
Phase 1.2.1 Build Super Logic Region (SLR) Database | Checksum: 22ff67db6

Time (s): cpu = 00:00:00.12 ; elapsed = 00:00:00.07 . Memory (MB): peak = 3394.621 ; gain = 0.000 ; free physical = 723467 ; free virtual = 746559

Phase 1.2.2 Add Constraints
Phase 1.2.2 Add Constraints | Checksum: 22ff67db6

Time (s): cpu = 00:00:00.14 ; elapsed = 00:00:00.08 . Memory (MB): peak = 3394.621 ; gain = 0.000 ; free physical = 723467 ; free virtual = 746559

Phase 1.2.3 Add Constraints

Phase 1.2.3.1 Build CellView Core
Phase 1.2.3.1 Build CellView Core | Checksum: 22ff67db6

Time (s): cpu = 00:00:00.17 ; elapsed = 00:00:00.09 . Memory (MB): peak = 3394.621 ; gain = 0.000 ; free physical = 723467 ; free virtual = 746559

Phase 1.2.3.2 Add User PBlocks
Phase 1.2.3.2 Add User PBlocks | Checksum: 22ff67db6

Time (s): cpu = 00:00:00.2 ; elapsed = 00:00:00.09 . Memory (MB): peak = 3394.621 ; gain = 0.000 ; free physical = 723467 ; free virtual = 746559

Phase 1.2.3.3 Apply User PBlocks
Phase 1.2.3.3 Apply User PBlocks | Checksum: 22ff67db6

Time (s): cpu = 00:00:00.23 ; elapsed = 00:00:00.1 . Memory (MB): peak = 3394.621 ; gain = 0.000 ; free physical = 723467 ; free virtual = 746559

Phase 1.2.3.4 Add terminal Constraints
Phase 1.2.3.4 Add terminal Constraints | Checksum: 22ff67db6

Time (s): cpu = 00:00:00.26 ; elapsed = 00:00:00.11 . Memory (MB): peak = 3394.621 ; gain = 0.000 ; free physical = 723467 ; free virtual = 746559
Phase 1.2.3 Add Constraints | Checksum: 22ff67db6

Time (s): cpu = 00:00:00.29 ; elapsed = 00:00:00.11 . Memory (MB): peak = 3394.621 ; gain = 0.000 ; free physical = 723467 ; free virtual = 746559

Phase 1.2.4 Implementation Feasibility check
Phase 1.2.4 Implementation Feasibility check | Checksum: 219e631b6

Time (s): cpu = 00:00:00.45 ; elapsed = 00:00:00.24 . Memory (MB): peak = 3394.621 ; gain = 0.000 ; free physical = 723467 ; free virtual = 746559
Phase 1.2 Placer Initialization PCO Part 1 | Checksum: 219e631b6

Time (s): cpu = 00:00:00.48 ; elapsed = 00:00:00.25 . Memory (MB): peak = 3394.621 ; gain = 0.000 ; free physical = 723467 ; free virtual = 746559

Phase 1.3 Placer Initialization PCO Part 2

Phase 1.3.1 Build Placer Netlist Model
Phase 1.3.1 Build Placer Netlist Model | Checksum: 27646c72b

Time (s): cpu = 00:00:02 ; elapsed = 00:00:01 . Memory (MB): peak = 3394.621 ; gain = 0.000 ; free physical = 723467 ; free virtual = 746560

Phase 1.3.2 Constrain Clocks/Macros
Phase 1.3.2 Constrain Clocks/Macros | Checksum: 27646c72b

Time (s): cpu = 00:00:02 ; elapsed = 00:00:01 . Memory (MB): peak = 3394.621 ; gain = 0.000 ; free physical = 723467 ; free virtual = 746560
Phase 1.3 Placer Initialization PCO Part 2 | Checksum: 27646c72b

Time (s): cpu = 00:00:02 ; elapsed = 00:00:01 . Memory (MB): peak = 3394.621 ; gain = 0.000 ; free physical = 723467 ; free virtual = 746560
Phase 1 Placer Initialization | Checksum: 27646c72b

Time (s): cpu = 00:00:02 ; elapsed = 00:00:01 . Memory (MB): peak = 3394.621 ; gain = 0.000 ; free physical = 723468 ; free virtual = 746560

Phase 2 Detail Placement

Phase 2.1 Commit Multi Column Macros
Phase 2.1 Commit Multi Column Macros | Checksum: 27646c72b

Time (s): cpu = 00:00:02 ; elapsed = 00:00:01 . Memory (MB): peak = 3394.621 ; gain = 0.000 ; free physical = 723468 ; free virtual = 746560

Phase 2.2 Small Shape Detail Placement

Phase 2.2.1 Place Remaining
Phase 2.2.1 Place Remaining | Checksum: 28b88b91b

Time (s): cpu = 00:00:05 ; elapsed = 00:00:02 . Memory (MB): peak = 3394.621 ; gain = 0.000 ; free physical = 723470 ; free virtual = 746562
Phase 2.2 Small Shape Detail Placement | Checksum: 28b88b91b

Time (s): cpu = 00:00:05 ; elapsed = 00:00:02 . Memory (MB): peak = 3394.621 ; gain = 0.000 ; free physical = 723470 ; free virtual = 746562
Phase 2 Detail Placement | Checksum: 28b88b91b

Time (s): cpu = 00:00:05 ; elapsed = 00:00:02 . Memory (MB): peak = 3394.621 ; gain = 0.000 ; free physical = 723470 ; free virtual = 746562

Phase 3 Post Placement Optimization and Clean-Up

Phase 3.1 Post Commit Optimization

Phase 3.1.1 Post Placement Optimization
Post Placement Optimization Initialization | Checksum: 252993f44

Phase 3.1.1.1 BUFG Insertion

Starting Physical Synthesis Task

Phase 1 Physical Synthesis Initialization
INFO: [Physopt 32-721] Multithreading enabled for phys_opt_design using a maximum of 8 CPUs
INFO: [Physopt 32-619] Estimated Timing Summary | WNS=-5.407 | TNS=-7655.520 |
Phase 1 Physical Synthesis Initialization | Checksum: 12121e822

Time (s): cpu = 00:00:00.31 ; elapsed = 00:00:00.12 . Memory (MB): peak = 3394.621 ; gain = 0.000 ; free physical = 723469 ; free virtual = 746561
INFO: [Place 46-56] BUFG insertion identified 0 candidate nets. Inserted BUFG: 0, Replicated BUFG Driver: 0, Skipped due to Placement/Routing Conflicts: 0, Skipped due to Timing Degradation: 0, Skipped due to netlist editing failed: 0.
Ending Physical Synthesis Task | Checksum: 223ac2e65

Time (s): cpu = 00:00:00.36 ; elapsed = 00:00:00.14 . Memory (MB): peak = 3394.621 ; gain = 0.000 ; free physical = 723469 ; free virtual = 746561
Phase 3.1.1.1 BUFG Insertion | Checksum: 252993f44

Time (s): cpu = 00:00:07 ; elapsed = 00:00:03 . Memory (MB): peak = 3394.621 ; gain = 0.000 ; free physical = 723469 ; free virtual = 746561

Phase 3.1.1.2 Post Placement Timing Optimization
INFO: [Place 30-746] Post Placement Timing Summary WNS=-4.781. For the most accurate timing information please run report_timing.
Phase 3.1.1.2 Post Placement Timing Optimization | Checksum: 2c3edd75d

Time (s): cpu = 00:00:24 ; elapsed = 00:00:18 . Memory (MB): peak = 3394.621 ; gain = 0.000 ; free physical = 723381 ; free virtual = 746473

Time (s): cpu = 00:00:24 ; elapsed = 00:00:18 . Memory (MB): peak = 3394.621 ; gain = 0.000 ; free physical = 723381 ; free virtual = 746473
Phase 3.1 Post Commit Optimization | Checksum: 2c3edd75d

Time (s): cpu = 00:00:24 ; elapsed = 00:00:18 . Memory (MB): peak = 3394.621 ; gain = 0.000 ; free physical = 723381 ; free virtual = 746473

Phase 3.2 Post Placement Cleanup
Phase 3.2 Post Placement Cleanup | Checksum: 2c3edd75d

Time (s): cpu = 00:00:24 ; elapsed = 00:00:18 . Memory (MB): peak = 3394.621 ; gain = 0.000 ; free physical = 723381 ; free virtual = 746473

Phase 3.3 Placer Reporting

Phase 3.3.1 Print Estimated Congestion
INFO: [Place 30-612] Post-Placement Estimated Congestion 
 ____________________________________________________
|           | Global Congestion | Short Congestion  |
| Direction | Region Size       | Region Size       |
|___________|___________________|___________________|
|      North|                1x1|                4x4|
|___________|___________________|___________________|
|      South|                1x1|                4x4|
|___________|___________________|___________________|
|       East|                1x1|                1x1|
|___________|___________________|___________________|
|       West|                1x1|                2x2|
|___________|___________________|___________________|

Phase 3.3.1 Print Estimated Congestion | Checksum: 2c3edd75d

Time (s): cpu = 00:00:24 ; elapsed = 00:00:18 . Memory (MB): peak = 3394.621 ; gain = 0.000 ; free physical = 723381 ; free virtual = 746473
Phase 3.3 Placer Reporting | Checksum: 2c3edd75d

Time (s): cpu = 00:00:24 ; elapsed = 00:00:18 . Memory (MB): peak = 3394.621 ; gain = 0.000 ; free physical = 723381 ; free virtual = 746473

Phase 3.4 Final Placement Cleanup
Netlist sorting complete. Time (s): cpu = 00:00:00 ; elapsed = 00:00:00 . Memory (MB): peak = 3394.621 ; gain = 0.000 ; free physical = 723381 ; free virtual = 746473

Time (s): cpu = 00:00:24 ; elapsed = 00:00:18 . Memory (MB): peak = 3394.621 ; gain = 0.000 ; free physical = 723381 ; free virtual = 746473
Phase 3 Post Placement Optimization and Clean-Up | Checksum: 2d9fe235d

Time (s): cpu = 00:00:24 ; elapsed = 00:00:18 . Memory (MB): peak = 3394.621 ; gain = 0.000 ; free physical = 723381 ; free virtual = 746473
Ending Placer Task | Checksum: 291fe4dc6

Time (s): cpu = 00:00:24 ; elapsed = 00:00:18 . Memory (MB): peak = 3394.621 ; gain = 0.000 ; free physical = 723381 ; free virtual = 746473
507 Infos, 215 Warnings, 1 Critical Warnings and 0 Errors encountered.
place_design completed successfully
place_design: Time (s): cpu = 00:00:34 ; elapsed = 00:00:20 . Memory (MB): peak = 3394.621 ; gain = 0.000 ; free physical = 723380 ; free virtual = 746473
Command: phys_opt_design -retime -routing_opt
Attempting to get a license for feature 'Implementation' and/or device 'xc7a100t'
INFO: [Common 17-349] Got license for feature 'Implementation' and/or device 'xc7a100t'
INFO: [Vivado_Tcl 4-241] Physical synthesis in post route mode 
WARNING: [Vivado_Tcl 4-1385] Design is not legally routed. Skipping post-route optimization
INFO: [Vivado_Tcl 4-1850] phys_opt_design is skipped because design is not fully routed, please run report_route_status to get more information.
INFO: [Common 17-83] Releasing license: Implementation
511 Infos, 216 Warnings, 1 Critical Warnings and 0 Errors encountered.
phys_opt_design completed successfully
Command: route_design -directive NoTimingRelaxation
Attempting to get a license for feature 'Implementation' and/or device 'xc7a100t'
INFO: [Common 17-349] Got license for feature 'Implementation' and/or device 'xc7a100t'


Starting Routing Task
INFO: [Route 35-270] Using Router directive 'NoTimingRelaxation'.
INFO: [Route 35-254] Multithreading enabled for route_design using a maximum of 8 CPUs

Phase 1 Build RT Design
Checksum: PlaceDB: b8a4e683 ConstDB: 0 ShapeSum: f694d649 RouteDB: e2c490fa
Post Restoration Checksum: NetGraph: 71910594 | NumContArr: add0d27a | Constraints: c2a8fa9d | Timing: c2a8fa9d
Phase 1 Build RT Design | Checksum: 2a4b3cd48

Time (s): cpu = 00:00:40 ; elapsed = 00:00:33 . Memory (MB): peak = 3394.621 ; gain = 0.000 ; free physical = 723386 ; free virtual = 746470

Phase 2 Router Initialization

Phase 2.1 Fix Topology Constraints
Phase 2.1 Fix Topology Constraints | Checksum: 2a4b3cd48

Time (s): cpu = 00:00:40 ; elapsed = 00:00:33 . Memory (MB): peak = 3394.621 ; gain = 0.000 ; free physical = 723386 ; free virtual = 746470

Phase 2.2 Pre Route Cleanup
Phase 2.2 Pre Route Cleanup | Checksum: 1f6a6faf9

Time (s): cpu = 00:00:40 ; elapsed = 00:00:33 . Memory (MB): peak = 3394.621 ; gain = 0.000 ; free physical = 723386 ; free virtual = 746470
 Number of Nodes with overlaps = 0

Phase 2.3 Update Timing
Phase 2.3 Update Timing | Checksum: 29bc5062c

Time (s): cpu = 00:00:43 ; elapsed = 00:00:34 . Memory (MB): peak = 3394.621 ; gain = 0.000 ; free physical = 723386 ; free virtual = 746470
INFO: [Route 35-416] Intermediate Timing Summary | WNS=-4.836 | TNS=-14049.681| WHS=-0.227 | THS=-100.545|


Router Utilization Summary
  Global Vertical Routing Utilization    = 1.17174 %
  Global Horizontal Routing Utilization  = 1.12738 %
  Routable Net Status*
  *Does not include unroutable nets such as driverless and loadless.
  Run report_route_status for detailed report.
  Number of Failed Nets               = 286
    (Failed Nets is the sum of unrouted and partially routed nets)
  Number of Unrouted Nets             = 112
  Number of Partially Routed Nets     = 174
  Number of Node Overlaps             = 0

Phase 2 Router Initialization | Checksum: 22ce22707

Time (s): cpu = 00:00:45 ; elapsed = 00:00:34 . Memory (MB): peak = 3394.621 ; gain = 0.000 ; free physical = 723386 ; free virtual = 746471

Phase 3 Global Routing
Phase 3 Global Routing | Checksum: 22ce22707

Time (s): cpu = 00:00:45 ; elapsed = 00:00:34 . Memory (MB): peak = 3394.621 ; gain = 0.000 ; free physical = 723386 ; free virtual = 746471

Phase 4 Initial Routing

Phase 4.1 Initial Net Routing Pass
Phase 4.1 Initial Net Routing Pass | Checksum: 1e53c4f96

Time (s): cpu = 00:00:45 ; elapsed = 00:00:34 . Memory (MB): peak = 3394.621 ; gain = 0.000 ; free physical = 723386 ; free virtual = 746471
Phase 4 Initial Routing | Checksum: 1e53c4f96

Time (s): cpu = 00:00:45 ; elapsed = 00:00:34 . Memory (MB): peak = 3394.621 ; gain = 0.000 ; free physical = 723386 ; free virtual = 746471
INFO: [Route 35-580] Design has 1409 pins with tight setup and hold constraints.

The top 5 pins with tight setup and hold constraints:

+====================+===================+=================================+
| Launch Setup Clock | Launch Hold Clock | Pin                             |
+====================+===================+=================================+
| clk                | clk               | cpu/mem_do_rinst_reg/D          |
| clk                | clk               | cpu/latched_is_lb_reg/D         |
| clk                | clk               | cpu/pcpi_div/dividend_reg[31]/D |
| clk                | clk               | cpu/pcpi_div/dividend_reg[29]/D |
| clk                | clk               | cpu/reg_op1_reg[30]/D           |
+--------------------+-------------------+---------------------------------+

File with complete list of pins: tight_setup_hold_pins.txt


Phase 5 Rip-up And Reroute

Phase 5.1 Global Iteration 0
 Number of Nodes with overlaps = 543
 Number of Nodes with overlaps = 312
 Number of Nodes with overlaps = 236
 Number of Nodes with overlaps = 197
 Number of Nodes with overlaps = 145
 Number of Nodes with overlaps = 117
 Number of Nodes with overlaps = 101
 Number of Nodes with overlaps = 53
 Number of Nodes with overlaps = 47
 Number of Nodes with overlaps = 33
 Number of Nodes with overlaps = 18
 Number of Nodes with overlaps = 12
 Number of Nodes with overlaps = 11
 Number of Nodes with overlaps = 9
 Number of Nodes with overlaps = 2
 Number of Nodes with overlaps = 1
 Number of Nodes with overlaps = 1
 Number of Nodes with overlaps = 1
 Number of Nodes with overlaps = 0
INFO: [Route 35-416] Intermediate Timing Summary | WNS=-5.092 | TNS=-14368.568| WHS=N/A    | THS=N/A    |

Phase 5.1 Global Iteration 0 | Checksum: 26975f6a9

Time (s): cpu = 00:01:09 ; elapsed = 00:00:44 . Memory (MB): peak = 3394.621 ; gain = 0.000 ; free physical = 725518 ; free virtual = 748602

Phase 5.2 Global Iteration 1
 Number of Nodes with overlaps = 55
 Number of Nodes with overlaps = 4
 Number of Nodes with overlaps = 3
 Number of Nodes with overlaps = 0
INFO: [Route 35-416] Intermediate Timing Summary | WNS=-5.821 | TNS=-14353.593| WHS=N/A    | THS=N/A    |

Phase 5.2 Global Iteration 1 | Checksum: 2ad2beb33

Time (s): cpu = 00:01:10 ; elapsed = 00:00:46 . Memory (MB): peak = 3394.621 ; gain = 0.000 ; free physical = 725518 ; free virtual = 748602
Phase 5 Rip-up And Reroute | Checksum: 2ad2beb33

Time (s): cpu = 00:01:10 ; elapsed = 00:00:46 . Memory (MB): peak = 3394.621 ; gain = 0.000 ; free physical = 725518 ; free virtual = 748602

Phase 6 Delay and Skew Optimization

Phase 6.1 Delay CleanUp

Phase 6.1.1 Update Timing
Phase 6.1.1 Update Timing | Checksum: 2da294fac

Time (s): cpu = 00:01:11 ; elapsed = 00:00:46 . Memory (MB): peak = 3394.621 ; gain = 0.000 ; free physical = 725518 ; free virtual = 748601
INFO: [Route 35-416] Intermediate Timing Summary | WNS=-5.005 | TNS=-13790.720| WHS=N/A    | THS=N/A    |

 Number of Nodes with overlaps = 0
Phase 6.1 Delay CleanUp | Checksum: 15d0ebd86

Time (s): cpu = 00:01:13 ; elapsed = 00:00:46 . Memory (MB): peak = 3394.621 ; gain = 0.000 ; free physical = 725516 ; free virtual = 748600

Phase 6.2 Clock Skew Optimization
Phase 6.2 Clock Skew Optimization | Checksum: 15d0ebd86

Time (s): cpu = 00:01:13 ; elapsed = 00:00:46 . Memory (MB): peak = 3394.621 ; gain = 0.000 ; free physical = 725516 ; free virtual = 748600
Phase 6 Delay and Skew Optimization | Checksum: 15d0ebd86

Time (s): cpu = 00:01:13 ; elapsed = 00:00:46 . Memory (MB): peak = 3394.621 ; gain = 0.000 ; free physical = 725516 ; free virtual = 748600

Phase 7 Post Hold Fix

Phase 7.1 Hold Fix Iter
INFO: [Route 35-416] Intermediate Timing Summary | WNS=-5.005 | TNS=-13789.173| WHS=0.052  | THS=0.000  |

Phase 7.1 Hold Fix Iter | Checksum: fa5ab37d

Time (s): cpu = 00:01:13 ; elapsed = 00:00:46 . Memory (MB): peak = 3394.621 ; gain = 0.000 ; free physical = 725516 ; free virtual = 748600
Phase 7 Post Hold Fix | Checksum: fa5ab37d

Time (s): cpu = 00:01:13 ; elapsed = 00:00:46 . Memory (MB): peak = 3394.621 ; gain = 0.000 ; free physical = 725516 ; free virtual = 748600

Phase 8 Timing Verification

Phase 8.1 Update Timing
Phase 8.1 Update Timing | Checksum: fa5ab37d

Time (s): cpu = 00:01:14 ; elapsed = 00:00:47 . Memory (MB): peak = 3394.621 ; gain = 0.000 ; free physical = 725517 ; free virtual = 748601
INFO: [Route 35-416] Intermediate Timing Summary | WNS=-5.005 | TNS=-13789.173| WHS=0.052  | THS=0.000  |

Phase 8 Timing Verification | Checksum: fa5ab37d

Time (s): cpu = 00:01:14 ; elapsed = 00:00:47 . Memory (MB): peak = 3394.621 ; gain = 0.000 ; free physical = 725517 ; free virtual = 748601

Phase 9 Route finalize

Router Utilization Summary
  Global Vertical Routing Utilization    = 1.22174 %
  Global Horizontal Routing Utilization  = 1.17271 %
  Routable Net Status*
  *Does not include unroutable nets such as driverless and loadless.
  Run report_route_status for detailed report.
  Number of Failed Nets               = 0
    (Failed Nets is the sum of unrouted and partially routed nets)
  Number of Unrouted Nets             = 0
  Number of Partially Routed Nets     = 0
  Number of Node Overlaps             = 0


--GLOBAL Congestion:
Utilization threshold used for congestion level computation: 0.85
Congestion Report
North Dir 1x1 Area, Max Cong = 89.1892%, Congestion bounded by tiles (Lower Left Tile -> Upper Right Tile):
   INT_R_X7Y40 -> INT_R_X7Y40
South Dir 1x1 Area, Max Cong = 59.4595%, No Congested Regions.
East Dir 1x1 Area, Max Cong = 80.8824%, No Congested Regions.
West Dir 1x1 Area, Max Cong = 69.1176%, No Congested Regions.

------------------------------
Reporting congestion hotspots
------------------------------
Direction: North
----------------
Congested clusters found at Level 0
Effective congestion level: 0 Aspect Ratio: 1 Sparse Ratio: 1
Direction: South
----------------
Congested clusters found at Level 0
Effective congestion level: 0 Aspect Ratio: 1 Sparse Ratio: 0
Direction: East
----------------
Congested clusters found at Level 0
Effective congestion level: 0 Aspect Ratio: 1 Sparse Ratio: 0
Direction: West
----------------
Congested clusters found at Level 0
Effective congestion level: 0 Aspect Ratio: 1 Sparse Ratio: 0

Phase 9 Route finalize | Checksum: fa5ab37d

Time (s): cpu = 00:01:14 ; elapsed = 00:00:47 . Memory (MB): peak = 3394.621 ; gain = 0.000 ; free physical = 725517 ; free virtual = 748601

Phase 10 Verifying routed nets

 Verification completed successfully
Phase 10 Verifying routed nets | Checksum: fa5ab37d

Time (s): cpu = 00:01:14 ; elapsed = 00:00:47 . Memory (MB): peak = 3394.621 ; gain = 0.000 ; free physical = 725517 ; free virtual = 748601

Phase 11 Depositing Routes
Phase 11 Depositing Routes | Checksum: 18c312de1

Time (s): cpu = 00:01:15 ; elapsed = 00:00:47 . Memory (MB): peak = 3394.621 ; gain = 0.000 ; free physical = 725517 ; free virtual = 748601

Phase 12 Incr Placement Change
Netlist sorting complete. Time (s): cpu = 00:00:00 ; elapsed = 00:00:00 . Memory (MB): peak = 3394.621 ; gain = 0.000 ; free physical = 725517 ; free virtual = 748601
INFO: [Place 30-746] Post Placement Timing Summary WNS=-4.838. For the most accurate timing information please run report_timing.
Ending IncrPlace Task | Checksum: 15c855c8d

Time (s): cpu = 00:00:11 ; elapsed = 00:00:09 . Memory (MB): peak = 3394.621 ; gain = 0.000 ; free physical = 725408 ; free virtual = 748483
Phase 12 Incr Placement Change | Checksum: 15c855c8d

Time (s): cpu = 00:01:26 ; elapsed = 00:00:56 . Memory (MB): peak = 3394.621 ; gain = 0.000 ; free physical = 725408 ; free virtual = 748483

Phase 13 Build RT Design
Checksum: PlaceDB: 2586ea7e ConstDB: 0 ShapeSum: ed6da3b9 RouteDB: 4990ce56
Post Restoration Checksum: NetGraph: 6729942 | NumContArr: cfdc7951 | Constraints: c2a8fa9d | Timing: c2a8fa9d
Phase 13 Build RT Design | Checksum: 25ba107cd

Time (s): cpu = 00:01:28 ; elapsed = 00:00:56 . Memory (MB): peak = 3394.621 ; gain = 0.000 ; free physical = 725407 ; free virtual = 748483

Phase 14 Router Initialization

Phase 14.1 Fix Topology Constraints
Phase 14.1 Fix Topology Constraints | Checksum: 25ba107cd

Time (s): cpu = 00:01:28 ; elapsed = 00:00:56 . Memory (MB): peak = 3394.621 ; gain = 0.000 ; free physical = 725407 ; free virtual = 748483

Phase 14.2 Pre Route Cleanup
Phase 14.2 Pre Route Cleanup | Checksum: 2d90b774d

Time (s): cpu = 00:01:28 ; elapsed = 00:00:56 . Memory (MB): peak = 3394.621 ; gain = 0.000 ; free physical = 725407 ; free virtual = 748483
 Number of Nodes with overlaps = 0

Phase 14.3 Update Timing
Phase 14.3 Update Timing | Checksum: 20bfcba7f

Time (s): cpu = 00:01:31 ; elapsed = 00:00:57 . Memory (MB): peak = 3394.621 ; gain = 0.000 ; free physical = 725351 ; free virtual = 748426
INFO: [Route 35-416] Intermediate Timing Summary | WNS=-4.889 | TNS=-14270.040| WHS=-0.227 | THS=-100.545|


Router Utilization Summary
  Global Vertical Routing Utilization    = 1.20264 %
  Global Horizontal Routing Utilization  = 1.16077 %
  Routable Net Status*
  *Does not include unroutable nets such as driverless and loadless.
  Run report_route_status for detailed report.
  Number of Failed Nets               = 138
    (Failed Nets is the sum of unrouted and partially routed nets)
  Number of Unrouted Nets             = 38
  Number of Partially Routed Nets     = 100
  Number of Node Overlaps             = 0

Phase 14 Router Initialization | Checksum: 2a26685db

Time (s): cpu = 00:01:33 ; elapsed = 00:00:58 . Memory (MB): peak = 3394.621 ; gain = 0.000 ; free physical = 725338 ; free virtual = 748413

Phase 15 Global Routing
Phase 15 Global Routing | Checksum: 2a26685db

Time (s): cpu = 00:01:33 ; elapsed = 00:00:58 . Memory (MB): peak = 3394.621 ; gain = 0.000 ; free physical = 725338 ; free virtual = 748413

Phase 16 Initial Routing

Phase 16.1 Initial Net Routing Pass
Phase 16.1 Initial Net Routing Pass | Checksum: 211bea5b6

Time (s): cpu = 00:01:33 ; elapsed = 00:00:58 . Memory (MB): peak = 3394.621 ; gain = 0.000 ; free physical = 725318 ; free virtual = 748393
Phase 16 Initial Routing | Checksum: 211bea5b6

Time (s): cpu = 00:01:33 ; elapsed = 00:00:58 . Memory (MB): peak = 3394.621 ; gain = 0.000 ; free physical = 725317 ; free virtual = 748393
INFO: [Route 35-580] Design has 1730 pins with tight setup and hold constraints.

The top 5 pins with tight setup and hold constraints:

+====================+===================+===========================+
| Launch Setup Clock | Launch Hold Clock | Pin                       |
+====================+===================+===========================+
| clk                | clk               | cpu/mem_do_rinst_reg/D    |
| clk                | clk               | cpu/latched_is_lb_reg/D   |
| clk                | clk               | cpu/latched_is_lu_reg/D   |
| clk                | clk               | cpu/latched_is_lh_reg/D   |
| clk                | clk               | cpu/mem_do_prefetch_reg/D |
+--------------------+-------------------+---------------------------+

File with complete list of pins: tight_setup_hold_pins.txt


Phase 17 Rip-up And Reroute

Phase 17.1 Global Iteration 0
 Number of Nodes with overlaps = 234
 Number of Nodes with overlaps = 115
 Number of Nodes with overlaps = 72
 Number of Nodes with overlaps = 56
 Number of Nodes with overlaps = 40
 Number of Nodes with overlaps = 33
 Number of Nodes with overlaps = 19
 Number of Nodes with overlaps = 12
 Number of Nodes with overlaps = 6
 Number of Nodes with overlaps = 5
 Number of Nodes with overlaps = 10
 Number of Nodes with overlaps = 12
 Number of Nodes with overlaps = 8
 Number of Nodes with overlaps = 7
 Number of Nodes with overlaps = 3
 Number of Nodes with overlaps = 3
 Number of Nodes with overlaps = 4
 Number of Nodes with overlaps = 4
 Number of Nodes with overlaps = 4
 Number of Nodes with overlaps = 2
 Number of Nodes with overlaps = 4
 Number of Nodes with overlaps = 2
 Number of Nodes with overlaps = 2
 Number of Nodes with overlaps = 1
 Number of Nodes with overlaps = 0
INFO: [Route 35-416] Intermediate Timing Summary | WNS=-4.945 | TNS=-14209.504| WHS=N/A    | THS=N/A    |

Phase 17.1 Global Iteration 0 | Checksum: 1eabfcbd8

Time (s): cpu = 00:01:45 ; elapsed = 00:01:05 . Memory (MB): peak = 3394.621 ; gain = 0.000 ; free physical = 727960 ; free virtual = 751027

Phase 17.2 Global Iteration 1
 Number of Nodes with overlaps = 62
 Number of Nodes with overlaps = 127
 Number of Nodes with overlaps = 11
 Number of Nodes with overlaps = 6
 Number of Nodes with overlaps = 2
 Number of Nodes with overlaps = 1
 Number of Nodes with overlaps = 0
INFO: [Route 35-416] Intermediate Timing Summary | WNS=-5.537 | TNS=-14454.550| WHS=N/A    | THS=N/A    |

Phase 17.2 Global Iteration 1 | Checksum: 256a83ca6

Time (s): cpu = 00:01:51 ; elapsed = 00:01:10 . Memory (MB): peak = 3394.621 ; gain = 0.000 ; free physical = 727635 ; free virtual = 750703
Phase 17 Rip-up And Reroute | Checksum: 256a83ca6

Time (s): cpu = 00:01:51 ; elapsed = 00:01:10 . Memory (MB): peak = 3394.621 ; gain = 0.000 ; free physical = 727636 ; free virtual = 750703

Phase 18 Delay and Skew Optimization

Phase 18.1 Delay CleanUp

Phase 18.1.1 Update Timing
Phase 18.1.1 Update Timing | Checksum: 1dd4ebec1

Time (s): cpu = 00:01:52 ; elapsed = 00:01:10 . Memory (MB): peak = 3394.621 ; gain = 0.000 ; free physical = 727511 ; free virtual = 750578
INFO: [Route 35-416] Intermediate Timing Summary | WNS=-4.858 | TNS=-13634.457| WHS=N/A    | THS=N/A    |

 Number of Nodes with overlaps = 0
Phase 18.1 Delay CleanUp | Checksum: 2949f6e64

Time (s): cpu = 00:01:54 ; elapsed = 00:01:10 . Memory (MB): peak = 3394.621 ; gain = 0.000 ; free physical = 727495 ; free virtual = 750562

Phase 18.2 Clock Skew Optimization
Phase 18.2 Clock Skew Optimization | Checksum: 2949f6e64

Time (s): cpu = 00:01:54 ; elapsed = 00:01:10 . Memory (MB): peak = 3394.621 ; gain = 0.000 ; free physical = 727493 ; free virtual = 750560
Phase 18 Delay and Skew Optimization | Checksum: 2949f6e64

Time (s): cpu = 00:01:54 ; elapsed = 00:01:10 . Memory (MB): peak = 3394.621 ; gain = 0.000 ; free physical = 727493 ; free virtual = 750560

Phase 19 Post Hold Fix

Phase 19.1 Hold Fix Iter
INFO: [Route 35-416] Intermediate Timing Summary | WNS=-4.858 | TNS=-13633.475| WHS=0.052  | THS=0.000  |

Phase 19.1 Hold Fix Iter | Checksum: 2654ad91a

Time (s): cpu = 00:01:55 ; elapsed = 00:01:10 . Memory (MB): peak = 3394.621 ; gain = 0.000 ; free physical = 727467 ; free virtual = 750535
Phase 19 Post Hold Fix | Checksum: 2654ad91a

Time (s): cpu = 00:01:55 ; elapsed = 00:01:10 . Memory (MB): peak = 3394.621 ; gain = 0.000 ; free physical = 727467 ; free virtual = 750535

Phase 20 Timing Verification

Phase 20.1 Update Timing
Phase 20.1 Update Timing | Checksum: 2654ad91a

Time (s): cpu = 00:01:55 ; elapsed = 00:01:11 . Memory (MB): peak = 3394.621 ; gain = 0.000 ; free physical = 727344 ; free virtual = 750412
INFO: [Route 35-416] Intermediate Timing Summary | WNS=-4.858 | TNS=-13633.475| WHS=0.052  | THS=0.000  |

Phase 20 Timing Verification | Checksum: 2654ad91a

Time (s): cpu = 00:01:55 ; elapsed = 00:01:11 . Memory (MB): peak = 3394.621 ; gain = 0.000 ; free physical = 727345 ; free virtual = 750412

Phase 21 Route finalize

Router Utilization Summary
  Global Vertical Routing Utilization    = 1.21548 %
  Global Horizontal Routing Utilization  = 1.16951 %
  Routable Net Status*
  *Does not include unroutable nets such as driverless and loadless.
  Run report_route_status for detailed report.
  Number of Failed Nets               = 0
    (Failed Nets is the sum of unrouted and partially routed nets)
  Number of Unrouted Nets             = 0
  Number of Partially Routed Nets     = 0
  Number of Node Overlaps             = 0


--GLOBAL Congestion:
Utilization threshold used for congestion level computation: 0.85
Congestion Report
North Dir 1x1 Area, Max Cong = 93.6937%, Congestion bounded by tiles (Lower Left Tile -> Upper Right Tile):
   INT_R_X7Y40 -> INT_R_X7Y40
South Dir 1x1 Area, Max Cong = 62.1622%, No Congested Regions.
East Dir 1x1 Area, Max Cong = 80.8824%, No Congested Regions.
West Dir 1x1 Area, Max Cong = 70.5882%, No Congested Regions.

------------------------------
Reporting congestion hotspots
------------------------------
Direction: North
----------------
Congested clusters found at Level 0
Effective congestion level: 0 Aspect Ratio: 1 Sparse Ratio: 1
Direction: South
----------------
Congested clusters found at Level 0
Effective congestion level: 0 Aspect Ratio: 1 Sparse Ratio: 0
Direction: East
----------------
Congested clusters found at Level 0
Effective congestion level: 0 Aspect Ratio: 1 Sparse Ratio: 0
Direction: West
----------------
Congested clusters found at Level 0
Effective congestion level: 0 Aspect Ratio: 1 Sparse Ratio: 0

Phase 21 Route finalize | Checksum: 2654ad91a

Time (s): cpu = 00:01:56 ; elapsed = 00:01:11 . Memory (MB): peak = 3394.621 ; gain = 0.000 ; free physical = 727345 ; free virtual = 750412

Phase 22 Verifying routed nets

 Verification completed successfully
Phase 22 Verifying routed nets | Checksum: 2654ad91a

Time (s): cpu = 00:01:56 ; elapsed = 00:01:11 . Memory (MB): peak = 3394.621 ; gain = 0.000 ; free physical = 727345 ; free virtual = 750413

Phase 23 Depositing Routes
Phase 23 Depositing Routes | Checksum: 1dc8833c8

Time (s): cpu = 00:01:56 ; elapsed = 00:01:11 . Memory (MB): peak = 3394.621 ; gain = 0.000 ; free physical = 727337 ; free virtual = 750404

Phase 24 Post Process Routing
Phase 24 Post Process Routing | Checksum: 1dc8833c8

Time (s): cpu = 00:01:56 ; elapsed = 00:01:11 . Memory (MB): peak = 3394.621 ; gain = 0.000 ; free physical = 727337 ; free virtual = 750405

Phase 25 Post Router Timing
INFO: [Route 35-20] Post Routing Timing Summary | WNS=-4.854 | TNS=-7623.476| WHS=0.052  | THS=0.000  |

Phase 25 Post Router Timing | Checksum: 283c4bb93

Time (s): cpu = 00:01:58 ; elapsed = 00:01:12 . Memory (MB): peak = 3394.621 ; gain = 0.000 ; free physical = 727332 ; free virtual = 750399
CRITICAL WARNING: [Route 35-39] The design did not meet timing requirements. Please run report_timing_summary for detailed reports.
Resolution: Verify that the timing was met or had small violations at all previous steps (synthesis, placement, power_opt, and phys_opt). Run report_timing_summary and analyze individual timing paths.
INFO: [Route 35-253] TNS is the sum of the worst slack violation on every endpoint in the design. Review the paths with the biggest WNS violations in the timing reports and modify your constraints or your design to improve both WNS and TNS.
Total Elapsed time in route_design: 71.72 secs

Phase 26 Post-Route Event Processing
Phase 26 Post-Route Event Processing | Checksum: 1818cca25

Time (s): cpu = 00:01:59 ; elapsed = 00:01:12 . Memory (MB): peak = 3394.621 ; gain = 0.000 ; free physical = 727332 ; free virtual = 750399
INFO: [Route 35-16] Router Completed Successfully
Ending Routing Task | Checksum: 1818cca25

Time (s): cpu = 00:01:59 ; elapsed = 00:01:12 . Memory (MB): peak = 3394.621 ; gain = 0.000 ; free physical = 727332 ; free virtual = 750400

Routing Is Done.
INFO: [Common 17-83] Releasing license: Implementation
533 Infos, 216 Warnings, 2 Critical Warnings and 0 Errors encountered.
route_design completed successfully
route_design: Time (s): cpu = 00:01:59 ; elapsed = 00:01:12 . Memory (MB): peak = 3394.621 ; gain = 0.000 ; free physical = 727332 ; free virtual = 750400
Copyright 1986-2022 Xilinx, Inc. All Rights Reserved. Copyright 2022-2024 Advanced Micro Devices, Inc. All Rights Reserved.
---------------------------------------------------------------------------------------------------------------------------------------------
| Tool Version : Vivado v.2024.2 (lin64) Build 5239630 Fri Nov 08 22:34:34 MST 2024
| Date         : Thu May 28 15:00:46 2026
| Host         : naouna.ims.bordeaux running 64-bit Red Hat Enterprise Linux release 8.10 (Ootpa)
| Command      : report_utilization
| Design       : picorv32_soc_top
| Device       : xc7a100tcsg324-1
| Speed File   : -1
| Design State : Routed
---------------------------------------------------------------------------------------------------------------------------------------------

Utilization Design Information

Table of Contents
-----------------
1. Slice Logic
1.1 Summary of Registers by Type
2. Slice Logic Distribution
3. Memory
4. DSP
5. IO and GT Specific
6. Clocking
7. Specific Feature
8. Primitives
9. Black Boxes
10. Instantiated Netlists

1. Slice Logic
--------------

+----------------------------+------+-------+------------+-----------+-------+
|          Site Type         | Used | Fixed | Prohibited | Available | Util% |
+----------------------------+------+-------+------------+-----------+-------+
| Slice LUTs                 | 2365 |     0 |          0 |     63400 |  3.73 |
|   LUT as Logic             | 1809 |     0 |          0 |     63400 |  2.85 |
|   LUT as Memory            |  556 |     0 |          0 |     19000 |  2.93 |
|     LUT as Distributed RAM |  556 |     0 |            |           |       |
|     LUT as Shift Register  |    0 |     0 |            |           |       |
| Slice Registers            |  933 |     0 |          0 |    126800 |  0.74 |
|   Register as Flip Flop    |  933 |     0 |          0 |    126800 |  0.74 |
|   Register as Latch        |    0 |     0 |          0 |    126800 |  0.00 |
| F7 Muxes                   |  256 |     0 |          0 |     31700 |  0.81 |
| F8 Muxes                   |  128 |     0 |          0 |     15850 |  0.81 |
+----------------------------+------+-------+------------+-----------+-------+
* Warning! LUT value is adjusted to account for LUT combining.


1.1 Summary of Registers by Type
--------------------------------

+-------+--------------+-------------+--------------+
| Total | Clock Enable | Synchronous | Asynchronous |
+-------+--------------+-------------+--------------+
| 0     |            _ |           - |            - |
| 0     |            _ |           - |          Set |
| 0     |            _ |           - |        Reset |
| 0     |            _ |         Set |            - |
| 0     |            _ |       Reset |            - |
| 0     |          Yes |           - |            - |
| 0     |          Yes |           - |          Set |
| 0     |          Yes |           - |        Reset |
| 29    |          Yes |         Set |            - |
| 904   |          Yes |       Reset |            - |
+-------+--------------+-------------+--------------+


2. Slice Logic Distribution
---------------------------

+--------------------------------------------+------+-------+------------+-----------+-------+
|                  Site Type                 | Used | Fixed | Prohibited | Available | Util% |
+--------------------------------------------+------+-------+------------+-----------+-------+
| Slice                                      |  678 |     0 |          0 |     15850 |  4.28 |
|   SLICEL                                   |  453 |     0 |            |           |       |
|   SLICEM                                   |  225 |     0 |            |           |       |
| LUT as Logic                               | 1809 |     0 |          0 |     63400 |  2.85 |
|   using O5 output only                     |   11 |       |            |           |       |
|   using O6 output only                     | 1701 |       |            |           |       |
|   using O5 and O6                          |   97 |       |            |           |       |
| LUT as Memory                              |  556 |     0 |          0 |     19000 |  2.93 |
|   LUT as Distributed RAM                   |  556 |     0 |            |           |       |
|     using O5 output only                   |    0 |       |            |           |       |
|     using O6 output only                   |  512 |       |            |           |       |
|     using O5 and O6                        |   44 |       |            |           |       |
|   LUT as Shift Register                    |    0 |     0 |            |           |       |
|     using O5 output only                   |    0 |       |            |           |       |
|     using O6 output only                   |    0 |       |            |           |       |
|     using O5 and O6                        |    0 |       |            |           |       |
| Slice Registers                            |  933 |     0 |          0 |    126800 |  0.74 |
|   Register driven from within the Slice    |  708 |       |            |           |       |
|   Register driven from outside the Slice   |  225 |       |            |           |       |
|     LUT in front of the register is unused |   32 |       |            |           |       |
|     LUT in front of the register is used   |  193 |       |            |           |       |
| Unique Control Sets                        |   49 |       |          0 |     15850 |  0.31 |
+--------------------------------------------+------+-------+------------+-----------+-------+
* * Note: Available Control Sets calculated as Slice * 1, Review the Control Sets Report for more information regarding control sets.


3. Memory
---------

+----------------+------+-------+------------+-----------+-------+
|    Site Type   | Used | Fixed | Prohibited | Available | Util% |
+----------------+------+-------+------------+-----------+-------+
| Block RAM Tile |    0 |     0 |          0 |       135 |  0.00 |
|   RAMB36/FIFO* |    0 |     0 |          0 |       135 |  0.00 |
|   RAMB18       |    0 |     0 |          0 |       270 |  0.00 |
+----------------+------+-------+------------+-----------+-------+
* Note: Each Block RAM Tile only has one FIFO logic available and therefore can accommodate only one FIFO36E1 or one FIFO18E1. However, if a FIFO18E1 occupies a Block RAM Tile, that tile can still accommodate a RAMB18E1


4. DSP
------

+----------------+------+-------+------------+-----------+-------+
|    Site Type   | Used | Fixed | Prohibited | Available | Util% |
+----------------+------+-------+------------+-----------+-------+
| DSPs           |    4 |     0 |          0 |       240 |  1.67 |
|   DSP48E1 only |    4 |       |            |           |       |
+----------------+------+-------+------------+-----------+-------+


5. IO and GT Specific
---------------------

+-----------------------------+------+-------+------------+-----------+-------+
|          Site Type          | Used | Fixed | Prohibited | Available | Util% |
+-----------------------------+------+-------+------------+-----------+-------+
| Bonded IOB                  |    3 |     0 |          0 |       210 |  1.43 |
|   IOB Master Pads           |    1 |       |            |           |       |
|   IOB Slave Pads            |    1 |       |            |           |       |
| Bonded IPADs                |    0 |     0 |          0 |         2 |  0.00 |
| PHY_CONTROL                 |    0 |     0 |          0 |         6 |  0.00 |
| PHASER_REF                  |    0 |     0 |          0 |         6 |  0.00 |
| OUT_FIFO                    |    0 |     0 |          0 |        24 |  0.00 |
| IN_FIFO                     |    0 |     0 |          0 |        24 |  0.00 |
| IDELAYCTRL                  |    0 |     0 |          0 |         6 |  0.00 |
| IBUFDS                      |    0 |     0 |          0 |       202 |  0.00 |
| PHASER_OUT/PHASER_OUT_PHY   |    0 |     0 |          0 |        24 |  0.00 |
| PHASER_IN/PHASER_IN_PHY     |    0 |     0 |          0 |        24 |  0.00 |
| IDELAYE2/IDELAYE2_FINEDELAY |    0 |     0 |          0 |       300 |  0.00 |
| ILOGIC                      |    0 |     0 |          0 |       210 |  0.00 |
| OLOGIC                      |    0 |     0 |          0 |       210 |  0.00 |
+-----------------------------+------+-------+------------+-----------+-------+


6. Clocking
-----------

+------------+------+-------+------------+-----------+-------+
|  Site Type | Used | Fixed | Prohibited | Available | Util% |
+------------+------+-------+------------+-----------+-------+
| BUFGCTRL   |    1 |     0 |          0 |        32 |  3.13 |
| BUFIO      |    0 |     0 |          0 |        24 |  0.00 |
| MMCME2_ADV |    0 |     0 |          0 |         6 |  0.00 |
| PLLE2_ADV  |    0 |     0 |          0 |         6 |  0.00 |
| BUFMRCE    |    0 |     0 |          0 |        12 |  0.00 |
| BUFHCE     |    0 |     0 |          0 |        96 |  0.00 |
| BUFR       |    0 |     0 |          0 |        24 |  0.00 |
+------------+------+-------+------------+-----------+-------+


7. Specific Feature
-------------------

+-------------+------+-------+------------+-----------+-------+
|  Site Type  | Used | Fixed | Prohibited | Available | Util% |
+-------------+------+-------+------------+-----------+-------+
| BSCANE2     |    0 |     0 |          0 |         4 |  0.00 |
| CAPTUREE2   |    0 |     0 |          0 |         1 |  0.00 |
| DNA_PORT    |    0 |     0 |          0 |         1 |  0.00 |
| EFUSE_USR   |    0 |     0 |          0 |         1 |  0.00 |
| FRAME_ECCE2 |    0 |     0 |          0 |         1 |  0.00 |
| ICAPE2      |    0 |     0 |          0 |         2 |  0.00 |
| PCIE_2_1    |    0 |     0 |          0 |         1 |  0.00 |
| STARTUPE2   |    0 |     0 |          0 |         1 |  0.00 |
| XADC        |    0 |     0 |          0 |         1 |  0.00 |
+-------------+------+-------+------------+-----------+-------+


8. Primitives
-------------

+----------+------+---------------------+
| Ref Name | Used | Functional Category |
+----------+------+---------------------+
| FDRE     |  904 |        Flop & Latch |
| LUT6     |  616 |                 LUT |
| RAMS64E  |  512 |  Distributed Memory |
| LUT4     |  447 |                 LUT |
| LUT5     |  277 |                 LUT |
| MUXF7    |  256 |               MuxFx |
| LUT2     |  237 |                 LUT |
| LUT3     |  194 |                 LUT |
| CARRY4   |  151 |          CarryLogic |
| LUT1     |  135 |                 LUT |
| MUXF8    |  128 |               MuxFx |
| RAMD32   |   68 |  Distributed Memory |
| FDSE     |   29 |        Flop & Latch |
| RAMS32   |   20 |  Distributed Memory |
| DSP48E1  |    4 |    Block Arithmetic |
| IBUF     |    2 |                  IO |
| OBUF     |    1 |                  IO |
| BUFG     |    1 |               Clock |
+----------+------+---------------------+


9. Black Boxes
--------------

+----------+------+
| Ref Name | Used |
+----------+------+


10. Instantiated Netlists
-------------------------

+----------+------+
| Ref Name | Used |
+----------+------+


Copyright 1986-2022 Xilinx, Inc. All Rights Reserved. Copyright 2022-2024 Advanced Micro Devices, Inc. All Rights Reserved.
---------------------------------------------------------------------------------------------------------------------------------------------
| Tool Version : Vivado v.2024.2 (lin64) Build 5239630 Fri Nov 08 22:34:34 MST 2024
| Date         : Thu May 28 15:00:46 2026
| Host         : naouna.ims.bordeaux running 64-bit Red Hat Enterprise Linux release 8.10 (Ootpa)
| Command      : report_utilization -hierarchical
| Design       : picorv32_soc_top
| Device       : xc7a100tcsg324-1
| Speed File   : -1
| Design State : Routed
---------------------------------------------------------------------------------------------------------------------------------------------

Utilization Design Information

Table of Contents
-----------------
1. Utilization by Hierarchy

1. Utilization by Hierarchy
---------------------------

+------------------+--------+------------+------------+---------+------+-----+--------+--------+------------+
|     Instance     | Module | Total LUTs | Logic LUTs | LUTRAMs | SRLs | FFs | RAMB36 | RAMB18 | DSP Blocks |
+------------------+--------+------------+------------+---------+------+-----+--------+--------+------------+
| picorv32_soc_top |  (top) |       2365 |       1809 |     556 |    0 | 933 |      0 |      0 |          4 |
+------------------+--------+------------+------------+---------+------+-----+--------+--------+------------+
* Note: The sum of lower-level cells may be larger than their parent cells total, due to cross-hierarchy LUT combining


INFO: [Timing 38-91] UpdateTimingParams: Speed grade: -1, Delay Type: max.
INFO: [Timing 38-191] Multithreading enabled for timing update using a maximum of 8 CPUs
INFO: [Timing 38-78] ReportTimingParams: -max_paths 1 -nworst 1 -delay_type max -sort_by slack.
Copyright 1986-2022 Xilinx, Inc. All Rights Reserved. Copyright 2022-2024 Advanced Micro Devices, Inc. All Rights Reserved.
---------------------------------------------------------------------------------------------------------------------------------------------
| Tool Version : Vivado v.2024.2 (lin64) Build 5239630 Fri Nov 08 22:34:34 MST 2024
| Date         : Thu May 28 15:00:47 2026
| Host         : naouna.ims.bordeaux running 64-bit Red Hat Enterprise Linux release 8.10 (Ootpa)
| Command      : report_timing
| Design       : picorv32_soc_top
| Device       : 7a100t-csg324
| Speed File   : -1  PRODUCTION 1.23 2018-06-13
| Design State : Routed
---------------------------------------------------------------------------------------------------------------------------------------------

Timing Report

Slack (VIOLATED) :        -4.854ns  (required time - arrival time)
  Source:                 cpu/latched_store_reg/C
                            (rising edge-triggered cell FDRE clocked by clk  {rise@0.000ns fall@1.000ns period=2.000ns})
  Destination:            cpu/mem_rdata_q_reg[13]/CE
                            (rising edge-triggered cell FDRE clocked by clk  {rise@0.000ns fall@1.000ns period=2.000ns})
  Path Group:             clk
  Path Type:              Setup (Max at Slow Process Corner)
  Requirement:            2.000ns  (clk rise@2.000ns - clk rise@0.000ns)
  Data Path Delay:        6.573ns  (logic 1.386ns (21.086%)  route 5.187ns (78.914%))
  Logic Levels:           7  (LUT3=1 LUT4=2 LUT5=1 LUT6=3)
  Clock Path Skew:        -0.040ns (DCD - SCD + CPR)
    Destination Clock Delay (DCD):    4.505ns = ( 6.505 - 2.000 ) 
    Source Clock Delay      (SCD):    4.877ns
    Clock Pessimism Removal (CPR):    0.331ns
  Clock Uncertainty:      0.035ns  ((TSJ^2 + TIJ^2)^1/2 + DJ) / 2 + PE
    Total System Jitter     (TSJ):    0.071ns
    Total Input Jitter      (TIJ):    0.000ns
    Discrete Jitter          (DJ):    0.000ns
    Phase Error              (PE):    0.000ns

    Location             Delay type                Incr(ns)  Path(ns)    Netlist Resource(s)
  -------------------------------------------------------------------    -------------------
                         (clock clk rise edge)        0.000     0.000 r  
    N15                                               0.000     0.000 r  clk (IN)
                         net (fo=0)                   0.000     0.000    clk
    N15                  IBUF (Prop_ibuf_I_O)         0.948     0.948 r  clk_IBUF_inst/O
                         net (fo=1, routed)           2.016     2.963    clk_IBUF
    BUFGCTRL_X0Y0        BUFG (Prop_bufg_I_O)         0.096     3.059 r  clk_IBUF_BUFG_inst/O
                         net (fo=1537, routed)        1.817     4.877    clk_IBUF_BUFG
    SLICE_X14Y42         FDRE                                         r  cpu/latched_store_reg/C
  -------------------------------------------------------------------    -------------------
    SLICE_X14Y42         FDRE (Prop_fdre_C_Q)         0.518     5.395 r  cpu/latched_store_reg/Q
                         net (fo=66, routed)          0.632     6.026    cpu/latched_store_reg_n_0
    SLICE_X13Y42         LUT4 (Prop_lut4_I1_O)        0.124     6.150 r  mem_rdata_q[6]_i_4/O
                         net (fo=2, routed)           0.585     6.735    mem_rdata_q[6]_i_4_n_0
    SLICE_X13Y43         LUT6 (Prop_lut6_I3_O)        0.124     6.859 r  mem_rdata_q[6]_i_1/O
                         net (fo=59, routed)          0.699     7.558    cpu/mem_xfer
    SLICE_X14Y44         LUT6 (Prop_lut6_I5_O)        0.124     7.682 f  mem_rdata_q[0]_i_2/O
                         net (fo=6, routed)           0.620     8.302    mem_rdata_q[0]_i_2_n_0
    SLICE_X13Y44         LUT4 (Prop_lut4_I1_O)        0.124     8.426 r  compressed_instr_i_1/O
                         net (fo=43, routed)          0.831     9.256    compressed_instr_i_1_n_0
    SLICE_X13Y48         LUT6 (Prop_lut6_I1_O)        0.124     9.380 r  mem_rdata_q[24]_i_5/O
                         net (fo=15, routed)          0.697    10.077    cpu/mem_rdata_q160_out
    SLICE_X9Y47          LUT3 (Prop_lut3_I0_O)        0.124    10.201 r  mem_rdata_q[31]_i_3/O
                         net (fo=1, routed)           0.634    10.835    mem_rdata_q[31]_i_3_n_0
    SLICE_X9Y46          LUT5 (Prop_lut5_I0_O)        0.124    10.959 r  mem_rdata_q[31]_i_1/O
                         net (fo=10, routed)          0.490    11.450    mem_rdata_q[31]_i_1_n_0
    SLICE_X9Y45          FDRE                                         r  cpu/mem_rdata_q_reg[13]/CE
  -------------------------------------------------------------------    -------------------

                         (clock clk rise edge)        2.000     2.000 r  
    N15                                               0.000     2.000 r  clk (IN)
                         net (fo=0)                   0.000     2.000    clk
    N15                  IBUF (Prop_ibuf_I_O)         0.814     2.814 r  clk_IBUF_inst/O
                         net (fo=1, routed)           1.911     4.725    clk_IBUF
    BUFGCTRL_X0Y0        BUFG (Prop_bufg_I_O)         0.091     4.816 r  clk_IBUF_BUFG_inst/O
                         net (fo=1537, routed)        1.689     6.505    clk_IBUF_BUFG
    SLICE_X9Y45          FDRE                                         r  cpu/mem_rdata_q_reg[13]/C
                         clock pessimism              0.331     6.837    
                         clock uncertainty           -0.035     6.801    
    SLICE_X9Y45          FDRE (Setup_fdre_C_CE)      -0.205     6.596    cpu/mem_rdata_q_reg[13]
  -------------------------------------------------------------------
                         required time                          6.596    
                         arrival time                         -11.450    
  -------------------------------------------------------------------
                         slack                                 -4.854    




Command: report_power
Running Vector-less Activity Propagation...

Finished Running Vector-less Activity Propagation
Copyright 1986-2022 Xilinx, Inc. All Rights Reserved. Copyright 2022-2024 Advanced Micro Devices, Inc. All Rights Reserved.
-------------------------------------------------------------------------------------------------------------------------------------------------
| Tool Version     : Vivado v.2024.2 (lin64) Build 5239630 Fri Nov 08 22:34:34 MST 2024
| Date             : Thu May 28 15:00:48 2026
| Host             : naouna.ims.bordeaux running 64-bit Red Hat Enterprise Linux release 8.10 (Ootpa)
| Command          : report_power
| Design           : picorv32_soc_top
| Device           : xc7a100tcsg324-1
| Design State     : routed
| Grade            : commercial
| Process          : typical
| Characterization : Production
-------------------------------------------------------------------------------------------------------------------------------------------------

Power Report

Table of Contents
-----------------
1. Summary
1.1 On-Chip Components
1.2 Power Supply Summary
1.3 Confidence Level
2. Settings
2.1 Environment
2.2 Clock Constraints
3. Detailed Reports
3.1 By Hierarchy

1. Summary
----------

+--------------------------+--------------+
| Total On-Chip Power (W)  | 0.246        |
| Design Power Budget (W)  | Unspecified* |
| Power Budget Margin (W)  | NA           |
| Dynamic (W)              | 0.154        |
| Device Static (W)        | 0.092        |
| Effective TJA (C/W)      | 4.6          |
| Max Ambient (C)          | 83.9         |
| Junction Temperature (C) | 26.1         |
| Confidence Level         | Medium       |
| Setting File             | ---          |
| Simulation Activity File | ---          |
| Design Nets Matched      | NA           |
+--------------------------+--------------+
* Specify Design Power Budget using, set_operating_conditions -design_power_budget <value in Watts>


1.1 On-Chip Components
----------------------

+--------------------------+-----------+----------+-----------+-----------------+
| On-Chip                  | Power (W) | Used     | Available | Utilization (%) |
+--------------------------+-----------+----------+-----------+-----------------+
| Clocks                   |     0.031 |        3 |       --- |             --- |
| Slice Logic              |     0.036 |     3978 |       --- |             --- |
|   LUT as Logic           |     0.030 |     1809 |     63400 |            2.85 |
|   CARRY4                 |     0.003 |      151 |     15850 |            0.95 |
|   LUT as Distributed RAM |     0.002 |      556 |     19000 |            2.93 |
|   Register               |     0.001 |      933 |    126800 |            0.74 |
|   F7/F8 Muxes            |    <0.001 |      384 |     63400 |            0.61 |
|   Others                 |     0.000 |        4 |       --- |             --- |
| Signals                  |     0.074 |     2761 |       --- |             --- |
| DSPs                     |     0.011 |        4 |       240 |            1.67 |
| I/O                      |     0.002 |        3 |       210 |            1.43 |
| Static Power             |     0.092 |          |           |                 |
| Total                    |     0.246 |          |           |                 |
+--------------------------+-----------+----------+-----------+-----------------+


1.2 Power Supply Summary
------------------------

+-----------+-------------+-----------+-------------+------------+-------------+-------------+------------+
| Source    | Voltage (V) | Total (A) | Dynamic (A) | Static (A) | Powerup (A) | Budget (A)  | Margin (A) |
+-----------+-------------+-----------+-------------+------------+-------------+-------------+------------+
| Vccint    |       1.000 |     0.168 |       0.153 |      0.015 |       NA    | Unspecified | NA         |
| Vccaux    |       1.800 |     0.018 |       0.000 |      0.018 |       NA    | Unspecified | NA         |
| Vcco33    |       3.300 |     0.000 |       0.000 |      0.000 |       NA    | Unspecified | NA         |
| Vcco25    |       2.500 |     0.000 |       0.000 |      0.000 |       NA    | Unspecified | NA         |
| Vcco18    |       1.800 |     0.005 |       0.001 |      0.004 |       NA    | Unspecified | NA         |
| Vcco15    |       1.500 |     0.000 |       0.000 |      0.000 |       NA    | Unspecified | NA         |
| Vcco135   |       1.350 |     0.000 |       0.000 |      0.000 |       NA    | Unspecified | NA         |
| Vcco12    |       1.200 |     0.000 |       0.000 |      0.000 |       NA    | Unspecified | NA         |
| Vccaux_io |       1.800 |     0.000 |       0.000 |      0.000 |       NA    | Unspecified | NA         |
| Vccbram   |       1.000 |     0.000 |       0.000 |      0.000 |       NA    | Unspecified | NA         |
| MGTAVcc   |       1.000 |     0.000 |       0.000 |      0.000 |       NA    | Unspecified | NA         |
| MGTAVtt   |       1.200 |     0.000 |       0.000 |      0.000 |       NA    | Unspecified | NA         |
| Vccadc    |       1.800 |     0.020 |       0.000 |      0.020 |       NA    | Unspecified | NA         |
+-----------+-------------+-----------+-------------+------------+-------------+-------------+------------+


1.3 Confidence Level
--------------------

+-----------------------------+------------+-------------------------------------------------------+------------------------------------------------------------------------------------------------------------+
| User Input Data             | Confidence | Details                                               | Action                                                                                                     |
+-----------------------------+------------+-------------------------------------------------------+------------------------------------------------------------------------------------------------------------+
| Design implementation state | High       | Design is routed                                      |                                                                                                            |
| Clock nodes activity        | High       | User specified more than 95% of clocks                |                                                                                                            |
| I/O nodes activity          | Medium     | More than 5% of inputs are missing user specification | Provide missing input activity with simulation results or by editing the "By Resource Type -> I/Os" view   |
| Internal nodes activity     | Medium     | User specified less than 25% of internal nodes        | Provide missing internal nodes activity with simulation results or by editing the "By Resource Type" views |
| Device models               | High       | Device models are Production                          |                                                                                                            |
|                             |            |                                                       |                                                                                                            |
| Overall confidence level    | Medium     |                                                       |                                                                                                            |
+-----------------------------+------------+-------------------------------------------------------+------------------------------------------------------------------------------------------------------------+


2. Settings
-----------

2.1 Environment
---------------

+-----------------------+--------------------------+
| Ambient Temp (C)      | 25.0                     |
| ThetaJA (C/W)         | 4.6                      |
| Airflow (LFM)         | 250                      |
| Heat Sink             | medium (Medium Profile)  |
| ThetaSA (C/W)         | 4.6                      |
| Board Selection       | medium (10"x10")         |
| # of Board Layers     | 12to15 (12 to 15 Layers) |
| Board Temperature (C) | 25.0                     |
+-----------------------+--------------------------+


2.2 Clock Constraints
---------------------

+-------+--------+-----------------+
| Clock | Domain | Constraint (ns) |
+-------+--------+-----------------+
| clk   | clk    |             2.0 |
+-------+--------+-----------------+


3. Detailed Reports
-------------------

3.1 By Hierarchy
----------------

+------------------+-----------+
| Name             | Power (W) |
+------------------+-----------+
| picorv32_soc_top |     0.154 |
+------------------+-----------+


536 Infos, 216 Warnings, 2 Critical Warnings and 0 Errors encountered.
report_power completed successfully
source /net/users/oelmouden/picorv32/work/custom_freq_synthesis/vivado/xc7a100t-csg324-1/picorv32/rv32imc/500MHz/scripts/exit.tcl -notrace
INFO: [Common 17-206] Exiting Vivado at Thu May 28 15:00:48 2026...
