#-----------------------------------------------------------
# Vivado v2024.2 (64-bit)
# SW Build 5239630 on Fri Nov 08 22:34:34 MST 2024
# IP Build 5239520 on Sun Nov 10 16:12:51 MST 2024
# SharedData Build 5239561 on Fri Nov 08 14:39:27 MST 2024
# Start of session at: Thu May 28 14:52:52 2026
# Process ID         : 1371331
# Current directory  : /net/users/oelmouden/picorv32
# Command line       : vivado -mode tcl -notrace -source /net/users/oelmouden/picorv32/work/custom_freq_synthesis/vivado/xc7a100t-csg324-1/picorv32/rv32im/400MHz/scripts/init_script.tcl -source /net/users/oelmouden/picorv32/work/custom_freq_synthesis/vivado/xc7a100t-csg324-1/picorv32/rv32im/400MHz/scripts/analyze_script.tcl -source /net/users/oelmouden/picorv32/work/custom_freq_synthesis/vivado/xc7a100t-csg324-1/picorv32/rv32im/400MHz/scripts/synth_script.tcl -source /net/users/oelmouden/picorv32/work/custom_freq_synthesis/vivado/xc7a100t-csg324-1/picorv32/rv32im/400MHz/scripts/exit.tcl
# Log file           : /net/users/oelmouden/picorv32/vivado.log
# Journal file       : /net/users/oelmouden/picorv32/vivado.jou
# Running On         : naouna.ims.bordeaux
# Platform           : RedHatEnterprise
# Operating System   : Red Hat Enterprise Linux release 8.10 (Ootpa)
# Processor Detail   : Intel(R) Xeon(R) CPU E5-2670 v3 @ 2.30GHz
# CPU Frequency      : 2657.041 MHz
# CPU Physical cores : 24
# CPU Logical cores  : 48
# Host memory        : 810985 MB
# Swap memory        : 4294 MB
# Total Virtual      : 815280 MB
# Available Virtual  : 786429 MB
#-----------------------------------------------------------
source /net/users/oelmouden/picorv32/work/custom_freq_synthesis/vivado/xc7a100t-csg324-1/picorv32/rv32im/400MHz/scripts/init_script.tcl -notrace
source /net/users/oelmouden/picorv32/work/custom_freq_synthesis/vivado/xc7a100t-csg324-1/picorv32/rv32im/400MHz/scripts/analyze_script.tcl -notrace
<grey>[analyze_script.tcl]<end> <cyan>Verilog/SystemVerilog files:<end>
  - /net/users/oelmouden/picorv32/work/custom_freq_synthesis/vivado/xc7a100t-csg324-1/picorv32/rv32im/400MHz/rtl/picorv32.v
  - /net/users/oelmouden/picorv32/work/custom_freq_synthesis/vivado/xc7a100t-csg324-1/picorv32/rv32im/400MHz/rtl/picorv32_soc_top.v
  - /net/users/oelmouden/picorv32/work/custom_freq_synthesis/vivado/xc7a100t-csg324-1/picorv32/rv32im/400MHz/rtl/picorv32_simple_ram.v
read_verilog: Time (s): cpu = 00:00:09 ; elapsed = 00:00:09 . Memory (MB): peak = 1727.434 ; gain = 26.828 ; free physical = 726471 ; free virtual = 749555
<grey>[analyze_script.tcl]<end> <cyan>VHDL files:<end>
<grey>[analyze_script.tcl]<end> <cyan>note: no vhdl file in source directory<end>
source /net/users/oelmouden/picorv32/work/custom_freq_synthesis/vivado/xc7a100t-csg324-1/picorv32/rv32im/400MHz/scripts/synth_script.tcl -notrace
Command: synth_design -flatten_hierarchy full -part xc7a100t-csg324-1 -top picorv32_soc_top -verilog_define VIVADO
Starting synth_design
Attempting to get a license for feature 'Synthesis' and/or device 'xc7a100t'
INFO: [Common 17-349] Got license for feature 'Synthesis' and/or device 'xc7a100t'
INFO: [Device 21-403] Loading part xc7a100tcsg324-1
INFO: [Synth 8-7079] Multithreading enabled for synth_design using a maximum of 7 processes.
INFO: [Synth 8-7078] Launching helper process for spawning children vivado processes
INFO: [Synth 8-7075] Helper process launched with PID 1371367
---------------------------------------------------------------------------------
Starting RTL Elaboration : Time (s): cpu = 00:00:06 ; elapsed = 00:00:06 . Memory (MB): peak = 2339.461 ; gain = 428.801 ; free physical = 725656 ; free virtual = 748732
---------------------------------------------------------------------------------
INFO: [Synth 8-6157] synthesizing module 'picorv32_soc_top' [/net/users/oelmouden/picorv32/work/custom_freq_synthesis/vivado/xc7a100t-csg324-1/picorv32/rv32im/400MHz/rtl/picorv32_soc_top.v:5]
INFO: [Synth 8-6157] synthesizing module 'picorv32' [/net/users/oelmouden/picorv32/work/custom_freq_synthesis/vivado/xc7a100t-csg324-1/picorv32/rv32im/400MHz/rtl/picorv32.v:62]
	Parameter ENABLE_COUNTERS bound to: 1'b1 
	Parameter ENABLE_COUNTERS64 bound to: 1'b1 
	Parameter ENABLE_REGS_16_31 bound to: 1'b1 
	Parameter ENABLE_REGS_DUALPORT bound to: 1'b1 
	Parameter LATCHED_MEM_RDATA bound to: 1'b0 
	Parameter TWO_STAGE_SHIFT bound to: 1'b1 
	Parameter BARREL_SHIFTER bound to: 1'b0 
	Parameter TWO_CYCLE_COMPARE bound to: 1'b0 
	Parameter TWO_CYCLE_ALU bound to: 1'b0 
	Parameter COMPRESSED_ISA bound to: 1'b0 
	Parameter CATCH_MISALIGN bound to: 1'b1 
	Parameter CATCH_ILLINSN bound to: 1'b1 
	Parameter ENABLE_PCPI bound to: 1'b0 
	Parameter ENABLE_MUL bound to: 1'b1 
	Parameter ENABLE_FAST_MUL bound to: 1'b0 
	Parameter ENABLE_DIV bound to: 1'b1 
	Parameter ENABLE_IRQ bound to: 1'b0 
	Parameter ENABLE_IRQ_QREGS bound to: 1'b1 
	Parameter ENABLE_IRQ_TIMER bound to: 1'b1 
	Parameter ENABLE_TRACE bound to: 1'b0 
	Parameter REGS_INIT_ZERO bound to: 1'b0 
	Parameter MASKED_IRQ bound to: 0 - type: integer 
	Parameter LATCHED_IRQ bound to: -1 - type: integer 
	Parameter PROGADDR_RESET bound to: 0 - type: integer 
	Parameter PROGADDR_IRQ bound to: 16 - type: integer 
	Parameter STACKADDR bound to: -1 - type: integer 
INFO: [Synth 8-6157] synthesizing module 'picorv32_pcpi_mul' [/net/users/oelmouden/picorv32/work/custom_freq_synthesis/vivado/xc7a100t-csg324-1/picorv32/rv32im/400MHz/rtl/picorv32.v:2197]
INFO: [Synth 8-155] case statement is not full and has no default [/net/users/oelmouden/picorv32/work/custom_freq_synthesis/vivado/xc7a100t-csg324-1/picorv32/rv32im/400MHz/rtl/picorv32.v:2228]
INFO: [Synth 8-6155] done synthesizing module 'picorv32_pcpi_mul' (0#1) [/net/users/oelmouden/picorv32/work/custom_freq_synthesis/vivado/xc7a100t-csg324-1/picorv32/rv32im/400MHz/rtl/picorv32.v:2197]
INFO: [Synth 8-6157] synthesizing module 'picorv32_pcpi_div' [/net/users/oelmouden/picorv32/work/custom_freq_synthesis/vivado/xc7a100t-csg324-1/picorv32/rv32im/400MHz/rtl/picorv32.v:2420]
INFO: [Synth 8-155] case statement is not full and has no default [/net/users/oelmouden/picorv32/work/custom_freq_synthesis/vivado/xc7a100t-csg324-1/picorv32/rv32im/400MHz/rtl/picorv32.v:2445]
INFO: [Synth 8-6155] done synthesizing module 'picorv32_pcpi_div' (0#1) [/net/users/oelmouden/picorv32/work/custom_freq_synthesis/vivado/xc7a100t-csg324-1/picorv32/rv32im/400MHz/rtl/picorv32.v:2420]
INFO: [Synth 8-155] case statement is not full and has no default [/net/users/oelmouden/picorv32/work/custom_freq_synthesis/vivado/xc7a100t-csg324-1/picorv32/rv32im/400MHz/rtl/picorv32.v:331]
WARNING: [Synth 8-151] case item 1'b0 is unreachable [/net/users/oelmouden/picorv32/work/custom_freq_synthesis/vivado/xc7a100t-csg324-1/picorv32/rv32im/400MHz/rtl/picorv32.v:1268]
WARNING: [Synth 8-151] case item 1'b0 is unreachable [/net/users/oelmouden/picorv32/work/custom_freq_synthesis/vivado/xc7a100t-csg324-1/picorv32/rv32im/400MHz/rtl/picorv32.v:1314]
INFO: [Synth 8-155] case statement is not full and has no default [/net/users/oelmouden/picorv32/work/custom_freq_synthesis/vivado/xc7a100t-csg324-1/picorv32/rv32im/400MHz/rtl/picorv32.v:1314]
WARNING: [Synth 8-151] case item 1'b0 is unreachable [/net/users/oelmouden/picorv32/work/custom_freq_synthesis/vivado/xc7a100t-csg324-1/picorv32/rv32im/400MHz/rtl/picorv32.v:1497]
INFO: [Synth 8-155] case statement is not full and has no default [/net/users/oelmouden/picorv32/work/custom_freq_synthesis/vivado/xc7a100t-csg324-1/picorv32/rv32im/400MHz/rtl/picorv32.v:1497]
WARNING: [Synth 8-151] case item 1'b0 is unreachable [/net/users/oelmouden/picorv32/work/custom_freq_synthesis/vivado/xc7a100t-csg324-1/picorv32/rv32im/400MHz/rtl/picorv32.v:1583]
WARNING: [Synth 8-151] case item 1'b0 is unreachable [/net/users/oelmouden/picorv32/work/custom_freq_synthesis/vivado/xc7a100t-csg324-1/picorv32/rv32im/400MHz/rtl/picorv32.v:1583]
WARNING: [Synth 8-151] case item 1'b0 is unreachable [/net/users/oelmouden/picorv32/work/custom_freq_synthesis/vivado/xc7a100t-csg324-1/picorv32/rv32im/400MHz/rtl/picorv32.v:1583]
WARNING: [Synth 8-151] case item 1'b0 is unreachable [/net/users/oelmouden/picorv32/work/custom_freq_synthesis/vivado/xc7a100t-csg324-1/picorv32/rv32im/400MHz/rtl/picorv32.v:1583]
WARNING: [Synth 8-151] case item 1'b0 is unreachable [/net/users/oelmouden/picorv32/work/custom_freq_synthesis/vivado/xc7a100t-csg324-1/picorv32/rv32im/400MHz/rtl/picorv32.v:1583]
INFO: [Synth 8-6155] done synthesizing module 'picorv32' (0#1) [/net/users/oelmouden/picorv32/work/custom_freq_synthesis/vivado/xc7a100t-csg324-1/picorv32/rv32im/400MHz/rtl/picorv32.v:62]
INFO: [Synth 8-6157] synthesizing module 'picorv32_simple_ram' [/net/users/oelmouden/picorv32/work/custom_freq_synthesis/vivado/xc7a100t-csg324-1/picorv32/rv32im/400MHz/rtl/picorv32_simple_ram.v:5]
	Parameter MEM_WORDS bound to: 1024 - type: integer 
INFO: [Synth 8-6155] done synthesizing module 'picorv32_simple_ram' (0#1) [/net/users/oelmouden/picorv32/work/custom_freq_synthesis/vivado/xc7a100t-csg324-1/picorv32/rv32im/400MHz/rtl/picorv32_simple_ram.v:5]
INFO: [Synth 8-6155] done synthesizing module 'picorv32_soc_top' (0#1) [/net/users/oelmouden/picorv32/work/custom_freq_synthesis/vivado/xc7a100t-csg324-1/picorv32/rv32im/400MHz/rtl/picorv32_soc_top.v:5]
WARNING: [Synth 8-6014] Unused sequential element pcpi_ready_reg was removed.  [/net/users/oelmouden/picorv32/work/custom_freq_synthesis/vivado/xc7a100t-csg324-1/picorv32/rv32im/400MHz/rtl/picorv32.v:2309]
WARNING: [Synth 8-6014] Unused sequential element pcpi_wr_reg was removed.  [/net/users/oelmouden/picorv32/work/custom_freq_synthesis/vivado/xc7a100t-csg324-1/picorv32/rv32im/400MHz/rtl/picorv32.v:2466]
WARNING: [Synth 8-6014] Unused sequential element mem_la_firstword_reg_reg was removed.  [/net/users/oelmouden/picorv32/work/custom_freq_synthesis/vivado/xc7a100t-csg324-1/picorv32/rv32im/400MHz/rtl/picorv32.v:392]
WARNING: [Synth 8-6014] Unused sequential element last_mem_valid_reg was removed.  [/net/users/oelmouden/picorv32/work/custom_freq_synthesis/vivado/xc7a100t-csg324-1/picorv32/rv32im/400MHz/rtl/picorv32.v:393]
WARNING: [Synth 8-6014] Unused sequential element next_insn_opcode_reg was removed.  [/net/users/oelmouden/picorv32/work/custom_freq_synthesis/vivado/xc7a100t-csg324-1/picorv32/rv32im/400MHz/rtl/picorv32.v:433]
WARNING: [Synth 8-6014] Unused sequential element mem_la_secondword_reg was removed.  [/net/users/oelmouden/picorv32/work/custom_freq_synthesis/vivado/xc7a100t-csg324-1/picorv32/rv32im/400MHz/rtl/picorv32.v:571]
WARNING: [Synth 8-6014] Unused sequential element prefetched_high_word_reg was removed.  [/net/users/oelmouden/picorv32/work/custom_freq_synthesis/vivado/xc7a100t-csg324-1/picorv32/rv32im/400MHz/rtl/picorv32.v:572]
WARNING: [Synth 8-6014] Unused sequential element q_ascii_instr_reg was removed.  [/net/users/oelmouden/picorv32/work/custom_freq_synthesis/vivado/xc7a100t-csg324-1/picorv32/rv32im/400MHz/rtl/picorv32.v:779]
WARNING: [Synth 8-6014] Unused sequential element q_insn_imm_reg was removed.  [/net/users/oelmouden/picorv32/work/custom_freq_synthesis/vivado/xc7a100t-csg324-1/picorv32/rv32im/400MHz/rtl/picorv32.v:780]
WARNING: [Synth 8-6014] Unused sequential element q_insn_opcode_reg was removed.  [/net/users/oelmouden/picorv32/work/custom_freq_synthesis/vivado/xc7a100t-csg324-1/picorv32/rv32im/400MHz/rtl/picorv32.v:781]
WARNING: [Synth 8-6014] Unused sequential element q_insn_rs1_reg was removed.  [/net/users/oelmouden/picorv32/work/custom_freq_synthesis/vivado/xc7a100t-csg324-1/picorv32/rv32im/400MHz/rtl/picorv32.v:782]
WARNING: [Synth 8-6014] Unused sequential element q_insn_rs2_reg was removed.  [/net/users/oelmouden/picorv32/work/custom_freq_synthesis/vivado/xc7a100t-csg324-1/picorv32/rv32im/400MHz/rtl/picorv32.v:783]
WARNING: [Synth 8-6014] Unused sequential element q_insn_rd_reg was removed.  [/net/users/oelmouden/picorv32/work/custom_freq_synthesis/vivado/xc7a100t-csg324-1/picorv32/rv32im/400MHz/rtl/picorv32.v:784]
WARNING: [Synth 8-6014] Unused sequential element dbg_next_reg was removed.  [/net/users/oelmouden/picorv32/work/custom_freq_synthesis/vivado/xc7a100t-csg324-1/picorv32/rv32im/400MHz/rtl/picorv32.v:785]
WARNING: [Synth 8-6014] Unused sequential element dbg_valid_insn_reg was removed.  [/net/users/oelmouden/picorv32/work/custom_freq_synthesis/vivado/xc7a100t-csg324-1/picorv32/rv32im/400MHz/rtl/picorv32.v:788]
WARNING: [Synth 8-6014] Unused sequential element cached_ascii_instr_reg was removed.  [/net/users/oelmouden/picorv32/work/custom_freq_synthesis/vivado/xc7a100t-csg324-1/picorv32/rv32im/400MHz/rtl/picorv32.v:793]
WARNING: [Synth 8-6014] Unused sequential element cached_insn_imm_reg was removed.  [/net/users/oelmouden/picorv32/work/custom_freq_synthesis/vivado/xc7a100t-csg324-1/picorv32/rv32im/400MHz/rtl/picorv32.v:794]
WARNING: [Synth 8-6014] Unused sequential element cached_insn_opcode_reg was removed.  [/net/users/oelmouden/picorv32/work/custom_freq_synthesis/vivado/xc7a100t-csg324-1/picorv32/rv32im/400MHz/rtl/picorv32.v:796]
WARNING: [Synth 8-6014] Unused sequential element cached_insn_rs1_reg was removed.  [/net/users/oelmouden/picorv32/work/custom_freq_synthesis/vivado/xc7a100t-csg324-1/picorv32/rv32im/400MHz/rtl/picorv32.v:799]
WARNING: [Synth 8-6014] Unused sequential element cached_insn_rs2_reg was removed.  [/net/users/oelmouden/picorv32/work/custom_freq_synthesis/vivado/xc7a100t-csg324-1/picorv32/rv32im/400MHz/rtl/picorv32.v:800]
WARNING: [Synth 8-6014] Unused sequential element cached_insn_rd_reg was removed.  [/net/users/oelmouden/picorv32/work/custom_freq_synthesis/vivado/xc7a100t-csg324-1/picorv32/rv32im/400MHz/rtl/picorv32.v:801]
WARNING: [Synth 8-6014] Unused sequential element dbg_insn_addr_reg was removed.  [/net/users/oelmouden/picorv32/work/custom_freq_synthesis/vivado/xc7a100t-csg324-1/picorv32/rv32im/400MHz/rtl/picorv32.v:805]
WARNING: [Synth 8-6014] Unused sequential element clear_prefetched_high_word_q_reg was removed.  [/net/users/oelmouden/picorv32/work/custom_freq_synthesis/vivado/xc7a100t-csg324-1/picorv32/rv32im/400MHz/rtl/picorv32.v:1293]
WARNING: [Synth 8-6014] Unused sequential element set_mem_do_rinst_reg was removed.  [/net/users/oelmouden/picorv32/work/custom_freq_synthesis/vivado/xc7a100t-csg324-1/picorv32/rv32im/400MHz/rtl/picorv32.v:1406]
WARNING: [Synth 8-6014] Unused sequential element set_mem_do_rdata_reg was removed.  [/net/users/oelmouden/picorv32/work/custom_freq_synthesis/vivado/xc7a100t-csg324-1/picorv32/rv32im/400MHz/rtl/picorv32.v:1407]
WARNING: [Synth 8-6014] Unused sequential element set_mem_do_wdata_reg was removed.  [/net/users/oelmouden/picorv32/work/custom_freq_synthesis/vivado/xc7a100t-csg324-1/picorv32/rv32im/400MHz/rtl/picorv32.v:1408]
WARNING: [Synth 8-6014] Unused sequential element alu_out_0_q_reg was removed.  [/net/users/oelmouden/picorv32/work/custom_freq_synthesis/vivado/xc7a100t-csg324-1/picorv32/rv32im/400MHz/rtl/picorv32.v:1410]
WARNING: [Synth 8-6014] Unused sequential element alu_wait_reg was removed.  [/net/users/oelmouden/picorv32/work/custom_freq_synthesis/vivado/xc7a100t-csg324-1/picorv32/rv32im/400MHz/rtl/picorv32.v:1413]
WARNING: [Synth 8-6014] Unused sequential element alu_wait_2_reg was removed.  [/net/users/oelmouden/picorv32/work/custom_freq_synthesis/vivado/xc7a100t-csg324-1/picorv32/rv32im/400MHz/rtl/picorv32.v:1414]
WARNING: [Synth 8-6014] Unused sequential element dbg_rs1val_reg was removed.  [/net/users/oelmouden/picorv32/work/custom_freq_synthesis/vivado/xc7a100t-csg324-1/picorv32/rv32im/400MHz/rtl/picorv32.v:1417]
WARNING: [Synth 8-6014] Unused sequential element dbg_rs2val_reg was removed.  [/net/users/oelmouden/picorv32/work/custom_freq_synthesis/vivado/xc7a100t-csg324-1/picorv32/rv32im/400MHz/rtl/picorv32.v:1418]
WARNING: [Synth 8-6014] Unused sequential element dbg_rs1val_valid_reg was removed.  [/net/users/oelmouden/picorv32/work/custom_freq_synthesis/vivado/xc7a100t-csg324-1/picorv32/rv32im/400MHz/rtl/picorv32.v:1419]
WARNING: [Synth 8-6014] Unused sequential element dbg_rs2val_valid_reg was removed.  [/net/users/oelmouden/picorv32/work/custom_freq_synthesis/vivado/xc7a100t-csg324-1/picorv32/rv32im/400MHz/rtl/picorv32.v:1420]
WARNING: [Synth 8-6014] Unused sequential element next_irq_pending_reg was removed.  [/net/users/oelmouden/picorv32/work/custom_freq_synthesis/vivado/xc7a100t-csg324-1/picorv32/rv32im/400MHz/rtl/picorv32.v:1440]
WARNING: [Synth 8-6014] Unused sequential element decoder_trigger_q_reg was removed.  [/net/users/oelmouden/picorv32/work/custom_freq_synthesis/vivado/xc7a100t-csg324-1/picorv32/rv32im/400MHz/rtl/picorv32.v:1447]
WARNING: [Synth 8-6014] Unused sequential element decoder_pseudo_trigger_q_reg was removed.  [/net/users/oelmouden/picorv32/work/custom_freq_synthesis/vivado/xc7a100t-csg324-1/picorv32/rv32im/400MHz/rtl/picorv32.v:1449]
WARNING: [Synth 8-6014] Unused sequential element latched_trace_reg was removed.  [/net/users/oelmouden/picorv32/work/custom_freq_synthesis/vivado/xc7a100t-csg324-1/picorv32/rv32im/400MHz/rtl/picorv32.v:1465]
WARNING: [Synth 8-6014] Unused sequential element irq_active_reg was removed.  [/net/users/oelmouden/picorv32/work/custom_freq_synthesis/vivado/xc7a100t-csg324-1/picorv32/rv32im/400MHz/rtl/picorv32.v:1471]
WARNING: [Synth 8-6014] Unused sequential element irq_delay_reg was removed.  [/net/users/oelmouden/picorv32/work/custom_freq_synthesis/vivado/xc7a100t-csg324-1/picorv32/rv32im/400MHz/rtl/picorv32.v:1472]
WARNING: [Synth 8-6014] Unused sequential element irq_mask_reg was removed.  [/net/users/oelmouden/picorv32/work/custom_freq_synthesis/vivado/xc7a100t-csg324-1/picorv32/rv32im/400MHz/rtl/picorv32.v:1473]
WARNING: [Synth 8-6014] Unused sequential element irq_state_reg was removed.  [/net/users/oelmouden/picorv32/work/custom_freq_synthesis/vivado/xc7a100t-csg324-1/picorv32/rv32im/400MHz/rtl/picorv32.v:1475]
WARNING: [Synth 8-6014] Unused sequential element timer_reg was removed.  [/net/users/oelmouden/picorv32/work/custom_freq_synthesis/vivado/xc7a100t-csg324-1/picorv32/rv32im/400MHz/rtl/picorv32.v:1477]
WARNING: [Synth 8-6014] Unused sequential element current_pc_reg was removed.  [/net/users/oelmouden/picorv32/work/custom_freq_synthesis/vivado/xc7a100t-csg324-1/picorv32/rv32im/400MHz/rtl/picorv32.v:1495]
WARNING: [Synth 8-6014] Unused sequential element irq_pending_reg was removed.  [/net/users/oelmouden/picorv32/work/custom_freq_synthesis/vivado/xc7a100t-csg324-1/picorv32/rv32im/400MHz/rtl/picorv32.v:1963]
WARNING: [Synth 8-6014] Unused sequential element trace_valid_reg was removed.  [/net/users/oelmouden/picorv32/work/custom_freq_synthesis/vivado/xc7a100t-csg324-1/picorv32/rv32im/400MHz/rtl/picorv32.v:1452]
WARNING: [Synth 8-7129] Port pcpi_insn[24] in module picorv32_pcpi_div is either unconnected or has no load
WARNING: [Synth 8-7129] Port pcpi_insn[23] in module picorv32_pcpi_div is either unconnected or has no load
WARNING: [Synth 8-7129] Port pcpi_insn[22] in module picorv32_pcpi_div is either unconnected or has no load
WARNING: [Synth 8-7129] Port pcpi_insn[21] in module picorv32_pcpi_div is either unconnected or has no load
WARNING: [Synth 8-7129] Port pcpi_insn[20] in module picorv32_pcpi_div is either unconnected or has no load
WARNING: [Synth 8-7129] Port pcpi_insn[19] in module picorv32_pcpi_div is either unconnected or has no load
WARNING: [Synth 8-7129] Port pcpi_insn[18] in module picorv32_pcpi_div is either unconnected or has no load
WARNING: [Synth 8-7129] Port pcpi_insn[17] in module picorv32_pcpi_div is either unconnected or has no load
WARNING: [Synth 8-7129] Port pcpi_insn[16] in module picorv32_pcpi_div is either unconnected or has no load
WARNING: [Synth 8-7129] Port pcpi_insn[15] in module picorv32_pcpi_div is either unconnected or has no load
WARNING: [Synth 8-7129] Port pcpi_insn[11] in module picorv32_pcpi_div is either unconnected or has no load
WARNING: [Synth 8-7129] Port pcpi_insn[10] in module picorv32_pcpi_div is either unconnected or has no load
WARNING: [Synth 8-7129] Port pcpi_insn[9] in module picorv32_pcpi_div is either unconnected or has no load
WARNING: [Synth 8-7129] Port pcpi_insn[8] in module picorv32_pcpi_div is either unconnected or has no load
WARNING: [Synth 8-7129] Port pcpi_insn[7] in module picorv32_pcpi_div is either unconnected or has no load
WARNING: [Synth 8-7129] Port pcpi_insn[24] in module picorv32_pcpi_mul is either unconnected or has no load
WARNING: [Synth 8-7129] Port pcpi_insn[23] in module picorv32_pcpi_mul is either unconnected or has no load
WARNING: [Synth 8-7129] Port pcpi_insn[22] in module picorv32_pcpi_mul is either unconnected or has no load
WARNING: [Synth 8-7129] Port pcpi_insn[21] in module picorv32_pcpi_mul is either unconnected or has no load
WARNING: [Synth 8-7129] Port pcpi_insn[20] in module picorv32_pcpi_mul is either unconnected or has no load
WARNING: [Synth 8-7129] Port pcpi_insn[19] in module picorv32_pcpi_mul is either unconnected or has no load
WARNING: [Synth 8-7129] Port pcpi_insn[18] in module picorv32_pcpi_mul is either unconnected or has no load
WARNING: [Synth 8-7129] Port pcpi_insn[17] in module picorv32_pcpi_mul is either unconnected or has no load
WARNING: [Synth 8-7129] Port pcpi_insn[16] in module picorv32_pcpi_mul is either unconnected or has no load
WARNING: [Synth 8-7129] Port pcpi_insn[15] in module picorv32_pcpi_mul is either unconnected or has no load
WARNING: [Synth 8-7129] Port pcpi_insn[11] in module picorv32_pcpi_mul is either unconnected or has no load
WARNING: [Synth 8-7129] Port pcpi_insn[10] in module picorv32_pcpi_mul is either unconnected or has no load
WARNING: [Synth 8-7129] Port pcpi_insn[9] in module picorv32_pcpi_mul is either unconnected or has no load
WARNING: [Synth 8-7129] Port pcpi_insn[8] in module picorv32_pcpi_mul is either unconnected or has no load
WARNING: [Synth 8-7129] Port pcpi_insn[7] in module picorv32_pcpi_mul is either unconnected or has no load
WARNING: [Synth 8-7129] Port pcpi_wr in module picorv32 is either unconnected or has no load
WARNING: [Synth 8-7129] Port pcpi_rd[31] in module picorv32 is either unconnected or has no load
WARNING: [Synth 8-7129] Port pcpi_rd[30] in module picorv32 is either unconnected or has no load
WARNING: [Synth 8-7129] Port pcpi_rd[29] in module picorv32 is either unconnected or has no load
WARNING: [Synth 8-7129] Port pcpi_rd[28] in module picorv32 is either unconnected or has no load
WARNING: [Synth 8-7129] Port pcpi_rd[27] in module picorv32 is either unconnected or has no load
WARNING: [Synth 8-7129] Port pcpi_rd[26] in module picorv32 is either unconnected or has no load
WARNING: [Synth 8-7129] Port pcpi_rd[25] in module picorv32 is either unconnected or has no load
WARNING: [Synth 8-7129] Port pcpi_rd[24] in module picorv32 is either unconnected or has no load
WARNING: [Synth 8-7129] Port pcpi_rd[23] in module picorv32 is either unconnected or has no load
WARNING: [Synth 8-7129] Port pcpi_rd[22] in module picorv32 is either unconnected or has no load
WARNING: [Synth 8-7129] Port pcpi_rd[21] in module picorv32 is either unconnected or has no load
WARNING: [Synth 8-7129] Port pcpi_rd[20] in module picorv32 is either unconnected or has no load
WARNING: [Synth 8-7129] Port pcpi_rd[19] in module picorv32 is either unconnected or has no load
WARNING: [Synth 8-7129] Port pcpi_rd[18] in module picorv32 is either unconnected or has no load
WARNING: [Synth 8-7129] Port pcpi_rd[17] in module picorv32 is either unconnected or has no load
WARNING: [Synth 8-7129] Port pcpi_rd[16] in module picorv32 is either unconnected or has no load
WARNING: [Synth 8-7129] Port pcpi_rd[15] in module picorv32 is either unconnected or has no load
WARNING: [Synth 8-7129] Port pcpi_rd[14] in module picorv32 is either unconnected or has no load
WARNING: [Synth 8-7129] Port pcpi_rd[13] in module picorv32 is either unconnected or has no load
WARNING: [Synth 8-7129] Port pcpi_rd[12] in module picorv32 is either unconnected or has no load
WARNING: [Synth 8-7129] Port pcpi_rd[11] in module picorv32 is either unconnected or has no load
WARNING: [Synth 8-7129] Port pcpi_rd[10] in module picorv32 is either unconnected or has no load
WARNING: [Synth 8-7129] Port pcpi_rd[9] in module picorv32 is either unconnected or has no load
WARNING: [Synth 8-7129] Port pcpi_rd[8] in module picorv32 is either unconnected or has no load
WARNING: [Synth 8-7129] Port pcpi_rd[7] in module picorv32 is either unconnected or has no load
WARNING: [Synth 8-7129] Port pcpi_rd[6] in module picorv32 is either unconnected or has no load
WARNING: [Synth 8-7129] Port pcpi_rd[5] in module picorv32 is either unconnected or has no load
WARNING: [Synth 8-7129] Port pcpi_rd[4] in module picorv32 is either unconnected or has no load
WARNING: [Synth 8-7129] Port pcpi_rd[3] in module picorv32 is either unconnected or has no load
WARNING: [Synth 8-7129] Port pcpi_rd[2] in module picorv32 is either unconnected or has no load
WARNING: [Synth 8-7129] Port pcpi_rd[1] in module picorv32 is either unconnected or has no load
WARNING: [Synth 8-7129] Port pcpi_rd[0] in module picorv32 is either unconnected or has no load
WARNING: [Synth 8-7129] Port pcpi_wait in module picorv32 is either unconnected or has no load
WARNING: [Synth 8-7129] Port pcpi_ready in module picorv32 is either unconnected or has no load
WARNING: [Synth 8-7129] Port irq[31] in module picorv32 is either unconnected or has no load
WARNING: [Synth 8-7129] Port irq[30] in module picorv32 is either unconnected or has no load
WARNING: [Synth 8-7129] Port irq[29] in module picorv32 is either unconnected or has no load
WARNING: [Synth 8-7129] Port irq[28] in module picorv32 is either unconnected or has no load
WARNING: [Synth 8-7129] Port irq[27] in module picorv32 is either unconnected or has no load
WARNING: [Synth 8-7129] Port irq[26] in module picorv32 is either unconnected or has no load
WARNING: [Synth 8-7129] Port irq[25] in module picorv32 is either unconnected or has no load
WARNING: [Synth 8-7129] Port irq[24] in module picorv32 is either unconnected or has no load
WARNING: [Synth 8-7129] Port irq[23] in module picorv32 is either unconnected or has no load
WARNING: [Synth 8-7129] Port irq[22] in module picorv32 is either unconnected or has no load
WARNING: [Synth 8-7129] Port irq[21] in module picorv32 is either unconnected or has no load
WARNING: [Synth 8-7129] Port irq[20] in module picorv32 is either unconnected or has no load
WARNING: [Synth 8-7129] Port irq[19] in module picorv32 is either unconnected or has no load
WARNING: [Synth 8-7129] Port irq[18] in module picorv32 is either unconnected or has no load
WARNING: [Synth 8-7129] Port irq[17] in module picorv32 is either unconnected or has no load
WARNING: [Synth 8-7129] Port irq[16] in module picorv32 is either unconnected or has no load
WARNING: [Synth 8-7129] Port irq[15] in module picorv32 is either unconnected or has no load
WARNING: [Synth 8-7129] Port irq[14] in module picorv32 is either unconnected or has no load
WARNING: [Synth 8-7129] Port irq[13] in module picorv32 is either unconnected or has no load
WARNING: [Synth 8-7129] Port irq[12] in module picorv32 is either unconnected or has no load
WARNING: [Synth 8-7129] Port irq[11] in module picorv32 is either unconnected or has no load
WARNING: [Synth 8-7129] Port irq[10] in module picorv32 is either unconnected or has no load
WARNING: [Synth 8-7129] Port irq[9] in module picorv32 is either unconnected or has no load
WARNING: [Synth 8-7129] Port irq[8] in module picorv32 is either unconnected or has no load
WARNING: [Synth 8-7129] Port irq[7] in module picorv32 is either unconnected or has no load
WARNING: [Synth 8-7129] Port irq[6] in module picorv32 is either unconnected or has no load
WARNING: [Synth 8-7129] Port irq[5] in module picorv32 is either unconnected or has no load
WARNING: [Synth 8-7129] Port irq[4] in module picorv32 is either unconnected or has no load
WARNING: [Synth 8-7129] Port irq[3] in module picorv32 is either unconnected or has no load
WARNING: [Synth 8-7129] Port irq[2] in module picorv32 is either unconnected or has no load
WARNING: [Synth 8-7129] Port irq[1] in module picorv32 is either unconnected or has no load
WARNING: [Synth 8-7129] Port irq[0] in module picorv32 is either unconnected or has no load
---------------------------------------------------------------------------------
Finished RTL Elaboration : Time (s): cpu = 00:00:08 ; elapsed = 00:00:08 . Memory (MB): peak = 2426.430 ; gain = 515.770 ; free physical = 725563 ; free virtual = 748640
---------------------------------------------------------------------------------
---------------------------------------------------------------------------------
Start Handling Custom Attributes
---------------------------------------------------------------------------------
---------------------------------------------------------------------------------
Finished Handling Custom Attributes : Time (s): cpu = 00:00:08 ; elapsed = 00:00:09 . Memory (MB): peak = 2444.242 ; gain = 533.582 ; free physical = 725553 ; free virtual = 748630
---------------------------------------------------------------------------------
---------------------------------------------------------------------------------
Finished RTL Optimization Phase 1 : Time (s): cpu = 00:00:08 ; elapsed = 00:00:09 . Memory (MB): peak = 2444.242 ; gain = 533.582 ; free physical = 725553 ; free virtual = 748630
---------------------------------------------------------------------------------
Netlist sorting complete. Time (s): cpu = 00:00:00.03 ; elapsed = 00:00:00.03 . Memory (MB): peak = 2444.242 ; gain = 0.000 ; free physical = 725551 ; free virtual = 748627
INFO: [Project 1-570] Preparing netlist for logic optimization

Processing XDC Constraints
Initializing timing engine
Parsing XDC File [/net/users/oelmouden/picorv32/work/custom_freq_synthesis/vivado/xc7a100t-csg324-1/picorv32/rv32im/400MHz/constraints.xdc]
Finished Parsing XDC File [/net/users/oelmouden/picorv32/work/custom_freq_synthesis/vivado/xc7a100t-csg324-1/picorv32/rv32im/400MHz/constraints.xdc]
Completed Processing XDC Constraints

Netlist sorting complete. Time (s): cpu = 00:00:00.01 ; elapsed = 00:00:00 . Memory (MB): peak = 2590.992 ; gain = 0.000 ; free physical = 725506 ; free virtual = 748583
INFO: [Project 1-111] Unisim Transformation Summary:
No Unisim elements were transformed.

Constraint Validation Runtime : Time (s): cpu = 00:00:00.04 ; elapsed = 00:00:00.02 . Memory (MB): peak = 2590.992 ; gain = 0.000 ; free physical = 725506 ; free virtual = 748583
---------------------------------------------------------------------------------
Finished Constraint Validation : Time (s): cpu = 00:00:18 ; elapsed = 00:00:18 . Memory (MB): peak = 2590.992 ; gain = 680.332 ; free physical = 727276 ; free virtual = 750344
---------------------------------------------------------------------------------
---------------------------------------------------------------------------------
Start Loading Part and Timing Information
---------------------------------------------------------------------------------
Loading part: xc7a100tcsg324-1
---------------------------------------------------------------------------------
Finished Loading Part and Timing Information : Time (s): cpu = 00:00:18 ; elapsed = 00:00:18 . Memory (MB): peak = 2598.996 ; gain = 688.336 ; free physical = 727276 ; free virtual = 750344
---------------------------------------------------------------------------------
---------------------------------------------------------------------------------
Start Applying 'set_property' XDC Constraints
---------------------------------------------------------------------------------
---------------------------------------------------------------------------------
Finished applying 'set_property' XDC Constraints : Time (s): cpu = 00:00:18 ; elapsed = 00:00:18 . Memory (MB): peak = 2598.996 ; gain = 688.336 ; free physical = 727275 ; free virtual = 750344
---------------------------------------------------------------------------------
INFO: [Synth 8-802] inferred FSM for state register 'mem_state_reg' in module 'picorv32'
---------------------------------------------------------------------------------------------------
                   State |                     New Encoding |                Previous Encoding 
---------------------------------------------------------------------------------------------------
                 iSTATE2 |                               00 |                               00
                 iSTATE0 |                               01 |                               10
                  iSTATE |                               10 |                               01
                 iSTATE1 |                               11 |                               11
---------------------------------------------------------------------------------------------------
INFO: [Synth 8-3354] encoded FSM with state register 'mem_state_reg' using encoding 'sequential' in module 'picorv32'
---------------------------------------------------------------------------------
Finished RTL Optimization Phase 2 : Time (s): cpu = 00:00:18 ; elapsed = 00:00:19 . Memory (MB): peak = 2598.996 ; gain = 688.336 ; free physical = 727103 ; free virtual = 750173
---------------------------------------------------------------------------------
---------------------------------------------------------------------------------
Start RTL Component Statistics 
---------------------------------------------------------------------------------
Detailed RTL Component Info : 
+---Adders : 
	   2 Input   63 Bit       Adders := 1     
	   2 Input   32 Bit       Adders := 7     
	   3 Input   32 Bit       Adders := 1     
	   2 Input    7 Bit       Adders := 1     
	   3 Input    5 Bit       Adders := 16    
	   2 Input    5 Bit       Adders := 1     
	   2 Input    4 Bit       Adders := 1     
+---XORs : 
	   2 Input     32 Bit         XORs := 1     
+---Registers : 
	               64 Bit    Registers := 4     
	               63 Bit    Registers := 1     
	               36 Bit    Registers := 1     
	               32 Bit    Registers := 19    
	                8 Bit    Registers := 1     
	                7 Bit    Registers := 1     
	                5 Bit    Registers := 6     
	                4 Bit    Registers := 2     
	                2 Bit    Registers := 1     
	                1 Bit    Registers := 97    
+---RAMs : 
	              32K Bit	(1024 X 32 bit)          RAMs := 1     
	             1024 Bit	(32 X 32 bit)          RAMs := 1     
+---Muxes : 
	   2 Input   64 Bit        Muxes := 4     
	   2 Input   63 Bit        Muxes := 2     
	   2 Input   32 Bit        Muxes := 33    
	   3 Input   32 Bit        Muxes := 3     
	   5 Input   32 Bit        Muxes := 1     
	   6 Input   32 Bit        Muxes := 1     
	   4 Input   32 Bit        Muxes := 7     
	   2 Input   16 Bit        Muxes := 1     
	   4 Input    8 Bit        Muxes := 2     
	   2 Input    8 Bit        Muxes := 3     
	   4 Input    7 Bit        Muxes := 1     
	   3 Input    6 Bit        Muxes := 1     
	   5 Input    4 Bit        Muxes := 1     
	   2 Input    4 Bit        Muxes := 1     
	   4 Input    4 Bit        Muxes := 1     
	   3 Input    4 Bit        Muxes := 1     
	   2 Input    3 Bit        Muxes := 3     
	   4 Input    2 Bit        Muxes := 1     
	   2 Input    2 Bit        Muxes := 2     
	   2 Input    1 Bit        Muxes := 35    
	   4 Input    1 Bit        Muxes := 18    
	   3 Input    1 Bit        Muxes := 4     
	   7 Input    1 Bit        Muxes := 4     
---------------------------------------------------------------------------------
Finished RTL Component Statistics 
---------------------------------------------------------------------------------
---------------------------------------------------------------------------------
Start Part Resource Summary
---------------------------------------------------------------------------------
Part Resources:
DSPs: 240 (col length:80)
BRAMs: 270 (col length: RAMB18 80 RAMB36 40)
---------------------------------------------------------------------------------
Finished Part Resource Summary
---------------------------------------------------------------------------------
---------------------------------------------------------------------------------
Start Cross Boundary and Area Optimization
---------------------------------------------------------------------------------
WARNING: [Synth 8-7080] Parallel synthesis criteria is not met
WARNING: [Synth 8-7129] Port pcpi_wr in module picorv32 is either unconnected or has no load
WARNING: [Synth 8-7129] Port pcpi_rd[31] in module picorv32 is either unconnected or has no load
WARNING: [Synth 8-7129] Port pcpi_rd[30] in module picorv32 is either unconnected or has no load
INFO: [Common 17-14] Message 'Synth 8-7129' appears 100 times and further instances of the messages will be disabled. Use the Tcl command set_msg_config to change the current settings.
---------------------------------------------------------------------------------
Finished Cross Boundary and Area Optimization : Time (s): cpu = 00:00:27 ; elapsed = 00:00:28 . Memory (MB): peak = 2598.996 ; gain = 688.336 ; free physical = 729142 ; free virtual = 752218
---------------------------------------------------------------------------------
---------------------------------------------------------------------------------
Start ROM, RAM, DSP, Shift Register and Retiming Reporting
---------------------------------------------------------------------------------

Block RAM: Preliminary Mapping Report (see note below)
+-----------------+----------------+------------------------+---+---+------------------------+---+---+------------------+--------+--------+
|Module Name      | RTL Object     | PORT A (Depth x Width) | W | R | PORT B (Depth x Width) | W | R | Ports driving FF | RAMB18 | RAMB36 | 
+-----------------+----------------+------------------------+---+---+------------------------+---+---+------------------+--------+--------+
|picorv32_soc_top | ram/memory_reg | 1 K x 32(READ_FIRST)   | W |   | 1 K x 32(WRITE_FIRST)  |   | R | Port A and B     | 0      | 1      | 
+-----------------+----------------+------------------------+---+---+------------------------+---+---+------------------+--------+--------+

Note: The table above is a preliminary report that shows the Block RAMs at the current stage of the synthesis flow. Some Block RAMs may be reimplemented as non Block RAM primitives later in the synthesis flow. Multiple instantiated Block RAMs are reported only once. 

Distributed RAM: Preliminary Mapping Report (see note below)
+------------+-------------+-----------+----------------------+--------------+
|Module Name | RTL Object  | Inference | Size (Depth x Width) | Primitives   | 
+------------+-------------+-----------+----------------------+--------------+
|cpu         | cpuregs_reg | Implied   | 32 x 32              | RAM32M x 12  | 
+------------+-------------+-----------+----------------------+--------------+

Note: The table above is a preliminary report that shows the Distributed RAMs at the current stage of the synthesis flow. Some Distributed RAMs may be reimplemented as non Distributed RAM primitives later in the synthesis flow. Multiple instantiated RAMs are reported only once.
---------------------------------------------------------------------------------
Finished ROM, RAM, DSP, Shift Register and Retiming Reporting
---------------------------------------------------------------------------------
---------------------------------------------------------------------------------
Start Applying XDC Timing Constraints
---------------------------------------------------------------------------------
---------------------------------------------------------------------------------
Finished Applying XDC Timing Constraints : Time (s): cpu = 00:00:36 ; elapsed = 00:00:37 . Memory (MB): peak = 2633.996 ; gain = 723.336 ; free physical = 728335 ; free virtual = 751412
---------------------------------------------------------------------------------
---------------------------------------------------------------------------------
Start Timing Optimization
---------------------------------------------------------------------------------
INFO: [Synth 8-5584] The signal "picorv32_soc_top/ram/memory_reg" is implemented as distributed LUT RAM for the following reason(s): The timing constraints suggest that the chosen mapping will yield better timing results.
---------------------------------------------------------------------------------
Finished Timing Optimization : Time (s): cpu = 00:00:41 ; elapsed = 00:00:42 . Memory (MB): peak = 2692.145 ; gain = 781.484 ; free physical = 727729 ; free virtual = 750806
---------------------------------------------------------------------------------
---------------------------------------------------------------------------------
Start ROM, RAM, DSP, Shift Register and Retiming Reporting
---------------------------------------------------------------------------------

Distributed RAM: Final Mapping Report
+------------+-------------+-----------+----------------------+--------------+
|Module Name | RTL Object  | Inference | Size (Depth x Width) | Primitives   | 
+------------+-------------+-----------+----------------------+--------------+
|cpu         | cpuregs_reg | Implied   | 32 x 32              | RAM32M x 12  | 
+------------+-------------+-----------+----------------------+--------------+

---------------------------------------------------------------------------------
Finished ROM, RAM, DSP, Shift Register and Retiming Reporting
---------------------------------------------------------------------------------
---------------------------------------------------------------------------------
Start Technology Mapping
---------------------------------------------------------------------------------
---------------------------------------------------------------------------------
Finished Technology Mapping : Time (s): cpu = 00:00:42 ; elapsed = 00:00:43 . Memory (MB): peak = 2708.160 ; gain = 797.500 ; free physical = 727661 ; free virtual = 750737
---------------------------------------------------------------------------------
---------------------------------------------------------------------------------
Start IO Insertion
---------------------------------------------------------------------------------
---------------------------------------------------------------------------------
Start Flattening Before IO Insertion
---------------------------------------------------------------------------------
---------------------------------------------------------------------------------
Finished Flattening Before IO Insertion
---------------------------------------------------------------------------------
---------------------------------------------------------------------------------
Start Final Netlist Cleanup
---------------------------------------------------------------------------------
---------------------------------------------------------------------------------
Finished Final Netlist Cleanup
---------------------------------------------------------------------------------
---------------------------------------------------------------------------------
Finished IO Insertion : Time (s): cpu = 00:00:46 ; elapsed = 00:00:48 . Memory (MB): peak = 2829.973 ; gain = 919.312 ; free physical = 727367 ; free virtual = 750436
---------------------------------------------------------------------------------
---------------------------------------------------------------------------------
Start Renaming Generated Instances
---------------------------------------------------------------------------------
---------------------------------------------------------------------------------
Finished Renaming Generated Instances : Time (s): cpu = 00:00:46 ; elapsed = 00:00:48 . Memory (MB): peak = 2829.973 ; gain = 919.312 ; free physical = 727367 ; free virtual = 750436
---------------------------------------------------------------------------------
---------------------------------------------------------------------------------
Start Handling Custom Attributes
---------------------------------------------------------------------------------
---------------------------------------------------------------------------------
Finished Handling Custom Attributes : Time (s): cpu = 00:00:47 ; elapsed = 00:00:48 . Memory (MB): peak = 2829.973 ; gain = 919.312 ; free physical = 727358 ; free virtual = 750427
---------------------------------------------------------------------------------
---------------------------------------------------------------------------------
Start Writing Synthesis Report
---------------------------------------------------------------------------------

Report BlackBoxes: 
+-+--------------+----------+
| |BlackBox name |Instances |
+-+--------------+----------+
+-+--------------+----------+

Report Cell Usage: 
+------+----------+------+
|      |Cell      |Count |
+------+----------+------+
|1     |BUFG      |     1|
|2     |CARRY4    |   131|
|3     |LUT1      |   134|
|4     |LUT2      |   153|
|5     |LUT3      |   270|
|6     |LUT4      |   346|
|7     |LUT5      |   243|
|8     |LUT6      |   615|
|9     |RAM256X1S |   128|
|10    |RAM32M    |    10|
|11    |RAM32X1D  |     4|
|12    |FDRE      |  1046|
|13    |FDSE      |    64|
|14    |IBUF      |     2|
|15    |OBUF      |     1|
+------+----------+------+
---------------------------------------------------------------------------------
Finished Writing Synthesis Report : Time (s): cpu = 00:00:47 ; elapsed = 00:00:48 . Memory (MB): peak = 2829.973 ; gain = 919.312 ; free physical = 727358 ; free virtual = 750427
---------------------------------------------------------------------------------
Synthesis finished with 0 errors, 0 critical warnings and 68 warnings.
Synthesis Optimization Runtime : Time (s): cpu = 00:00:44 ; elapsed = 00:00:45 . Memory (MB): peak = 2829.973 ; gain = 772.562 ; free physical = 727358 ; free virtual = 750427
Synthesis Optimization Complete : Time (s): cpu = 00:00:47 ; elapsed = 00:00:48 . Memory (MB): peak = 2829.980 ; gain = 919.312 ; free physical = 727358 ; free virtual = 750427
INFO: [Project 1-571] Translating synthesized netlist
Netlist sorting complete. Time (s): cpu = 00:00:00.02 ; elapsed = 00:00:00.02 . Memory (MB): peak = 2829.980 ; gain = 0.000 ; free physical = 727511 ; free virtual = 750580
INFO: [Netlist 29-17] Analyzing 273 Unisim elements for replacement
INFO: [Netlist 29-28] Unisim Transformation completed in 0 CPU seconds
WARNING: [Netlist 29-101] Netlist 'picorv32_soc_top' is not ideal for floorplanning, since the cellview 'picorv32_soc_top' contains a large number of primitives.  Please consider enabling hierarchy in synthesis if you want to do floorplanning.
INFO: [Project 1-570] Preparing netlist for logic optimization
Parsing XDC File [/net/users/oelmouden/picorv32/work/custom_freq_synthesis/vivado/xc7a100t-csg324-1/picorv32/rv32im/400MHz/constraints.xdc]
Finished Parsing XDC File [/net/users/oelmouden/picorv32/work/custom_freq_synthesis/vivado/xc7a100t-csg324-1/picorv32/rv32im/400MHz/constraints.xdc]
INFO: [Opt 31-138] Pushed 0 inverter(s) to 0 load pin(s).
Netlist sorting complete. Time (s): cpu = 00:00:00 ; elapsed = 00:00:00 . Memory (MB): peak = 2886.000 ; gain = 0.000 ; free physical = 727282 ; free virtual = 750351
INFO: [Project 1-111] Unisim Transformation Summary:
  A total of 142 instances were transformed.
  RAM256X1S => RAM256X1S (MUXF7(x2), MUXF8, RAMS64E(x4)): 128 instances
  RAM32M => RAM32M (RAMD32(x6), RAMS32(x2)): 10 instances
  RAM32X1D => RAM32X1D (RAMD32(x2)): 4 instances

Synth Design complete | Checksum: c8e186cd
INFO: [Common 17-83] Releasing license: Synthesis
33 Infos, 155 Warnings, 0 Critical Warnings and 0 Errors encountered.
synth_design completed successfully
synth_design: Time (s): cpu = 00:00:59 ; elapsed = 00:00:57 . Memory (MB): peak = 2886.000 ; gain = 1158.566 ; free physical = 727266 ; free virtual = 750335
INFO: [Common 17-2834] synth_design peak Physical Memory [PSS] (MB): overall = 1661.594; main = 1596.560; forked = 204.997
INFO: [Common 17-2834] synth_design peak Virtual Memory [VSS] (MB): overall = 4241.699; main = 2886.004; forked = 1552.957
Command: opt_design -sweep -remap -propconst
Attempting to get a license for feature 'Implementation' and/or device 'xc7a100t'
INFO: [Common 17-349] Got license for feature 'Implementation' and/or device 'xc7a100t'
Running DRC as a precondition to command opt_design

Starting DRC Task
INFO: [DRC 23-27] Running DRC with 8 threads
INFO: [Project 1-461] DRC finished with 0 Errors
INFO: [Project 1-462] Please refer to the DRC report (report_drc) for more information.

Time (s): cpu = 00:00:01 ; elapsed = 00:00:00.52 . Memory (MB): peak = 2897.875 ; gain = 11.875 ; free physical = 727181 ; free virtual = 750250

Starting Logic Optimization Task

Phase 1 Initialization

Phase 1.1 Core Generation And Design Setup
Phase 1.1 Core Generation And Design Setup | Checksum: 19eb09655

Time (s): cpu = 00:00:00.01 ; elapsed = 00:00:00 . Memory (MB): peak = 2897.875 ; gain = 0.000 ; free physical = 726837 ; free virtual = 749914

Phase 1.2 Setup Constraints And Sort Netlist
Phase 1.2 Setup Constraints And Sort Netlist | Checksum: 19eb09655

Time (s): cpu = 00:00:00.01 ; elapsed = 00:00:00.01 . Memory (MB): peak = 2897.875 ; gain = 0.000 ; free physical = 726837 ; free virtual = 749914
Phase 1 Initialization | Checksum: 19eb09655

Time (s): cpu = 00:00:00.01 ; elapsed = 00:00:00.01 . Memory (MB): peak = 2897.875 ; gain = 0.000 ; free physical = 726837 ; free virtual = 749914

Phase 2 Timer Update And Timing Data Collection

Phase 2.1 Timer Update
INFO: [Timing 38-35] Done setting XDC timing constraints.
Phase 2.1 Timer Update | Checksum: 19eb09655

Time (s): cpu = 00:00:09 ; elapsed = 00:00:09 . Memory (MB): peak = 3336.828 ; gain = 438.953 ; free physical = 727816 ; free virtual = 750885

Phase 2.2 Timing Data Collection
Phase 2.2 Timing Data Collection | Checksum: 19eb09655

Time (s): cpu = 00:00:09 ; elapsed = 00:00:09 . Memory (MB): peak = 3336.828 ; gain = 438.953 ; free physical = 727816 ; free virtual = 750885
Phase 2 Timer Update And Timing Data Collection | Checksum: 19eb09655

Time (s): cpu = 00:00:09 ; elapsed = 00:00:09 . Memory (MB): peak = 3336.828 ; gain = 438.953 ; free physical = 727816 ; free virtual = 750885

Phase 3 Constant propagation
INFO: [Opt 31-138] Pushed 0 inverter(s) to 0 load pin(s).
Phase 3 Constant propagation | Checksum: 1608d3615

Time (s): cpu = 00:00:09 ; elapsed = 00:00:09 . Memory (MB): peak = 3336.828 ; gain = 438.953 ; free physical = 727816 ; free virtual = 750885
Constant propagation | Checksum: 1608d3615
INFO: [Opt 31-389] Phase Constant propagation created 0 cells and removed 0 cells

Phase 4 Sweep
INFO: [Constraints 18-11670] Building netlist checker database with flags, 0x8
Done building netlist checker database: Time (s): cpu = 00:00:00 ; elapsed = 00:00:00 . Memory (MB): peak = 3336.828 ; gain = 0.000 ; free physical = 727816 ; free virtual = 750885
Phase 4 Sweep | Checksum: 139ce1002

Time (s): cpu = 00:00:09 ; elapsed = 00:00:09 . Memory (MB): peak = 3336.828 ; gain = 438.953 ; free physical = 727816 ; free virtual = 750885
Sweep | Checksum: 139ce1002
INFO: [Opt 31-389] Phase Sweep created 1 cells and removed 0 cells

Phase 5 Remap
Phase 5 Remap | Checksum: 139ce1002

Time (s): cpu = 00:00:09 ; elapsed = 00:00:09 . Memory (MB): peak = 3336.828 ; gain = 438.953 ; free physical = 727815 ; free virtual = 750884
Remap | Checksum: 139ce1002
INFO: [Opt 31-389] Phase Remap created 0 cells and removed 0 cells

Phase 6 Post Processing Netlist
Phase 6 Post Processing Netlist | Checksum: 139ce1002

Time (s): cpu = 00:00:09 ; elapsed = 00:00:09 . Memory (MB): peak = 3336.828 ; gain = 438.953 ; free physical = 727815 ; free virtual = 750884
Post Processing Netlist | Checksum: 139ce1002
INFO: [Opt 31-389] Phase Post Processing Netlist created 0 cells and removed 0 cells

Phase 7 Finalization

Phase 7.1 Finalizing Design Cores and Updating Shapes
Phase 7.1 Finalizing Design Cores and Updating Shapes | Checksum: 1c12fdc7c

Time (s): cpu = 00:00:09 ; elapsed = 00:00:09 . Memory (MB): peak = 3336.828 ; gain = 438.953 ; free physical = 727815 ; free virtual = 750884

Phase 7.2 Verifying Netlist Connectivity
Phase 7.2 Verifying Netlist Connectivity | Checksum: 1c12fdc7c

Time (s): cpu = 00:00:09 ; elapsed = 00:00:09 . Memory (MB): peak = 3336.828 ; gain = 438.953 ; free physical = 727815 ; free virtual = 750884
Phase 7 Finalization | Checksum: 1c12fdc7c

Time (s): cpu = 00:00:09 ; elapsed = 00:00:09 . Memory (MB): peak = 3336.828 ; gain = 438.953 ; free physical = 727815 ; free virtual = 750884
Opt_design Change Summary
=========================


---------------------------------------------------------------------------------------------------------------------
|  Phase                    |  #Cells created  |  #Cells Removed  |  #Constrained objects preventing optimizations  |
---------------------------------------------------------------------------------------------------------------------
|  Constant propagation     |               0  |               0  |                                              0  |
|  Sweep                    |               1  |               0  |                                              0  |
|  Remap                    |               0  |               0  |                                              0  |
|  Post Processing Netlist  |               0  |               0  |                                              0  |
---------------------------------------------------------------------------------------------------------------------


Ending Logic Optimization Task | Checksum: 1c12fdc7c

Time (s): cpu = 00:00:09 ; elapsed = 00:00:09 . Memory (MB): peak = 3336.828 ; gain = 438.953 ; free physical = 727815 ; free virtual = 750884

Starting Netlist Obfuscation Task
Netlist sorting complete. Time (s): cpu = 00:00:00 ; elapsed = 00:00:00 . Memory (MB): peak = 3336.828 ; gain = 0.000 ; free physical = 727815 ; free virtual = 750884
Ending Netlist Obfuscation Task | Checksum: 1c12fdc7c

Time (s): cpu = 00:00:00 ; elapsed = 00:00:00 . Memory (MB): peak = 3336.828 ; gain = 0.000 ; free physical = 727815 ; free virtual = 750884
INFO: [Common 17-83] Releasing license: Implementation
47 Infos, 155 Warnings, 0 Critical Warnings and 0 Errors encountered.
opt_design completed successfully
opt_design: Time (s): cpu = 00:00:14 ; elapsed = 00:00:13 . Memory (MB): peak = 3336.828 ; gain = 450.828 ; free physical = 727815 ; free virtual = 750884
Command: opt_design -directive Explore
INFO: [Vivado_Tcl 4-136] Directive used for opt_design is: Explore
Attempting to get a license for feature 'Implementation' and/or device 'xc7a100t'
INFO: [Common 17-349] Got license for feature 'Implementation' and/or device 'xc7a100t'
Running DRC as a precondition to command opt_design

Starting DRC Task
INFO: [DRC 23-27] Running DRC with 8 threads
INFO: [Project 1-461] DRC finished with 0 Errors
INFO: [Project 1-462] Please refer to the DRC report (report_drc) for more information.

Time (s): cpu = 00:00:01 ; elapsed = 00:00:00.24 . Memory (MB): peak = 3336.828 ; gain = 0.000 ; free physical = 727803 ; free virtual = 750872

Starting Logic Optimization Task

Phase 1 Initialization

Phase 1.1 Core Generation And Design Setup
Phase 1.1 Core Generation And Design Setup | Checksum: 1c12fdc7c

Time (s): cpu = 00:00:00 ; elapsed = 00:00:00 . Memory (MB): peak = 3336.828 ; gain = 0.000 ; free physical = 727803 ; free virtual = 750871

Phase 1.2 Setup Constraints And Sort Netlist
Phase 1.2 Setup Constraints And Sort Netlist | Checksum: 1c12fdc7c

Time (s): cpu = 00:00:00.01 ; elapsed = 00:00:00 . Memory (MB): peak = 3336.828 ; gain = 0.000 ; free physical = 727803 ; free virtual = 750871
Phase 1 Initialization | Checksum: 1c12fdc7c

Time (s): cpu = 00:00:00.01 ; elapsed = 00:00:00 . Memory (MB): peak = 3336.828 ; gain = 0.000 ; free physical = 727803 ; free virtual = 750871

Phase 2 Timer Update And Timing Data Collection

Phase 2.1 Timer Update
INFO: [Timing 38-35] Done setting XDC timing constraints.
Phase 2.1 Timer Update | Checksum: 1c12fdc7c

Time (s): cpu = 00:00:00.39 ; elapsed = 00:00:00.13 . Memory (MB): peak = 3342.766 ; gain = 5.938 ; free physical = 727800 ; free virtual = 750869

Phase 2.2 Timing Data Collection
Phase 2.2 Timing Data Collection | Checksum: 1c12fdc7c

Time (s): cpu = 00:00:00.4 ; elapsed = 00:00:00.14 . Memory (MB): peak = 3342.766 ; gain = 5.938 ; free physical = 727800 ; free virtual = 750869
Phase 2 Timer Update And Timing Data Collection | Checksum: 1c12fdc7c

Time (s): cpu = 00:00:00.41 ; elapsed = 00:00:00.15 . Memory (MB): peak = 3342.766 ; gain = 5.938 ; free physical = 727800 ; free virtual = 750869

Phase 3 Retarget
INFO: [Opt 31-1851] Number of loadless carry chains removed were: 0
INFO: [Opt 31-1834] Total Chains To Be Transformed Were: 0 AND Number of Transformed insts Created are: 0
INFO: [Opt 31-138] Pushed 0 inverter(s) to 0 load pin(s).
INFO: [Opt 31-49] Retargeted 0 cell(s).
Phase 3 Retarget | Checksum: 1c12fdc7c

Time (s): cpu = 00:00:00.47 ; elapsed = 00:00:00.21 . Memory (MB): peak = 3342.766 ; gain = 5.938 ; free physical = 727800 ; free virtual = 750869
Retarget | Checksum: 1c12fdc7c
INFO: [Opt 31-389] Phase Retarget created 0 cells and removed 0 cells

Phase 4 Constant propagation
INFO: [Opt 31-138] Pushed 0 inverter(s) to 0 load pin(s).
Phase 4 Constant propagation | Checksum: 1c12fdc7c

Time (s): cpu = 00:00:00.49 ; elapsed = 00:00:00.24 . Memory (MB): peak = 3342.766 ; gain = 5.938 ; free physical = 727800 ; free virtual = 750869
Constant propagation | Checksum: 1c12fdc7c
INFO: [Opt 31-389] Phase Constant propagation created 0 cells and removed 0 cells

Phase 5 Sweep
INFO: [Constraints 18-11670] Building netlist checker database with flags, 0x8
Done building netlist checker database: Time (s): cpu = 00:00:00 ; elapsed = 00:00:00 . Memory (MB): peak = 3342.766 ; gain = 0.000 ; free physical = 727800 ; free virtual = 750869
Phase 5 Sweep | Checksum: 1c12fdc7c

Time (s): cpu = 00:00:00.52 ; elapsed = 00:00:00.27 . Memory (MB): peak = 3342.766 ; gain = 5.938 ; free physical = 727800 ; free virtual = 750869
Sweep | Checksum: 1c12fdc7c
INFO: [Opt 31-389] Phase Sweep created 0 cells and removed 0 cells

Phase 6 BUFG optimization
Phase 6 BUFG optimization | Checksum: 1c12fdc7c

Time (s): cpu = 00:00:00.6 ; elapsed = 00:00:00.31 . Memory (MB): peak = 3374.781 ; gain = 37.953 ; free physical = 727800 ; free virtual = 750869
BUFG optimization | Checksum: 1c12fdc7c
INFO: [Opt 31-662] Phase BUFG optimization created 0 cells of which 0 are BUFGs and removed 0 cells.

Phase 7 Shift Register Optimization
INFO: [Opt 31-1064] SRL Remap converted 0 SRLs to 0 registers and converted 0 registers of register chains to 0 SRLs
Phase 7 Shift Register Optimization | Checksum: 1c12fdc7c

Time (s): cpu = 00:00:00.6 ; elapsed = 00:00:00.31 . Memory (MB): peak = 3374.781 ; gain = 37.953 ; free physical = 727800 ; free virtual = 750869
Shift Register Optimization | Checksum: 1c12fdc7c
INFO: [Opt 31-389] Phase Shift Register Optimization created 0 cells and removed 0 cells
INFO: [Opt 31-1555] control_set_opt supports Versal devices only, and device 7a100t is unsupported

Phase 8 Post Processing Netlist
Phase 8 Post Processing Netlist | Checksum: 1c12fdc7c

Time (s): cpu = 00:00:00.61 ; elapsed = 00:00:00.32 . Memory (MB): peak = 3374.781 ; gain = 37.953 ; free physical = 727800 ; free virtual = 750869
Post Processing Netlist | Checksum: 1c12fdc7c
INFO: [Opt 31-389] Phase Post Processing Netlist created 0 cells and removed 0 cells

Phase 9 Finalization

Phase 9.1 Finalizing Design Cores and Updating Shapes
Phase 9.1 Finalizing Design Cores and Updating Shapes | Checksum: 1c12fdc7c

Time (s): cpu = 00:00:00.62 ; elapsed = 00:00:00.33 . Memory (MB): peak = 3374.781 ; gain = 37.953 ; free physical = 727800 ; free virtual = 750869

Phase 9.2 Verifying Netlist Connectivity

Starting Connectivity Check Task

Time (s): cpu = 00:00:00 ; elapsed = 00:00:00.01 . Memory (MB): peak = 3374.781 ; gain = 0.000 ; free physical = 727800 ; free virtual = 750869
Phase 9.2 Verifying Netlist Connectivity | Checksum: 1c12fdc7c

Time (s): cpu = 00:00:00.62 ; elapsed = 00:00:00.34 . Memory (MB): peak = 3374.781 ; gain = 37.953 ; free physical = 727800 ; free virtual = 750869
Phase 9 Finalization | Checksum: 1c12fdc7c

Time (s): cpu = 00:00:00.62 ; elapsed = 00:00:00.34 . Memory (MB): peak = 3374.781 ; gain = 37.953 ; free physical = 727800 ; free virtual = 750869
Opt_design Change Summary
=========================


-------------------------------------------------------------------------------------------------------------------------
|  Phase                        |  #Cells created  |  #Cells Removed  |  #Constrained objects preventing optimizations  |
-------------------------------------------------------------------------------------------------------------------------
|  Retarget                     |               0  |               0  |                                              0  |
|  Constant propagation         |               0  |               0  |                                              0  |
|  Sweep                        |               0  |               0  |                                              0  |
|  BUFG optimization            |               0  |               0  |                                              0  |
|  Shift Register Optimization  |               0  |               0  |                                              0  |
|  Post Processing Netlist      |               0  |               0  |                                              0  |
-------------------------------------------------------------------------------------------------------------------------


Ending Logic Optimization Task | Checksum: 1c12fdc7c

Time (s): cpu = 00:00:00.62 ; elapsed = 00:00:00.34 . Memory (MB): peak = 3374.781 ; gain = 37.953 ; free physical = 727800 ; free virtual = 750869

Starting Netlist Obfuscation Task
Netlist sorting complete. Time (s): cpu = 00:00:00 ; elapsed = 00:00:00 . Memory (MB): peak = 3374.781 ; gain = 0.000 ; free physical = 727800 ; free virtual = 750869
Ending Netlist Obfuscation Task | Checksum: 1c12fdc7c

Time (s): cpu = 00:00:00 ; elapsed = 00:00:00 . Memory (MB): peak = 3374.781 ; gain = 0.000 ; free physical = 727800 ; free virtual = 750869
INFO: [Common 17-83] Releasing license: Implementation
68 Infos, 155 Warnings, 0 Critical Warnings and 0 Errors encountered.
opt_design completed successfully
Command: place_design -directive Explore
Attempting to get a license for feature 'Implementation' and/or device 'xc7a100t'
INFO: [Common 17-349] Got license for feature 'Implementation' and/or device 'xc7a100t'
INFO: [Common 17-83] Releasing license: Implementation
INFO: [DRC 23-27] Running DRC with 8 threads
INFO: [Vivado_Tcl 4-198] DRC finished with 0 Errors
INFO: [Vivado_Tcl 4-199] Please refer to the DRC report (report_drc) for more information.
INFO: [Vivado_Tcl 4-2302] The placer was invoked with the 'Explore' directive.
Running DRC as a precondition to command place_design
INFO: [DRC 23-27] Running DRC with 8 threads
INFO: [Vivado_Tcl 4-198] DRC finished with 0 Errors
INFO: [Vivado_Tcl 4-199] Please refer to the DRC report (report_drc) for more information.
INFO: [Place 30-611] Multithreading enabled for place_design using a maximum of 8 CPUs

Starting Placer Task

Phase 1 Placer Initialization

Phase 1.1 Placer Initialization Netlist Sorting
Netlist sorting complete. Time (s): cpu = 00:00:00 ; elapsed = 00:00:00 . Memory (MB): peak = 3374.781 ; gain = 0.000 ; free physical = 727792 ; free virtual = 750862
Phase 1.1 Placer Initialization Netlist Sorting | Checksum: 111d0e976

Time (s): cpu = 00:00:00 ; elapsed = 00:00:00.02 . Memory (MB): peak = 3374.781 ; gain = 0.000 ; free physical = 727792 ; free virtual = 750862
Netlist sorting complete. Time (s): cpu = 00:00:00 ; elapsed = 00:00:00 . Memory (MB): peak = 3374.781 ; gain = 0.000 ; free physical = 727792 ; free virtual = 750862

Phase 1.2 IO Placement/ Clock Placement/ Build Placer Device
INFO: [Timing 38-35] Done setting XDC timing constraints.
Phase 1.2 IO Placement/ Clock Placement/ Build Placer Device | Checksum: 1ba67a578

Time (s): cpu = 00:00:00.97 ; elapsed = 00:00:00.38 . Memory (MB): peak = 3374.781 ; gain = 0.000 ; free physical = 727790 ; free virtual = 750860

Phase 1.3 Build Placer Netlist Model
Phase 1.3 Build Placer Netlist Model | Checksum: 2034482ba

Time (s): cpu = 00:00:03 ; elapsed = 00:00:01 . Memory (MB): peak = 3413.824 ; gain = 39.043 ; free physical = 727773 ; free virtual = 750850

Phase 1.4 Constrain Clocks/Macros
Phase 1.4 Constrain Clocks/Macros | Checksum: 2034482ba

Time (s): cpu = 00:00:03 ; elapsed = 00:00:01 . Memory (MB): peak = 3413.824 ; gain = 39.043 ; free physical = 727773 ; free virtual = 750850
Phase 1 Placer Initialization | Checksum: 2034482ba

Time (s): cpu = 00:00:03 ; elapsed = 00:00:01 . Memory (MB): peak = 3413.824 ; gain = 39.043 ; free physical = 727773 ; free virtual = 750850

Phase 2 Global Placement

Phase 2.1 Floorplanning
Phase 2.1 Floorplanning | Checksum: 20963c107

Time (s): cpu = 00:00:04 ; elapsed = 00:00:02 . Memory (MB): peak = 3413.824 ; gain = 39.043 ; free physical = 727769 ; free virtual = 750845

Phase 2.2 Update Timing before SLR Path Opt
Phase 2.2 Update Timing before SLR Path Opt | Checksum: 216dcb5a2

Time (s): cpu = 00:00:04 ; elapsed = 00:00:02 . Memory (MB): peak = 3413.824 ; gain = 39.043 ; free physical = 729017 ; free virtual = 752093

Phase 2.3 Post-Processing in Floorplanning
Phase 2.3 Post-Processing in Floorplanning | Checksum: 216dcb5a2

Time (s): cpu = 00:00:04 ; elapsed = 00:00:02 . Memory (MB): peak = 3413.824 ; gain = 39.043 ; free physical = 729278 ; free virtual = 752354

Phase 2.4 Global Place Phase1
Phase 2.4 Global Place Phase1 | Checksum: 1bd4f86d7

Time (s): cpu = 00:00:13 ; elapsed = 00:00:06 . Memory (MB): peak = 3413.824 ; gain = 39.043 ; free physical = 730185 ; free virtual = 753261

Phase 2.5 Global Place Phase2

Phase 2.5.1 UpdateTiming Before Physical Synthesis
Phase 2.5.1 UpdateTiming Before Physical Synthesis | Checksum: 1bd4bb316

Time (s): cpu = 00:00:14 ; elapsed = 00:00:06 . Memory (MB): peak = 3413.824 ; gain = 39.043 ; free physical = 730202 ; free virtual = 753278

Phase 2.5.2 Physical Synthesis In Placer
INFO: [Physopt 32-1035] Found 46 LUTNM shape to break, 1 LUT instances to create LUTNM shape
INFO: [Physopt 32-1044] Break lutnm for timing: one critical 7, two critical 39, total 46, new lutff created 0
INFO: [Physopt 32-1138] End 1 Pass. Optimized 46 nets or LUTs. Breaked 46 LUTs, combined 0 existing LUT and moved 0 existing LUT
INFO: [Physopt 32-65] No nets found for high-fanout optimization.
INFO: [Physopt 32-232] Optimized 0 net. Created 0 new instance.
INFO: [Physopt 32-775] End 1 Pass. Optimized 0 net or cell. Created 0 new cell, deleted 0 existing cell and moved 0 existing cell
INFO: [Physopt 32-456] No candidate cells for DSP register optimization found in the design.
INFO: [Physopt 32-775] End 2 Pass. Optimized 0 net or cell. Created 0 new cell, deleted 0 existing cell and moved 0 existing cell
INFO: [Physopt 32-1123] No candidate cells found for Shift Register to Pipeline optimization
INFO: [Physopt 32-775] End 2 Pass. Optimized 0 net or cell. Created 0 new cell, deleted 0 existing cell and moved 0 existing cell
INFO: [Physopt 32-1401] No candidate cells found for Shift Register optimization.
INFO: [Physopt 32-677] No candidate cells for Shift Register optimization found in the design
INFO: [Physopt 32-775] End 1 Pass. Optimized 0 net or cell. Created 0 new cell, deleted 0 existing cell and moved 0 existing cell
INFO: [Physopt 32-526] No candidate cells for BRAM register optimization found in the design
INFO: [Physopt 32-775] End 1 Pass. Optimized 0 net or cell. Created 0 new cell, deleted 0 existing cell and moved 0 existing cell
INFO: [Physopt 32-846] No candidate cells for URAM register optimization found in the design
INFO: [Physopt 32-775] End 1 Pass. Optimized 0 net or cell. Created 0 new cell, deleted 0 existing cell and moved 0 existing cell
INFO: [Physopt 32-846] No candidate cells for URAM register optimization found in the design
INFO: [Physopt 32-775] End 1 Pass. Optimized 0 net or cell. Created 0 new cell, deleted 0 existing cell and moved 0 existing cell
INFO: [Physopt 32-949] No candidate nets found for dynamic/static region interface net replication
INFO: [Physopt 32-775] End 1 Pass. Optimized 0 net or cell. Created 0 new cell, deleted 0 existing cell and moved 0 existing cell
Netlist sorting complete. Time (s): cpu = 00:00:00 ; elapsed = 00:00:00 . Memory (MB): peak = 3413.824 ; gain = 0.000 ; free physical = 730143 ; free virtual = 753219

Summary of Physical Synthesis Optimizations
============================================


-----------------------------------------------------------------------------------------------------------------------------------------------------------
|  Optimization                                     |  Added Cells  |  Removed Cells  |  Optimized Cells/Nets  |  Dont Touch  |  Iterations  |  Elapsed   |
-----------------------------------------------------------------------------------------------------------------------------------------------------------
|  LUT Combining                                    |           46  |              0  |                    46  |           0  |           1  |  00:00:00  |
|  Retime                                           |            0  |              0  |                     0  |           0  |           1  |  00:00:00  |
|  Very High Fanout                                 |            0  |              0  |                     0  |           0  |           1  |  00:00:00  |
|  DSP Register                                     |            0  |              0  |                     0  |           0  |           1  |  00:00:00  |
|  Shift Register to Pipeline                       |            0  |              0  |                     0  |           0  |           1  |  00:00:00  |
|  Shift Register                                   |            0  |              0  |                     0  |           0  |           1  |  00:00:00  |
|  BRAM Register                                    |            0  |              0  |                     0  |           0  |           1  |  00:00:00  |
|  URAM Register                                    |            0  |              0  |                     0  |           0  |           1  |  00:00:00  |
|  Dynamic/Static Region Interface Net Replication  |            0  |              0  |                     0  |           0  |           1  |  00:00:00  |
|  Total                                            |           46  |              0  |                    46  |           0  |           9  |  00:00:00  |
-----------------------------------------------------------------------------------------------------------------------------------------------------------


Phase 2.5.2 Physical Synthesis In Placer | Checksum: 22fce8d42

Time (s): cpu = 00:00:15 ; elapsed = 00:00:06 . Memory (MB): peak = 3413.824 ; gain = 39.043 ; free physical = 730119 ; free virtual = 753195
Phase 2.5 Global Place Phase2 | Checksum: 27e768a3a

Time (s): cpu = 00:00:16 ; elapsed = 00:00:07 . Memory (MB): peak = 3413.824 ; gain = 39.043 ; free physical = 730100 ; free virtual = 753176
Phase 2 Global Placement | Checksum: 27e768a3a

Time (s): cpu = 00:00:16 ; elapsed = 00:00:07 . Memory (MB): peak = 3413.824 ; gain = 39.043 ; free physical = 730100 ; free virtual = 753176

Phase 3 Detail Placement

Phase 3.1 Commit Multi Column Macros
Phase 3.1 Commit Multi Column Macros | Checksum: 22818727a

Time (s): cpu = 00:00:16 ; elapsed = 00:00:07 . Memory (MB): peak = 3413.824 ; gain = 39.043 ; free physical = 729940 ; free virtual = 753016

Phase 3.2 Commit Most Macros & LUTRAMs
Phase 3.2 Commit Most Macros & LUTRAMs | Checksum: 1ea05c5cb

Time (s): cpu = 00:00:18 ; elapsed = 00:00:08 . Memory (MB): peak = 3413.824 ; gain = 39.043 ; free physical = 729836 ; free virtual = 752912

Phase 3.3 Area Swap Optimization
Phase 3.3 Area Swap Optimization | Checksum: 17f4c211c

Time (s): cpu = 00:00:18 ; elapsed = 00:00:08 . Memory (MB): peak = 3413.824 ; gain = 39.043 ; free physical = 729832 ; free virtual = 752908

Phase 3.4 Pipeline Register Optimization
Phase 3.4 Pipeline Register Optimization | Checksum: 1a965186b

Time (s): cpu = 00:00:18 ; elapsed = 00:00:08 . Memory (MB): peak = 3413.824 ; gain = 39.043 ; free physical = 729815 ; free virtual = 752891

Phase 3.5 Fast Optimization
Phase 3.5 Fast Optimization | Checksum: 179a91ddf

Time (s): cpu = 00:00:24 ; elapsed = 00:00:13 . Memory (MB): peak = 3413.824 ; gain = 39.043 ; free physical = 728950 ; free virtual = 752025

Phase 3.6 Small Shape Detail Placement
Phase 3.6 Small Shape Detail Placement | Checksum: 22281c135

Time (s): cpu = 00:00:25 ; elapsed = 00:00:14 . Memory (MB): peak = 3413.824 ; gain = 39.043 ; free physical = 728952 ; free virtual = 752028

Phase 3.7 Re-assign LUT pins
Phase 3.7 Re-assign LUT pins | Checksum: 285211e9a

Time (s): cpu = 00:00:26 ; elapsed = 00:00:14 . Memory (MB): peak = 3413.824 ; gain = 39.043 ; free physical = 728942 ; free virtual = 752018

Phase 3.8 Pipeline Register Optimization
Phase 3.8 Pipeline Register Optimization | Checksum: 1cbbe5edf

Time (s): cpu = 00:00:26 ; elapsed = 00:00:14 . Memory (MB): peak = 3413.824 ; gain = 39.043 ; free physical = 728942 ; free virtual = 752018
Phase 3 Detail Placement | Checksum: 1cbbe5edf

Time (s): cpu = 00:00:26 ; elapsed = 00:00:14 . Memory (MB): peak = 3413.824 ; gain = 39.043 ; free physical = 728941 ; free virtual = 752017

Phase 4 Post Placement Optimization and Clean-Up

Phase 4.1 Post Commit Optimization
INFO: [Timing 38-35] Done setting XDC timing constraints.

Phase 4.1.1 Post Placement Optimization
Post Placement Optimization Initialization | Checksum: 1d082e442

Phase 4.1.1.1 BUFG Insertion

Starting Physical Synthesis Task

Phase 1 Physical Synthesis Initialization
INFO: [Physopt 32-721] Multithreading enabled for phys_opt_design using a maximum of 8 CPUs
INFO: [Physopt 32-619] Estimated Timing Summary | WNS=-2.925 | TNS=-2920.957 |
Phase 1 Physical Synthesis Initialization | Checksum: 1518f10f9

Time (s): cpu = 00:00:00.36 ; elapsed = 00:00:00.14 . Memory (MB): peak = 3413.824 ; gain = 0.000 ; free physical = 729071 ; free virtual = 752147
INFO: [Place 46-56] BUFG insertion identified 0 candidate nets. Inserted BUFG: 0, Replicated BUFG Driver: 0, Skipped due to Placement/Routing Conflicts: 0, Skipped due to Timing Degradation: 0, Skipped due to netlist editing failed: 0.
Ending Physical Synthesis Task | Checksum: 2084e7e0b

Time (s): cpu = 00:00:00.4 ; elapsed = 00:00:00.16 . Memory (MB): peak = 3413.824 ; gain = 0.000 ; free physical = 729069 ; free virtual = 752145
Phase 4.1.1.1 BUFG Insertion | Checksum: 1d082e442

Time (s): cpu = 00:00:28 ; elapsed = 00:00:15 . Memory (MB): peak = 3413.824 ; gain = 39.043 ; free physical = 729067 ; free virtual = 752143

Phase 4.1.1.2 Post Placement Timing Optimization
INFO: [Place 30-746] Post Placement Timing Summary WNS=-2.189. For the most accurate timing information please run report_timing.
Phase 4.1.1.2 Post Placement Timing Optimization | Checksum: 152ea4739

Time (s): cpu = 00:01:13 ; elapsed = 00:00:59 . Memory (MB): peak = 3413.824 ; gain = 39.043 ; free physical = 726813 ; free virtual = 749907

Time (s): cpu = 00:01:13 ; elapsed = 00:00:59 . Memory (MB): peak = 3413.824 ; gain = 39.043 ; free physical = 726813 ; free virtual = 749907
Phase 4.1 Post Commit Optimization | Checksum: 152ea4739

Time (s): cpu = 00:01:13 ; elapsed = 00:00:59 . Memory (MB): peak = 3413.824 ; gain = 39.043 ; free physical = 726813 ; free virtual = 749907

Phase 4.2 Post Placement Cleanup
Phase 4.2 Post Placement Cleanup | Checksum: 152ea4739

Time (s): cpu = 00:01:13 ; elapsed = 00:00:59 . Memory (MB): peak = 3413.824 ; gain = 39.043 ; free physical = 726813 ; free virtual = 749907

Phase 4.3 Placer Reporting

Phase 4.3.1 Print Estimated Congestion
INFO: [Place 30-612] Post-Placement Estimated Congestion 
 ____________________________________________________
|           | Global Congestion | Short Congestion  |
| Direction | Region Size       | Region Size       |
|___________|___________________|___________________|
|      North|                2x2|                4x4|
|___________|___________________|___________________|
|      South|                1x1|                2x2|
|___________|___________________|___________________|
|       East|                1x1|                2x2|
|___________|___________________|___________________|
|       West|                1x1|                1x1|
|___________|___________________|___________________|

Phase 4.3.1 Print Estimated Congestion | Checksum: 152ea4739

Time (s): cpu = 00:01:13 ; elapsed = 00:00:59 . Memory (MB): peak = 3413.824 ; gain = 39.043 ; free physical = 726813 ; free virtual = 749907
Phase 4.3 Placer Reporting | Checksum: 152ea4739

Time (s): cpu = 00:01:13 ; elapsed = 00:00:59 . Memory (MB): peak = 3413.824 ; gain = 39.043 ; free physical = 726813 ; free virtual = 749907

Phase 4.4 Final Placement Cleanup
Netlist sorting complete. Time (s): cpu = 00:00:00 ; elapsed = 00:00:00 . Memory (MB): peak = 3413.824 ; gain = 0.000 ; free physical = 726813 ; free virtual = 749907

Time (s): cpu = 00:01:13 ; elapsed = 00:00:59 . Memory (MB): peak = 3413.824 ; gain = 39.043 ; free physical = 726813 ; free virtual = 749907
Phase 4 Post Placement Optimization and Clean-Up | Checksum: 22344dba4

Time (s): cpu = 00:01:13 ; elapsed = 00:00:59 . Memory (MB): peak = 3413.824 ; gain = 39.043 ; free physical = 726813 ; free virtual = 749907
Ending Placer Task | Checksum: 1bb33c9ac

Time (s): cpu = 00:01:13 ; elapsed = 00:00:59 . Memory (MB): peak = 3413.824 ; gain = 39.043 ; free physical = 726813 ; free virtual = 749907
106 Infos, 155 Warnings, 0 Critical Warnings and 0 Errors encountered.
place_design completed successfully
place_design: Time (s): cpu = 00:01:16 ; elapsed = 00:00:59 . Memory (MB): peak = 3413.824 ; gain = 39.043 ; free physical = 726813 ; free virtual = 749907
Command: phys_opt_design -retime -rewire -critical_pin_opt -placement_opt -critical_cell_opt
Attempting to get a license for feature 'Implementation' and/or device 'xc7a100t'
INFO: [Common 17-349] Got license for feature 'Implementation' and/or device 'xc7a100t'
WARNING: [Vivado_Tcl 4-1892] The option '-rewire' has been deprecated and will become unsupported in a future release. Please remove the option from the scripts and use '-restruct_opt' option instead.

Starting Initial Update Timing Task

Time (s): cpu = 00:00:01 ; elapsed = 00:00:00.42 . Memory (MB): peak = 3413.824 ; gain = 0.000 ; free physical = 726800 ; free virtual = 749893
INFO: [Vivado_Tcl 4-1435] PhysOpt_Tcl_Interface Runtime Before Starting Physical Synthesis Task | CPU: 1.35s |  WALL: 0.46s
Netlist sorting complete. Time (s): cpu = 00:00:00 ; elapsed = 00:00:00 . Memory (MB): peak = 3413.824 ; gain = 0.000 ; free physical = 726800 ; free virtual = 749893

Starting Physical Synthesis Task

Phase 1 Physical Synthesis Initialization
INFO: [Physopt 32-721] Multithreading enabled for phys_opt_design using a maximum of 8 CPUs
INFO: [Physopt 32-619] Estimated Timing Summary | WNS=-2.189 | TNS=-2484.404 |
Phase 1 Physical Synthesis Initialization | Checksum: 1d79592d5

Time (s): cpu = 00:00:00.86 ; elapsed = 00:00:00.53 . Memory (MB): peak = 3413.824 ; gain = 0.000 ; free physical = 726770 ; free virtual = 749868
INFO: [Physopt 32-619] Estimated Timing Summary | WNS=-2.189 | TNS=-2484.404 |

Phase 2 Single Cell Placement Optimization
INFO: [Physopt 32-660] Identified 64 candidate nets for placement-based optimization.
INFO: [Physopt 32-662] Processed net mem_rdata[31]_i_4_n_0.  Did not re-place instance mem_rdata[31]_i_4
INFO: [Physopt 32-662] Processed net memory_reg_0_255_8_8_i_1_n_0.  Did not re-place instance memory_reg_0_255_8_8_i_1
INFO: [Physopt 32-663] Processed net mem_addr[29].  Re-placed instance cpu/mem_addr_reg[29]
INFO: [Physopt 32-662] Processed net mem_rdata[31]_i_5_n_0.  Did not re-place instance mem_rdata[31]_i_5
INFO: [Physopt 32-662] Processed net mem_rdata[31]_i_7_n_0.  Did not re-place instance mem_rdata[31]_i_7
INFO: [Physopt 32-662] Processed net memory_reg_768_1023_24_24_i_1_n_0.  Did not re-place instance memory_reg_768_1023_24_24_i_1
INFO: [Physopt 32-662] Processed net memory_reg_0_255_16_16_i_1_n_0.  Did not re-place instance memory_reg_0_255_16_16_i_1
INFO: [Physopt 32-662] Processed net memory_reg_256_511_8_8_i_1_n_0.  Did not re-place instance memory_reg_256_511_8_8_i_1
INFO: [Physopt 32-662] Processed net memory_reg_256_511_24_24_i_1_n_0.  Did not re-place instance memory_reg_256_511_24_24_i_1
INFO: [Physopt 32-662] Processed net memory_reg_0_255_24_24_i_1_n_0.  Did not re-place instance memory_reg_0_255_24_24_i_1
INFO: [Physopt 32-662] Processed net memory_reg_512_767_24_24_i_1_n_0.  Did not re-place instance memory_reg_512_767_24_24_i_1
INFO: [Physopt 32-662] Processed net cpu/pcpi_div/dividend.  Did not re-place instance dividend[31]_i_1
INFO: [Physopt 32-663] Processed net cpu/pcpi_div/dividend_reg_n_0_[0].  Re-placed instance cpu/pcpi_div/dividend_reg[0]
INFO: [Physopt 32-663] Processed net cpu/pcpi_div/dividend_reg_n_0_[1].  Re-placed instance cpu/pcpi_div/dividend_reg[1]
INFO: [Physopt 32-663] Processed net cpu/pcpi_div/dividend_reg_n_0_[2].  Re-placed instance cpu/pcpi_div/dividend_reg[2]
INFO: [Physopt 32-663] Processed net cpu/pcpi_div/dividend_reg_n_0_[3].  Re-placed instance cpu/pcpi_div/dividend_reg[3]
INFO: [Physopt 32-663] Processed net cpu/pcpi_div/divisor_reg_n_0_[3].  Re-placed instance cpu/pcpi_div/divisor_reg[3]
INFO: [Physopt 32-662] Processed net dividend[31]_i_74_n_0.  Did not re-place instance dividend[31]_i_74
INFO: [Physopt 32-662] Processed net memory_reg_512_767_16_16_i_1_n_0.  Did not re-place instance memory_reg_512_767_16_16_i_1
INFO: [Physopt 32-663] Processed net cpu/pcpi_div/divisor_reg_n_0_[5].  Re-placed instance cpu/pcpi_div/divisor_reg[5]
INFO: [Physopt 32-662] Processed net dividend[31]_i_73_n_0.  Did not re-place instance dividend[31]_i_73
INFO: [Physopt 32-663] Processed net cpu/reg_op2_reg_n_0_[7].  Re-placed instance cpu/reg_op2_reg[7]
INFO: [Physopt 32-663] Processed net cpu/pcpi_div/outsign0.  Re-placed instance outsign_i_2
INFO: [Physopt 32-662] Processed net cpu/pcpi_div/outsign2.  Did not re-place instance outsign_i_3
INFO: [Physopt 32-662] Processed net outsign_i_1_n_0.  Did not re-place instance outsign_i_1
INFO: [Physopt 32-663] Processed net outsign_i_5_n_0.  Re-placed instance outsign_i_5
INFO: [Physopt 32-663] Processed net outsign_i_7_n_0.  Re-placed instance outsign_i_7
INFO: [Physopt 32-662] Processed net cpu/pcpi_div/outsign_reg_n_0.  Did not re-place instance cpu/pcpi_div/outsign_reg
INFO: [Physopt 32-662] Processed net dividend[31]_i_69_n_0.  Did not re-place instance dividend[31]_i_69
INFO: [Physopt 32-662] Processed net cpu_state[7]_i_9_n_0.  Did not re-place instance cpu_state[7]_i_9
INFO: [Physopt 32-662] Processed net reg_op1[31]_i_6_n_0.  Did not re-place instance reg_op1[31]_i_6
INFO: [Physopt 32-662] Processed net cpu/reg_op1_reg_n_0_[11].  Did not re-place instance cpu/reg_op1_reg[11]
INFO: [Physopt 32-662] Processed net cpu/instr_jalr.  Did not re-place instance cpu/instr_jalr_reg
INFO: [Physopt 32-662] Processed net is_lui_auipc_jal_jalr_addi_add_sub_i_2_n_0.  Did not re-place instance is_lui_auipc_jal_jalr_addi_add_sub_i_2
INFO: [Physopt 32-662] Processed net cpu/reg_op1[11].  Did not re-place instance reg_op1[11]_i_1
INFO: [Physopt 32-663] Processed net cpu/instr_rdcycleh.  Re-placed instance cpu/instr_rdcycleh_reg
INFO: [Physopt 32-662] Processed net cpu/reg_out_reg_n_0_[11].  Did not re-place instance cpu/reg_out_reg[11]
INFO: [Physopt 32-662] Processed net cpu/reg_out[11].  Did not re-place instance reg_out[11]_i_1
INFO: [Physopt 32-662] Processed net reg_out[11]_i_3_n_0.  Did not re-place instance reg_out[11]_i_3
INFO: [Physopt 32-662] Processed net reg_out[11]_i_4_n_0.  Did not re-place instance reg_out[11]_i_4
INFO: [Physopt 32-663] Processed net reg_out[11]_i_5_n_0.  Re-placed instance reg_out[11]_i_5
INFO: [Physopt 32-663] Processed net cpu/cpu_state_reg_n_0_[3].  Re-placed instance cpu/cpu_state_reg[3]
INFO: [Physopt 32-663] Processed net cpu/reg_next_pc.  Re-placed instance cpu/cpu_state_reg[6]
INFO: [Physopt 32-662] Processed net memory_reg_768_1023_16_16_i_1_n_0.  Did not re-place instance memory_reg_768_1023_16_16_i_1
INFO: [Physopt 32-662] Processed net cpu_state[7]_i_2_n_0.  Did not re-place instance cpu_state[7]_i_2
INFO: [Physopt 32-662] Processed net cpu_state[7]_i_5_n_0.  Did not re-place instance cpu_state[7]_i_5
INFO: [Physopt 32-663] Processed net cpu/cpu_state_reg_n_0_[5].  Re-placed instance cpu/cpu_state_reg[5]
INFO: [Physopt 32-662] Processed net memory_reg_256_511_16_16_i_1_n_0.  Did not re-place instance memory_reg_256_511_16_16_i_1
INFO: [Physopt 32-663] Processed net cpu/cpu_state_reg_n_0_[1].  Re-placed instance cpu/cpu_state_reg[1]
INFO: [Physopt 32-662] Processed net cpu/cpu_state_reg_n_0_[7].  Did not re-place instance cpu/cpu_state_reg[7]
INFO: [Physopt 32-663] Processed net cpu/pcpi_div/divisor_reg_n_0_[9].  Re-placed instance cpu/pcpi_div/divisor_reg[9]
INFO: [Physopt 32-662] Processed net dividend[31]_i_67_n_0.  Did not re-place instance dividend[31]_i_67
INFO: [Physopt 32-662] Processed net cpu/reg_out_reg_n_0_[18].  Did not re-place instance cpu/reg_out_reg[18]
INFO: [Physopt 32-662] Processed net cpu/reg_out[18].  Did not re-place instance reg_out[18]_i_1
INFO: [Physopt 32-663] Processed net reg_out[18]_i_3_n_0.  Re-placed instance reg_out[18]_i_3
INFO: [Physopt 32-662] Processed net cpu_state[7]_i_11_n_0.  Did not re-place instance cpu_state[7]_i_11
INFO: [Physopt 32-663] Processed net cpu/instr_sh.  Re-placed instance cpu/instr_sh_reg
INFO: [Physopt 32-662] Processed net dividend[31]_i_70_n_0.  Did not re-place instance dividend[31]_i_70
INFO: [Physopt 32-662] Processed net cpu/reg_op1_reg_n_0_[6].  Did not re-place instance cpu/reg_op1_reg[6]
INFO: [Physopt 32-662] Processed net cpu/reg_op1[6].  Did not re-place instance reg_op1[6]_i_1
INFO: [Physopt 32-663] Processed net mem_addr[2].  Re-placed instance cpu/mem_addr_reg[2]
INFO: [Physopt 32-662] Processed net memory_reg_768_1023_8_8_i_1_n_0.  Did not re-place instance memory_reg_768_1023_8_8_i_1
INFO: [Physopt 32-662] Processed net mem_rdata[0].  Did not re-place instance ram/mem_rdata_reg[0]
INFO: [Physopt 32-662] Processed net mem_rdata0[0].  Did not re-place instance mem_rdata[0]_i_1
INFO: [Physopt 32-661] Optimized 21 nets.  Re-placed 21 instances.
INFO: [Physopt 32-775] End 1 Pass. Optimized 21 nets or cells. Created 0 new cell, deleted 0 existing cell and moved 21 existing cells
INFO: [Physopt 32-619] Estimated Timing Summary | WNS=-2.079 | TNS=-2420.582 |
Netlist sorting complete. Time (s): cpu = 00:00:00.01 ; elapsed = 00:00:00 . Memory (MB): peak = 3413.824 ; gain = 0.000 ; free physical = 726416 ; free virtual = 749510
Phase 2 Single Cell Placement Optimization | Checksum: fd80e793

Time (s): cpu = 00:00:10 ; elapsed = 00:00:04 . Memory (MB): peak = 3413.824 ; gain = 0.000 ; free physical = 726416 ; free virtual = 749510

Phase 3 Multi Cell Placement Optimization
INFO: [Physopt 32-660] Identified 100 candidate nets for placement-based optimization.
INFO: [Physopt 32-662] Processed net cpu/instr_jalr.  Did not re-place instance cpu/instr_jalr_reg/Q
INFO: [Physopt 32-662] Processed net is_lui_auipc_jal_jalr_addi_add_sub_i_2_n_0.  Did not re-place instance is_lui_auipc_jal_jalr_addi_add_sub_i_2/O
INFO: [Physopt 32-662] Processed net cpu/reg_op1[11].  Did not re-place instance reg_op1[11]_i_1/O
INFO: [Physopt 32-662] Processed net cpu_state[7]_i_2_n_0.  Did not re-place instance cpu_state[7]_i_2/O
INFO: [Physopt 32-662] Processed net cpu/cpu_state_reg_n_0_[7].  Did not re-place instance cpu/cpu_state_reg[7]/Q
INFO: [Physopt 32-662] Processed net cpu_state[7]_i_5_n_0.  Did not re-place instance cpu_state[7]_i_5/O
INFO: [Physopt 32-662] Processed net cpu/reg_op2_reg_n_0_[7].  Did not re-place instance cpu/reg_op2_reg[7]/Q
INFO: [Physopt 32-663] Processed net reg_op2[7]_i_1_n_0.  Re-placed instance reg_op2[7]_i_1/O
INFO: [Physopt 32-662] Processed net cpu/reg_op1[6].  Did not re-place instance reg_op1[6]_i_1/O
INFO: [Physopt 32-662] Processed net mem_addr[29].  Did not re-place instance cpu/mem_addr_reg[29]/Q
INFO: [Physopt 32-662] Processed net mem_rdata[31]_i_5_n_0.  Did not re-place instance mem_rdata[31]_i_5/O
INFO: [Physopt 32-662] Processed net mem_rdata[31]_i_7_n_0.  Did not re-place instance mem_rdata[31]_i_7/O
INFO: [Physopt 32-662] Processed net cpu/cpu_state_reg_n_0_[2].  Did not re-place instance cpu/cpu_state_reg[2]/Q
INFO: [Physopt 32-662] Processed net cpu/reg_pc_reg_n_0_[6].  Did not re-place instance cpu/reg_pc_reg[6]/Q
INFO: [Physopt 32-663] Processed net cpu/reg_pc_reg_n_0_[3].  Re-placed instance cpu/reg_pc_reg[3]/Q
INFO: [Physopt 32-662] Processed net cpu/reg_op1[10].  Did not re-place instance reg_op1[10]_i_1/O
INFO: [Physopt 32-662] Processed net cpu/instr_rdinstrh.  Did not re-place instance cpu/instr_rdinstrh_reg/Q
INFO: [Physopt 32-662] Processed net cpu/reg_out[16].  Did not re-place instance reg_out[16]_i_1/O
INFO: [Physopt 32-663] Processed net reg_out[16]_i_10_n_0.  Re-placed instance reg_out[16]_i_10/O
INFO: [Physopt 32-662] Processed net reg_out[16]_i_3_n_0.  Did not re-place instance reg_out[16]_i_3/O
INFO: [Physopt 32-662] Processed net reg_out[16]_i_5_n_0.  Did not re-place instance reg_out[16]_i_5/O
INFO: [Physopt 32-662] Processed net cpu_state[7]_i_10_n_0.  Did not re-place instance cpu_state[7]_i_10/O
INFO: [Physopt 32-663] Processed net cpu/instr_lhu.  Re-placed instance cpu/instr_lhu_reg/Q
INFO: [Physopt 32-663] Processed net mem_do_rinst_i_14_n_0.  Re-placed instance mem_do_rinst_i_14/O
INFO: [Physopt 32-662] Processed net mem_do_rinst_i_8_n_0.  Did not re-place instance mem_do_rinst_i_8/O
INFO: [Physopt 32-662] Processed net cpu/reg_op1[9].  Did not re-place instance reg_op1[9]_i_1/O
INFO: [Physopt 32-662] Processed net mem_do_rinst_i_1_n_0.  Did not re-place instance mem_do_rinst_i_1/O
INFO: [Physopt 32-662] Processed net mem_do_rinst_i_3_n_0.  Did not re-place instance mem_do_rinst_i_3/O
INFO: [Physopt 32-662] Processed net cpu/reg_op1[5].  Did not re-place instance reg_op1[5]_i_1/O
INFO: [Physopt 32-662] Processed net cpu/reg_pc_reg_n_0_[2].  Did not re-place instance cpu/reg_pc_reg[2]/Q
INFO: [Physopt 32-662] Processed net cpu/reg_op1[13].  Did not re-place instance reg_op1[13]_i_1/O
INFO: [Physopt 32-662] Processed net alu_out_q[31]_i_9_n_0.  Did not re-place instance alu_out_q[31]_i_9/O
INFO: [Physopt 32-662] Processed net cpu_state[7]_i_11_n_0.  Did not re-place instance cpu_state[7]_i_11/O
INFO: [Physopt 32-663] Processed net cpu/pcpi_div/quotient_reg_n_0_[0].  Re-placed instance cpu/pcpi_div/quotient_reg[0]/Q
INFO: [Physopt 32-663] Processed net cpu/instr_and.  Re-placed instance cpu/instr_and_reg/Q
INFO: [Physopt 32-662] Processed net pcpi_rd[29]_i_1__0_n_0.  Did not re-place instance pcpi_rd[29]_i_1__0/O
INFO: [Physopt 32-662] Processed net cpu/reg_op1[15].  Did not re-place instance reg_op1[15]_i_1/O
INFO: [Physopt 32-662] Processed net cpu/reg_op1[18].  Did not re-place instance reg_op1[18]_i_1/O
INFO: [Physopt 32-662] Processed net cpu/reg_op1[31].  Did not re-place instance reg_op1[31]_i_2/O
INFO: [Physopt 32-662] Processed net cpu/reg_op1[28].  Did not re-place instance reg_op1[28]_i_1/O
INFO: [Physopt 32-662] Processed net cpu/pcpi_div/pcpi_ready0.  Did not re-place instance quotient_msk[31]_i_3/O
INFO: [Physopt 32-663] Processed net cpu/pcpi_div/divisor_reg_n_0_[13].  Re-placed instance cpu/pcpi_div/divisor_reg[13]/Q
INFO: [Physopt 32-662] Processed net cpu/pcpi_div/divisor_reg_n_0_[2].  Did not re-place instance cpu/pcpi_div/divisor_reg[2]/Q
INFO: [Physopt 32-662] Processed net cpu/pcpi_div/divisor_reg_n_0_[0].  Did not re-place instance cpu/pcpi_div/divisor_reg[0]/Q
INFO: [Physopt 32-663] Processed net cpu/pcpi_div/quotient_msk_reg_n_0_[10].  Re-placed instance cpu/pcpi_div/quotient_msk_reg[10]/Q
INFO: [Physopt 32-662] Processed net quotient_msk[31]_i_6_n_0.  Did not re-place instance quotient_msk[31]_i_6/O
INFO: [Physopt 32-662] Processed net quotient_msk[31]_i_8_n_0.  Did not re-place instance quotient_msk[31]_i_8/O
INFO: [Physopt 32-662] Processed net latched_store_i_1_n_0.  Did not re-place instance latched_store_i_1/O
INFO: [Physopt 32-662] Processed net latched_store_i_4_n_0.  Did not re-place instance latched_store_i_4/O
INFO: [Physopt 32-662] Processed net cpu/instr_lui.  Did not re-place instance cpu/instr_lui_reg/Q
INFO: [Physopt 32-662] Processed net cpu/reg_op1[12].  Did not re-place instance reg_op1[12]_i_1/O
INFO: [Physopt 32-662] Processed net cpu_state[7]_i_13_n_0.  Did not re-place instance cpu_state[7]_i_13/O
INFO: [Physopt 32-663] Processed net cpu/instr_sb.  Re-placed instance cpu/instr_sb_reg/Q
INFO: [Physopt 32-662] Processed net cpu/reg_out[22].  Did not re-place instance reg_out[22]_i_1/O
INFO: [Physopt 32-662] Processed net cpu_state[7]_i_15_n_0.  Did not re-place instance cpu_state[7]_i_15/O
INFO: [Physopt 32-662] Processed net reg_out[22]_i_2_n_0.  Did not re-place instance reg_out[22]_i_2/O
INFO: [Physopt 32-662] Processed net decoder_trigger_i_4_n_0.  Did not re-place instance decoder_trigger_i_4/O
INFO: [Physopt 32-662] Processed net decoder_trigger_i_5_n_0.  Did not re-place instance decoder_trigger_i_5/O
INFO: [Physopt 32-662] Processed net cpu/reg_op1[16].  Did not re-place instance reg_op1[16]_i_1/O
INFO: [Physopt 32-663] Processed net mem_addr[18].  Re-placed instance cpu/mem_addr_reg[18]/Q
INFO: [Physopt 32-662] Processed net mem_rdata[31]_i_6_n_0.  Did not re-place instance mem_rdata[31]_i_6/O
INFO: [Physopt 32-662] Processed net cpu/reg_op1_reg_n_0_[17].  Did not re-place instance cpu/reg_op1_reg[17]/Q
INFO: [Physopt 32-663] Processed net cpu/reg_pc_reg_n_0_[4].  Re-placed instance cpu/reg_pc_reg[4]/Q
INFO: [Physopt 32-662] Processed net cpu/reg_out[23].  Did not re-place instance reg_out[23]_i_1/O
INFO: [Physopt 32-661] Optimized 12 nets.  Re-placed 25 instances.
INFO: [Physopt 32-775] End 1 Pass. Optimized 12 nets or cells. Created 0 new cell, deleted 0 existing cell and moved 25 existing cells
INFO: [Physopt 32-619] Estimated Timing Summary | WNS=-2.079 | TNS=-2406.276 |
Netlist sorting complete. Time (s): cpu = 00:00:00.01 ; elapsed = 00:00:00 . Memory (MB): peak = 3413.824 ; gain = 0.000 ; free physical = 726319 ; free virtual = 749413
Phase 3 Multi Cell Placement Optimization | Checksum: 14b7640ea

Time (s): cpu = 00:00:44 ; elapsed = 00:00:15 . Memory (MB): peak = 3413.824 ; gain = 0.000 ; free physical = 726319 ; free virtual = 749413

Phase 4 Rewire
INFO: [Physopt 32-246] Starting Signal Push optimization...
INFO: [Physopt 32-77] Pass 1. Identified 17 candidate nets for rewire optimization.
INFO: [Physopt 32-134] Processed net is_lui_auipc_jal_jalr_addi_add_sub_i_2_n_0. Rewiring did not optimize the net.
INFO: [Physopt 32-134] Processed net cpu_state[7]_i_9_n_0. Rewiring did not optimize the net.
INFO: [Physopt 32-242] Processed net mem_rdata[31]_i_7_n_0. Rewired (signal push) mem_addr[29] to 1 loads. Replicated 0 times.
INFO: [Physopt 32-134] Processed net cpu_state[7]_i_11_n_0. Rewiring did not optimize the net.
INFO: [Physopt 32-134] Processed net cpu_state[7]_i_13_n_0. Rewiring did not optimize the net.
INFO: [Physopt 32-134] Processed net cpu_state[7]_i_10_n_0. Rewiring did not optimize the net.
INFO: [Physopt 32-242] Processed net instr_auipc_i_3_n_0. Rewired (signal push) instr_jal_i_6_n_0 to 2 loads. Replicated 0 times.
INFO: [Physopt 32-134] Processed net cpu_state[1]_i_2_n_0. Rewiring did not optimize the net.
INFO: [Physopt 32-134] Processed net cpu_state[7]_i_14_n_0. Rewiring did not optimize the net.
INFO: [Physopt 32-134] Processed net cpu_state[7]_i_12_n_0. Rewiring did not optimize the net.
INFO: [Physopt 32-134] Processed net outsign_i_6_n_0. Rewiring did not optimize the net.
INFO: [Physopt 32-134] Processed net cpu/pcpi_div/outsign2. Rewiring did not optimize the net.
INFO: [Physopt 32-134] Processed net mem_rdata[31]_i_8_n_0. Rewiring did not optimize the net.
INFO: [Physopt 32-242] Processed net quotient_msk[31]_i_7_n_0. Rewired (signal push) cpu/pcpi_div/quotient_msk_reg_n_0_[25] to 1 loads. Replicated 0 times.
INFO: [Physopt 32-134] Processed net reg_sh[4]_i_4_n_0. Rewiring did not optimize the net.
INFO: [Physopt 32-242] Processed net quotient_msk[31]_i_10_n_0. Rewired (signal push) cpu/pcpi_div/quotient_msk_reg_n_0_[3] to 1 loads. Replicated 0 times.
INFO: [Physopt 32-242] Processed net reg_out[5]_i_2_n_0. Rewired (signal push) reg_out[5]_i_3_n_0 to 1 loads. Replicated 0 times.
INFO: [Physopt 32-232] Optimized 5 nets. Created 0 new instance.
INFO: [Physopt 32-775] End 4 Pass. Optimized 5 nets or cells. Created 0 new cell, deleted 0 existing cell and moved 0 existing cell
Netlist sorting complete. Time (s): cpu = 00:00:00.01 ; elapsed = 00:00:00.01 . Memory (MB): peak = 3413.824 ; gain = 0.000 ; free physical = 726321 ; free virtual = 749415
INFO: [Physopt 32-619] Estimated Timing Summary | WNS=-2.079 | TNS=-2367.063 |
Netlist sorting complete. Time (s): cpu = 00:00:00 ; elapsed = 00:00:00 . Memory (MB): peak = 3413.824 ; gain = 0.000 ; free physical = 726321 ; free virtual = 749415
Phase 4 Rewire | Checksum: 1496a7dc4

Time (s): cpu = 00:00:46 ; elapsed = 00:00:16 . Memory (MB): peak = 3413.824 ; gain = 0.000 ; free physical = 726321 ; free virtual = 749415

Phase 5 Critical Cell Optimization
INFO: [Physopt 32-46] Identified 97 candidate nets for critical-cell optimization.
INFO: [Physopt 32-572] Net cpu/reg_op1_reg_n_0_[11] was not replicated.
Resolution: phys_opt_design can be forced to replicate a net driver using the option -force_replication_on_nets <list of net objects>.
INFO: [Physopt 32-572] Net cpu/instr_jalr was not replicated.
Resolution: phys_opt_design can be forced to replicate a net driver using the option -force_replication_on_nets <list of net objects>.
INFO: [Physopt 32-81] Processed net is_lui_auipc_jal_jalr_addi_add_sub_i_2_n_0. Replicated 1 times.
INFO: [Physopt 32-572] Net cpu_state[7]_i_2_n_0 was not replicated.
Resolution: phys_opt_design can be forced to replicate a net driver using the option -force_replication_on_nets <list of net objects>.
INFO: [Physopt 32-81] Processed net cpu/reg_pc_reg_n_0_[2]. Replicated 2 times.
INFO: [Physopt 32-572] Net cpu/reg_op1_reg_n_0_[6] was not replicated.
Resolution: phys_opt_design can be forced to replicate a net driver using the option -force_replication_on_nets <list of net objects>.
INFO: [Physopt 32-81] Processed net cpu/reg_pc_reg_n_0_[6]. Replicated 2 times.
INFO: [Physopt 32-572] Net cpu/cpuregs_wrdata[30] was not replicated.
Resolution: phys_opt_design can be forced to replicate a net driver using the option -force_replication_on_nets <list of net objects>.
INFO: [Physopt 32-572] Net cpu_state[7]_i_11_n_0 was not replicated.
Resolution: phys_opt_design can be forced to replicate a net driver using the option -force_replication_on_nets <list of net objects>.
INFO: [Physopt 32-572] Net cpu/reg_op1_reg_n_0_[5] was not replicated.
Resolution: phys_opt_design can be forced to replicate a net driver using the option -force_replication_on_nets <list of net objects>.
INFO: [Physopt 32-81] Processed net cpu/reg_pc_reg_n_0_[3]. Replicated 2 times.
INFO: [Physopt 32-572] Net cpu/reg_op1_reg_n_0_[13] was not replicated.
Resolution: phys_opt_design can be forced to replicate a net driver using the option -force_replication_on_nets <list of net objects>.
INFO: [Physopt 32-572] Net cpu/reg_op1_reg_n_0_[18] was not replicated.
Resolution: phys_opt_design can be forced to replicate a net driver using the option -force_replication_on_nets <list of net objects>.
INFO: [Physopt 32-572] Net cpu_state[7]_i_13_n_0 was not replicated.
Resolution: phys_opt_design can be forced to replicate a net driver using the option -force_replication_on_nets <list of net objects>.
INFO: [Physopt 32-81] Processed net cpu/instr_blt. Replicated 1 times.
INFO: [Physopt 32-572] Net cpu/instr_lui was not replicated.
Resolution: phys_opt_design can be forced to replicate a net driver using the option -force_replication_on_nets <list of net objects>.
INFO: [Physopt 32-572] Net decoder_trigger_i_4_n_0 was not replicated.
Resolution: phys_opt_design can be forced to replicate a net driver using the option -force_replication_on_nets <list of net objects>.
INFO: [Physopt 32-81] Processed net cpu/decoded_imm[3]. Replicated 1 times.
INFO: [Physopt 32-572] Net decoder_trigger_i_5_n_0 was not replicated.
Resolution: phys_opt_design can be forced to replicate a net driver using the option -force_replication_on_nets <list of net objects>.
INFO: [Physopt 32-572] Net cpu/reg_op1_reg_n_0_[17] was not replicated.
Resolution: phys_opt_design can be forced to replicate a net driver using the option -force_replication_on_nets <list of net objects>.
INFO: [Physopt 32-572] Net cpu/cpuregs_wrdata[25] was not replicated.
Resolution: phys_opt_design can be forced to replicate a net driver using the option -force_replication_on_nets <list of net objects>.
INFO: [Physopt 32-601] Processed net cpu_state[7]_i_10_n_0. Net driver cpu_state[7]_i_10 was replaced.
INFO: [Physopt 32-81] Processed net cpu/instr_lhu. Replicated 1 times.
INFO: [Physopt 32-572] Net cpu/reg_op2_reg_n_0_[5] was not replicated.
Resolution: phys_opt_design can be forced to replicate a net driver using the option -force_replication_on_nets <list of net objects>.
INFO: [Physopt 32-572] Net cpu/pcpi_div/dividend_reg_n_0_[19] was not replicated.
Resolution: phys_opt_design can be forced to replicate a net driver using the option -force_replication_on_nets <list of net objects>.
INFO: [Physopt 32-81] Processed net cpu/pcpi_div/divisor_reg_n_0_[12]. Replicated 2 times.
INFO: [Physopt 32-572] Net mem_rdata[31]_i_4_n_0 was not replicated.
Resolution: phys_opt_design can be forced to replicate a net driver using the option -force_replication_on_nets <list of net objects>.
INFO: [Physopt 32-81] Processed net memory_reg_0_255_8_8_i_1_n_0. Replicated 1 times.
INFO: [Physopt 32-572] Net cpu/is_lb_lh_lw_lbu_lhu was not replicated.
Resolution: phys_opt_design can be forced to replicate a net driver using the option -force_replication_on_nets <list of net objects>.
INFO: [Physopt 32-572] Net cpu_state[1]_i_2_n_0 was not replicated.
Resolution: phys_opt_design can be forced to replicate a net driver using the option -force_replication_on_nets <list of net objects>.
INFO: [Physopt 32-572] Net mem_do_rinst_i_7_n_0 was not replicated.
Resolution: phys_opt_design can be forced to replicate a net driver using the option -force_replication_on_nets <list of net objects>.
INFO: [Physopt 32-81] Processed net reg_op2[31]_i_4_n_0. Replicated 1 times.
INFO: [Physopt 32-81] Processed net memory_reg_768_1023_24_24_i_1_n_0. Replicated 1 times.
INFO: [Physopt 32-572] Net cpu/pcpi_div/dividend_reg_n_0_[12] was not replicated.
Resolution: phys_opt_design can be forced to replicate a net driver using the option -force_replication_on_nets <list of net objects>.
INFO: [Physopt 32-572] Net cpu/reg_op1_reg_n_0_[19] was not replicated.
Resolution: phys_opt_design can be forced to replicate a net driver using the option -force_replication_on_nets <list of net objects>.
INFO: [Physopt 32-572] Net cpu/reg_op1_reg_n_0_[4] was not replicated.
Resolution: phys_opt_design can be forced to replicate a net driver using the option -force_replication_on_nets <list of net objects>.
INFO: [Physopt 32-81] Processed net cpu/reg_pc_reg_n_0_[1]. Replicated 2 times.
INFO: [Physopt 32-572] Net cpu_state[7]_i_12_n_0 was not replicated.
Resolution: phys_opt_design can be forced to replicate a net driver using the option -force_replication_on_nets <list of net objects>.
INFO: [Physopt 32-81] Processed net cpu/instr_bne. Replicated 1 times.
INFO: [Physopt 32-572] Net cpu/reg_op1_reg_n_0_[3] was not replicated.
Resolution: phys_opt_design can be forced to replicate a net driver using the option -force_replication_on_nets <list of net objects>.
INFO: [Physopt 32-81] Processed net cpu/instr_sltiu. Replicated 2 times.
INFO: [Physopt 32-81] Processed net cpu/instr_sb. Replicated 1 times.
INFO: [Physopt 32-81] Processed net cpu/instr_add. Replicated 1 times.
INFO: [Physopt 32-81] Processed net cpu/pcpi_div/divisor_reg_n_0_[3]. Replicated 1 times.
INFO: [Physopt 32-572] Net memory_reg_0_255_16_16_i_1_n_0 was not replicated.
Resolution: phys_opt_design can be forced to replicate a net driver using the option -force_replication_on_nets <list of net objects>.
INFO: [Physopt 32-572] Net cpu/reg_op2_reg_n_0_[18] was not replicated.
Resolution: phys_opt_design can be forced to replicate a net driver using the option -force_replication_on_nets <list of net objects>.
INFO: [Physopt 32-81] Processed net cpu/instr_slti. Replicated 2 times.
INFO: [Physopt 32-572] Net cpu/reg_op2_reg_n_0_[0] was not replicated.
Resolution: phys_opt_design can be forced to replicate a net driver using the option -force_replication_on_nets <list of net objects>.
INFO: [Physopt 32-572] Net memory_reg_256_511_8_8_i_1_n_0 was not replicated.
Resolution: phys_opt_design can be forced to replicate a net driver using the option -force_replication_on_nets <list of net objects>.
INFO: [Physopt 32-81] Processed net cpu/reg_pc_reg_n_0_[4]. Replicated 1 times.
INFO: [Physopt 32-81] Processed net memory_reg_256_511_24_24_i_1_n_0. Replicated 1 times.
INFO: [Physopt 32-572] Net cpu/instr_auipc was not replicated.
Resolution: phys_opt_design can be forced to replicate a net driver using the option -force_replication_on_nets <list of net objects>.
INFO: [Physopt 32-572] Net cpu/reg_op2_reg_n_0_[19] was not replicated.
Resolution: phys_opt_design can be forced to replicate a net driver using the option -force_replication_on_nets <list of net objects>.
INFO: [Physopt 32-572] Net reg_sh[4]_i_4_n_0 was not replicated.
Resolution: phys_opt_design can be forced to replicate a net driver using the option -force_replication_on_nets <list of net objects>.
INFO: [Physopt 32-81] Processed net memory_reg_0_255_24_24_i_1_n_0. Replicated 1 times.
INFO: [Physopt 32-572] Net memory_reg_512_767_24_24_i_1_n_0 was not replicated.
Resolution: phys_opt_design can be forced to replicate a net driver using the option -force_replication_on_nets <list of net objects>.
INFO: [Physopt 32-81] Processed net cpu/pcpi_div/divisor_reg_n_0_[1]. Replicated 1 times.
INFO: [Physopt 32-572] Net cpu/reg_op2_reg_n_0_[17] was not replicated.
Resolution: phys_opt_design can be forced to replicate a net driver using the option -force_replication_on_nets <list of net objects>.
INFO: [Physopt 32-81] Processed net instr_jal_i_3_n_0. Replicated 2 times.
INFO: [Physopt 32-81] Processed net instr_jal_i_5_n_0. Replicated 4 times.
INFO: [Physopt 32-81] Processed net reg_op1[22]_i_4_n_0. Replicated 1 times.
INFO: [Physopt 32-572] Net cpu/pcpi_div/divisor_reg_n_0_[2] was not replicated.
Resolution: phys_opt_design can be forced to replicate a net driver using the option -force_replication_on_nets <list of net objects>.
INFO: [Physopt 32-572] Net cpu/cpuregs_wrdata[27] was not replicated.
Resolution: phys_opt_design can be forced to replicate a net driver using the option -force_replication_on_nets <list of net objects>.
INFO: [Physopt 32-572] Net cpu/instr_lbu was not replicated.
Resolution: phys_opt_design can be forced to replicate a net driver using the option -force_replication_on_nets <list of net objects>.
INFO: [Physopt 32-572] Net memory_reg_512_767_16_16_i_1_n_0 was not replicated.
Resolution: phys_opt_design can be forced to replicate a net driver using the option -force_replication_on_nets <list of net objects>.
INFO: [Physopt 32-81] Processed net cpu/instr_addi. Replicated 1 times.
INFO: [Physopt 32-81] Processed net cpu/decoded_imm[2]. Replicated 1 times.
INFO: [Physopt 32-572] Net cpu/reg_op1_reg_n_0_[24] was not replicated.
Resolution: phys_opt_design can be forced to replicate a net driver using the option -force_replication_on_nets <list of net objects>.
INFO: [Physopt 32-81] Processed net cpu/instr_srai. Replicated 1 times.
INFO: [Physopt 32-572] Net cpu/reg_op2_reg_n_0_[12] was not replicated.
Resolution: phys_opt_design can be forced to replicate a net driver using the option -force_replication_on_nets <list of net objects>.
INFO: [Physopt 32-572] Net cpu/reg_op2_reg_n_0_[1] was not replicated.
Resolution: phys_opt_design can be forced to replicate a net driver using the option -force_replication_on_nets <list of net objects>.
INFO: [Physopt 32-81] Processed net cpu/pcpi_div/pcpi_ready0. Replicated 1 times.
INFO: [Physopt 32-81] Processed net cpu/pcpi_div/quotient_msk_reg_n_0_[28]. Replicated 1 times.
INFO: [Physopt 32-81] Processed net cpu/pcpi_div/divisor_reg_n_0_[17]. Replicated 1 times.
INFO: [Physopt 32-81] Processed net cpu/instr_sra. Replicated 1 times.
INFO: [Physopt 32-572] Net reg_op1[12]_i_4_n_0 was not replicated.
Resolution: phys_opt_design can be forced to replicate a net driver using the option -force_replication_on_nets <list of net objects>.
INFO: [Physopt 32-81] Processed net cpu/reg_pc_reg_n_0_[5]. Replicated 1 times.
INFO: [Physopt 32-81] Processed net cpu/reg_pc_reg_n_0_[7]. Replicated 2 times.
INFO: [Physopt 32-81] Processed net reg_op1[17]_i_4_n_0. Replicated 1 times.
INFO: [Physopt 32-572] Net cpu/reg_op1_reg_n_0_[8] was not replicated.
Resolution: phys_opt_design can be forced to replicate a net driver using the option -force_replication_on_nets <list of net objects>.
INFO: [Physopt 32-572] Net cpu/pcpi_div/divisor_reg_n_0_[15] was not replicated.
Resolution: phys_opt_design can be forced to replicate a net driver using the option -force_replication_on_nets <list of net objects>.
INFO: [Physopt 32-81] Processed net cpu/pcpi_div/quotient_msk_reg_n_0_[25]. Replicated 1 times.
INFO: [Physopt 32-572] Net memory_reg_768_1023_16_16_i_1_n_0 was not replicated.
Resolution: phys_opt_design can be forced to replicate a net driver using the option -force_replication_on_nets <list of net objects>.
INFO: [Physopt 32-572] Net memory_reg_256_511_16_16_i_1_n_0 was not replicated.
Resolution: phys_opt_design can be forced to replicate a net driver using the option -force_replication_on_nets <list of net objects>.
INFO: [Physopt 32-572] Net cpu/cpuregs_wrdata[31] was not replicated.
Resolution: phys_opt_design can be forced to replicate a net driver using the option -force_replication_on_nets <list of net objects>.
INFO: [Physopt 32-572] Net cpu/cpuregs_wrdata[28] was not replicated.
Resolution: phys_opt_design can be forced to replicate a net driver using the option -force_replication_on_nets <list of net objects>.
INFO: [Physopt 32-81] Processed net cpu_state[0]_i_2_n_0. Replicated 1 times.
INFO: [Physopt 32-572] Net cpu/reg_op1_reg_n_0_[7] was not replicated.
Resolution: phys_opt_design can be forced to replicate a net driver using the option -force_replication_on_nets <list of net objects>.
INFO: [Physopt 32-572] Net cpu/reg_op1_reg_n_0_[23] was not replicated.
Resolution: phys_opt_design can be forced to replicate a net driver using the option -force_replication_on_nets <list of net objects>.
INFO: [Physopt 32-572] Net memory_reg_768_1023_8_8_i_1_n_0 was not replicated.
Resolution: phys_opt_design can be forced to replicate a net driver using the option -force_replication_on_nets <list of net objects>.
INFO: [Physopt 32-81] Processed net cpu/reg_pc_reg_n_0_[16]. Replicated 1 times.
INFO: [Physopt 32-81] Processed net cpu/instr_lh. Replicated 1 times.
INFO: [Physopt 32-572] Net cpu/reg_op2_reg_n_0_[4] was not replicated.
Resolution: phys_opt_design can be forced to replicate a net driver using the option -force_replication_on_nets <list of net objects>.
INFO: [Physopt 32-81] Processed net cpu/instr_slt. Replicated 1 times.
INFO: [Physopt 32-81] Processed net cpu/pcpi_div/quotient_msk_reg_n_0_[30]. Replicated 1 times.
INFO: [Physopt 32-232] Optimized 42 nets. Created 53 new instances.
INFO: [Physopt 32-775] End 1 Pass. Optimized 42 nets or cells. Created 53 new cells, deleted 0 existing cell and moved 0 existing cell
INFO: [Physopt 32-619] Estimated Timing Summary | WNS=-2.077 | TNS=-2341.959 |
Netlist sorting complete. Time (s): cpu = 00:00:00.02 ; elapsed = 00:00:00.03 . Memory (MB): peak = 3413.824 ; gain = 0.000 ; free physical = 725691 ; free virtual = 748785
Phase 5 Critical Cell Optimization | Checksum: d66526fc

Time (s): cpu = 00:02:04 ; elapsed = 00:00:46 . Memory (MB): peak = 3413.824 ; gain = 0.000 ; free physical = 725691 ; free virtual = 748785

Phase 6 Retime Optimization
INFO: [Physopt 32-528] Pass 1. Identified 13 candidate nets for forward retime optimization.
INFO: [Physopt 32-206] Processed net mem_rdata[31]_i_8_n_0. Retiming did not optimize the net.
INFO: [Physopt 32-206] Processed net alu_out_q[31]_i_10_n_0. Retiming did not optimize the net.
INFO: [Physopt 32-206] Processed net cpu_state[7]_i_14_n_0. Retiming did not optimize the net.
INFO: [Physopt 32-206] Processed net mem_rdata[31]_i_7_n_0. Retiming did not optimize the net.
INFO: [Physopt 32-206] Processed net alu_out_q[31]_i_8_n_0. Retiming did not optimize the net.
INFO: [Physopt 32-206] Processed net instr_jal_i_5_n_0_repN. Retiming did not optimize the net.
INFO: [Physopt 32-206] Processed net alu_out_q[31]_i_9_n_0. Retiming did not optimize the net.
INFO: [Physopt 32-206] Processed net is_lui_auipc_jal_jalr_addi_add_sub_i_2_n_0. Retiming did not optimize the net.
INFO: [Physopt 32-206] Processed net cpu/pcpi_div/p_0_in__0[0]. Retiming did not optimize the net.
INFO: [Physopt 32-206] Processed net outsign_i_6_n_0. Retiming did not optimize the net.
INFO: [Physopt 32-206] Processed net cpu/pcpi_div/p_0_in__0[2]. Retiming did not optimize the net.
INFO: [Physopt 32-206] Processed net cpu/pcpi_div/p_0_in__0[1]. Retiming did not optimize the net.
INFO: [Physopt 32-206] Processed net outsign_i_8_n_0. Retiming did not optimize the net.
INFO: [Physopt 32-200] End Pass 1. Optimized 0 net. Created 0 new instance, removed 0 instance. 

Netlist sorting complete. Time (s): cpu = 00:00:00.01 ; elapsed = 00:00:00.02 . Memory (MB): peak = 3413.824 ; gain = 0.000 ; free physical = 725850 ; free virtual = 748944
Phase 6 Retime Optimization | Checksum: 1096fce3c

Time (s): cpu = 00:02:06 ; elapsed = 00:00:47 . Memory (MB): peak = 3413.824 ; gain = 0.000 ; free physical = 725851 ; free virtual = 748945

Phase 7 Critical Pin Optimization
INFO: [Physopt 32-606] Identified 82 candidate nets for critical-pin optimization.
INFO: [Physopt 32-608] Optimized 27 nets.  Swapped 552 pins.
INFO: [Physopt 32-775] End 1 Pass. Optimized 27 nets or cells. Created 0 new cell, deleted 0 existing cell and moved 552 existing cells
INFO: [Physopt 32-619] Estimated Timing Summary | WNS=-2.070 | TNS=-2333.780 |
Netlist sorting complete. Time (s): cpu = 00:00:00.01 ; elapsed = 00:00:00 . Memory (MB): peak = 3413.824 ; gain = 0.000 ; free physical = 725851 ; free virtual = 748945
Phase 7 Critical Pin Optimization | Checksum: 1096fce3c

Time (s): cpu = 00:02:07 ; elapsed = 00:00:47 . Memory (MB): peak = 3413.824 ; gain = 0.000 ; free physical = 725851 ; free virtual = 748945
Netlist sorting complete. Time (s): cpu = 00:00:00 ; elapsed = 00:00:00 . Memory (MB): peak = 3413.824 ; gain = 0.000 ; free physical = 725851 ; free virtual = 748945
INFO: [Physopt 32-603] Post Physical Optimization Timing Summary | WNS=-2.070 | TNS=-2333.780 |

Summary of Physical Synthesis Optimizations
============================================


----------------------------------------------------------------------------------------------------------------------------------------------------------------------
|  Optimization            |  WNS Gain (ns)  |  TNS Gain (ns)  |  Added Cells  |  Removed Cells  |  Optimized Cells/Nets  |  Dont Touch  |  Iterations  |  Elapsed   |
----------------------------------------------------------------------------------------------------------------------------------------------------------------------
|  Single Cell Placement   |          0.110  |         63.822  |            0  |              0  |                    21  |           0  |           1  |  00:00:03  |
|  Multi Cell Placement    |          0.000  |         14.306  |            0  |              0  |                    12  |           0  |           1  |  00:00:11  |
|  Rewire                  |          0.000  |         39.213  |            0  |              0  |                     5  |           0  |           1  |  00:00:01  |
|  Critical Cell           |          0.002  |         25.104  |           53  |              0  |                    42  |           0  |           1  |  00:00:30  |
|  Retime                  |          0.000  |          0.000  |            0  |              0  |                     0  |           0  |           1  |  00:00:01  |
|  Critical Pin            |          0.007  |          8.179  |            0  |              0  |                    27  |           0  |           1  |  00:00:00  |
|  Total                   |          0.119  |        150.624  |           53  |              0  |                   107  |           0  |           6  |  00:00:47  |
----------------------------------------------------------------------------------------------------------------------------------------------------------------------


Netlist sorting complete. Time (s): cpu = 00:00:00 ; elapsed = 00:00:00 . Memory (MB): peak = 3413.824 ; gain = 0.000 ; free physical = 725842 ; free virtual = 748936
Ending Physical Synthesis Task | Checksum: 190a487eb

Time (s): cpu = 00:02:07 ; elapsed = 00:00:47 . Memory (MB): peak = 3413.824 ; gain = 0.000 ; free physical = 725834 ; free virtual = 748928
INFO: [Common 17-83] Releasing license: Implementation
389 Infos, 156 Warnings, 0 Critical Warnings and 0 Errors encountered.
phys_opt_design completed successfully
phys_opt_design: Time (s): cpu = 00:02:08 ; elapsed = 00:00:48 . Memory (MB): peak = 3413.824 ; gain = 0.000 ; free physical = 725851 ; free virtual = 748945
Command: route_design -directive AggressiveExplore
Attempting to get a license for feature 'Implementation' and/or device 'xc7a100t'
INFO: [Common 17-349] Got license for feature 'Implementation' and/or device 'xc7a100t'
INFO: [DRC 23-27] Running DRC with 8 threads
INFO: [Vivado_Tcl 4-198] DRC finished with 0 Errors
INFO: [Vivado_Tcl 4-199] Please refer to the DRC report (report_drc) for more information.


Starting Routing Task
INFO: [Route 35-270] Using Router directive 'AggressiveExplore'.
INFO: [Route 35-254] Multithreading enabled for route_design using a maximum of 8 CPUs

Phase 1 Build RT Design
Checksum: PlaceDB: 869bc946 ConstDB: 0 ShapeSum: 2979c095 RouteDB: b1d25f96
Post Restoration Checksum: NetGraph: 1e67093f | NumContArr: cae81749 | Constraints: c2a8fa9d | Timing: c2a8fa9d
Phase 1 Build RT Design | Checksum: 26ea115c2

Time (s): cpu = 00:00:38 ; elapsed = 00:00:31 . Memory (MB): peak = 3413.824 ; gain = 0.000 ; free physical = 725793 ; free virtual = 748887

Phase 2 Router Initialization

Phase 2.1 Fix Topology Constraints
Phase 2.1 Fix Topology Constraints | Checksum: 26ea115c2

Time (s): cpu = 00:00:38 ; elapsed = 00:00:31 . Memory (MB): peak = 3413.824 ; gain = 0.000 ; free physical = 725793 ; free virtual = 748887

Phase 2.2 Pre Route Cleanup
Phase 2.2 Pre Route Cleanup | Checksum: 26ea115c2

Time (s): cpu = 00:00:38 ; elapsed = 00:00:31 . Memory (MB): peak = 3413.824 ; gain = 0.000 ; free physical = 725793 ; free virtual = 748887
 Number of Nodes with overlaps = 0

Phase 2.3 Update Timing
Phase 2.3 Update Timing | Checksum: 1365e2b62

Time (s): cpu = 00:00:41 ; elapsed = 00:00:32 . Memory (MB): peak = 3413.824 ; gain = 0.000 ; free physical = 725782 ; free virtual = 748876
INFO: [Route 35-416] Intermediate Timing Summary | WNS=-1.965 | TNS=-5143.652| WHS=-0.240 | THS=-151.397|


Router Utilization Summary
  Global Vertical Routing Utilization    = 0 %
  Global Horizontal Routing Utilization  = 0 %
  Routable Net Status*
  *Does not include unroutable nets such as driverless and loadless.
  Run report_route_status for detailed report.
  Number of Failed Nets               = 2390
    (Failed Nets is the sum of unrouted and partially routed nets)
  Number of Unrouted Nets             = 2390
  Number of Partially Routed Nets     = 0
  Number of Node Overlaps             = 0

Phase 2 Router Initialization | Checksum: 1cd24614c

Time (s): cpu = 00:00:42 ; elapsed = 00:00:33 . Memory (MB): peak = 3413.824 ; gain = 0.000 ; free physical = 725777 ; free virtual = 748871

Phase 3 Global Routing
Phase 3 Global Routing | Checksum: 1cd24614c

Time (s): cpu = 00:00:42 ; elapsed = 00:00:33 . Memory (MB): peak = 3413.824 ; gain = 0.000 ; free physical = 725777 ; free virtual = 748871

Phase 4 Initial Routing

Phase 4.1 Initial Net Routing Pass
Phase 4.1 Initial Net Routing Pass | Checksum: 1cd608d6d

Time (s): cpu = 00:00:46 ; elapsed = 00:00:34 . Memory (MB): peak = 3413.824 ; gain = 0.000 ; free physical = 725778 ; free virtual = 748872
Phase 4 Initial Routing | Checksum: 1cd608d6d

Time (s): cpu = 00:00:46 ; elapsed = 00:00:34 . Memory (MB): peak = 3413.824 ; gain = 0.000 ; free physical = 725778 ; free virtual = 748872
INFO: [Route 35-580] Design has 2200 pins with tight setup and hold constraints.

The top 5 pins with tight setup and hold constraints:

+====================+===================+=================================+
| Launch Setup Clock | Launch Hold Clock | Pin                             |
+====================+===================+=================================+
| clk                | clk               | cpu/pcpi_div/dividend_reg[31]/D |
| clk                | clk               | ram/mem_rdata_reg[8]/D          |
| clk                | clk               | cpu/reg_op1_reg[28]/D           |
| clk                | clk               | ram/mem_rdata_reg[1]/D          |
| clk                | clk               | cpu/reg_op1_reg[22]/D           |
+--------------------+-------------------+---------------------------------+

File with complete list of pins: tight_setup_hold_pins.txt


Phase 5 Rip-up And Reroute

Phase 5.1 Global Iteration 0
 Number of Nodes with overlaps = 764
 Number of Nodes with overlaps = 236
 Number of Nodes with overlaps = 101
 Number of Nodes with overlaps = 69
 Number of Nodes with overlaps = 37
 Number of Nodes with overlaps = 17
 Number of Nodes with overlaps = 5
 Number of Nodes with overlaps = 4
 Number of Nodes with overlaps = 2
 Number of Nodes with overlaps = 1
 Number of Nodes with overlaps = 0
INFO: [Route 35-416] Intermediate Timing Summary | WNS=-2.719 | TNS=-7475.905| WHS=N/A    | THS=N/A    |

Phase 5.1 Global Iteration 0 | Checksum: 22d8ee15a

Time (s): cpu = 00:01:02 ; elapsed = 00:00:41 . Memory (MB): peak = 3413.824 ; gain = 0.000 ; free physical = 725774 ; free virtual = 748869

Phase 5.2 Global Iteration 1
 Number of Nodes with overlaps = 75
 Number of Nodes with overlaps = 6
 Number of Nodes with overlaps = 5
 Number of Nodes with overlaps = 2
 Number of Nodes with overlaps = 2
 Number of Nodes with overlaps = 0
INFO: [Route 35-416] Intermediate Timing Summary | WNS=-3.200 | TNS=-7317.504| WHS=N/A    | THS=N/A    |

Phase 5.2 Global Iteration 1 | Checksum: 204a88f3f

Time (s): cpu = 00:01:03 ; elapsed = 00:00:42 . Memory (MB): peak = 3413.824 ; gain = 0.000 ; free physical = 725774 ; free virtual = 748868
Phase 5 Rip-up And Reroute | Checksum: 204a88f3f

Time (s): cpu = 00:01:03 ; elapsed = 00:00:42 . Memory (MB): peak = 3413.824 ; gain = 0.000 ; free physical = 725774 ; free virtual = 748868

Phase 6 Delay and Skew Optimization

Phase 6.1 Delay CleanUp

Phase 6.1.1 Update Timing
Phase 6.1.1 Update Timing | Checksum: 1d1e3c703

Time (s): cpu = 00:01:04 ; elapsed = 00:00:42 . Memory (MB): peak = 3413.824 ; gain = 0.000 ; free physical = 725774 ; free virtual = 748868
INFO: [Route 35-416] Intermediate Timing Summary | WNS=-2.623 | TNS=-7133.597| WHS=N/A    | THS=N/A    |

 Number of Nodes with overlaps = 0
Phase 6.1 Delay CleanUp | Checksum: 2ef654692

Time (s): cpu = 00:01:04 ; elapsed = 00:00:42 . Memory (MB): peak = 3413.824 ; gain = 0.000 ; free physical = 725774 ; free virtual = 748868

Phase 6.2 Clock Skew Optimization
Phase 6.2 Clock Skew Optimization | Checksum: 2ef654692

Time (s): cpu = 00:01:04 ; elapsed = 00:00:42 . Memory (MB): peak = 3413.824 ; gain = 0.000 ; free physical = 725774 ; free virtual = 748868
Phase 6 Delay and Skew Optimization | Checksum: 2ef654692

Time (s): cpu = 00:01:04 ; elapsed = 00:00:42 . Memory (MB): peak = 3413.824 ; gain = 0.000 ; free physical = 725774 ; free virtual = 748868

Phase 7 Post Hold Fix

Phase 7.1 Hold Fix Iter
INFO: [Route 35-416] Intermediate Timing Summary | WNS=-2.623 | TNS=-7124.304| WHS=0.049  | THS=0.000  |

Phase 7.1 Hold Fix Iter | Checksum: 342d694e1

Time (s): cpu = 00:01:05 ; elapsed = 00:00:43 . Memory (MB): peak = 3413.824 ; gain = 0.000 ; free physical = 725774 ; free virtual = 748869
Phase 7 Post Hold Fix | Checksum: 342d694e1

Time (s): cpu = 00:01:05 ; elapsed = 00:00:43 . Memory (MB): peak = 3413.824 ; gain = 0.000 ; free physical = 725774 ; free virtual = 748869

Phase 8 Timing Verification

Phase 8.1 Update Timing
Phase 8.1 Update Timing | Checksum: 342d694e1

Time (s): cpu = 00:01:06 ; elapsed = 00:00:43 . Memory (MB): peak = 3413.824 ; gain = 0.000 ; free physical = 725774 ; free virtual = 748868
INFO: [Route 35-416] Intermediate Timing Summary | WNS=-2.623 | TNS=-7124.304| WHS=0.049  | THS=0.000  |

Phase 8 Timing Verification | Checksum: 342d694e1

Time (s): cpu = 00:01:06 ; elapsed = 00:00:43 . Memory (MB): peak = 3413.824 ; gain = 0.000 ; free physical = 725774 ; free virtual = 748868

Phase 9 Route finalize

Router Utilization Summary
  Global Vertical Routing Utilization    = 0.95452 %
  Global Horizontal Routing Utilization  = 1.06728 %
  Routable Net Status*
  *Does not include unroutable nets such as driverless and loadless.
  Run report_route_status for detailed report.
  Number of Failed Nets               = 0
    (Failed Nets is the sum of unrouted and partially routed nets)
  Number of Unrouted Nets             = 0
  Number of Partially Routed Nets     = 0
  Number of Node Overlaps             = 0


--GLOBAL Congestion:
Utilization threshold used for congestion level computation: 0.85
Congestion Report
North Dir 1x1 Area, Max Cong = 64.8649%, No Congested Regions.
South Dir 1x1 Area, Max Cong = 63.0631%, No Congested Regions.
East Dir 1x1 Area, Max Cong = 75%, No Congested Regions.
West Dir 1x1 Area, Max Cong = 75%, No Congested Regions.

------------------------------
Reporting congestion hotspots
------------------------------
Direction: North
----------------
Congested clusters found at Level 0
Effective congestion level: 0 Aspect Ratio: 1 Sparse Ratio: 0
Direction: South
----------------
Congested clusters found at Level 0
Effective congestion level: 0 Aspect Ratio: 1 Sparse Ratio: 0
Direction: East
----------------
Congested clusters found at Level 0
Effective congestion level: 0 Aspect Ratio: 1 Sparse Ratio: 0
Direction: West
----------------
Congested clusters found at Level 0
Effective congestion level: 0 Aspect Ratio: 1 Sparse Ratio: 0

Phase 9 Route finalize | Checksum: 342d694e1

Time (s): cpu = 00:01:06 ; elapsed = 00:00:43 . Memory (MB): peak = 3413.824 ; gain = 0.000 ; free physical = 725775 ; free virtual = 748869

Phase 10 Verifying routed nets

 Verification completed successfully
Phase 10 Verifying routed nets | Checksum: 342d694e1

Time (s): cpu = 00:01:06 ; elapsed = 00:00:43 . Memory (MB): peak = 3413.824 ; gain = 0.000 ; free physical = 725775 ; free virtual = 748869

Phase 11 Depositing Routes
Phase 11 Depositing Routes | Checksum: 26ea57398

Time (s): cpu = 00:01:06 ; elapsed = 00:00:43 . Memory (MB): peak = 3413.824 ; gain = 0.000 ; free physical = 725775 ; free virtual = 748869

Phase 12 Incr Placement Change
Netlist sorting complete. Time (s): cpu = 00:00:00 ; elapsed = 00:00:00 . Memory (MB): peak = 3413.824 ; gain = 0.000 ; free physical = 725775 ; free virtual = 748869
INFO: [Place 30-746] Post Placement Timing Summary WNS=-2.566. For the most accurate timing information please run report_timing.
Ending IncrPlace Task | Checksum: 1ec9e2f38

Time (s): cpu = 00:00:18 ; elapsed = 00:00:15 . Memory (MB): peak = 3413.824 ; gain = 0.000 ; free physical = 725588 ; free virtual = 748682
Phase 12 Incr Placement Change | Checksum: 1ec9e2f38

Time (s): cpu = 00:01:24 ; elapsed = 00:00:58 . Memory (MB): peak = 3413.824 ; gain = 0.000 ; free physical = 725586 ; free virtual = 748680

Phase 13 Build RT Design
Checksum: PlaceDB: fa490310 ConstDB: 0 ShapeSum: b8bf6ca8 RouteDB: 3995bf80
Post Restoration Checksum: NetGraph: 787cbc9d | NumContArr: d5d71339 | Constraints: c2a8fa9d | Timing: c2a8fa9d
Phase 13 Build RT Design | Checksum: 2d3a5c510

Time (s): cpu = 00:01:26 ; elapsed = 00:00:59 . Memory (MB): peak = 3413.824 ; gain = 0.000 ; free physical = 725545 ; free virtual = 748640

Phase 14 Router Initialization

Phase 14.1 Fix Topology Constraints
Phase 14.1 Fix Topology Constraints | Checksum: 2d3a5c510

Time (s): cpu = 00:01:26 ; elapsed = 00:00:59 . Memory (MB): peak = 3413.824 ; gain = 0.000 ; free physical = 725544 ; free virtual = 748638

Phase 14.2 Pre Route Cleanup
Phase 14.2 Pre Route Cleanup | Checksum: 2ec8bbe67

Time (s): cpu = 00:01:26 ; elapsed = 00:00:59 . Memory (MB): peak = 3413.824 ; gain = 0.000 ; free physical = 725543 ; free virtual = 748637
 Number of Nodes with overlaps = 0

Phase 14.3 Update Timing
Phase 14.3 Update Timing | Checksum: 27bdb353d

Time (s): cpu = 00:01:30 ; elapsed = 00:01:00 . Memory (MB): peak = 3413.824 ; gain = 0.000 ; free physical = 725455 ; free virtual = 748549
INFO: [Route 35-416] Intermediate Timing Summary | WNS=-2.622 | TNS=-7465.234| WHS=-0.240 | THS=-151.219|


Router Utilization Summary
  Global Vertical Routing Utilization    = 0.950951 %
  Global Horizontal Routing Utilization  = 1.06216 %
  Routable Net Status*
  *Does not include unroutable nets such as driverless and loadless.
  Run report_route_status for detailed report.
  Number of Failed Nets               = 58
    (Failed Nets is the sum of unrouted and partially routed nets)
  Number of Unrouted Nets             = 22
  Number of Partially Routed Nets     = 36
  Number of Node Overlaps             = 0

Phase 14 Router Initialization | Checksum: 293da5f63

Time (s): cpu = 00:01:31 ; elapsed = 00:01:00 . Memory (MB): peak = 3413.824 ; gain = 0.000 ; free physical = 725430 ; free virtual = 748524

Phase 15 Global Routing
Phase 15 Global Routing | Checksum: 293da5f63

Time (s): cpu = 00:01:31 ; elapsed = 00:01:00 . Memory (MB): peak = 3413.824 ; gain = 0.000 ; free physical = 725429 ; free virtual = 748523

Phase 16 Initial Routing

Phase 16.1 Initial Net Routing Pass
Phase 16.1 Initial Net Routing Pass | Checksum: 1a22f4c6b

Time (s): cpu = 00:01:32 ; elapsed = 00:01:00 . Memory (MB): peak = 3413.824 ; gain = 0.000 ; free physical = 725421 ; free virtual = 748515
Phase 16 Initial Routing | Checksum: 1a22f4c6b

Time (s): cpu = 00:01:32 ; elapsed = 00:01:00 . Memory (MB): peak = 3413.824 ; gain = 0.000 ; free physical = 725420 ; free virtual = 748515
INFO: [Route 35-580] Design has 2712 pins with tight setup and hold constraints.

The top 5 pins with tight setup and hold constraints:

+====================+===================+=======================+
| Launch Setup Clock | Launch Hold Clock | Pin                   |
+====================+===================+=======================+
| clk                | clk               | cpu/reg_op2_reg[17]/D |
| clk                | clk               | cpu/reg_op2_reg[22]/D |
| clk                | clk               | cpu/reg_out_reg[29]/D |
| clk                | clk               | cpu/reg_out_reg[16]/D |
| clk                | clk               | cpu/reg_op1_reg[28]/D |
+--------------------+-------------------+-----------------------+

File with complete list of pins: tight_setup_hold_pins.txt


Phase 17 Rip-up And Reroute

Phase 17.1 Global Iteration 0
 Number of Nodes with overlaps = 288
 Number of Nodes with overlaps = 110
 Number of Nodes with overlaps = 52
 Number of Nodes with overlaps = 33
 Number of Nodes with overlaps = 19
 Number of Nodes with overlaps = 15
 Number of Nodes with overlaps = 5
 Number of Nodes with overlaps = 10
 Number of Nodes with overlaps = 4
 Number of Nodes with overlaps = 3
 Number of Nodes with overlaps = 0
INFO: [Route 35-416] Intermediate Timing Summary | WNS=-2.666 | TNS=-7262.133| WHS=N/A    | THS=N/A    |

Phase 17.1 Global Iteration 0 | Checksum: 1d44de458

Time (s): cpu = 00:01:40 ; elapsed = 00:01:05 . Memory (MB): peak = 3413.824 ; gain = 0.000 ; free physical = 724999 ; free virtual = 748093

Phase 17.2 Global Iteration 1
 Number of Nodes with overlaps = 45
 Number of Nodes with overlaps = 4
 Number of Nodes with overlaps = 3
 Number of Nodes with overlaps = 1
 Number of Nodes with overlaps = 0
INFO: [Route 35-416] Intermediate Timing Summary | WNS=-3.354 | TNS=-7240.989| WHS=N/A    | THS=N/A    |

Phase 17.2 Global Iteration 1 | Checksum: 185872fef

Time (s): cpu = 00:01:42 ; elapsed = 00:01:06 . Memory (MB): peak = 3413.824 ; gain = 0.000 ; free physical = 724912 ; free virtual = 748006
Phase 17 Rip-up And Reroute | Checksum: 185872fef

Time (s): cpu = 00:01:42 ; elapsed = 00:01:06 . Memory (MB): peak = 3413.824 ; gain = 0.000 ; free physical = 724912 ; free virtual = 748006

Phase 18 Delay and Skew Optimization

Phase 18.1 Delay CleanUp

Phase 18.1.1 Update Timing
Phase 18.1.1 Update Timing | Checksum: 19fe19d0e

Time (s): cpu = 00:01:43 ; elapsed = 00:01:06 . Memory (MB): peak = 3413.824 ; gain = 0.000 ; free physical = 724885 ; free virtual = 747979
INFO: [Route 35-416] Intermediate Timing Summary | WNS=-2.570 | TNS=-6925.920| WHS=N/A    | THS=N/A    |

 Number of Nodes with overlaps = 0
Phase 18.1 Delay CleanUp | Checksum: 1db18935f

Time (s): cpu = 00:01:43 ; elapsed = 00:01:07 . Memory (MB): peak = 3413.824 ; gain = 0.000 ; free physical = 724896 ; free virtual = 747990

Phase 18.2 Clock Skew Optimization
Phase 18.2 Clock Skew Optimization | Checksum: 1db18935f

Time (s): cpu = 00:01:43 ; elapsed = 00:01:07 . Memory (MB): peak = 3413.824 ; gain = 0.000 ; free physical = 724895 ; free virtual = 747989
Phase 18 Delay and Skew Optimization | Checksum: 1db18935f

Time (s): cpu = 00:01:43 ; elapsed = 00:01:07 . Memory (MB): peak = 3413.824 ; gain = 0.000 ; free physical = 724895 ; free virtual = 747989

Phase 19 Post Hold Fix

Phase 19.1 Hold Fix Iter
INFO: [Route 35-416] Intermediate Timing Summary | WNS=-2.570 | TNS=-6922.924| WHS=0.022  | THS=0.000  |

Phase 19.1 Hold Fix Iter | Checksum: 2277f6886

Time (s): cpu = 00:01:44 ; elapsed = 00:01:07 . Memory (MB): peak = 3413.824 ; gain = 0.000 ; free physical = 724863 ; free virtual = 747957
Phase 19 Post Hold Fix | Checksum: 2277f6886

Time (s): cpu = 00:01:44 ; elapsed = 00:01:07 . Memory (MB): peak = 3413.824 ; gain = 0.000 ; free physical = 724863 ; free virtual = 747957

Phase 20 Timing Verification

Phase 20.1 Update Timing
Phase 20.1 Update Timing | Checksum: 2277f6886

Time (s): cpu = 00:01:45 ; elapsed = 00:01:07 . Memory (MB): peak = 3413.824 ; gain = 0.000 ; free physical = 724840 ; free virtual = 747934
INFO: [Route 35-416] Intermediate Timing Summary | WNS=-2.570 | TNS=-6922.924| WHS=0.022  | THS=0.000  |

Phase 20 Timing Verification | Checksum: 2277f6886

Time (s): cpu = 00:01:45 ; elapsed = 00:01:07 . Memory (MB): peak = 3413.824 ; gain = 0.000 ; free physical = 724840 ; free virtual = 747934

Phase 21 Route finalize

Router Utilization Summary
  Global Vertical Routing Utilization    = 0.966009 %
  Global Horizontal Routing Utilization  = 1.08589 %
  Routable Net Status*
  *Does not include unroutable nets such as driverless and loadless.
  Run report_route_status for detailed report.
  Number of Failed Nets               = 0
    (Failed Nets is the sum of unrouted and partially routed nets)
  Number of Unrouted Nets             = 0
  Number of Partially Routed Nets     = 0
  Number of Node Overlaps             = 0


--GLOBAL Congestion:
Utilization threshold used for congestion level computation: 0.85
Congestion Report
North Dir 1x1 Area, Max Cong = 67.5676%, No Congested Regions.
South Dir 1x1 Area, Max Cong = 63.964%, No Congested Regions.
East Dir 1x1 Area, Max Cong = 73.5294%, No Congested Regions.
West Dir 1x1 Area, Max Cong = 80.8824%, No Congested Regions.

------------------------------
Reporting congestion hotspots
------------------------------
Direction: North
----------------
Congested clusters found at Level 0
Effective congestion level: 0 Aspect Ratio: 1 Sparse Ratio: 0
Direction: South
----------------
Congested clusters found at Level 0
Effective congestion level: 0 Aspect Ratio: 1 Sparse Ratio: 0
Direction: East
----------------
Congested clusters found at Level 0
Effective congestion level: 0 Aspect Ratio: 1 Sparse Ratio: 0
Direction: West
----------------
Congested clusters found at Level 0
Effective congestion level: 0 Aspect Ratio: 1 Sparse Ratio: 0

Phase 21 Route finalize | Checksum: 2277f6886

Time (s): cpu = 00:01:45 ; elapsed = 00:01:07 . Memory (MB): peak = 3413.824 ; gain = 0.000 ; free physical = 724834 ; free virtual = 747928

Phase 22 Verifying routed nets

 Verification completed successfully
Phase 22 Verifying routed nets | Checksum: 2277f6886

Time (s): cpu = 00:01:45 ; elapsed = 00:01:07 . Memory (MB): peak = 3413.824 ; gain = 0.000 ; free physical = 724827 ; free virtual = 747922

Phase 23 Depositing Routes
Phase 23 Depositing Routes | Checksum: 2ea3da015

Time (s): cpu = 00:01:45 ; elapsed = 00:01:07 . Memory (MB): peak = 3413.824 ; gain = 0.000 ; free physical = 724793 ; free virtual = 747888
INFO: [Route 72-16] Aggressive Explore Summary
+======+========+=====+=======+=====+========+==============+===================+
| Pass |  WNS   | TNS |  WHS  | THS | Status | Elapsed Time | Solution Selected |
+======+========+=====+=======+=====+========+==============+===================+
|  1   | -2.623 |  -  | 0.049 |  -  |  Pass  |   00:00:11   |                   |
|  2   | -2.570 |  -  | 0.022 |  -  |  Pass  |   00:00:08   |         x         |
+------+--------+-----+-------+-----+--------+--------------+-------------------+


Phase 24 Post Process Routing
Phase 24 Post Process Routing | Checksum: 2ea3da015

Time (s): cpu = 00:01:45 ; elapsed = 00:01:07 . Memory (MB): peak = 3413.824 ; gain = 0.000 ; free physical = 724790 ; free virtual = 747884

Phase 25 Post Router Timing
INFO: [Route 35-20] Post Routing Timing Summary | WNS=-2.569 | TNS=-3118.639| WHS=0.023  | THS=0.000  |

Phase 25 Post Router Timing | Checksum: 2aa4c53da

Time (s): cpu = 00:01:48 ; elapsed = 00:01:08 . Memory (MB): peak = 3413.824 ; gain = 0.000 ; free physical = 724747 ; free virtual = 747833
CRITICAL WARNING: [Route 35-39] The design did not meet timing requirements. Please run report_timing_summary for detailed reports.
Resolution: Verify that the timing was met or had small violations at all previous steps (synthesis, placement, power_opt, and phys_opt). Run report_timing_summary and analyze individual timing paths.
INFO: [Route 35-253] TNS is the sum of the worst slack violation on every endpoint in the design. Review the paths with the biggest WNS violations in the timing reports and modify your constraints or your design to improve both WNS and TNS.
Total Elapsed time in route_design: 68.08 secs

Phase 26 Post-Route Event Processing
Phase 26 Post-Route Event Processing | Checksum: 1baa25640

Time (s): cpu = 00:01:48 ; elapsed = 00:01:08 . Memory (MB): peak = 3413.824 ; gain = 0.000 ; free physical = 724736 ; free virtual = 747822
INFO: [Route 35-16] Router Completed Successfully
Ending Routing Task | Checksum: 1baa25640

Time (s): cpu = 00:01:48 ; elapsed = 00:01:08 . Memory (MB): peak = 3413.824 ; gain = 0.000 ; free physical = 724735 ; free virtual = 747821

Routing Is Done.
INFO: [Common 17-83] Releasing license: Implementation
415 Infos, 156 Warnings, 1 Critical Warnings and 0 Errors encountered.
route_design completed successfully
route_design: Time (s): cpu = 00:01:49 ; elapsed = 00:01:08 . Memory (MB): peak = 3413.824 ; gain = 0.000 ; free physical = 724731 ; free virtual = 747817
<grey>[synth_script.tcl]<end> <cyan>report_route_status:<end>
Design Route Status
                                               :      # nets :
   ------------------------------------------- : ----------- :
   # of logical nets.......................... :        4477 :
       # of nets not needing routing.......... :        2080 :
           # of internally routed nets........ :        2056 :
           # of nets with no loads............ :          24 :
       # of routable nets..................... :        2397 :
           # of fully routed nets............. :        2397 :
       # of nets with routing errors.......... :           0 :
   ------------------------------------------- : ----------- :

Command: place_design -post_place_opt
Attempting to get a license for feature 'Implementation' and/or device 'xc7a100t'
INFO: [Common 17-349] Got license for feature 'Implementation' and/or device 'xc7a100t'
INFO: [Common 17-83] Releasing license: Implementation
INFO: [DRC 23-27] Running DRC with 8 threads
INFO: [Vivado_Tcl 4-198] DRC finished with 0 Errors
INFO: [Vivado_Tcl 4-199] Please refer to the DRC report (report_drc) for more information.
Running DRC as a precondition to command place_design
INFO: [DRC 23-27] Running DRC with 8 threads
INFO: [Vivado_Tcl 4-198] DRC finished with 0 Errors
INFO: [Vivado_Tcl 4-199] Please refer to the DRC report (report_drc) for more information.
INFO: [Place 30-611] Multithreading enabled for place_design using a maximum of 8 CPUs

Starting Placer Task

Phase 1 Placer Initialization

Phase 1.1 Placer Initialization Netlist Sorting
Netlist sorting complete. Time (s): cpu = 00:00:00 ; elapsed = 00:00:00 . Memory (MB): peak = 3413.824 ; gain = 0.000 ; free physical = 724351 ; free virtual = 747437
Phase 1.1 Placer Initialization Netlist Sorting | Checksum: 1baa25640

Time (s): cpu = 00:00:00.05 ; elapsed = 00:00:00.02 . Memory (MB): peak = 3413.824 ; gain = 0.000 ; free physical = 724345 ; free virtual = 747431

Phase 1.2 Placer Initialization PCO Part 1

Phase 1.2.1 Build Super Logic Region (SLR) Database
Phase 1.2.1 Build Super Logic Region (SLR) Database | Checksum: 1baa25640

Time (s): cpu = 00:00:00.11 ; elapsed = 00:00:00.05 . Memory (MB): peak = 3413.824 ; gain = 0.000 ; free physical = 724321 ; free virtual = 747407

Phase 1.2.2 Add Constraints
Phase 1.2.2 Add Constraints | Checksum: 1baa25640

Time (s): cpu = 00:00:00.14 ; elapsed = 00:00:00.06 . Memory (MB): peak = 3413.824 ; gain = 0.000 ; free physical = 724317 ; free virtual = 747403

Phase 1.2.3 Add Constraints

Phase 1.2.3.1 Build CellView Core
Phase 1.2.3.1 Build CellView Core | Checksum: 1baa25640

Time (s): cpu = 00:00:00.17 ; elapsed = 00:00:00.07 . Memory (MB): peak = 3413.824 ; gain = 0.000 ; free physical = 724311 ; free virtual = 747397

Phase 1.2.3.2 Add User PBlocks
Phase 1.2.3.2 Add User PBlocks | Checksum: 1baa25640

Time (s): cpu = 00:00:00.21 ; elapsed = 00:00:00.08 . Memory (MB): peak = 3413.824 ; gain = 0.000 ; free physical = 724305 ; free virtual = 747391

Phase 1.2.3.3 Apply User PBlocks
Phase 1.2.3.3 Apply User PBlocks | Checksum: 1baa25640

Time (s): cpu = 00:00:00.24 ; elapsed = 00:00:00.08 . Memory (MB): peak = 3413.824 ; gain = 0.000 ; free physical = 724301 ; free virtual = 747387

Phase 1.2.3.4 Add terminal Constraints
Phase 1.2.3.4 Add terminal Constraints | Checksum: 1baa25640

Time (s): cpu = 00:00:00.28 ; elapsed = 00:00:00.09 . Memory (MB): peak = 3413.824 ; gain = 0.000 ; free physical = 724295 ; free virtual = 747381
Phase 1.2.3 Add Constraints | Checksum: 1baa25640

Time (s): cpu = 00:00:00.31 ; elapsed = 00:00:00.1 . Memory (MB): peak = 3413.824 ; gain = 0.000 ; free physical = 724289 ; free virtual = 747375

Phase 1.2.4 Implementation Feasibility check
Phase 1.2.4 Implementation Feasibility check | Checksum: 1baa25640

Time (s): cpu = 00:00:00.48 ; elapsed = 00:00:00.23 . Memory (MB): peak = 3413.824 ; gain = 0.000 ; free physical = 724277 ; free virtual = 747363
Phase 1.2 Placer Initialization PCO Part 1 | Checksum: 1baa25640

Time (s): cpu = 00:00:00.52 ; elapsed = 00:00:00.24 . Memory (MB): peak = 3413.824 ; gain = 0.000 ; free physical = 724277 ; free virtual = 747363

Phase 1.3 Placer Initialization PCO Part 2

Phase 1.3.1 Build Placer Netlist Model
Phase 1.3.1 Build Placer Netlist Model | Checksum: 283596c1c

Time (s): cpu = 00:00:02 ; elapsed = 00:00:01 . Memory (MB): peak = 3413.824 ; gain = 0.000 ; free physical = 724351 ; free virtual = 747437

Phase 1.3.2 Constrain Clocks/Macros
Phase 1.3.2 Constrain Clocks/Macros | Checksum: 283596c1c

Time (s): cpu = 00:00:02 ; elapsed = 00:00:01 . Memory (MB): peak = 3413.824 ; gain = 0.000 ; free physical = 724349 ; free virtual = 747435
Phase 1.3 Placer Initialization PCO Part 2 | Checksum: 283596c1c

Time (s): cpu = 00:00:02 ; elapsed = 00:00:01 . Memory (MB): peak = 3413.824 ; gain = 0.000 ; free physical = 724348 ; free virtual = 747434
Phase 1 Placer Initialization | Checksum: 283596c1c

Time (s): cpu = 00:00:03 ; elapsed = 00:00:01 . Memory (MB): peak = 3413.824 ; gain = 0.000 ; free physical = 724348 ; free virtual = 747434

Phase 2 Detail Placement

Phase 2.1 Commit Multi Column Macros
Phase 2.1 Commit Multi Column Macros | Checksum: 283596c1c

Time (s): cpu = 00:00:03 ; elapsed = 00:00:01 . Memory (MB): peak = 3413.824 ; gain = 0.000 ; free physical = 724346 ; free virtual = 747432

Phase 2.2 Small Shape Detail Placement

Phase 2.2.1 Place Remaining
Phase 2.2.1 Place Remaining | Checksum: 2d7e22b6e

Time (s): cpu = 00:00:06 ; elapsed = 00:00:02 . Memory (MB): peak = 3413.824 ; gain = 0.000 ; free physical = 724262 ; free virtual = 747348
Phase 2.2 Small Shape Detail Placement | Checksum: 2d7e22b6e

Time (s): cpu = 00:00:06 ; elapsed = 00:00:02 . Memory (MB): peak = 3413.824 ; gain = 0.000 ; free physical = 724261 ; free virtual = 747347
Phase 2 Detail Placement | Checksum: 2d7e22b6e

Time (s): cpu = 00:00:06 ; elapsed = 00:00:02 . Memory (MB): peak = 3413.824 ; gain = 0.000 ; free physical = 724260 ; free virtual = 747346

Phase 3 Post Placement Optimization and Clean-Up

Phase 3.1 Post Commit Optimization

Phase 3.1.1 Post Placement Optimization
Post Placement Optimization Initialization | Checksum: 25f606316

Phase 3.1.1.1 BUFG Insertion

Starting Physical Synthesis Task

Phase 1 Physical Synthesis Initialization
INFO: [Physopt 32-721] Multithreading enabled for phys_opt_design using a maximum of 8 CPUs
INFO: [Physopt 32-619] Estimated Timing Summary | WNS=-3.125 | TNS=-3149.858 |
Phase 1 Physical Synthesis Initialization | Checksum: 1085b38dc

Time (s): cpu = 00:00:00.38 ; elapsed = 00:00:00.14 . Memory (MB): peak = 3413.824 ; gain = 0.000 ; free physical = 724246 ; free virtual = 747332
INFO: [Place 46-56] BUFG insertion identified 0 candidate nets. Inserted BUFG: 0, Replicated BUFG Driver: 0, Skipped due to Placement/Routing Conflicts: 0, Skipped due to Timing Degradation: 0, Skipped due to netlist editing failed: 0.
Ending Physical Synthesis Task | Checksum: 26d3dd3d6

Time (s): cpu = 00:00:00.43 ; elapsed = 00:00:00.16 . Memory (MB): peak = 3413.824 ; gain = 0.000 ; free physical = 724246 ; free virtual = 747332
Phase 3.1.1.1 BUFG Insertion | Checksum: 25f606316

Time (s): cpu = 00:00:08 ; elapsed = 00:00:03 . Memory (MB): peak = 3413.824 ; gain = 0.000 ; free physical = 724246 ; free virtual = 747332

Phase 3.1.1.2 Post Placement Timing Optimization
INFO: [Place 30-746] Post Placement Timing Summary WNS=-2.585. For the most accurate timing information please run report_timing.
Phase 3.1.1.2 Post Placement Timing Optimization | Checksum: 341622a07

Time (s): cpu = 00:00:31 ; elapsed = 00:00:25 . Memory (MB): peak = 3413.824 ; gain = 0.000 ; free physical = 725687 ; free virtual = 748772

Time (s): cpu = 00:00:31 ; elapsed = 00:00:25 . Memory (MB): peak = 3413.824 ; gain = 0.000 ; free physical = 725687 ; free virtual = 748772
Phase 3.1 Post Commit Optimization | Checksum: 341622a07

Time (s): cpu = 00:00:31 ; elapsed = 00:00:25 . Memory (MB): peak = 3413.824 ; gain = 0.000 ; free physical = 725684 ; free virtual = 748770

Phase 3.2 Post Placement Cleanup
Phase 3.2 Post Placement Cleanup | Checksum: 341622a07

Time (s): cpu = 00:00:31 ; elapsed = 00:00:25 . Memory (MB): peak = 3413.824 ; gain = 0.000 ; free physical = 725674 ; free virtual = 748760

Phase 3.3 Placer Reporting

Phase 3.3.1 Print Estimated Congestion
INFO: [Place 30-612] Post-Placement Estimated Congestion 
 ____________________________________________________
|           | Global Congestion | Short Congestion  |
| Direction | Region Size       | Region Size       |
|___________|___________________|___________________|
|      North|                1x1|                8x8|
|___________|___________________|___________________|
|      South|                1x1|                2x2|
|___________|___________________|___________________|
|       East|                1x1|                2x2|
|___________|___________________|___________________|
|       West|                1x1|                1x1|
|___________|___________________|___________________|

Phase 3.3.1 Print Estimated Congestion | Checksum: 341622a07

Time (s): cpu = 00:00:31 ; elapsed = 00:00:25 . Memory (MB): peak = 3413.824 ; gain = 0.000 ; free physical = 725673 ; free virtual = 748758
Phase 3.3 Placer Reporting | Checksum: 341622a07

Time (s): cpu = 00:00:31 ; elapsed = 00:00:25 . Memory (MB): peak = 3413.824 ; gain = 0.000 ; free physical = 725673 ; free virtual = 748758

Phase 3.4 Final Placement Cleanup
Netlist sorting complete. Time (s): cpu = 00:00:00 ; elapsed = 00:00:00 . Memory (MB): peak = 3413.824 ; gain = 0.000 ; free physical = 725673 ; free virtual = 748759

Time (s): cpu = 00:00:31 ; elapsed = 00:00:25 . Memory (MB): peak = 3413.824 ; gain = 0.000 ; free physical = 725673 ; free virtual = 748759
Phase 3 Post Placement Optimization and Clean-Up | Checksum: 341622a07

Time (s): cpu = 00:00:31 ; elapsed = 00:00:25 . Memory (MB): peak = 3413.824 ; gain = 0.000 ; free physical = 725673 ; free virtual = 748759
Ending Placer Task | Checksum: 25b816a29

Time (s): cpu = 00:00:31 ; elapsed = 00:00:25 . Memory (MB): peak = 3413.824 ; gain = 0.000 ; free physical = 725673 ; free virtual = 748758
429 Infos, 156 Warnings, 1 Critical Warnings and 0 Errors encountered.
place_design completed successfully
place_design: Time (s): cpu = 00:00:41 ; elapsed = 00:00:27 . Memory (MB): peak = 3413.824 ; gain = 0.000 ; free physical = 725672 ; free virtual = 748757
Command: phys_opt_design -retime -routing_opt
Attempting to get a license for feature 'Implementation' and/or device 'xc7a100t'
INFO: [Common 17-349] Got license for feature 'Implementation' and/or device 'xc7a100t'
INFO: [Vivado_Tcl 4-241] Physical synthesis in post route mode 
WARNING: [Vivado_Tcl 4-1385] Design is not legally routed. Skipping post-route optimization
INFO: [Vivado_Tcl 4-1850] phys_opt_design is skipped because design is not fully routed, please run report_route_status to get more information.
INFO: [Common 17-83] Releasing license: Implementation
433 Infos, 157 Warnings, 1 Critical Warnings and 0 Errors encountered.
phys_opt_design completed successfully
Command: route_design -directive NoTimingRelaxation
Attempting to get a license for feature 'Implementation' and/or device 'xc7a100t'
INFO: [Common 17-349] Got license for feature 'Implementation' and/or device 'xc7a100t'


Starting Routing Task
INFO: [Route 35-270] Using Router directive 'NoTimingRelaxation'.
INFO: [Route 35-254] Multithreading enabled for route_design using a maximum of 8 CPUs

Phase 1 Build RT Design
Checksum: PlaceDB: d6fabb33 ConstDB: 0 ShapeSum: b8bf6ca8 RouteDB: cbc7424e
Post Restoration Checksum: NetGraph: b2328eb9 | NumContArr: 2378f241 | Constraints: c2a8fa9d | Timing: c2a8fa9d
Phase 1 Build RT Design | Checksum: 25afd7634

Time (s): cpu = 00:00:38 ; elapsed = 00:00:32 . Memory (MB): peak = 3413.824 ; gain = 0.000 ; free physical = 724898 ; free virtual = 747991

Phase 2 Router Initialization

Phase 2.1 Fix Topology Constraints
Phase 2.1 Fix Topology Constraints | Checksum: 25afd7634

Time (s): cpu = 00:00:38 ; elapsed = 00:00:32 . Memory (MB): peak = 3413.824 ; gain = 0.000 ; free physical = 724898 ; free virtual = 747991

Phase 2.2 Pre Route Cleanup
Phase 2.2 Pre Route Cleanup | Checksum: 2e2b271ef

Time (s): cpu = 00:00:38 ; elapsed = 00:00:32 . Memory (MB): peak = 3413.824 ; gain = 0.000 ; free physical = 724898 ; free virtual = 747991
 Number of Nodes with overlaps = 0

Phase 2.3 Update Timing
Phase 2.3 Update Timing | Checksum: 21ef4e411

Time (s): cpu = 00:00:42 ; elapsed = 00:00:33 . Memory (MB): peak = 3413.824 ; gain = 0.000 ; free physical = 724886 ; free virtual = 747978
INFO: [Route 35-416] Intermediate Timing Summary | WNS=-2.613 | TNS=-7313.386| WHS=-0.240 | THS=-151.415|


Router Utilization Summary
  Global Vertical Routing Utilization    = 0.940549 %
  Global Horizontal Routing Utilization  = 1.05165 %
  Routable Net Status*
  *Does not include unroutable nets such as driverless and loadless.
  Run report_route_status for detailed report.
  Number of Failed Nets               = 247
    (Failed Nets is the sum of unrouted and partially routed nets)
  Number of Unrouted Nets             = 97
  Number of Partially Routed Nets     = 150
  Number of Node Overlaps             = 0

Phase 2 Router Initialization | Checksum: 29bd5c4c8

Time (s): cpu = 00:00:43 ; elapsed = 00:00:33 . Memory (MB): peak = 3413.824 ; gain = 0.000 ; free physical = 724876 ; free virtual = 747969

Phase 3 Global Routing
Phase 3 Global Routing | Checksum: 29bd5c4c8

Time (s): cpu = 00:00:43 ; elapsed = 00:00:33 . Memory (MB): peak = 3413.824 ; gain = 0.000 ; free physical = 724876 ; free virtual = 747969

Phase 4 Initial Routing

Phase 4.1 Initial Net Routing Pass
Phase 4.1 Initial Net Routing Pass | Checksum: 2c7fa30b6

Time (s): cpu = 00:00:44 ; elapsed = 00:00:33 . Memory (MB): peak = 3413.824 ; gain = 0.000 ; free physical = 724877 ; free virtual = 747969
Phase 4 Initial Routing | Checksum: 2c7fa30b6

Time (s): cpu = 00:00:44 ; elapsed = 00:00:33 . Memory (MB): peak = 3413.824 ; gain = 0.000 ; free physical = 724877 ; free virtual = 747970
INFO: [Route 35-580] Design has 2704 pins with tight setup and hold constraints.

The top 5 pins with tight setup and hold constraints:

+====================+===================+==============================================+
| Launch Setup Clock | Launch Hold Clock | Pin                                          |
+====================+===================+==============================================+
| clk                | clk               | ram/mem_rdata_reg[8]/D                       |
| clk                | clk               | cpu/reg_op2_reg[17]/D                        |
| clk                | clk               | ram/memory_reg_768_1023_23_23/RAMS64E_B/ADR2 |
| clk                | clk               | ram/memory_reg_768_1023_23_23/RAMS64E_A/ADR2 |
| clk                | clk               | cpu/reg_op1_reg[22]/D                        |
+--------------------+-------------------+----------------------------------------------+

File with complete list of pins: tight_setup_hold_pins.txt


Phase 5 Rip-up And Reroute

Phase 5.1 Global Iteration 0
 Number of Nodes with overlaps = 378
 Number of Nodes with overlaps = 188
 Number of Nodes with overlaps = 117
 Number of Nodes with overlaps = 69
 Number of Nodes with overlaps = 53
 Number of Nodes with overlaps = 33
 Number of Nodes with overlaps = 19
 Number of Nodes with overlaps = 17
 Number of Nodes with overlaps = 17
 Number of Nodes with overlaps = 12
 Number of Nodes with overlaps = 8
 Number of Nodes with overlaps = 6
 Number of Nodes with overlaps = 5
 Number of Nodes with overlaps = 3
 Number of Nodes with overlaps = 3
 Number of Nodes with overlaps = 4
 Number of Nodes with overlaps = 1
 Number of Nodes with overlaps = 3
 Number of Nodes with overlaps = 3
 Number of Nodes with overlaps = 1
 Number of Nodes with overlaps = 0
INFO: [Route 35-416] Intermediate Timing Summary | WNS=-2.697 | TNS=-7234.511| WHS=N/A    | THS=N/A    |

Phase 5.1 Global Iteration 0 | Checksum: 193699bb5

Time (s): cpu = 00:00:59 ; elapsed = 00:00:42 . Memory (MB): peak = 3413.824 ; gain = 0.000 ; free physical = 724853 ; free virtual = 747946

Phase 5.2 Global Iteration 1
 Number of Nodes with overlaps = 108
 Number of Nodes with overlaps = 56
 Number of Nodes with overlaps = 15
 Number of Nodes with overlaps = 6
 Number of Nodes with overlaps = 2
 Number of Nodes with overlaps = 1
 Number of Nodes with overlaps = 2
 Number of Nodes with overlaps = 1
 Number of Nodes with overlaps = 0
INFO: [Route 35-416] Intermediate Timing Summary | WNS=-2.732 | TNS=-7111.004| WHS=N/A    | THS=N/A    |

Phase 5.2 Global Iteration 1 | Checksum: 34cdc13db

Time (s): cpu = 00:01:06 ; elapsed = 00:00:49 . Memory (MB): peak = 3612.480 ; gain = 198.656 ; free physical = 724455 ; free virtual = 747547
Phase 5 Rip-up And Reroute | Checksum: 34cdc13db

Time (s): cpu = 00:01:06 ; elapsed = 00:00:49 . Memory (MB): peak = 3612.480 ; gain = 198.656 ; free physical = 724455 ; free virtual = 747547

Phase 6 Delay and Skew Optimization

Phase 6.1 Delay CleanUp

Phase 6.1.1 Update Timing
Phase 6.1.1 Update Timing | Checksum: 3522f82e3

Time (s): cpu = 00:01:07 ; elapsed = 00:00:49 . Memory (MB): peak = 3612.480 ; gain = 198.656 ; free physical = 724450 ; free virtual = 747542
INFO: [Route 35-416] Intermediate Timing Summary | WNS=-2.601 | TNS=-6898.356| WHS=N/A    | THS=N/A    |

 Number of Nodes with overlaps = 0
Phase 6.1 Delay CleanUp | Checksum: 1d405c7f1

Time (s): cpu = 00:01:08 ; elapsed = 00:00:49 . Memory (MB): peak = 3612.480 ; gain = 198.656 ; free physical = 724445 ; free virtual = 747538

Phase 6.2 Clock Skew Optimization
Phase 6.2 Clock Skew Optimization | Checksum: 1d405c7f1

Time (s): cpu = 00:01:08 ; elapsed = 00:00:49 . Memory (MB): peak = 3612.480 ; gain = 198.656 ; free physical = 724445 ; free virtual = 747538
Phase 6 Delay and Skew Optimization | Checksum: 1d405c7f1

Time (s): cpu = 00:01:08 ; elapsed = 00:00:49 . Memory (MB): peak = 3612.480 ; gain = 198.656 ; free physical = 724445 ; free virtual = 747538

Phase 7 Post Hold Fix

Phase 7.1 Hold Fix Iter
INFO: [Route 35-416] Intermediate Timing Summary | WNS=-2.601 | TNS=-6892.533| WHS=0.034  | THS=0.000  |

Phase 7.1 Hold Fix Iter | Checksum: 191f35186

Time (s): cpu = 00:01:09 ; elapsed = 00:00:49 . Memory (MB): peak = 3612.480 ; gain = 198.656 ; free physical = 724434 ; free virtual = 747527
Phase 7 Post Hold Fix | Checksum: 191f35186

Time (s): cpu = 00:01:09 ; elapsed = 00:00:49 . Memory (MB): peak = 3612.480 ; gain = 198.656 ; free physical = 724434 ; free virtual = 747527

Phase 8 Timing Verification

Phase 8.1 Update Timing
Phase 8.1 Update Timing | Checksum: 191f35186

Time (s): cpu = 00:01:09 ; elapsed = 00:00:50 . Memory (MB): peak = 3612.480 ; gain = 198.656 ; free physical = 724428 ; free virtual = 747521
INFO: [Route 35-416] Intermediate Timing Summary | WNS=-2.601 | TNS=-6892.533| WHS=0.034  | THS=0.000  |

Phase 8 Timing Verification | Checksum: 191f35186

Time (s): cpu = 00:01:09 ; elapsed = 00:00:50 . Memory (MB): peak = 3612.480 ; gain = 198.656 ; free physical = 724428 ; free virtual = 747521

Phase 9 Route finalize

Router Utilization Summary
  Global Vertical Routing Utilization    = 0.989685 %
  Global Horizontal Routing Utilization  = 1.10962 %
  Routable Net Status*
  *Does not include unroutable nets such as driverless and loadless.
  Run report_route_status for detailed report.
  Number of Failed Nets               = 0
    (Failed Nets is the sum of unrouted and partially routed nets)
  Number of Unrouted Nets             = 0
  Number of Partially Routed Nets     = 0
  Number of Node Overlaps             = 0


--GLOBAL Congestion:
Utilization threshold used for congestion level computation: 0.85
Congestion Report
North Dir 1x1 Area, Max Cong = 68.4685%, No Congested Regions.
South Dir 1x1 Area, Max Cong = 77.4775%, No Congested Regions.
East Dir 1x1 Area, Max Cong = 75%, No Congested Regions.
West Dir 1x1 Area, Max Cong = 76.4706%, No Congested Regions.

------------------------------
Reporting congestion hotspots
------------------------------
Direction: North
----------------
Congested clusters found at Level 0
Effective congestion level: 0 Aspect Ratio: 1 Sparse Ratio: 0
Direction: South
----------------
Congested clusters found at Level 0
Effective congestion level: 0 Aspect Ratio: 1 Sparse Ratio: 0
Direction: East
----------------
Congested clusters found at Level 0
Effective congestion level: 0 Aspect Ratio: 1 Sparse Ratio: 0
Direction: West
----------------
Congested clusters found at Level 0
Effective congestion level: 0 Aspect Ratio: 1 Sparse Ratio: 0

Phase 9 Route finalize | Checksum: 191f35186

Time (s): cpu = 00:01:10 ; elapsed = 00:00:50 . Memory (MB): peak = 3612.480 ; gain = 198.656 ; free physical = 724428 ; free virtual = 747520

Phase 10 Verifying routed nets

 Verification completed successfully
Phase 10 Verifying routed nets | Checksum: 191f35186

Time (s): cpu = 00:01:10 ; elapsed = 00:00:50 . Memory (MB): peak = 3612.480 ; gain = 198.656 ; free physical = 724428 ; free virtual = 747520

Phase 11 Depositing Routes
Phase 11 Depositing Routes | Checksum: 1c8d3c2db

Time (s): cpu = 00:01:10 ; elapsed = 00:00:50 . Memory (MB): peak = 3612.480 ; gain = 198.656 ; free physical = 724428 ; free virtual = 747520

Phase 12 Incr Placement Change
Netlist sorting complete. Time (s): cpu = 00:00:00 ; elapsed = 00:00:00 . Memory (MB): peak = 3612.480 ; gain = 0.000 ; free physical = 724427 ; free virtual = 747520
INFO: [Place 30-746] Post Placement Timing Summary WNS=-2.617. For the most accurate timing information please run report_timing.
Ending IncrPlace Task | Checksum: 1e7968117

Time (s): cpu = 00:00:14 ; elapsed = 00:00:12 . Memory (MB): peak = 3612.480 ; gain = 0.000 ; free physical = 724560 ; free virtual = 747652
Phase 12 Incr Placement Change | Checksum: 1e7968117

Time (s): cpu = 00:01:24 ; elapsed = 00:01:02 . Memory (MB): peak = 3612.480 ; gain = 198.656 ; free physical = 724560 ; free virtual = 747652

Phase 13 Build RT Design
Checksum: PlaceDB: 76fe7249 ConstDB: 0 ShapeSum: ecddfd0d RouteDB: 83ba11c1
Post Restoration Checksum: NetGraph: 284b57 | NumContArr: 7de8bdcf | Constraints: c2a8fa9d | Timing: c2a8fa9d
Phase 13 Build RT Design | Checksum: 20362fe60

Time (s): cpu = 00:01:26 ; elapsed = 00:01:02 . Memory (MB): peak = 3612.480 ; gain = 198.656 ; free physical = 724559 ; free virtual = 747651

Phase 14 Router Initialization

Phase 14.1 Fix Topology Constraints
Phase 14.1 Fix Topology Constraints | Checksum: 20362fe60

Time (s): cpu = 00:01:26 ; elapsed = 00:01:02 . Memory (MB): peak = 3612.480 ; gain = 198.656 ; free physical = 724559 ; free virtual = 747652

Phase 14.2 Pre Route Cleanup
Phase 14.2 Pre Route Cleanup | Checksum: 20362fe60

Time (s): cpu = 00:01:26 ; elapsed = 00:01:02 . Memory (MB): peak = 3612.480 ; gain = 198.656 ; free physical = 724559 ; free virtual = 747652

Phase 14.3 Timing Verification

Phase 14.3.1 Update Timing
Phase 14.3.1 Update Timing | Checksum: 2537acbc1

Time (s): cpu = 00:01:29 ; elapsed = 00:01:03 . Memory (MB): peak = 3612.480 ; gain = 198.656 ; free physical = 724559 ; free virtual = 747652
INFO: [Route 35-416] Intermediate Timing Summary | WNS=-2.601 | TNS=-6783.047| WHS=0.035  | THS=0.000  |

Phase 14.3 Timing Verification | Checksum: 2537acbc1

Time (s): cpu = 00:01:29 ; elapsed = 00:01:03 . Memory (MB): peak = 3612.480 ; gain = 198.656 ; free physical = 724559 ; free virtual = 747652
 Number of Nodes with overlaps = 0

Phase 14.4 Update Timing
Phase 14.4 Update Timing | Checksum: 19d36f864

Time (s): cpu = 00:01:32 ; elapsed = 00:01:04 . Memory (MB): peak = 3612.480 ; gain = 198.656 ; free physical = 724560 ; free virtual = 747653
INFO: [Route 35-416] Intermediate Timing Summary | WNS=-2.697 | TNS=-7234.793| WHS=-0.240 | THS=-151.411|


Router Utilization Summary
  Global Vertical Routing Utilization    = 0.989685 %
  Global Horizontal Routing Utilization  = 1.10962 %
  Routable Net Status*
  *Does not include unroutable nets such as driverless and loadless.
  Run report_route_status for detailed report.
  Number of Failed Nets               = 0
    (Failed Nets is the sum of unrouted and partially routed nets)
  Number of Unrouted Nets             = 0
  Number of Partially Routed Nets     = 0
  Number of Node Overlaps             = 0

Phase 14 Router Initialization | Checksum: 1e13a6f1f

Time (s): cpu = 00:01:33 ; elapsed = 00:01:04 . Memory (MB): peak = 3612.480 ; gain = 198.656 ; free physical = 724560 ; free virtual = 747653

Phase 15 Global Routing
Phase 15 Global Routing | Checksum: 1e13a6f1f

Time (s): cpu = 00:01:33 ; elapsed = 00:01:04 . Memory (MB): peak = 3612.480 ; gain = 198.656 ; free physical = 724560 ; free virtual = 747653

Phase 16 Initial Routing

Phase 16.1 Initial Net Routing Pass
 Number of Nodes with overlaps = 0
Phase 16.1 Initial Net Routing Pass | Checksum: 1e13a6f1f

Time (s): cpu = 00:01:34 ; elapsed = 00:01:04 . Memory (MB): peak = 3612.480 ; gain = 198.656 ; free physical = 724561 ; free virtual = 747653
Phase 16 Initial Routing | Checksum: 1e13a6f1f

Time (s): cpu = 00:01:34 ; elapsed = 00:01:04 . Memory (MB): peak = 3612.480 ; gain = 198.656 ; free physical = 724561 ; free virtual = 747653
INFO: [Route 35-580] Design has 2708 pins with tight setup and hold constraints.

The top 5 pins with tight setup and hold constraints:

+====================+===================+==============================================+
| Launch Setup Clock | Launch Hold Clock | Pin                                          |
+====================+===================+==============================================+
| clk                | clk               | cpu/reg_op2_reg[22]/D                        |
| clk                | clk               | cpu/reg_op1_reg[22]/D                        |
| clk                | clk               | ram/memory_reg_768_1023_23_23/RAMS64E_A/ADR2 |
| clk                | clk               | ram/memory_reg_768_1023_23_23/RAMS64E_B/ADR2 |
| clk                | clk               | cpu/reg_op1_reg[26]/D                        |
+--------------------+-------------------+----------------------------------------------+

File with complete list of pins: tight_setup_hold_pins.txt


Phase 17 Rip-up And Reroute

Phase 17.1 Global Iteration 0
INFO: [Route 35-416] Intermediate Timing Summary | WNS=-2.697 | TNS=-7228.496| WHS=N/A    | THS=N/A    |

Phase 17.1 Global Iteration 0 | Checksum: 36fcd6f74

Time (s): cpu = 00:01:36 ; elapsed = 00:01:05 . Memory (MB): peak = 3612.480 ; gain = 198.656 ; free physical = 724505 ; free virtual = 747597

Phase 17.2 Global Iteration 1
 Number of Nodes with overlaps = 234
 Number of Nodes with overlaps = 81
 Number of Nodes with overlaps = 33
 Number of Nodes with overlaps = 26
 Number of Nodes with overlaps = 17
 Number of Nodes with overlaps = 15
 Number of Nodes with overlaps = 5
 Number of Nodes with overlaps = 4
 Number of Nodes with overlaps = 2
 Number of Nodes with overlaps = 0
INFO: [Route 35-416] Intermediate Timing Summary | WNS=-2.881 | TNS=-7091.048| WHS=N/A    | THS=N/A    |

Phase 17.2 Global Iteration 1 | Checksum: 1ecdfdab2

Time (s): cpu = 00:06:55 ; elapsed = 00:06:23 . Memory (MB): peak = 4300.473 ; gain = 886.648 ; free physical = 727134 ; free virtual = 750217
Phase 17 Rip-up And Reroute | Checksum: 1ecdfdab2

Time (s): cpu = 00:06:55 ; elapsed = 00:06:23 . Memory (MB): peak = 4300.473 ; gain = 886.648 ; free physical = 727134 ; free virtual = 750217

Phase 18 Delay and Skew Optimization

Phase 18.1 Delay CleanUp

Phase 18.1.1 Update Timing
Phase 18.1.1 Update Timing | Checksum: 1a49ca2f9

Time (s): cpu = 00:06:55 ; elapsed = 00:06:23 . Memory (MB): peak = 4300.473 ; gain = 886.648 ; free physical = 727134 ; free virtual = 750217
INFO: [Route 35-416] Intermediate Timing Summary | WNS=-2.602 | TNS=-6891.001| WHS=N/A    | THS=N/A    |

 Number of Nodes with overlaps = 0
Phase 18.1 Delay CleanUp | Checksum: 1e39f6155

Time (s): cpu = 00:06:56 ; elapsed = 00:06:24 . Memory (MB): peak = 4300.473 ; gain = 886.648 ; free physical = 727134 ; free virtual = 750217

Phase 18.2 Clock Skew Optimization
Phase 18.2 Clock Skew Optimization | Checksum: 1e39f6155

Time (s): cpu = 00:06:56 ; elapsed = 00:06:24 . Memory (MB): peak = 4300.473 ; gain = 886.648 ; free physical = 727134 ; free virtual = 750217
Phase 18 Delay and Skew Optimization | Checksum: 1e39f6155

Time (s): cpu = 00:06:56 ; elapsed = 00:06:24 . Memory (MB): peak = 4300.473 ; gain = 886.648 ; free physical = 727134 ; free virtual = 750217

Phase 19 Post Hold Fix

Phase 19.1 Hold Fix Iter
INFO: [Route 35-416] Intermediate Timing Summary | WNS=-2.602 | TNS=-6891.061| WHS=0.034  | THS=0.000  |

Phase 19.1 Hold Fix Iter | Checksum: 213f009ca

Time (s): cpu = 00:06:56 ; elapsed = 00:06:24 . Memory (MB): peak = 4300.473 ; gain = 886.648 ; free physical = 727134 ; free virtual = 750217
Phase 19 Post Hold Fix | Checksum: 213f009ca

Time (s): cpu = 00:06:56 ; elapsed = 00:06:24 . Memory (MB): peak = 4300.473 ; gain = 886.648 ; free physical = 727134 ; free virtual = 750217

Phase 20 Timing Verification

Phase 20.1 Update Timing
Phase 20.1 Update Timing | Checksum: 213f009ca

Time (s): cpu = 00:06:57 ; elapsed = 00:06:24 . Memory (MB): peak = 4300.473 ; gain = 886.648 ; free physical = 727134 ; free virtual = 750217
INFO: [Route 35-416] Intermediate Timing Summary | WNS=-2.602 | TNS=-6891.061| WHS=0.034  | THS=0.000  |

Phase 20 Timing Verification | Checksum: 213f009ca

Time (s): cpu = 00:06:57 ; elapsed = 00:06:24 . Memory (MB): peak = 4300.473 ; gain = 886.648 ; free physical = 727134 ; free virtual = 750217

Phase 21 Reset Design
INFO: [Route 35-307] 2405 nets already restored were skipped.
Post Restoration Checksum: NetGraph: 4347f39a | NumContArr: 32448b9d | Constraints: c2a8fa9d | Timing: 52575cb3

Phase 21.1 Create Timer
Phase 21.1 Create Timer | Checksum: 18a8cd687

Time (s): cpu = 00:06:57 ; elapsed = 00:06:24 . Memory (MB): peak = 4300.473 ; gain = 886.648 ; free physical = 727134 ; free virtual = 750217
Phase 21 Reset Design | Checksum: 18a8cd687

Time (s): cpu = 00:06:58 ; elapsed = 00:06:24 . Memory (MB): peak = 4300.473 ; gain = 886.648 ; free physical = 727135 ; free virtual = 750218

Phase 22 Post Process Routing
Phase 22 Post Process Routing | Checksum: 18a8cd687

Time (s): cpu = 00:06:58 ; elapsed = 00:06:24 . Memory (MB): peak = 4300.473 ; gain = 886.648 ; free physical = 727135 ; free virtual = 750218

Phase 23 Post Router Timing
INFO: [Route 35-20] Post Routing Timing Summary | WNS=-2.601 | TNS=-3097.072| WHS=0.035  | THS=0.000  |

Phase 23 Post Router Timing | Checksum: 1d2cbab5f

Time (s): cpu = 00:07:01 ; elapsed = 00:06:25 . Memory (MB): peak = 4300.473 ; gain = 886.648 ; free physical = 727135 ; free virtual = 750218
CRITICAL WARNING: [Route 35-39] The design did not meet timing requirements. Please run report_timing_summary for detailed reports.
Resolution: Verify that the timing was met or had small violations at all previous steps (synthesis, placement, power_opt, and phys_opt). Run report_timing_summary and analyze individual timing paths.
INFO: [Route 35-253] TNS is the sum of the worst slack violation on every endpoint in the design. Review the paths with the biggest WNS violations in the timing reports and modify your constraints or your design to improve both WNS and TNS.
Total Elapsed time in route_design: 385.11 secs

Phase 24 Post-Route Event Processing
Phase 24 Post-Route Event Processing | Checksum: 1e7968117

Time (s): cpu = 00:07:01 ; elapsed = 00:06:25 . Memory (MB): peak = 4300.473 ; gain = 886.648 ; free physical = 727135 ; free virtual = 750218
INFO: [Route 35-16] Router Completed Successfully
Ending Routing Task | Checksum: 1e7968117

Time (s): cpu = 00:07:01 ; elapsed = 00:06:25 . Memory (MB): peak = 4300.473 ; gain = 886.648 ; free physical = 727135 ; free virtual = 750218

Routing Is Done.
INFO: [Common 17-83] Releasing license: Implementation
457 Infos, 157 Warnings, 2 Critical Warnings and 0 Errors encountered.
route_design completed successfully
route_design: Time (s): cpu = 00:07:01 ; elapsed = 00:06:25 . Memory (MB): peak = 4300.473 ; gain = 886.648 ; free physical = 727135 ; free virtual = 750218
Copyright 1986-2022 Xilinx, Inc. All Rights Reserved. Copyright 2022-2024 Advanced Micro Devices, Inc. All Rights Reserved.
---------------------------------------------------------------------------------------------------------------------------------------------
| Tool Version : Vivado v.2024.2 (lin64) Build 5239630 Fri Nov 08 22:34:34 MST 2024
| Date         : Thu May 28 15:04:09 2026
| Host         : naouna.ims.bordeaux running 64-bit Red Hat Enterprise Linux release 8.10 (Ootpa)
| Command      : report_utilization
| Design       : picorv32_soc_top
| Device       : xc7a100tcsg324-1
| Speed File   : -1
| Design State : Routed
---------------------------------------------------------------------------------------------------------------------------------------------

Utilization Design Information

Table of Contents
-----------------
1. Slice Logic
1.1 Summary of Registers by Type
2. Slice Logic Distribution
3. Memory
4. DSP
5. IO and GT Specific
6. Clocking
7. Specific Feature
8. Primitives
9. Black Boxes
10. Instantiated Netlists

1. Slice Logic
--------------

+----------------------------+------+-------+------------+-----------+-------+
|          Site Type         | Used | Fixed | Prohibited | Available | Util% |
+----------------------------+------+-------+------------+-----------+-------+
| Slice LUTs                 | 2191 |     0 |          0 |     63400 |  3.46 |
|   LUT as Logic             | 1635 |     0 |          0 |     63400 |  2.58 |
|   LUT as Memory            |  556 |     0 |          0 |     19000 |  2.93 |
|     LUT as Distributed RAM |  556 |     0 |            |           |       |
|     LUT as Shift Register  |    0 |     0 |            |           |       |
| Slice Registers            | 1148 |     0 |          0 |    126800 |  0.91 |
|   Register as Flip Flop    | 1148 |     0 |          0 |    126800 |  0.91 |
|   Register as Latch        |    0 |     0 |          0 |    126800 |  0.00 |
| F7 Muxes                   |  256 |     0 |          0 |     31700 |  0.81 |
| F8 Muxes                   |  128 |     0 |          0 |     15850 |  0.81 |
+----------------------------+------+-------+------------+-----------+-------+
* Warning! LUT value is adjusted to account for LUT combining.


1.1 Summary of Registers by Type
--------------------------------

+-------+--------------+-------------+--------------+
| Total | Clock Enable | Synchronous | Asynchronous |
+-------+--------------+-------------+--------------+
| 0     |            _ |           - |            - |
| 0     |            _ |           - |          Set |
| 0     |            _ |           - |        Reset |
| 0     |            _ |         Set |            - |
| 0     |            _ |       Reset |            - |
| 0     |          Yes |           - |            - |
| 0     |          Yes |           - |          Set |
| 0     |          Yes |           - |        Reset |
| 64    |          Yes |         Set |            - |
| 1084  |          Yes |       Reset |            - |
+-------+--------------+-------------+--------------+


2. Slice Logic Distribution
---------------------------

+--------------------------------------------+------+-------+------------+-----------+-------+
|                  Site Type                 | Used | Fixed | Prohibited | Available | Util% |
+--------------------------------------------+------+-------+------------+-----------+-------+
| Slice                                      |  669 |     0 |          0 |     15850 |  4.22 |
|   SLICEL                                   |  410 |     0 |            |           |       |
|   SLICEM                                   |  259 |     0 |            |           |       |
| LUT as Logic                               | 1635 |     0 |          0 |     63400 |  2.58 |
|   using O5 output only                     |    0 |       |            |           |       |
|   using O6 output only                     | 1493 |       |            |           |       |
|   using O5 and O6                          |  142 |       |            |           |       |
| LUT as Memory                              |  556 |     0 |          0 |     19000 |  2.93 |
|   LUT as Distributed RAM                   |  556 |     0 |            |           |       |
|     using O5 output only                   |    0 |       |            |           |       |
|     using O6 output only                   |  512 |       |            |           |       |
|     using O5 and O6                        |   44 |       |            |           |       |
|   LUT as Shift Register                    |    0 |     0 |            |           |       |
|     using O5 output only                   |    0 |       |            |           |       |
|     using O6 output only                   |    0 |       |            |           |       |
|     using O5 and O6                        |    0 |       |            |           |       |
| Slice Registers                            | 1148 |     0 |          0 |    126800 |  0.91 |
|   Register driven from within the Slice    |  904 |       |            |           |       |
|   Register driven from outside the Slice   |  244 |       |            |           |       |
|     LUT in front of the register is unused |   72 |       |            |           |       |
|     LUT in front of the register is used   |  172 |       |            |           |       |
| Unique Control Sets                        |   51 |       |          0 |     15850 |  0.32 |
+--------------------------------------------+------+-------+------------+-----------+-------+
* * Note: Available Control Sets calculated as Slice * 1, Review the Control Sets Report for more information regarding control sets.


3. Memory
---------

+----------------+------+-------+------------+-----------+-------+
|    Site Type   | Used | Fixed | Prohibited | Available | Util% |
+----------------+------+-------+------------+-----------+-------+
| Block RAM Tile |    0 |     0 |          0 |       135 |  0.00 |
|   RAMB36/FIFO* |    0 |     0 |          0 |       135 |  0.00 |
|   RAMB18       |    0 |     0 |          0 |       270 |  0.00 |
+----------------+------+-------+------------+-----------+-------+
* Note: Each Block RAM Tile only has one FIFO logic available and therefore can accommodate only one FIFO36E1 or one FIFO18E1. However, if a FIFO18E1 occupies a Block RAM Tile, that tile can still accommodate a RAMB18E1


4. DSP
------

+-----------+------+-------+------------+-----------+-------+
| Site Type | Used | Fixed | Prohibited | Available | Util% |
+-----------+------+-------+------------+-----------+-------+
| DSPs      |    0 |     0 |          0 |       240 |  0.00 |
+-----------+------+-------+------------+-----------+-------+


5. IO and GT Specific
---------------------

+-----------------------------+------+-------+------------+-----------+-------+
|          Site Type          | Used | Fixed | Prohibited | Available | Util% |
+-----------------------------+------+-------+------------+-----------+-------+
| Bonded IOB                  |    3 |     0 |          0 |       210 |  1.43 |
|   IOB Master Pads           |    1 |       |            |           |       |
|   IOB Slave Pads            |    1 |       |            |           |       |
| Bonded IPADs                |    0 |     0 |          0 |         2 |  0.00 |
| PHY_CONTROL                 |    0 |     0 |          0 |         6 |  0.00 |
| PHASER_REF                  |    0 |     0 |          0 |         6 |  0.00 |
| OUT_FIFO                    |    0 |     0 |          0 |        24 |  0.00 |
| IN_FIFO                     |    0 |     0 |          0 |        24 |  0.00 |
| IDELAYCTRL                  |    0 |     0 |          0 |         6 |  0.00 |
| IBUFDS                      |    0 |     0 |          0 |       202 |  0.00 |
| PHASER_OUT/PHASER_OUT_PHY   |    0 |     0 |          0 |        24 |  0.00 |
| PHASER_IN/PHASER_IN_PHY     |    0 |     0 |          0 |        24 |  0.00 |
| IDELAYE2/IDELAYE2_FINEDELAY |    0 |     0 |          0 |       300 |  0.00 |
| ILOGIC                      |    0 |     0 |          0 |       210 |  0.00 |
| OLOGIC                      |    0 |     0 |          0 |       210 |  0.00 |
+-----------------------------+------+-------+------------+-----------+-------+


6. Clocking
-----------

+------------+------+-------+------------+-----------+-------+
|  Site Type | Used | Fixed | Prohibited | Available | Util% |
+------------+------+-------+------------+-----------+-------+
| BUFGCTRL   |    1 |     0 |          0 |        32 |  3.13 |
| BUFIO      |    0 |     0 |          0 |        24 |  0.00 |
| MMCME2_ADV |    0 |     0 |          0 |         6 |  0.00 |
| PLLE2_ADV  |    0 |     0 |          0 |         6 |  0.00 |
| BUFMRCE    |    0 |     0 |          0 |        12 |  0.00 |
| BUFHCE     |    0 |     0 |          0 |        96 |  0.00 |
| BUFR       |    0 |     0 |          0 |        24 |  0.00 |
+------------+------+-------+------------+-----------+-------+


7. Specific Feature
-------------------

+-------------+------+-------+------------+-----------+-------+
|  Site Type  | Used | Fixed | Prohibited | Available | Util% |
+-------------+------+-------+------------+-----------+-------+
| BSCANE2     |    0 |     0 |          0 |         4 |  0.00 |
| CAPTUREE2   |    0 |     0 |          0 |         1 |  0.00 |
| DNA_PORT    |    0 |     0 |          0 |         1 |  0.00 |
| EFUSE_USR   |    0 |     0 |          0 |         1 |  0.00 |
| FRAME_ECCE2 |    0 |     0 |          0 |         1 |  0.00 |
| ICAPE2      |    0 |     0 |          0 |         2 |  0.00 |
| PCIE_2_1    |    0 |     0 |          0 |         1 |  0.00 |
| STARTUPE2   |    0 |     0 |          0 |         1 |  0.00 |
| XADC        |    0 |     0 |          0 |         1 |  0.00 |
+-------------+------+-------+------------+-----------+-------+


8. Primitives
-------------

+----------+------+---------------------+
| Ref Name | Used | Functional Category |
+----------+------+---------------------+
| FDRE     | 1084 |        Flop & Latch |
| LUT6     |  626 |                 LUT |
| RAMS64E  |  512 |  Distributed Memory |
| LUT4     |  345 |                 LUT |
| LUT3     |  275 |                 LUT |
| MUXF7    |  256 |               MuxFx |
| LUT5     |  239 |                 LUT |
| LUT2     |  158 |                 LUT |
| LUT1     |  134 |                 LUT |
| CARRY4   |  131 |          CarryLogic |
| MUXF8    |  128 |               MuxFx |
| RAMD32   |   68 |  Distributed Memory |
| FDSE     |   64 |        Flop & Latch |
| RAMS32   |   20 |  Distributed Memory |
| IBUF     |    2 |                  IO |
| OBUF     |    1 |                  IO |
| BUFG     |    1 |               Clock |
+----------+------+---------------------+


9. Black Boxes
--------------

+----------+------+
| Ref Name | Used |
+----------+------+


10. Instantiated Netlists
-------------------------

+----------+------+
| Ref Name | Used |
+----------+------+


Copyright 1986-2022 Xilinx, Inc. All Rights Reserved. Copyright 2022-2024 Advanced Micro Devices, Inc. All Rights Reserved.
---------------------------------------------------------------------------------------------------------------------------------------------
| Tool Version : Vivado v.2024.2 (lin64) Build 5239630 Fri Nov 08 22:34:34 MST 2024
| Date         : Thu May 28 15:04:09 2026
| Host         : naouna.ims.bordeaux running 64-bit Red Hat Enterprise Linux release 8.10 (Ootpa)
| Command      : report_utilization -hierarchical
| Design       : picorv32_soc_top
| Device       : xc7a100tcsg324-1
| Speed File   : -1
| Design State : Routed
---------------------------------------------------------------------------------------------------------------------------------------------

Utilization Design Information

Table of Contents
-----------------
1. Utilization by Hierarchy

1. Utilization by Hierarchy
---------------------------

+------------------+--------+------------+------------+---------+------+------+--------+--------+------------+
|     Instance     | Module | Total LUTs | Logic LUTs | LUTRAMs | SRLs |  FFs | RAMB36 | RAMB18 | DSP Blocks |
+------------------+--------+------------+------------+---------+------+------+--------+--------+------------+
| picorv32_soc_top |  (top) |       2191 |       1635 |     556 |    0 | 1148 |      0 |      0 |          0 |
+------------------+--------+------------+------------+---------+------+------+--------+--------+------------+
* Note: The sum of lower-level cells may be larger than their parent cells total, due to cross-hierarchy LUT combining


INFO: [Timing 38-91] UpdateTimingParams: Speed grade: -1, Delay Type: max.
INFO: [Timing 38-191] Multithreading enabled for timing update using a maximum of 8 CPUs
INFO: [Timing 38-78] ReportTimingParams: -max_paths 1 -nworst 1 -delay_type max -sort_by slack.
Copyright 1986-2022 Xilinx, Inc. All Rights Reserved. Copyright 2022-2024 Advanced Micro Devices, Inc. All Rights Reserved.
---------------------------------------------------------------------------------------------------------------------------------------------
| Tool Version : Vivado v.2024.2 (lin64) Build 5239630 Fri Nov 08 22:34:34 MST 2024
| Date         : Thu May 28 15:04:10 2026
| Host         : naouna.ims.bordeaux running 64-bit Red Hat Enterprise Linux release 8.10 (Ootpa)
| Command      : report_timing
| Design       : picorv32_soc_top
| Device       : 7a100t-csg324
| Speed File   : -1  PRODUCTION 1.23 2018-06-13
| Design State : Routed
---------------------------------------------------------------------------------------------------------------------------------------------

Timing Report

Slack (VIOLATED) :        -2.601ns  (required time - arrival time)
  Source:                 cpu/pcpi_div/divisor_reg[1]_replica/C
                            (rising edge-triggered cell FDRE clocked by clk  {rise@0.000ns fall@1.250ns period=2.500ns})
  Destination:            cpu/pcpi_div/dividend_reg[0]/CE
                            (rising edge-triggered cell FDRE clocked by clk  {rise@0.000ns fall@1.250ns period=2.500ns})
  Path Group:             clk
  Path Type:              Setup (Max at Slow Process Corner)
  Requirement:            2.500ns  (clk rise@2.500ns - clk rise@0.000ns)
  Data Path Delay:        4.836ns  (logic 2.034ns (42.063%)  route 2.802ns (57.937%))
  Logic Levels:           10  (CARRY4=8 LUT4=1 LUT5=1)
  Clock Path Skew:        -0.025ns (DCD - SCD + CPR)
    Destination Clock Delay (DCD):    4.318ns = ( 6.818 - 2.500 ) 
    Source Clock Delay      (SCD):    4.680ns
    Clock Pessimism Removal (CPR):    0.337ns
  Clock Uncertainty:      0.035ns  ((TSJ^2 + TIJ^2)^1/2 + DJ) / 2 + PE
    Total System Jitter     (TSJ):    0.071ns
    Total Input Jitter      (TIJ):    0.000ns
    Discrete Jitter          (DJ):    0.000ns
    Phase Error              (PE):    0.000ns

    Location             Delay type                Incr(ns)  Path(ns)    Netlist Resource(s)
  -------------------------------------------------------------------    -------------------
                         (clock clk rise edge)        0.000     0.000 r  
    N15                                               0.000     0.000 r  clk (IN)
                         net (fo=0)                   0.000     0.000    clk
    N15                  IBUF (Prop_ibuf_I_O)         0.948     0.948 r  clk_IBUF_inst/O
                         net (fo=1, routed)           2.016     2.963    clk_IBUF
    BUFGCTRL_X0Y0        BUFG (Prop_bufg_I_O)         0.096     3.059 r  clk_IBUF_BUFG_inst/O
                         net (fo=1748, routed)        1.621     4.680    clk_IBUF_BUFG
    SLICE_X45Y104        FDRE                                         r  cpu/pcpi_div/divisor_reg[1]_replica/C
  -------------------------------------------------------------------    -------------------
    SLICE_X45Y104        FDRE (Prop_fdre_C_Q)         0.456     5.136 r  cpu/pcpi_div/divisor_reg[1]_replica/Q
                         net (fo=4, routed)           0.818     5.955    cpu/pcpi_div/divisor_reg_n_0_[1]_repN
    SLICE_X44Y103        LUT4 (Prop_lut4_I0_O)        0.124     6.079 r  dividend[31]_i_75/O
                         net (fo=1, routed)           0.000     6.079    dividend[31]_i_75_n_0
    SLICE_X44Y103        CARRY4 (Prop_carry4_S[0]_CO[3])
                                                      0.532     6.611 r  dividend_reg[31]_i_59/CO[3]
                         net (fo=1, routed)           0.000     6.611    dividend_reg[31]_i_59_n_0
    SLICE_X44Y104        CARRY4 (Prop_carry4_CI_CO[3])
                                                      0.114     6.725 r  dividend_reg[31]_i_50/CO[3]
                         net (fo=1, routed)           0.000     6.725    dividend_reg[31]_i_50_n_0
    SLICE_X44Y105        CARRY4 (Prop_carry4_CI_CO[3])
                                                      0.114     6.839 r  dividend_reg[31]_i_41/CO[3]
                         net (fo=1, routed)           0.000     6.839    dividend_reg[31]_i_41_n_0
    SLICE_X44Y106        CARRY4 (Prop_carry4_CI_CO[3])
                                                      0.114     6.953 r  dividend_reg[31]_i_36/CO[3]
                         net (fo=1, routed)           0.000     6.953    dividend_reg[31]_i_36_n_0
    SLICE_X44Y107        CARRY4 (Prop_carry4_CI_CO[3])
                                                      0.114     7.067 r  dividend_reg[31]_i_31/CO[3]
                         net (fo=1, routed)           0.000     7.067    dividend_reg[31]_i_31_n_0
    SLICE_X44Y108        CARRY4 (Prop_carry4_CI_CO[3])
                                                      0.114     7.181 r  dividend_reg[31]_i_19/CO[3]
                         net (fo=1, routed)           0.000     7.181    dividend_reg[31]_i_19_n_0
    SLICE_X44Y109        CARRY4 (Prop_carry4_CI_CO[3])
                                                      0.114     7.295 r  dividend_reg[31]_i_11/CO[3]
                         net (fo=1, routed)           0.000     7.295    dividend_reg[31]_i_11_n_0
    SLICE_X44Y110        CARRY4 (Prop_carry4_CI_CO[3])
                                                      0.114     7.409 r  dividend_reg[31]_i_3/CO[3]
                         net (fo=2, routed)           0.913     8.322    dividend_reg[31]_i_3_n_0
    SLICE_X45Y110        LUT5 (Prop_lut5_I0_O)        0.124     8.446 r  dividend[31]_i_1/O
                         net (fo=32, routed)          1.070     9.516    cpu/pcpi_div/dividend
    SLICE_X45Y106        FDRE                                         r  cpu/pcpi_div/dividend_reg[0]/CE
  -------------------------------------------------------------------    -------------------

                         (clock clk rise edge)        2.500     2.500 r  
    N15                                               0.000     2.500 r  clk (IN)
                         net (fo=0)                   0.000     2.500    clk
    N15                  IBUF (Prop_ibuf_I_O)         0.814     3.314 r  clk_IBUF_inst/O
                         net (fo=1, routed)           1.911     5.225    clk_IBUF
    BUFGCTRL_X0Y0        BUFG (Prop_bufg_I_O)         0.091     5.316 r  clk_IBUF_BUFG_inst/O
                         net (fo=1748, routed)        1.502     6.818    clk_IBUF_BUFG
    SLICE_X45Y106        FDRE                                         r  cpu/pcpi_div/dividend_reg[0]/C
                         clock pessimism              0.337     7.155    
                         clock uncertainty           -0.035     7.120    
    SLICE_X45Y106        FDRE (Setup_fdre_C_CE)      -0.205     6.915    cpu/pcpi_div/dividend_reg[0]
  -------------------------------------------------------------------
                         required time                          6.915    
                         arrival time                          -9.516    
  -------------------------------------------------------------------
                         slack                                 -2.601    




Command: report_power
Running Vector-less Activity Propagation...

Finished Running Vector-less Activity Propagation
Copyright 1986-2022 Xilinx, Inc. All Rights Reserved. Copyright 2022-2024 Advanced Micro Devices, Inc. All Rights Reserved.
-------------------------------------------------------------------------------------------------------------------------------------------------
| Tool Version     : Vivado v.2024.2 (lin64) Build 5239630 Fri Nov 08 22:34:34 MST 2024
| Date             : Thu May 28 15:04:11 2026
| Host             : naouna.ims.bordeaux running 64-bit Red Hat Enterprise Linux release 8.10 (Ootpa)
| Command          : report_power
| Design           : picorv32_soc_top
| Device           : xc7a100tcsg324-1
| Design State     : routed
| Grade            : commercial
| Process          : typical
| Characterization : Production
-------------------------------------------------------------------------------------------------------------------------------------------------

Power Report

Table of Contents
-----------------
1. Summary
1.1 On-Chip Components
1.2 Power Supply Summary
1.3 Confidence Level
2. Settings
2.1 Environment
2.2 Clock Constraints
3. Detailed Reports
3.1 By Hierarchy

1. Summary
----------

+--------------------------+--------------+
| Total On-Chip Power (W)  | 0.172        |
| Design Power Budget (W)  | Unspecified* |
| Power Budget Margin (W)  | NA           |
| Dynamic (W)              | 0.080        |
| Device Static (W)        | 0.091        |
| Effective TJA (C/W)      | 4.6          |
| Max Ambient (C)          | 84.2         |
| Junction Temperature (C) | 25.8         |
| Confidence Level         | Medium       |
| Setting File             | ---          |
| Simulation Activity File | ---          |
| Design Nets Matched      | NA           |
+--------------------------+--------------+
* Specify Design Power Budget using, set_operating_conditions -design_power_budget <value in Watts>


1.1 On-Chip Components
----------------------

+--------------------------+-----------+----------+-----------+-----------------+
| On-Chip                  | Power (W) | Used     | Available | Utilization (%) |
+--------------------------+-----------+----------+-----------+-----------------+
| Clocks                   |     0.026 |        3 |       --- |             --- |
| Slice Logic              |     0.017 |     4042 |       --- |             --- |
|   LUT as Logic           |     0.013 |     1635 |     63400 |            2.58 |
|   CARRY4                 |     0.002 |      131 |     15850 |            0.83 |
|   LUT as Distributed RAM |     0.001 |      556 |     19000 |            2.93 |
|   Register               |    <0.001 |     1148 |    126800 |            0.91 |
|   F7/F8 Muxes            |    <0.001 |      384 |     63400 |            0.61 |
|   Others                 |     0.000 |        2 |       --- |             --- |
| Signals                  |     0.036 |     2401 |       --- |             --- |
| I/O                      |    <0.001 |        3 |       210 |            1.43 |
| Static Power             |     0.091 |          |           |                 |
| Total                    |     0.172 |          |           |                 |
+--------------------------+-----------+----------+-----------+-----------------+


1.2 Power Supply Summary
------------------------

+-----------+-------------+-----------+-------------+------------+-------------+-------------+------------+
| Source    | Voltage (V) | Total (A) | Dynamic (A) | Static (A) | Powerup (A) | Budget (A)  | Margin (A) |
+-----------+-------------+-----------+-------------+------------+-------------+-------------+------------+
| Vccint    |       1.000 |     0.095 |       0.080 |      0.015 |       NA    | Unspecified | NA         |
| Vccaux    |       1.800 |     0.018 |       0.000 |      0.018 |       NA    | Unspecified | NA         |
| Vcco33    |       3.300 |     0.000 |       0.000 |      0.000 |       NA    | Unspecified | NA         |
| Vcco25    |       2.500 |     0.000 |       0.000 |      0.000 |       NA    | Unspecified | NA         |
| Vcco18    |       1.800 |     0.004 |       0.000 |      0.004 |       NA    | Unspecified | NA         |
| Vcco15    |       1.500 |     0.000 |       0.000 |      0.000 |       NA    | Unspecified | NA         |
| Vcco135   |       1.350 |     0.000 |       0.000 |      0.000 |       NA    | Unspecified | NA         |
| Vcco12    |       1.200 |     0.000 |       0.000 |      0.000 |       NA    | Unspecified | NA         |
| Vccaux_io |       1.800 |     0.000 |       0.000 |      0.000 |       NA    | Unspecified | NA         |
| Vccbram   |       1.000 |     0.000 |       0.000 |      0.000 |       NA    | Unspecified | NA         |
| MGTAVcc   |       1.000 |     0.000 |       0.000 |      0.000 |       NA    | Unspecified | NA         |
| MGTAVtt   |       1.200 |     0.000 |       0.000 |      0.000 |       NA    | Unspecified | NA         |
| Vccadc    |       1.800 |     0.020 |       0.000 |      0.020 |       NA    | Unspecified | NA         |
+-----------+-------------+-----------+-------------+------------+-------------+-------------+------------+


1.3 Confidence Level
--------------------

+-----------------------------+------------+-------------------------------------------------------+------------------------------------------------------------------------------------------------------------+
| User Input Data             | Confidence | Details                                               | Action                                                                                                     |
+-----------------------------+------------+-------------------------------------------------------+------------------------------------------------------------------------------------------------------------+
| Design implementation state | High       | Design is routed                                      |                                                                                                            |
| Clock nodes activity        | High       | User specified more than 95% of clocks                |                                                                                                            |
| I/O nodes activity          | Medium     | More than 5% of inputs are missing user specification | Provide missing input activity with simulation results or by editing the "By Resource Type -> I/Os" view   |
| Internal nodes activity     | Medium     | User specified less than 25% of internal nodes        | Provide missing internal nodes activity with simulation results or by editing the "By Resource Type" views |
| Device models               | High       | Device models are Production                          |                                                                                                            |
|                             |            |                                                       |                                                                                                            |
| Overall confidence level    | Medium     |                                                       |                                                                                                            |
+-----------------------------+------------+-------------------------------------------------------+------------------------------------------------------------------------------------------------------------+


2. Settings
-----------

2.1 Environment
---------------

+-----------------------+--------------------------+
| Ambient Temp (C)      | 25.0                     |
| ThetaJA (C/W)         | 4.6                      |
| Airflow (LFM)         | 250                      |
| Heat Sink             | medium (Medium Profile)  |
| ThetaSA (C/W)         | 4.6                      |
| Board Selection       | medium (10"x10")         |
| # of Board Layers     | 12to15 (12 to 15 Layers) |
| Board Temperature (C) | 25.0                     |
+-----------------------+--------------------------+


2.2 Clock Constraints
---------------------

+-------+--------+-----------------+
| Clock | Domain | Constraint (ns) |
+-------+--------+-----------------+
| clk   | clk    |             2.5 |
+-------+--------+-----------------+


3. Detailed Reports
-------------------

3.1 By Hierarchy
----------------

+------------------+-----------+
| Name             | Power (W) |
+------------------+-----------+
| picorv32_soc_top |     0.080 |
+------------------+-----------+


460 Infos, 157 Warnings, 2 Critical Warnings and 0 Errors encountered.
report_power completed successfully
source /net/users/oelmouden/picorv32/work/custom_freq_synthesis/vivado/xc7a100t-csg324-1/picorv32/rv32im/400MHz/scripts/exit.tcl -notrace
INFO: [Common 17-206] Exiting Vivado at Thu May 28 15:04:11 2026...
