@00010000
97 41 01 00 93 81 81 44 13 85 C1 82 17 66 01 00 
13 06 46 4D 33 06 A6 40 93 05 00 00 EF 00 D0 4F 
17 05 00 00 13 05 C5 57 EF 00 80 52 EF 00 C0 5C 
03 25 01 00 93 05 41 00 13 06 00 00 EF 00 01 75 
6F 00 C0 52 67 80 00 00 37 45 02 00 B7 47 02 00 
13 07 45 C4 93 87 47 C4 63 8C E7 00 37 03 00 00 
13 03 03 00 63 06 03 00 13 05 45 C4 67 00 03 00 
67 80 00 00 B7 47 02 00 37 45 02 00 93 85 47 C4 
93 07 45 C4 B3 85 F5 40 93 D5 25 40 93 07 20 00 
B3 C5 F5 02 63 8C 05 00 37 03 00 00 13 03 03 00 
63 06 03 00 13 05 45 C4 67 00 03 00 67 80 00 00 
03 C7 41 84 63 16 07 04 13 01 01 FF 23 24 81 00 
23 26 11 00 13 84 07 00 EF F0 1F F8 B7 07 00 00 
93 87 07 00 63 8A 07 00 37 35 02 00 13 05 C5 25 
97 00 00 00 E7 00 00 00 93 07 10 00 23 82 F1 84 
83 20 C1 00 03 24 81 00 13 01 01 01 67 80 00 00 
67 80 00 00 B7 07 00 00 93 87 07 00 63 84 07 02 
37 35 02 00 13 01 01 FF 93 85 81 84 13 05 C5 25 
23 26 11 00 97 00 00 00 E7 00 00 00 83 20 C1 00 
13 01 01 01 6F F0 1F F4 13 01 01 FF 23 20 21 01 
37 69 02 00 83 27 49 40 23 24 81 00 03 24 05 00 
83 A6 07 00 03 AF 47 00 83 AE 87 00 03 AE 07 01 
03 A3 47 01 83 A8 87 01 03 A8 C7 01 03 A6 87 02 
03 A7 C7 02 23 26 11 00 23 22 91 00 83 A5 47 02 
93 04 05 00 03 A5 07 02 23 20 D4 00 83 A6 04 00 
23 22 E4 01 23 24 D4 01 23 28 C4 01 23 2A 64 00 
23 2C 14 01 23 2E 04 01 23 20 A4 02 23 24 C4 02 
23 26 E4 02 23 22 B4 02 13 07 50 00 23 A6 E4 00 
23 20 D4 00 83 A7 07 00 B7 66 02 00 83 A5 C6 3F 
23 20 F4 00 03 26 49 40 23 26 E4 00 13 05 A0 00 
13 06 C6 00 EF 00 40 1C 83 27 44 00 63 80 07 08 
83 A7 04 00 83 20 C1 00 03 24 81 00 83 AF 07 00 
03 AF 47 00 83 AE 87 00 03 AE C7 00 03 A3 07 01 
83 A8 47 01 03 A8 87 01 83 A5 C7 01 03 A6 07 02 
83 A6 47 02 03 A7 87 02 83 A7 C7 02 23 A0 F4 01 
23 A2 E4 01 23 A4 D4 01 23 A6 C4 01 23 A8 64 00 
23 AA 14 01 23 AC 04 01 23 AE B4 00 23 A0 C4 02 
23 A2 D4 02 23 A4 E4 02 23 A6 F4 02 03 29 01 00 
83 24 41 00 13 01 01 01 67 80 00 00 03 A5 84 00 
93 07 60 00 93 05 84 00 23 26 F4 00 EF 00 80 0D 
83 27 49 40 03 25 C4 00 13 06 C4 00 83 A7 07 00 
83 20 C1 00 83 24 41 00 23 20 F4 00 03 24 81 00 
03 29 01 00 93 05 A0 00 13 01 01 01 6F 00 C0 0F 
B7 67 02 00 03 C7 07 40 93 07 10 04 63 04 F7 00 
67 80 00 00 83 27 05 00 37 67 02 00 03 27 C7 3F 
93 87 97 00 B3 87 E7 40 23 20 F5 00 67 80 00 00 
B7 67 02 00 03 A6 47 40 63 08 06 00 03 27 06 00 
23 20 E5 00 03 A6 47 40 B7 67 02 00 83 A5 C7 3F 
13 06 C6 00 13 05 A0 00 6F 00 00 0A B7 67 02 00 
83 C7 07 40 37 67 02 00 83 26 47 4D 93 87 F7 FB 
93 B7 17 00 B3 E7 D7 00 23 2A F7 4C B7 67 02 00 
13 07 20 04 A3 80 E7 40 67 80 00 00 B7 67 02 00 
13 07 10 04 23 80 E7 40 B7 67 02 00 23 AA 07 4C 
67 80 00 00 93 07 20 00 63 06 F5 02 13 07 30 00 
23 A0 E5 00 13 07 10 00 63 04 E5 02 63 0A 05 02 
13 07 40 00 63 04 E5 00 67 80 00 00 23 A0 F5 00 
67 80 00 00 93 07 10 00 23 A0 F5 00 67 80 00 00 
B7 67 02 00 03 A7 C7 3F 93 07 40 06 E3 D2 E7 FE 
23 A0 05 00 67 80 00 00 13 05 25 00 B3 05 B5 00 
23 20 B6 00 67 80 00 00 13 07 56 00 13 08 80 0C 
33 08 07 03 13 16 26 00 93 17 27 00 33 05 F5 00 
23 20 D5 00 23 2C E5 06 23 22 D5 00 B3 07 C8 00 
B3 87 F5 00 83 A6 07 01 23 AA E7 00 23 AC E7 00 
13 87 16 00 23 A8 E7 00 83 27 05 00 B3 85 05 01 
B3 85 C5 00 37 16 00 00 B3 05 B6 00 23 AA F5 FA 
13 07 50 00 B7 67 02 00 23 AE E7 3E 67 80 00 00 
13 75 F5 0F 93 F5 F5 0F 63 06 B5 00 13 05 00 00 
67 80 00 00 B7 67 02 00 23 80 A7 40 13 05 10 00 
67 80 00 00 03 47 25 00 83 C7 35 00 63 0C F7 02 
13 01 01 FF 23 26 11 00 EF 00 90 40 93 07 00 00 
63 5A A0 00 B7 67 02 00 13 07 A0 00 23 AE E7 3E 
93 07 10 00 83 20 C1 00 13 85 07 00 13 01 01 01 
67 80 00 00 6F 00 00 00 13 05 E5 FF 13 35 15 00 
67 80 00 00 73 25 00 C0 67 80 00 00 73 25 20 C0 
67 80 00 00 6F 00 40 00 B7 17 02 00 93 87 C7 55 
13 07 50 05 B7 06 00 10 93 87 17 00 23 A0 E6 00 
03 C7 07 00 E3 1A 07 FE 73 00 10 00 13 05 00 00 
67 80 00 00 33 87 C5 00 63 8C E5 00 B7 06 00 10 
93 85 15 00 83 C7 F5 FF 23 A0 F6 00 E3 1A B7 FE 
13 05 06 00 67 80 00 00 13 05 00 00 67 80 00 00 
13 01 01 FF 23 26 11 00 EF 00 C0 05 83 20 C1 00 
93 07 20 00 23 20 F5 00 13 05 F0 FF 13 01 01 01 
67 80 00 00 03 A7 01 83 93 07 05 00 13 05 07 00 
63 18 07 00 37 65 02 00 13 07 05 4E 13 05 05 4E 
B3 87 E7 00 23 A8 F1 82 67 80 00 00 73 00 10 00 
93 05 05 00 93 06 00 00 13 06 00 00 13 05 00 00 
6F 20 50 75 03 A5 01 82 67 80 00 00 13 01 01 FF 
93 05 00 00 23 24 81 00 23 26 11 00 13 04 05 00 
EF 20 10 7B 03 A5 81 81 83 27 C5 03 63 84 07 00 
E7 80 07 00 13 05 04 00 EF F0 5F FB 13 01 01 FF 
B7 37 02 00 23 24 81 00 37 34 02 00 13 87 07 2A 
13 04 44 2A 33 04 E4 40 23 22 91 00 23 26 11 00 
13 54 24 40 93 84 07 2A 63 1C 04 00 03 24 81 00 
83 20 C1 00 83 24 41 00 13 01 01 01 6F F0 9F A6 
13 04 F4 FF 93 17 24 00 B3 87 F4 00 83 A7 07 00 
E7 80 07 00 6F F0 5F FD 13 01 01 FF B7 37 02 00 
23 24 81 00 37 34 02 00 13 87 C7 29 13 04 C4 29 
33 04 E4 40 23 22 91 00 23 20 21 01 23 26 11 00 
13 54 24 40 93 04 00 00 13 89 C7 29 63 92 84 04 
EF F0 5F A1 B7 37 02 00 37 34 02 00 13 87 C7 29 
13 04 04 2A 33 04 E4 40 13 54 24 40 93 04 00 00 
13 89 C7 29 63 9A 84 02 83 20 C1 00 03 24 81 00 
83 24 41 00 03 29 01 00 13 01 01 01 67 80 00 00 
93 97 24 00 B3 07 F9 00 83 A7 07 00 93 84 14 00 
E7 80 07 00 6F F0 9F FA 93 97 24 00 B3 07 F9 00 
83 A7 07 00 93 84 14 00 E7 80 07 00 6F F0 9F FB 
93 05 05 00 03 A5 01 82 6F 00 00 01 93 05 05 00 
03 A5 01 82 6F 30 80 5C 13 01 01 FD 23 26 11 02 
23 24 81 02 23 22 91 02 23 20 21 03 23 2E 31 01 
23 2C 41 01 23 2A 51 01 23 28 61 01 23 26 71 01 
23 24 81 01 23 22 91 01 93 87 B5 00 13 07 60 01 
63 76 F7 04 93 F4 87 FF 63 D4 04 04 93 07 C0 00 
23 20 F5 00 13 05 00 00 83 20 C1 02 03 24 81 02 
83 24 41 02 03 29 01 02 83 29 C1 01 03 2A 81 01 
83 2A 41 01 03 2B 01 01 83 2B C1 00 03 2C 81 00 
83 2C 41 00 13 01 01 03 67 80 00 00 93 04 00 01 
E3 EE B4 FA 93 09 05 00 EF 00 C0 6A 37 39 02 00 
93 07 70 1F 13 09 09 6D 63 EA 97 04 13 87 84 00 
33 07 E9 00 03 24 47 00 93 06 87 FF 93 D7 34 00 
63 18 D4 00 03 24 C7 00 93 87 27 00 63 00 87 08 
83 27 44 00 03 27 C4 00 83 26 84 00 93 F7 C7 FF 
B3 07 F4 00 23 A6 E6 00 23 24 D7 00 03 A7 47 00 
13 67 17 00 23 A2 E7 00 6F 00 80 0A 13 D7 94 00 
93 07 F0 03 63 0A 07 00 93 07 40 00 63 E2 E7 0A 
93 D7 64 00 93 87 87 03 13 87 17 00 13 17 37 00 
33 07 E9 00 03 24 47 00 93 05 87 FF 13 05 F0 00 
63 0C B4 00 03 27 44 00 13 77 C7 FF 33 06 97 40 
63 50 C5 0C 93 87 F7 FF 93 87 17 00 03 24 09 01 
B7 35 02 00 93 06 89 00 93 85 85 6D 63 08 D4 12 
03 27 44 00 13 06 F0 00 13 77 C7 FF 33 05 97 40 
63 5A A6 0A 93 E7 14 00 23 22 F4 00 33 06 94 00 
23 2A C9 00 23 28 C9 00 93 67 15 00 23 26 D6 00 
23 24 D6 00 23 22 F6 00 33 07 E4 00 23 20 A7 00 
13 85 09 00 EF 00 40 5A 13 05 84 00 6F F0 DF EA 
93 07 40 01 63 E6 E7 00 93 07 B7 05 6F F0 DF F5 
93 07 40 05 63 E8 E7 00 93 D7 C4 00 93 87 E7 06 
6F F0 9F F4 93 07 40 15 63 E8 E7 00 93 D7 F4 00 
93 87 77 07 6F F0 5F F3 93 06 40 55 93 07 E0 07 
E3 E4 E6 F2 93 D7 24 01 93 87 C7 07 6F F0 DF F1 
83 26 C4 00 63 4C 06 00 83 27 84 00 23 A6 D7 00 
23 A4 F6 00 B3 07 E4 00 6F F0 5F ED 13 84 06 00 
6F F0 1F F1 23 2A D9 00 23 28 D9 00 63 4C 05 00 
33 07 E4 00 83 27 47 00 93 E7 17 00 23 22 F7 00 
6F F0 1F F6 93 06 F0 1F 03 28 49 00 63 E6 E6 16 
13 57 37 00 13 56 27 40 93 06 10 00 13 07 17 00 
B3 96 C6 00 13 17 37 00 33 07 E9 00 B3 E6 06 01 
23 22 D9 00 83 26 07 00 13 06 87 FF 23 26 C4 00 
23 24 D4 00 23 20 87 00 23 A6 86 00 13 D7 27 40 
13 03 10 00 33 13 E3 00 03 27 49 00 63 6A 67 06 
B3 76 67 00 63 9C 06 00 93 F7 C7 FF 13 13 13 00 
B3 76 67 00 93 87 47 00 E3 8A 06 FE 13 0E F0 00 
93 96 37 00 B3 06 D9 00 13 88 06 00 13 85 07 00 
03 24 C8 00 63 12 04 1B 13 05 15 00 13 77 35 00 
13 08 88 00 E3 16 07 FE 13 F7 37 00 63 14 07 20 
03 27 49 00 93 47 F3 FF B3 77 F7 00 23 22 F9 00 
03 27 49 00 13 13 13 00 63 64 67 00 63 18 03 20 
83 2B 89 00 03 A4 4B 00 93 7A C4 FF 63 E8 9A 00 
33 87 9A 40 93 07 F0 00 63 C4 E7 32 03 A4 C1 83 
03 A7 41 82 93 07 F0 FF B3 8C 5B 01 33 84 84 00 
63 12 F7 1E 13 04 04 01 93 05 04 00 13 85 09 00 
EF 00 40 61 93 07 F0 FF 13 0B 05 00 63 00 F5 28 
63 74 95 01 63 9C 2B 27 93 86 01 86 03 A7 06 00 
13 8C 01 86 33 07 E4 00 23 A0 E6 00 63 90 6C 1D 
93 97 4C 01 63 9C 07 1A 83 27 89 00 33 84 8A 00 
13 64 14 00 23 A2 87 00 83 27 0C 00 83 A6 81 83 
63 F4 F6 00 23 AC F1 82 83 A6 41 83 63 F8 F6 22 
23 AA F1 82 6F 00 80 22 13 56 97 00 93 06 40 00 
63 E6 C6 04 93 56 67 00 93 86 86 03 13 86 16 00 
13 16 36 00 33 06 C9 00 13 05 86 FF 03 26 06 00 
63 12 C5 08 93 D6 26 40 13 07 10 00 B3 16 D7 00 
B3 E6 06 01 23 22 D9 00 23 26 A4 00 23 24 C4 00 
23 24 85 00 23 26 86 00 6F F0 5F E8 93 06 40 01 
63 E6 C6 00 93 06 B6 05 6F F0 5F FB 93 06 40 05 
63 E8 C6 00 93 56 C7 00 93 86 E6 06 6F F0 1F FA 
93 06 40 15 63 E8 C6 00 93 56 F7 00 93 86 76 07 
6F F0 DF F8 13 05 40 55 93 06 E0 07 E3 60 C5 F8 
93 56 27 01 93 86 C6 07 6F F0 5F F7 03 26 86 00 
63 08 C5 00 83 26 46 00 93 F6 C6 FF E3 68 D7 FE 
03 25 C6 00 6F F0 5F F8 03 27 44 00 03 26 C4 00 
13 77 C7 FF B3 08 97 40 63 50 1E 05 93 E7 14 00 
23 22 F4 00 83 27 84 00 B3 06 94 00 33 07 E4 00 
23 A6 C7 00 23 24 F6 00 23 2A D9 00 23 28 D9 00 
93 E7 18 00 23 A6 B6 00 23 A4 B6 00 23 A2 F6 00 
23 20 17 01 6F F0 DF CD 63 C2 08 02 33 07 E4 00 
83 27 47 00 93 E7 17 00 23 22 F7 00 83 27 84 00 
23 A6 C7 00 23 24 F6 00 6F F0 9F CB 13 04 06 00 
6F F0 5F DE 93 86 86 FF 03 A7 86 00 93 87 F7 FF 
E3 04 D7 DE 6F F0 DF DF 93 87 47 00 13 13 13 00 
B3 76 67 00 E3 8A 06 FE 6F F0 9F DA 93 07 05 00 
6F F0 1F FF 37 17 00 00 13 07 F7 00 33 04 E4 00 
B7 F7 FF FF 33 74 F4 00 6F F0 1F E1 83 A6 41 82 
93 07 F0 FF 63 90 F6 0C 23 A2 61 83 93 7C 7B 00 
93 07 00 00 63 88 0C 00 93 07 80 00 B3 87 97 41 
33 0B FB 00 37 15 00 00 33 8A A7 00 33 04 8B 00 
13 05 F5 FF B3 77 A4 00 33 0A FA 40 33 7A AA 00 
93 05 0A 00 13 85 09 00 EF 00 C0 3D 93 07 F0 FF 
63 1C F5 00 13 05 04 00 63 86 0C 00 13 85 8C FF 
33 05 A4 00 13 0A 00 00 83 27 0C 00 33 05 65 41 
23 24 69 01 B3 87 47 01 33 0A 45 01 13 6A 1A 00 
23 20 FC 00 23 22 4B 01 E3 88 2B DD 13 07 F0 00 
63 62 57 05 93 07 10 00 23 22 FB 00 83 27 89 00 
83 A7 47 00 93 F7 C7 FF 33 87 97 40 63 E6 97 00 
93 07 F0 00 63 CE E7 04 13 85 09 00 EF 00 C0 14 
6F F0 5F A5 B3 07 9B 41 B3 87 E7 00 23 20 FC 00 
6F F0 DF F3 83 A7 4B 00 13 84 4A FF 13 74 84 FF 
93 F7 17 00 B3 E7 87 00 23 A2 FB 00 93 06 50 00 
B3 87 8B 00 23 A2 D7 00 23 A4 D7 00 E3 7E 87 D4 
93 85 8B 00 13 85 09 00 EF 20 50 78 6F F0 DF D4 
03 24 89 00 93 E7 14 00 23 22 F4 00 B3 07 94 00 
23 24 F9 00 6F F0 DF A8 13 03 F0 00 13 07 05 00 
63 7E C3 02 93 77 F7 00 63 90 07 0A 63 92 05 08 
93 76 06 FF 13 76 F6 00 B3 86 E6 00 23 20 B7 00 
23 22 B7 00 23 24 B7 00 23 26 B7 00 13 07 07 01 
E3 66 D7 FE 63 14 06 00 67 80 00 00 B3 06 C3 40 
93 96 26 00 97 02 00 00 B3 86 56 00 67 80 C6 00 
23 07 B7 00 A3 06 B7 00 23 06 B7 00 A3 05 B7 00 
23 05 B7 00 A3 04 B7 00 23 04 B7 00 A3 03 B7 00 
23 03 B7 00 A3 02 B7 00 23 02 B7 00 A3 01 B7 00 
23 01 B7 00 A3 00 B7 00 23 00 B7 00 67 80 00 00 
93 F5 F5 0F 93 96 85 00 B3 E5 D5 00 93 96 05 01 
B3 E5 D5 00 6F F0 DF F6 93 96 27 00 97 02 00 00 
B3 86 56 00 93 82 00 00 E7 80 06 FA 93 80 02 00 
93 87 07 FF 33 07 F7 40 33 06 F6 00 E3 78 C3 F6 
6F F0 DF F3 67 80 00 00 67 80 00 00 13 01 01 FC 
23 24 C1 02 23 26 D1 02 23 28 E1 02 23 2A F1 02 
23 2C 01 03 23 2E 11 03 13 86 05 00 83 25 85 00 
93 06 81 02 23 2E 11 00 23 26 D1 00 EF 00 C0 3C 
83 20 C1 01 13 01 01 04 67 80 00 00 13 01 01 FC 
23 2A F1 02 83 A7 01 82 23 24 C1 02 23 26 D1 02 
23 22 B1 02 23 28 E1 02 23 2C 01 03 23 2E 11 03 
83 A5 87 00 93 06 41 02 13 06 05 00 13 85 07 00 
23 2E 11 00 23 26 D1 00 EF 00 00 38 83 20 C1 01 
13 01 01 04 67 80 00 00 03 26 85 00 6F 00 80 01 
83 A7 01 82 93 05 05 00 03 A6 87 00 13 85 07 00 
6F 00 40 00 13 01 01 FE 23 2C 81 00 23 2E 11 00 
13 04 05 00 63 00 05 02 83 27 85 03 63 9C 07 00 
23 26 C1 00 23 24 B1 00 EF 20 D0 30 03 26 C1 00 
83 25 81 00 83 27 86 00 93 87 F7 FF 23 24 F6 00 
63 D6 07 02 03 27 86 01 63 C8 E7 00 93 F7 F5 0F 
13 07 A0 00 63 9C E7 00 13 05 04 00 03 24 81 01 
83 20 C1 01 13 01 01 02 6F 20 80 33 83 27 06 00 
13 F5 F5 0F 13 87 17 00 23 20 E6 00 23 80 B7 00 
83 20 C1 01 03 24 81 01 13 01 01 02 67 80 00 00 
13 86 05 00 93 05 05 00 03 A5 01 82 6F F0 9F F6 
13 01 01 FC 23 2C 81 02 13 04 05 00 13 85 05 00 
23 26 B1 00 23 2E 11 02 EF 00 40 28 B7 17 02 00 
93 87 87 4F 23 24 F1 02 93 07 10 00 23 26 F1 02 
93 07 01 02 83 25 C1 00 23 2A F1 00 93 07 20 00 
23 2C F1 00 83 27 84 03 23 22 A1 02 13 05 15 00 
23 20 B1 02 23 2E A1 00 83 25 84 00 63 9A 07 00 
13 05 04 00 23 26 B1 00 EF 20 D0 22 83 25 C1 00 
83 97 C5 00 13 97 27 01 63 42 07 02 B7 26 00 00 
03 A7 45 06 B3 E7 D7 00 23 96 F5 00 B7 E7 FF FF 
93 87 F7 FF B3 77 F7 00 23 A2 F5 06 13 06 41 01 
13 05 04 00 EF 20 50 6F 93 07 F0 FF 63 14 05 00 
93 07 A0 00 83 20 C1 03 03 24 81 03 13 85 07 00 
13 01 01 04 67 80 00 00 93 05 05 00 03 A5 01 82 
6F F0 1F F3 13 01 01 FF 23 24 81 00 23 22 91 00 
37 64 02 00 93 04 05 00 13 85 05 00 23 26 11 00 
23 2E 04 4C EF F0 0F CF 93 07 F0 FF 63 18 F5 00 
83 27 C4 4D 63 84 07 00 23 A0 F4 00 83 20 C1 00 
03 24 81 00 83 24 41 00 13 01 01 01 67 80 00 00 
33 67 B5 00 93 03 F0 FF 13 77 37 00 63 10 07 10 
B7 87 7F 7F 93 87 F7 F7 03 26 05 00 83 A6 05 00 
B3 72 F6 00 33 63 F6 00 B3 82 F2 00 B3 E2 62 00 
63 92 72 10 63 16 D6 08 03 26 45 00 83 A6 45 00 
B3 72 F6 00 33 63 F6 00 B3 82 F2 00 B3 E2 62 00 
63 9E 72 0C 63 16 D6 06 03 26 85 00 83 A6 85 00 
B3 72 F6 00 33 63 F6 00 B3 82 F2 00 B3 E2 62 00 
63 98 72 0C 63 16 D6 04 03 26 C5 00 83 A6 C5 00 
B3 72 F6 00 33 63 F6 00 B3 82 F2 00 B3 E2 62 00 
63 92 72 0C 63 16 D6 02 03 26 05 01 83 A6 05 01 
B3 72 F6 00 33 63 F6 00 B3 82 F2 00 B3 E2 62 00 
63 9C 72 0A 13 05 45 01 93 85 45 01 E3 0E D6 F4 
13 17 06 01 93 97 06 01 63 1E F7 00 13 57 06 01 
93 D7 06 01 33 05 F7 40 93 75 F5 0F 63 90 05 02 
67 80 00 00 13 57 07 01 93 D7 07 01 33 05 F7 40 
93 75 F5 0F 63 94 05 00 67 80 00 00 13 77 F7 0F 
93 F7 F7 0F 33 05 F7 40 67 80 00 00 03 46 05 00 
83 C6 05 00 13 05 15 00 93 85 15 00 63 14 D6 00 
E3 16 06 FE 33 05 D6 40 67 80 00 00 13 05 45 00 
93 85 45 00 E3 1C D6 FC 13 05 00 00 67 80 00 00 
13 05 85 00 93 85 85 00 E3 12 D6 FC 13 05 00 00 
67 80 00 00 13 05 C5 00 93 85 C5 00 E3 18 D6 FA 
13 05 00 00 67 80 00 00 13 05 05 01 93 85 05 01 
E3 1E D6 F8 13 05 00 00 67 80 00 00 93 07 05 00 
93 87 17 00 03 C7 F7 FF E3 1C 07 FE 33 85 A7 40 
13 05 F5 FF 67 80 00 00 13 01 01 E2 23 2E 11 1C 
23 2A 91 1C 23 28 21 1D 23 26 31 1D 23 22 51 1D 
13 89 05 00 93 04 06 00 93 8A 06 00 23 2C 81 1C 
23 24 41 1D 23 20 61 1D 23 2E 71 1B 23 2C 81 1B 
23 2A 91 1B 23 28 A1 1B 23 26 B1 1B 93 09 05 00 
EF 50 C0 1C 83 27 05 00 13 85 07 00 23 2A F1 02 
EF F0 DF F8 23 20 A1 02 23 20 01 0E 23 22 01 0E 
23 24 01 0E 23 26 01 0E 63 8A 09 00 83 A7 89 03 
63 96 07 00 13 85 09 00 EF 20 C0 75 83 17 C9 00 
13 97 27 01 63 42 07 02 B7 26 00 00 03 27 49 06 
B3 E7 D7 00 23 16 F9 00 B7 E7 FF FF 93 87 F7 FF 
B3 77 F7 00 23 22 F9 06 83 57 C9 00 93 F7 87 00 
63 80 07 04 83 27 09 01 63 8C 07 02 83 57 C9 00 
13 07 A0 00 93 F7 A7 01 63 90 E7 08 83 17 E9 00 
63 CC 07 06 93 86 0A 00 13 86 04 00 93 05 09 00 
13 85 09 00 EF 10 10 6A 23 22 A1 02 6F 00 C0 01 
93 05 09 00 13 85 09 00 EF 20 80 08 E3 00 05 FC 
93 07 F0 FF 23 22 F1 02 83 20 C1 1D 03 24 81 1D 
03 25 41 02 83 24 41 1D 03 29 01 1D 83 29 C1 1C 
03 2A 81 1C 83 2A 41 1C 03 2B 01 1C 83 2B C1 1B 
03 2C 81 1B 83 2C 41 1B 03 2D 01 1B 83 2D C1 1A 
13 01 01 1E 67 80 00 00 B7 17 02 00 93 87 07 58 
23 26 F1 04 B7 17 02 00 93 08 C1 0F 93 87 C7 6F 
23 2A 11 0D 23 2E 01 0C 23 2C 01 0C 13 0A 00 00 
93 8B 08 00 23 20 01 04 23 2E 01 02 23 28 01 00 
23 28 01 02 23 2C 01 02 23 22 01 02 23 2A F1 00 
13 84 04 00 13 07 50 02 83 47 04 00 63 84 07 00 
63 9C E7 0A 33 0B 94 40 63 0A 0B 04 83 27 C1 0D 
23 A0 9B 00 23 A2 6B 01 B3 87 67 01 23 2E F1 0C 
83 27 81 0D 13 07 70 00 93 8B 8B 00 93 87 17 00 
23 2C F1 0C 63 5E F7 00 13 06 41 0D 93 05 09 00 
13 85 09 00 EF 80 D0 3C 63 16 05 70 93 0B C1 0F 
83 27 41 02 B3 87 67 01 23 22 F1 02 83 47 04 00 
63 94 07 00 6F 10 90 52 93 07 14 00 A3 0B 01 0A 
13 0D F0 FF 23 24 01 02 13 04 00 00 93 0C A0 05 
93 0D A0 00 13 0C 90 00 03 CB 07 00 13 87 17 00 
23 2E E1 00 93 06 A0 02 93 07 0B FE 63 F4 FC 00 
6F 10 C0 20 03 27 C1 04 93 97 27 00 B3 87 E7 00 
83 A7 07 00 67 80 07 00 13 04 14 00 6F F0 DF F3 
13 85 09 00 EF 40 90 7A 83 27 45 00 13 85 07 00 
23 2C F1 02 EF F0 9F D6 23 28 A1 02 13 85 09 00 
EF 40 D0 78 83 27 85 00 23 28 F1 00 83 27 01 03 
63 8C 07 00 83 27 01 01 63 88 07 00 83 C7 07 00 
63 84 07 00 13 64 04 40 83 27 C1 01 6F F0 DF F7 
83 47 71 0B E3 9A 07 FE 93 07 00 02 A3 0B F1 0A 
6F F0 9F FE 13 64 14 00 6F F0 1F FE 83 A7 0A 00 
93 8A 4A 00 23 24 F1 02 E3 D8 07 FC B3 07 F0 40 
23 24 F1 02 13 64 44 00 6F F0 1F FC 93 07 B0 02 
6F F0 DF FC 03 27 C1 01 83 27 C1 01 03 4B 07 00 
93 87 17 00 63 10 DB 04 03 AD 0A 00 13 87 4A 00 
63 54 0D 00 13 0D F0 FF 93 0A 07 00 23 2E F1 00 
6F F0 9F F8 33 03 BD 03 93 87 17 00 03 CB F7 FF 
33 0D E3 00 13 07 0B FD E3 76 EC FE 23 2E F1 00 
6F F0 9F EF 13 0D 00 00 6F F0 DF FE 13 64 04 08 
6F F0 9F F5 83 27 C1 01 23 24 01 02 03 27 81 02 
13 0B 0B FD 93 87 17 00 33 07 B7 03 33 07 EB 00 
03 CB F7 FF 23 24 E1 02 13 07 0B FD E3 70 EC FE 
6F F0 DF FB 13 64 84 00 6F F0 1F F2 83 27 C1 01 
03 C7 07 00 93 07 80 06 63 1C F7 00 83 27 C1 01 
13 64 04 20 93 87 17 00 23 2E F1 00 6F F0 DF EF 
13 64 04 04 6F F0 5F EF 83 27 C1 01 03 C7 07 00 
93 07 C0 06 63 1C F7 00 83 27 C1 01 93 87 17 00 
23 2E F1 00 13 64 04 02 6F F0 1F ED 13 64 04 01 
6F F0 9F EC 93 87 4A 00 23 2C F1 00 83 A7 0A 00 
A3 0B 01 0A 23 0E F1 12 23 26 01 00 13 0D 10 00 
93 0A 00 00 93 0C 00 00 13 0C 00 00 93 0D 00 00 
93 04 C1 13 23 26 51 03 63 D4 AA 01 23 26 A1 03 
03 47 71 0B 63 08 07 00 83 27 C1 02 93 87 17 00 
23 26 F1 02 93 77 24 00 23 22 F1 04 63 88 07 00 
83 27 C1 02 93 87 27 00 23 26 F1 02 93 77 44 08 
23 24 F1 04 63 9C 07 06 83 27 81 02 03 27 C1 02 
33 87 E7 40 63 54 E0 06 B7 17 02 00 93 0E 00 01 
13 8E C7 6E 13 0F 70 00 83 26 81 0D 23 A0 CB 01 
03 26 C1 0D 93 86 16 00 93 85 8B 00 63 D4 EE 00 
6F 00 10 7D 23 A2 EB 00 33 07 C7 00 23 2E E1 0C 
23 2C D1 0C 13 07 70 00 93 8B 05 00 63 50 D7 02 
13 06 41 0D 93 05 09 00 13 85 09 00 EF 80 50 0F 
63 04 05 00 6F 10 50 20 93 0B C1 0F 03 47 71 0B 
63 0A 07 04 13 07 71 0B 23 A0 EB 00 13 07 10 00 
23 A2 EB 00 03 27 C1 0D 93 06 70 00 93 8B 8B 00 
13 07 17 00 23 2E E1 0C 03 27 81 0D 13 07 17 00 
23 2C E1 0C 63 D0 E6 02 13 06 41 0D 93 05 09 00 
13 85 09 00 EF 80 D0 09 63 04 05 00 6F 10 D0 1A 
93 0B C1 0F 83 27 41 04 63 8A 07 04 13 07 81 0B 
23 A0 EB 00 13 07 20 00 23 A2 EB 00 03 27 C1 0D 
93 06 70 00 93 8B 8B 00 13 07 27 00 23 2E E1 0C 
03 27 81 0D 13 07 17 00 23 2C E1 0C 63 D0 E6 02 
13 06 41 0D 93 05 09 00 13 85 09 00 EF 80 50 04 
63 04 05 00 6F 10 50 15 93 0B C1 0F 83 27 81 04 
13 07 00 08 63 98 E7 06 83 27 81 02 03 27 C1 02 
B3 87 E7 40 63 50 F0 06 13 0E 00 01 93 0E 70 00 
83 25 41 01 83 26 81 0D 03 27 C1 0D 23 A0 BB 00 
93 86 16 00 13 86 8B 00 E3 4C FE 6E 33 87 E7 00 
23 A2 FB 00 23 2E E1 0C 23 2C D1 0C 13 07 70 00 
93 0B 06 00 63 50 D7 02 13 06 41 0D 93 05 09 00 
13 85 09 00 EF 80 C0 7C 63 04 05 00 6F 10 D0 0D 
93 0B C1 0F B3 8A AA 41 63 50 50 07 13 08 00 01 
13 0E 70 00 83 27 41 01 03 27 81 0D 83 26 C1 0D 
23 A0 FB 00 13 07 17 00 13 86 8B 00 E3 4E 58 6D 
23 A2 5B 01 B3 8A DA 00 23 2E 51 0D 23 2C E1 0C 
93 06 70 00 93 0B 06 00 63 D0 E6 02 13 06 41 0D 
93 05 09 00 13 85 09 00 EF 80 80 76 63 04 05 00 
6F 10 90 07 93 0B C1 0F 93 76 04 10 03 27 C1 0D 
E3 9C 06 6C 83 27 81 0D 33 03 ED 00 23 A0 9B 00 
93 87 17 00 23 A2 AB 01 23 2E 61 0C 23 2C F1 0C 
13 07 70 00 93 8B 8B 00 63 44 F7 00 6F 10 40 17 
13 06 41 0D 93 05 09 00 13 85 09 00 EF 80 40 71 
63 04 05 00 6F 10 50 02 93 0B C1 0F 6F 10 40 15 
13 64 04 01 93 77 04 02 63 84 07 06 93 8A 7A 00 
93 FA 8A FF 83 AD 0A 00 83 AC 4A 00 93 87 8A 00 
23 2C F1 00 63 C4 0C 00 6F 10 50 07 B3 0D B0 41 
B3 37 B0 01 B3 0C 90 41 B3 8C FC 40 93 07 D0 02 
A3 0B F1 0A 93 07 10 00 13 07 F0 FF E3 0E ED 3A 
13 07 04 00 B3 E6 9D 01 13 74 F4 F7 E3 96 06 3A 
E3 00 0D 52 13 07 10 00 E3 94 E7 3A 6F 10 50 04 
93 87 4A 00 23 2C F1 00 93 77 04 01 63 88 07 00 
83 AD 0A 00 93 DC FD 41 6F F0 DF F9 93 77 04 04 
83 AD 0A 00 63 88 07 00 93 9D 0D 01 93 DD 0D 41 
6F F0 5F FE 93 77 04 20 E3 8E 07 FC 93 9D 8D 01 
93 DD 8D 41 6F F0 1F FD 93 77 84 00 63 88 07 0A 
93 87 4A 00 23 2C F1 00 83 A7 0A 00 03 A6 07 00 
83 A6 47 00 03 A7 87 00 83 A7 C7 00 23 20 C1 0E 
23 22 D1 0E 23 24 E1 0E 13 05 01 0E 23 26 F1 0E 
EF 40 10 20 23 2E A1 0A 93 07 20 00 63 1E F5 0A 
83 27 01 0E 93 05 01 09 13 05 01 0A 23 20 F1 0A 
83 27 41 0E 23 28 01 08 23 2A 01 08 23 22 F1 0A 
83 27 81 0E 23 2C 01 08 23 2E 01 08 23 24 F1 0A 
83 27 C1 0E 23 26 F1 0A EF B0 50 6D 63 56 05 00 
93 07 D0 02 A3 0B F1 0A 93 07 70 04 63 D0 67 07 
B7 14 02 00 93 84 04 71 13 74 F4 F7 23 26 01 00 
13 0D 30 00 93 0A 00 00 6F 00 50 30 93 8A 7A 00 
93 FA 8A FF 83 A5 0A 00 03 A6 4A 00 93 87 8A 00 
13 05 01 0A 23 2C F1 00 EF E0 80 7C 83 27 01 0A 
23 20 F1 0E 83 27 41 0A 23 22 F1 0E 83 27 81 0A 
23 24 F1 0E 83 27 C1 0A 6F F0 1F F4 B7 14 02 00 
93 84 C4 70 6F F0 5F FA 93 07 10 00 63 1A F5 02 
83 27 C1 0E 63 D6 07 00 93 07 D0 02 A3 0B F1 0A 
93 07 70 04 63 D8 67 01 B7 14 02 00 93 84 84 71 
6F F0 9F F7 B7 14 02 00 93 84 44 71 6F F0 DF F6 
13 7C FB FD 93 07 10 04 63 1E FC 04 93 07 00 03 
23 0C F1 0A 13 07 10 06 93 07 80 07 63 04 EB 00 
93 07 80 05 A3 0C F1 0A 93 07 30 06 13 64 24 00 
63 DE A7 49 93 05 1D 00 13 85 09 00 EF E0 DF BD 
93 04 05 00 63 1A 05 48 83 57 C9 00 93 E7 07 04 
23 16 F9 00 83 57 C9 00 93 F7 07 04 E3 86 07 80 
6F F0 1F 80 93 07 F0 FF 63 0C FD 46 93 07 70 04 
23 26 01 00 63 18 FC 00 63 16 0D 00 23 26 A1 01 
13 0D 10 00 03 2A C1 0E 93 67 04 10 23 26 F1 02 
23 22 01 04 83 2E 01 0E 03 2E 41 0E 83 2D 81 0E 
63 5A 0A 00 B7 07 00 80 33 CA 47 01 93 07 D0 02 
23 22 F1 04 93 07 10 04 63 1E FC 46 13 05 01 0A 
23 20 D1 0B 23 22 C1 0B 23 24 B1 0B 23 26 41 0B 
EF E0 D0 09 13 06 C1 0B EF 60 80 20 13 86 05 00 
93 05 05 00 13 05 01 0A EF E0 80 67 83 27 01 0A 
13 06 01 07 93 05 01 08 23 20 F1 08 83 27 41 0A 
13 05 01 09 23 28 01 06 23 22 F1 08 83 27 81 0A 
23 2A 01 06 23 2C 01 06 23 24 F1 08 83 27 C1 0A 
23 26 F1 08 B7 07 FC 3F 23 2E F1 06 EF B0 90 63 
03 28 01 09 03 26 41 09 83 26 81 09 83 2D C1 09 
93 05 01 09 13 05 01 0A 23 20 01 0B 23 2A 01 05 
23 22 C1 0A 23 28 C1 04 23 24 D1 0A 23 24 D1 04 
23 26 B1 0B 23 28 01 08 23 2A 01 08 23 2C 01 08 
23 2E 01 08 EF B0 50 29 83 26 81 04 03 26 01 05 
03 28 41 05 63 16 05 00 13 07 10 00 23 2E E1 0A 
13 07 10 06 63 0C EB 34 37 1A 02 00 13 0A 0A 73 
13 0E FD FF 93 8C 04 00 B7 07 03 40 93 05 01 09 
23 2A C1 08 13 05 01 0A 13 06 01 08 23 2C C1 05 
23 28 01 09 23 2C D1 08 23 2E B1 09 23 26 F1 08 
23 20 01 08 23 22 01 08 23 24 01 08 EF B0 90 58 
03 26 01 0A 83 26 41 0A 83 27 81 0A 13 05 01 0A 
23 2A C1 04 23 28 D1 04 23 24 F1 04 EF E0 80 28 
93 05 05 00 93 0A 05 00 13 05 01 0A 83 2D C1 0A 
EF E0 40 3C 83 27 81 04 03 26 41 05 83 26 01 05 
23 24 F1 08 83 27 01 0A 23 20 C1 08 93 05 01 08 
23 28 F1 06 83 27 41 0A 13 06 01 07 13 05 01 09 
23 2A F1 06 83 27 81 0A 23 26 B1 09 23 22 D1 08 
23 2C F1 06 83 27 C1 0A 93 8C 1C 00 23 2E F1 06 
EF C0 D0 50 B3 05 5A 01 83 C5 05 00 03 2E 81 05 
83 2E C1 09 83 22 01 09 83 2F 41 09 03 2F 81 09 
23 24 C1 05 A3 8F BC FE 93 07 F0 FF 93 8D 0E 00 
63 0C FE 06 13 0E FE FF 93 05 01 09 13 05 01 0A 
23 26 D1 07 23 24 E1 07 23 22 F1 07 23 20 51 06 
23 2E C1 05 23 20 51 0A 23 2C 51 04 23 22 F1 0B 
23 2A F1 05 23 24 E1 0B 23 28 E1 05 23 26 D1 0B 
23 28 01 08 23 2A 01 08 23 2C 01 08 23 2E 01 08 
EF B0 90 12 83 26 01 05 03 26 41 05 03 28 81 05 
03 2E C1 05 83 22 01 06 83 2F 41 06 03 2F 81 06 
83 2E C1 06 E3 12 05 EA B7 0D FE 3F 93 05 01 09 
13 05 01 0A 23 20 51 0A 23 2E 51 04 23 22 F1 0B 
23 2C F1 05 23 24 E1 0B 23 2A E1 05 23 26 D1 0B 
23 28 D1 05 23 28 01 08 23 2A 01 08 23 2C 01 08 
23 2E B1 09 EF B0 10 19 63 46 A0 04 83 22 C1 05 
83 2F 81 05 03 2F 41 05 83 2E 01 05 93 05 01 09 
13 05 01 0A 23 20 51 0A 23 22 F1 0B 23 24 E1 0B 
23 26 D1 0B 23 28 01 08 23 2A 01 08 23 2C 01 08 
23 2E B1 09 EF B0 50 08 63 1C 05 18 93 FA 1A 00 
63 88 0A 18 03 46 FA 00 23 26 91 0D 93 05 00 03 
83 26 C1 0C 93 87 F6 FF 23 26 F1 0C 83 C7 F6 FF 
63 84 C7 14 13 06 90 03 63 94 C7 14 83 47 AA 00 
A3 8F F6 FE 13 8A 0C 00 13 07 70 04 33 0A 9A 40 
83 2D C1 0B 63 10 EC 2A 13 07 D0 FF 63 C4 ED 00 
63 5A BD 31 13 0B EB FF 93 86 FD FF 23 2E D1 0A 
13 76 FB FD 13 05 10 04 13 77 FB 0F 93 05 00 00 
63 18 A6 00 13 07 F7 00 13 77 F7 0F 93 05 10 00 
23 02 E1 0C 93 07 B0 02 63 D8 06 00 93 06 10 00 
B3 86 B6 41 93 07 D0 02 A3 02 F1 0C 93 07 90 00 
63 D8 D7 28 13 07 31 0D 13 05 07 00 93 05 A0 00 
13 08 30 06 B3 E7 B6 02 13 06 F7 FF 93 87 07 03 
A3 0F F7 FE B3 C7 B6 02 63 44 D8 24 93 87 07 03 
A3 0F F6 FE 13 07 E7 FF 13 06 61 0C 63 60 A7 24 
93 07 41 0C B3 07 F6 40 23 2E F1 02 33 8D 47 01 
93 07 10 00 63 C6 47 01 93 77 14 00 63 86 07 00 
83 27 01 02 33 0D FD 00 13 74 F4 BF 93 67 04 10 
23 26 F1 02 93 0C 00 00 13 0C 00 00 93 0D 00 00 
83 27 41 04 63 86 07 00 13 07 D0 02 A3 0B E1 0A 
03 24 C1 02 93 0A 00 00 6F F0 CF EA 23 26 01 00 
93 04 C1 13 6F F0 1F BB 23 26 A1 00 6F F0 9F BA 
23 26 01 00 13 0D 60 00 6F F0 DF B9 37 1A 02 00 
13 0A CA 71 6F F0 DF CA A3 8F B6 FE 6F F0 5F EA 
93 87 17 00 93 F7 F7 0F 6F F0 9F EB 13 0A 1A 00 
A3 0F EA FE B3 87 4C 41 E3 DA 07 FE 6F F0 DF EA 
83 27 81 04 13 8A 0C 00 13 07 00 03 B3 8C FC 00 
6F F0 5F FE 93 07 60 04 63 0E FC 00 93 07 50 04 
93 0A 1D 00 63 04 FC 00 93 0A 0D 00 13 06 20 00 
6F 00 C0 00 93 0A 0D 00 13 06 30 00 93 07 01 0C 
13 08 C1 0C 13 07 C1 0B 93 86 0A 00 93 05 01 0A 
13 85 09 00 23 20 D1 0B 23 28 D1 05 23 22 C1 0B 
23 24 C1 05 23 24 B1 0B 23 26 41 0B EF 30 00 78 
93 07 70 04 93 04 05 00 03 2E 81 04 83 2E 01 05 
63 1A FC 00 93 77 14 00 63 96 07 00 03 2A C1 0C 
6F F0 9F E1 93 07 60 04 B3 8C 54 01 63 12 FC 06 
03 C7 04 00 93 07 00 03 63 18 F7 04 93 05 01 09 
13 05 01 0A 23 20 D1 0B 23 28 D1 05 23 22 C1 0B 
23 24 C1 05 23 24 B1 0B 23 26 41 0B 23 28 01 08 
23 2A 01 08 23 2C 01 08 23 2E 01 08 EF B0 C0 60 
03 2E 81 04 83 2E 01 05 63 08 05 00 93 07 10 00 
B3 8A 57 41 23 2E 51 0B 83 27 C1 0B B3 8C FC 00 
93 05 01 09 13 05 01 0A 23 20 D1 0B 23 22 C1 0B 
23 24 B1 0B 23 26 41 0B 23 28 01 08 23 2A 01 08 
23 2C 01 08 23 2E 01 08 EF B0 00 5C 63 14 05 00 
23 26 91 0D 13 07 00 03 6F 00 00 01 93 86 17 00 
23 26 D1 0C 23 80 E7 00 83 27 C1 0C E3 E8 97 FF 
6F F0 DF F3 13 07 60 04 E3 18 EC D6 13 77 14 00 
33 67 A7 01 63 50 B0 07 63 00 07 0C 83 27 01 02 
33 87 FD 00 33 0D ED 00 13 0B 60 06 6F 00 00 09 
13 07 06 00 93 86 07 00 6F F0 DF D9 13 07 17 00 
83 47 F7 FF 13 06 16 00 A3 0F F6 FE 6F F0 1F DB 
13 07 61 0C 63 98 05 00 93 07 00 03 23 03 F1 0C 
13 07 71 0C 93 87 06 03 13 06 17 00 23 00 F7 00 
6F F0 1F D9 63 06 07 06 83 27 01 02 13 87 17 00 
6F F0 5F FA 63 C0 4D 03 13 77 14 00 13 8D 0D 00 
63 06 07 00 83 27 01 02 33 8D FD 00 13 0B 70 06 
6F 00 C0 01 83 27 01 02 13 0B 70 06 33 0D FA 00 
63 46 B0 01 33 03 BD 41 13 0D 13 00 13 7C 04 40 
93 0C 00 00 E3 0E 0C D6 13 0C 00 00 E3 5A B0 D7 
93 06 F0 0F 6F 00 80 03 13 8D 0D 00 6F F0 DF F4 
13 0B 60 06 13 0D 10 00 6F F0 5F FD 63 56 B7 03 
83 27 01 01 B3 8D ED 40 03 C7 17 00 63 08 07 02 
93 87 17 00 13 0C 1C 00 23 28 F1 00 83 27 01 01 
03 C7 07 00 E3 1C D7 FC 83 27 01 03 33 07 9C 01 
33 07 F7 02 33 0D A7 01 6F F0 9F D1 93 8C 1C 00 
6F F0 DF FD 13 87 4A 00 23 2C E1 00 13 77 04 02 
83 A7 0A 00 63 00 07 02 03 27 41 02 23 A0 E7 00 
13 57 F7 41 23 A2 E7 00 83 2A 81 01 83 24 C1 01 
6F F0 0F 92 13 77 04 01 63 08 07 00 03 27 41 02 
23 A0 E7 00 6F F0 5F FE 13 77 04 04 63 08 07 00 
03 27 41 02 23 90 E7 00 6F F0 1F FD 13 74 04 20 
E3 0E 04 FC 03 27 41 02 23 80 E7 00 6F F0 DF FB 
13 64 04 01 93 77 04 02 63 86 07 02 93 8A 7A 00 
93 FA 8A FF 83 AD 0A 00 83 AC 4A 00 93 87 8A 00 
23 2C F1 00 13 74 F4 BF 93 07 00 00 A3 0B 01 0A 
6F F0 8F E1 93 87 4A 00 23 2C F1 00 93 77 04 01 
63 86 07 00 83 AD 0A 00 6F 00 00 01 93 77 04 04 
63 88 07 00 83 DD 0A 00 93 0C 00 00 6F F0 9F FC 
93 77 04 20 E3 80 07 FE 83 CD 0A 00 6F F0 DF FE 
93 87 4A 00 23 2C F1 00 B7 87 FF FF 93 C7 07 83 
23 1C F1 0A B7 17 02 00 93 87 C7 71 23 20 F1 04 
83 AD 0A 00 93 0C 00 00 13 64 24 00 93 07 20 00 
13 0B 80 07 6F F0 9F F8 93 87 4A 00 23 2C F1 00 
A3 0B 01 0A 93 07 F0 FF 83 A4 0A 00 63 04 FD 02 
13 06 0D 00 93 05 00 00 13 85 04 00 EF 40 00 39 
23 26 A1 00 63 08 05 E8 33 0D 95 40 23 26 01 00 
6F F0 4F E8 13 85 04 00 EF E0 5F E4 13 0D 05 00 
6F F0 DF FE 13 64 04 01 93 77 04 02 63 82 07 02 
93 8A 7A 00 93 FA 8A FF 83 AD 0A 00 83 AC 4A 00 
93 87 8A 00 23 2C F1 00 93 07 10 00 6F F0 1F F1 
93 87 4A 00 23 2C F1 00 93 77 04 01 63 86 07 00 
83 AD 0A 00 6F 00 00 01 93 77 04 04 63 88 07 00 
83 DD 0A 00 93 0C 00 00 6F F0 1F FD 93 77 04 20 
E3 80 07 FE 83 CD 0A 00 6F F0 DF FE B7 17 02 00 
93 87 07 73 23 20 F1 04 93 77 04 02 63 8A 07 04 
93 8A 7A 00 93 FA 8A FF 83 AD 0A 00 83 AC 4A 00 
93 87 8A 00 23 2C F1 00 93 77 14 00 63 8E 07 00 
B3 E7 9D 01 63 8A 07 00 93 07 00 03 23 0C F1 0A 
A3 0C 61 0B 13 64 24 00 13 74 F4 BF 93 07 20 00 
6F F0 DF E7 B7 17 02 00 93 87 C7 71 6F F0 9F FA 
93 87 4A 00 23 2C F1 00 93 77 04 01 63 86 07 00 
83 AD 0A 00 6F 00 00 01 93 77 04 04 63 88 07 00 
83 DD 0A 00 93 0C 00 00 6F F0 1F FA 93 77 04 20 
E3 80 07 FE 83 CD 0A 00 6F F0 DF FE 13 07 04 00 
93 07 10 00 6F F0 0F C5 13 07 10 00 E3 8C E7 48 
13 07 20 00 63 8A E7 12 93 07 01 1A 93 96 DC 01 
13 F7 7D 00 93 DD 3D 00 13 07 07 03 B3 ED B6 01 
93 DC 3C 00 A3 8F E7 FE B3 E6 9D 01 93 84 F7 FF 
63 9E 06 02 93 76 14 00 63 8A 06 00 93 06 00 03 
63 06 D7 00 A3 8F D4 FE 93 84 E7 FF 93 07 01 1A 
93 0A 0D 00 23 26 01 00 33 8D 97 40 93 0C 00 00 
13 0C 00 00 93 0D 00 00 6F F0 CF 8E 93 87 04 00 
6F F0 DF F9 13 77 04 40 13 0A 00 00 93 07 01 1A 
23 26 E1 00 13 0C F0 0F 93 0A 90 00 13 06 A0 00 
93 06 00 00 13 85 0D 00 93 85 0C 00 93 84 F7 FF 
23 26 F1 02 EF A0 40 0A 83 27 C1 02 13 05 05 03 
13 0A 1A 00 A3 8F A7 FE 83 27 C1 00 63 88 07 04 
83 27 01 01 83 C7 07 00 63 12 FA 04 63 00 8A 05 
63 94 0C 00 63 FC BA 03 83 27 01 03 83 25 81 03 
13 0A 00 00 B3 84 F4 40 13 86 07 00 13 85 04 00 
EF 50 D0 2A 83 27 01 01 83 C7 17 00 63 88 07 00 
83 27 01 01 93 87 17 00 23 28 F1 00 13 06 A0 00 
93 06 00 00 13 85 0D 00 93 85 0C 00 EF 90 90 3F 
63 94 0C 00 E3 F4 BA F3 93 0D 05 00 93 8C 05 00 
93 87 04 00 6F F0 9F F5 93 04 01 1A 03 27 01 04 
93 F7 FD 00 93 84 F4 FF B3 07 F7 00 83 C7 07 00 
93 DD 4D 00 23 80 F4 00 93 97 CC 01 B3 ED B7 01 
93 DC 4C 00 B3 E7 9D 01 E3 9A 07 FC 6F F0 1F EE 
93 04 01 1A E3 9C 07 EC 13 77 17 00 E3 08 07 EC 
93 07 00 03 A3 0F F1 18 6F 00 10 32 E3 00 0B 2E 
23 0E 61 13 A3 0B 01 0A 23 2C 51 01 6F E0 DF F9 
13 06 06 01 23 A2 DB 01 23 2E C1 0C 23 2C D1 0C 
63 5A DF 02 13 06 41 0D 93 05 09 00 13 85 09 00 
23 28 E1 04 EF 70 D0 12 E3 10 05 24 03 27 01 05 
B7 17 02 00 93 05 C1 0F 13 0F 70 00 13 8E C7 6E 
93 0E 00 01 13 07 07 FF 93 8B 05 00 6F E0 DF FC 
13 07 07 01 23 A2 CB 01 23 2E E1 0C 23 2C D1 0C 
63 D6 DE 02 13 06 41 0D 93 05 09 00 13 85 09 00 
23 22 F1 04 EF 70 D0 0D E3 18 05 1E 83 27 41 04 
13 06 C1 0F 93 0E 70 00 13 0E 00 01 93 87 07 FF 
93 0B 06 00 6F F0 CF 8A 93 86 06 01 23 A2 0B 01 
23 2E D1 0C 23 2C E1 0C 63 52 EE 02 13 06 41 0D 
93 05 09 00 13 85 09 00 EF 70 90 09 E3 16 05 1A 
13 06 C1 0F 13 0E 70 00 13 08 00 01 93 8A 0A FF 
93 0B 06 00 6F F0 0F 8D 93 06 50 06 63 D4 66 73 
83 26 01 0E 93 05 01 09 13 05 01 0A 23 20 D1 0A 
83 26 41 0E 23 22 E1 04 23 28 01 08 23 22 D1 0A 
83 26 81 0E 23 2A 01 08 23 2C 01 08 23 24 D1 0A 
83 26 C1 0E 23 2E 01 08 23 26 D1 0A EF A0 D0 72 
03 27 41 04 63 1A 05 12 B7 17 02 00 93 87 47 74 
23 A0 FB 00 93 07 10 00 23 A2 FB 00 83 27 81 0D 
13 07 17 00 23 2E E1 0C 93 87 17 00 23 2C F1 0C 
13 07 70 00 93 8B 8B 00 63 5E F7 00 13 06 41 0D 
93 05 09 00 13 85 09 00 EF 70 80 7E E3 1E 05 0E 
93 0B C1 0F 83 27 C1 0B 63 C6 47 01 93 77 14 00 
63 80 07 22 83 27 41 03 03 27 01 02 93 8B 8B 00 
23 AC FB FE 83 27 01 02 23 AE FB FE 83 27 C1 0D 
B3 87 E7 00 23 2E F1 0C 83 27 81 0D 13 07 70 00 
93 87 17 00 23 2C F1 0C 63 5E F7 00 13 06 41 0D 
93 05 09 00 13 85 09 00 EF 70 80 78 E3 1E 05 08 
93 0B C1 0F 93 04 FA FF 63 54 90 1C 93 0A 00 01 
13 0B 70 00 03 26 41 01 83 27 81 0D 03 27 C1 0D 
23 A0 CB 00 93 87 17 00 93 86 8B 00 63 C2 9A 02 
23 A2 9B 00 B3 84 E4 00 23 2E 91 0C 23 2C F1 0C 
13 07 70 00 93 8B 06 00 63 54 F7 18 6F F0 4F 81 
13 07 07 01 23 A2 5B 01 23 2E E1 0C 23 2C F1 0C 
63 5E FB 00 13 06 41 0D 93 05 09 00 13 85 09 00 
EF 70 00 71 E3 12 05 02 93 06 C1 0F 93 84 04 FF 
93 8B 06 00 6F F0 1F F9 83 26 C1 0B 63 48 D0 1C 
B7 17 02 00 93 87 47 74 23 A0 FB 00 93 07 10 00 
23 A2 FB 00 83 27 81 0D 13 07 17 00 23 2E E1 0C 
93 87 17 00 23 2C F1 0C 13 07 70 00 93 8B 8B 00 
63 5E F7 00 13 06 41 0D 93 05 09 00 13 85 09 00 
EF 70 00 6B 63 12 05 7C 93 0B C1 0F 83 27 C1 0B 
93 76 14 00 03 27 C1 0D B3 67 FA 00 B3 E7 D7 00 
63 80 07 0E 83 27 41 03 93 88 8B 00 23 A0 FB 00 
83 27 01 02 23 A2 FB 00 B3 87 E7 00 23 2E F1 0C 
83 27 81 0D 13 07 70 00 93 87 17 00 23 2C F1 0C 
63 5E F7 00 13 06 41 0D 93 05 09 00 13 85 09 00 
EF 70 00 65 63 12 05 76 93 08 C1 0F 83 2A C1 0B 
63 D0 0A 06 B3 0A 50 41 13 87 08 00 13 0B 00 01 
13 0C 70 00 03 26 41 01 83 27 81 0D 83 26 C1 0D 
23 20 C7 00 93 87 17 00 93 88 88 00 63 4C 5B 0B 
23 22 57 01 B3 8A DA 00 23 2E 51 0D 23 2C F1 0C 
13 07 70 00 63 5E F7 00 13 06 41 0D 93 05 09 00 
13 85 09 00 EF 70 C0 5E 63 10 05 70 93 08 C1 0F 
83 27 C1 0D 23 A0 98 00 23 A2 48 01 B3 87 47 01 
23 2E F1 0C 83 27 81 0D 13 07 70 00 93 8B 88 00 
93 87 17 00 23 2C F1 0C 63 54 F7 00 6F E0 5F E9 
13 74 44 00 63 12 04 66 03 2B 81 02 83 27 C1 02 
63 54 FB 00 13 8B 07 00 83 27 41 02 B3 87 67 01 
23 22 F1 02 83 27 C1 0D 63 8C 07 00 13 06 41 0D 
93 05 09 00 13 85 09 00 EF 70 80 57 63 16 05 68 
83 27 C1 00 23 2C 01 0C 63 9A 07 6C 93 0B C1 0F 
6F F0 9F 81 93 86 06 01 23 22 67 01 23 2E D1 0C 
23 2C F1 0C 63 5E FC 00 13 06 41 0D 93 05 09 00 
13 85 09 00 EF 70 C0 53 63 18 05 64 93 08 C1 0F 
93 8A 0A FF 13 87 08 00 6F F0 DF EF 93 8A 0D 00 
63 54 BA 01 93 0A 0A 00 63 52 50 05 33 87 EA 00 
23 2E E1 0C 03 27 81 0D 23 A0 9B 00 23 A2 5B 01 
13 07 17 00 23 2C E1 0C 93 06 70 00 93 8B 8B 00 
63 DE E6 00 13 06 41 0D 93 05 09 00 13 85 09 00 
EF 70 00 4E 63 1A 05 5E 93 0B C1 0F 63 D4 0A 00 
93 0A 00 00 B3 8A 5D 41 63 5E 50 05 13 0B 00 01 
13 0D 70 00 83 27 41 01 03 27 81 0D 83 26 C1 0D 
23 A0 FB 00 13 07 17 00 13 86 8B 00 63 4C 5B 19 
23 A2 5B 01 B3 8A DA 00 23 2E 51 0D 23 2C E1 0C 
93 06 70 00 93 0B 06 00 63 DE E6 00 13 06 41 0D 
93 05 09 00 13 85 09 00 EF 70 80 47 63 16 05 58 
93 0B C1 0F 93 77 04 40 B3 8A B4 01 63 80 07 02 
13 0B 70 00 33 8D 44 01 63 12 0C 18 63 92 0C 18 
B3 87 44 01 63 F4 57 01 93 8A 07 00 83 27 C1 0B 
63 C6 47 01 93 77 14 00 63 8A 07 04 83 27 41 03 
03 27 01 02 93 8B 8B 00 23 AC FB FE 83 27 01 02 
23 AE FB FE 83 27 C1 0D B3 87 E7 00 23 2E F1 0C 
83 27 81 0D 13 07 70 00 93 87 17 00 23 2C F1 0C 
63 5E F7 00 13 06 41 0D 93 05 09 00 13 85 09 00 
EF 70 00 3F 63 12 05 50 93 0B C1 0F B3 84 44 01 
B3 87 54 41 83 24 C1 0B B3 04 9A 40 63 D4 97 00 
93 84 07 00 63 54 90 04 83 27 C1 0D 23 A0 5B 01 
23 A2 9B 00 B3 87 F4 00 23 2E F1 0C 83 27 81 0D 
13 07 70 00 93 8B 8B 00 93 87 17 00 23 2C F1 0C 
63 5E F7 00 13 06 41 0D 93 05 09 00 13 85 09 00 
EF 70 00 39 63 12 05 4A 93 0B C1 0F 93 87 04 00 
63 D4 04 00 93 07 00 00 83 24 C1 0B B3 04 9A 40 
B3 84 F4 40 E3 5E 90 DA 93 0A 00 01 13 0B 70 00 
03 26 41 01 83 27 81 0D 03 27 C1 0D 23 A0 CB 00 
93 87 17 00 93 86 8B 00 E3 DC 9A BE 13 07 07 01 
23 A2 5B 01 23 2E E1 0C 23 2C F1 0C 63 5E FB 00 
13 06 41 0D 93 05 09 00 13 85 09 00 EF 70 40 32 
63 1C 05 42 93 06 C1 0F 93 84 04 FF 93 8B 06 00 
6F F0 1F FB 93 86 06 01 23 A2 6B 01 23 2E D1 0C 
23 2C E1 0C 63 5E ED 00 13 06 41 0D 93 05 09 00 
13 85 09 00 EF 70 C0 2E 63 10 05 40 13 06 C1 0F 
93 8A 0A FF 93 0B 06 00 6F F0 DF E1 63 82 0C 0E 
93 8C FC FF 83 27 81 03 03 27 01 03 93 8B 8B 00 
23 AC FB FE 83 27 01 03 23 AE FB FE 83 27 C1 0D 
B3 87 E7 00 23 2E F1 0C 83 27 81 0D 93 87 17 00 
23 2C F1 0C 63 5E FB 00 13 06 41 0D 93 05 09 00 
13 85 09 00 EF 70 C0 28 63 10 05 3A 93 0B C1 0F 
83 27 01 01 33 07 5D 41 83 C7 07 00 63 54 F7 00 
93 07 07 00 63 56 F0 04 03 27 C1 0D 23 A0 5B 01 
23 A2 FB 00 33 87 E7 00 23 2E E1 0C 03 27 81 0D 
93 8B 8B 00 13 07 17 00 23 2C E1 0C 63 52 EB 02 
13 06 41 0D 93 05 09 00 13 85 09 00 23 22 F1 04 
EF 70 00 23 63 12 05 34 83 27 41 04 93 0B C1 0F 
13 87 07 00 63 D4 07 00 13 07 00 00 83 27 01 01 
13 08 00 01 83 C7 07 00 B3 87 E7 40 63 44 F0 06 
83 27 01 01 83 C7 07 00 B3 8A FA 00 6F F0 DF D9 
83 27 01 01 13 0C FC FF 93 87 F7 FF 23 28 F1 00 
6F F0 5F F1 93 86 06 01 23 A2 0B 01 23 2E D1 0C 
23 2C E1 0C 63 54 EB 02 13 06 41 0D 93 05 09 00 
13 85 09 00 23 22 F1 04 EF 70 80 1B 63 16 05 2C 
83 27 41 04 13 06 C1 0F 13 08 00 01 93 87 07 FF 
93 0B 06 00 83 25 41 01 03 27 81 0D 83 26 C1 0D 
23 A0 BB 00 13 07 17 00 13 86 8B 00 E3 44 F8 FA 
23 A2 FB 00 B3 87 D7 00 23 2E F1 0C 23 2C E1 0C 
93 0B 06 00 E3 56 EB F6 13 06 41 0D 93 05 09 00 
13 85 09 00 EF 70 C0 15 63 18 05 26 93 0B C1 0F 
6F F0 1F F5 83 27 81 0D 93 06 10 00 23 A0 9B 00 
13 07 17 00 93 87 17 00 13 8B 8B 00 63 C6 46 01 
13 76 14 00 63 06 06 1C 93 06 10 00 23 2E E1 0C 
23 A2 DB 00 23 2C F1 0C 13 07 70 00 63 5E F7 00 
13 06 41 0D 93 05 09 00 13 85 09 00 EF 70 40 10 
63 1C 05 20 13 0B C1 0F 83 27 41 03 03 27 01 02 
13 0B 8B 00 23 2C FB FE 83 27 01 02 23 2E FB FE 
83 27 C1 0D B3 87 E7 00 23 2E F1 0C 83 27 81 0D 
13 07 70 00 93 87 17 00 23 2C F1 0C 63 5E F7 00 
13 06 41 0D 93 05 09 00 13 85 09 00 EF 70 40 0B 
63 14 05 1C 13 0B C1 0F 83 27 01 0E 93 05 01 09 
13 05 01 0A 23 20 F1 0A 83 27 41 0E 93 0A FA FF 
23 28 01 08 23 22 F1 0A 83 27 81 0E 23 2A 01 08 
23 2C 01 08 23 24 F1 0A 83 27 C1 0E 23 2E 01 08 
23 26 F1 0A EF A0 40 76 63 06 05 08 83 27 C1 0D 
03 27 81 0D 93 84 14 00 93 87 F7 FF B3 87 47 01 
13 07 17 00 23 20 9B 00 23 22 5B 01 23 2E F1 0C 
23 2C E1 0C 93 07 70 00 13 0B 8B 00 63 DE E7 00 
13 06 41 0D 93 05 09 00 13 85 09 00 EF 70 40 02 
63 1C 05 12 13 0B C1 0F 93 07 41 0C 23 20 FB 00 
83 27 C1 03 03 27 C1 03 93 0B 8B 00 23 22 FB 00 
83 27 C1 0D B3 87 E7 00 23 2E F1 0C 83 27 81 0D 
13 07 70 00 93 87 17 00 23 2C F1 0C E3 5A F7 A2 
6F E0 1F 8C E3 52 50 FD 93 04 00 01 13 0C 70 00 
03 26 41 01 03 27 81 0D 83 27 C1 0D 23 20 CB 00 
13 07 17 00 93 06 8B 00 63 C0 54 03 B3 87 FA 00 
23 22 5B 01 23 2E F1 0C 23 2C E1 0C 93 07 70 00 
13 8B 06 00 6F F0 9F F6 93 87 07 01 23 22 9B 00 
23 2E F1 0C 23 2C E1 0C 63 5E EC 00 13 06 41 0D 
93 05 09 00 13 85 09 00 EF 60 90 77 63 16 05 08 
93 06 C1 0F 93 8A 0A FF 13 8B 06 00 6F F0 5F F9 
23 2E E1 0C 23 A2 DB 00 23 2C F1 0C 13 07 70 00 
E3 5C F7 F2 6F F0 DF F1 83 27 81 02 03 27 C1 02 
33 84 E7 40 E3 5A 80 98 B7 17 02 00 93 0A 00 01 
93 84 C7 6E 13 0B 70 00 83 27 81 0D 23 A0 9B 00 
03 27 C1 0D 93 87 17 00 63 C6 8A 04 23 A2 8B 00 
33 04 E4 00 23 2E 81 0C 23 2C F1 0C 13 07 70 00 
E3 5C F7 94 13 06 41 0D 93 05 09 00 13 85 09 00 
EF 60 10 6F E3 02 05 94 83 27 C1 00 63 94 07 00 
6F E0 5F A2 93 85 07 00 13 85 09 00 EF 00 10 3A 
6F E0 5F A1 13 07 07 01 23 A2 5B 01 23 2E E1 0C 
23 2C F1 0C 93 8B 8B 00 63 5E FB 00 13 06 41 0D 
93 05 09 00 13 85 09 00 EF 60 90 6A E3 1E 05 FA 
93 0B C1 0F 13 04 04 FF 6F F0 1F F7 83 25 C1 00 
13 85 09 00 EF 00 90 35 6F F0 5F 92 83 27 C1 0D 
63 94 07 00 6F E0 1F 9C 13 06 41 0D 93 05 09 00 
13 85 09 00 EF 60 D0 66 6F E0 DF 9A 93 07 F0 FF 
63 1E FD B4 63 90 0C BE 93 07 90 00 63 EC B7 BD 
93 8D 0D 03 A3 0F B1 19 93 04 F1 19 6F F0 0F BA 
93 06 06 00 13 86 05 00 93 05 05 00 03 A5 01 82 
6F E0 8F 87 83 D7 C5 00 13 01 01 B8 23 2C 81 46 
93 F7 D7 FF 23 1A F1 00 83 A7 45 06 13 84 05 00 
23 2A 91 46 23 26 F1 06 83 D7 E5 00 23 28 21 47 
23 2E 11 46 23 1B F1 00 83 A7 C5 01 13 09 05 00 
23 20 01 02 23 22 F1 02 83 A7 45 02 93 05 81 00 
23 26 F1 02 93 07 01 07 23 24 F1 00 23 2C F1 00 
93 07 00 40 23 28 F1 00 23 2E F1 00 EF E0 CF 80 
93 04 05 00 63 4C 05 00 93 05 81 00 13 05 09 00 
EF 00 40 64 63 04 05 00 93 04 F0 FF 83 57 41 01 
93 F7 07 04 63 88 07 00 83 57 C4 00 93 E7 07 04 
23 16 F4 00 83 20 C1 47 03 24 81 47 13 85 04 00 
03 29 01 47 83 24 41 47 13 01 01 48 67 80 00 00 
13 01 01 FE 23 2C 81 00 23 2A 91 00 23 28 21 01 
23 2E 11 00 23 26 31 01 13 09 05 00 93 84 05 00 
13 04 06 00 63 08 05 00 83 27 85 03 63 94 07 00 
EF 00 40 76 83 27 84 01 23 24 F4 00 83 57 C4 00 
93 F7 87 00 63 88 07 0A 83 27 04 01 63 84 07 0A 
83 17 C4 00 93 F9 F4 0F 93 F4 F4 0F 13 97 27 01 
63 56 07 0A 83 27 04 01 03 25 04 00 33 05 F5 40 
83 27 44 01 63 4A F5 00 93 05 04 00 13 05 09 00 
EF 00 40 58 63 10 05 08 83 27 84 00 13 05 15 00 
93 87 F7 FF 23 24 F4 00 83 27 04 00 13 87 17 00 
23 20 E4 00 23 80 37 01 83 27 44 01 63 8C A7 00 
83 57 C4 00 93 F7 17 00 63 8E 07 00 93 07 A0 00 
63 9A F4 00 93 05 04 00 13 05 09 00 EF 00 80 53 
63 1A 05 02 83 20 C1 01 03 24 81 01 13 85 04 00 
03 29 01 01 83 24 41 01 83 29 C1 00 13 01 01 02 
67 80 00 00 93 05 04 00 13 05 09 00 EF 00 40 04 
E3 08 05 F4 93 04 F0 FF 6F F0 DF FC 37 27 00 00 
B3 E7 E7 00 23 16 F4 00 83 27 44 06 37 E7 FF FF 
13 07 F7 FF B3 F7 E7 00 23 22 F4 06 6F F0 9F F3 
13 86 05 00 93 05 05 00 03 A5 01 82 6F F0 5F EC 
13 01 01 FF 23 22 91 00 93 04 05 00 03 A5 01 82 
23 24 81 00 23 26 11 00 13 84 05 00 63 08 05 00 
83 27 85 03 63 94 07 00 EF 00 C0 62 03 17 C4 00 
93 17 07 01 93 D7 07 01 93 F6 87 00 63 9E 06 06 
93 F6 07 01 63 96 06 02 93 07 90 00 23 A0 F4 00 
13 67 07 04 23 16 E4 00 13 05 F0 FF 83 20 C1 00 
03 24 81 00 83 24 41 00 13 01 01 01 67 80 00 00 
93 F7 47 00 63 8C 07 02 83 25 04 03 63 8C 05 00 
93 07 04 04 63 86 F5 00 13 85 04 00 EF 00 10 07 
23 28 04 02 83 57 C4 00 23 22 04 00 93 F7 B7 FD 
23 16 F4 00 83 27 04 01 23 20 F4 00 83 57 C4 00 
93 E7 87 00 23 16 F4 00 83 27 04 01 63 90 07 02 
83 57 C4 00 13 07 00 20 93 F7 07 28 63 88 E7 00 
93 05 04 00 13 85 04 00 EF 30 C0 14 83 57 C4 00 
13 F7 17 00 63 0C 07 02 83 27 44 01 23 24 04 00 
B3 07 F0 40 23 2C F4 00 83 27 04 01 13 05 00 00 
E3 9E 07 F4 83 17 C4 00 13 F7 07 08 E3 08 07 F4 
93 E7 07 04 23 16 F4 00 6F F0 1F F4 93 F7 27 00 
13 07 00 00 63 94 07 00 03 27 44 01 23 24 E4 00 
6F F0 9F FC 03 A7 81 81 13 03 05 00 83 27 87 14 
63 96 07 00 93 07 C7 14 23 24 F7 14 03 A7 47 00 
13 08 F0 01 13 05 F0 FF 63 4A E8 04 93 18 27 00 
63 0C 03 02 33 85 17 01 23 24 C5 08 03 A8 87 18 
13 06 10 00 33 16 E6 00 33 68 C8 00 23 A4 07 19 
23 24 D5 10 93 06 20 00 63 18 D3 00 83 A6 C7 18 
33 E6 C6 00 23 A6 C7 18 13 07 17 00 23 A2 E7 00 
B3 87 17 01 23 A4 B7 00 13 05 00 00 67 80 00 00 
13 01 01 FD 23 2E 31 01 83 A9 81 81 23 2C 41 01 
23 2A 51 01 23 28 61 01 23 26 11 02 23 24 81 02 
23 22 91 02 23 20 21 03 23 26 71 01 93 0A 05 00 
13 8A 05 00 13 0B 10 00 83 A4 89 14 63 8C 04 00 
03 A4 44 00 13 09 F4 FF 13 14 24 00 33 84 84 00 
63 58 09 02 83 20 C1 02 03 24 81 02 83 24 41 02 
03 29 01 02 83 29 C1 01 03 2A 81 01 83 2A 41 01 
03 2B 01 01 83 2B C1 00 13 01 01 03 67 80 00 00 
63 0C 0A 00 83 27 44 10 63 88 47 01 13 09 F9 FF 
13 04 C4 FF 6F F0 DF FB 03 A7 44 00 83 27 44 00 
13 07 F7 FF 63 1C 27 03 23 A2 24 01 E3 80 07 FE 
83 A6 84 18 33 17 2B 01 83 AB 44 00 B3 76 D7 00 
63 92 06 02 E7 80 07 00 83 A7 44 00 E3 96 77 F7 
83 A7 89 14 E3 8C 97 FA 6F F0 1F F6 23 22 04 00 
6F F0 DF FC 83 A6 C4 18 83 25 44 08 33 77 D7 00 
63 18 07 00 13 85 0A 00 E7 80 07 00 6F F0 DF FC 
13 85 05 00 E7 80 07 00 6F F0 1F FC 83 97 C5 00 
13 01 01 FE 23 2C 81 00 13 97 07 01 13 57 07 01 
23 2A 91 00 23 2E 11 00 23 28 21 01 23 26 31 01 
93 76 87 00 93 04 05 00 13 84 05 00 63 9C 06 16 
37 17 00 00 13 07 07 80 B3 E7 E7 00 03 A7 45 00 
23 96 F5 00 63 46 E0 02 03 A7 C5 03 63 42 E0 02 
13 05 00 00 83 20 C1 01 03 24 81 01 83 24 41 01 
03 29 01 01 83 29 C1 00 13 01 01 02 67 80 00 00 
03 27 84 02 E3 0E 07 FC 03 A9 04 00 93 96 37 01 
23 A0 04 00 63 D8 06 0C 03 26 04 05 83 57 C4 00 
93 F7 47 00 63 8E 07 00 83 27 44 00 33 06 F6 40 
83 27 04 03 63 86 07 00 83 27 C4 03 33 06 F6 40 
83 27 84 02 83 25 C4 01 93 06 00 00 13 85 04 00 
E7 80 07 00 93 07 F0 FF 83 56 C4 00 63 12 F5 02 
83 A7 04 00 13 07 D0 01 63 6E F7 0A 37 07 40 20 
13 07 17 00 33 57 F7 00 13 77 17 00 63 04 07 0A 
B7 F7 FF FF 93 87 F7 7F 03 27 04 01 B3 F7 D7 00 
93 97 07 01 93 D7 07 41 23 20 E4 00 23 16 F4 00 
23 22 04 00 13 97 37 01 63 5C 07 00 93 07 F0 FF 
63 16 F5 00 83 A7 04 00 63 94 07 00 23 28 A4 04 
83 25 04 03 23 A0 24 01 E3 8C 05 F0 93 07 04 04 
63 86 F5 00 13 85 04 00 EF 00 40 4F 23 28 04 02 
6F F0 1F F0 83 25 C4 01 13 06 00 00 93 06 10 00 
13 85 04 00 E7 00 07 00 93 07 F0 FF 13 06 05 00 
E3 1E F5 F0 83 A7 04 00 E3 8A 07 F0 13 07 D0 01 
63 86 E7 00 13 07 60 01 63 92 E7 06 23 A0 24 01 
6F F0 1F EC 93 E7 06 04 23 16 F4 00 13 05 F0 FF 
6F F0 5F EB 83 A9 05 01 E3 84 09 EA 03 A9 05 00 
13 77 37 00 23 A0 35 01 33 09 39 41 93 07 00 00 
63 14 07 00 83 A7 45 01 23 24 F4 00 E3 52 20 E9 
83 27 44 02 83 25 C4 01 93 06 09 00 13 86 09 00 
13 85 04 00 E7 80 07 00 63 48 A0 00 83 57 C4 00 
93 E7 07 04 6F F0 5F FA B3 89 A9 00 33 09 A9 40 
6F F0 DF FC 13 01 01 FE 23 2C 81 00 23 2E 11 00 
13 04 05 00 63 0C 05 00 83 27 85 03 63 98 07 00 
23 26 B1 00 EF 00 00 17 83 25 C1 00 83 97 C5 00 
63 8C 07 00 13 05 04 00 03 24 81 01 83 20 C1 01 
13 01 01 02 6F F0 9F DB 83 20 C1 01 03 24 81 01 
13 05 00 00 13 01 01 02 67 80 00 00 93 05 05 00 
63 1A 05 00 03 A5 81 81 B7 45 01 00 93 85 45 84 
6F 00 90 32 03 A5 01 82 6F F0 DF F8 13 05 00 00 
67 80 00 00 13 01 01 FF 23 24 81 00 23 26 11 00 
13 04 05 00 23 16 B5 00 23 17 C5 00 23 20 05 00 
23 22 05 00 23 24 05 00 23 22 05 06 23 28 05 00 
23 2A 05 00 23 2C 05 00 13 06 80 00 93 05 00 00 
13 05 C5 05 EF D0 4F C1 B7 87 01 00 93 87 47 F0 
23 20 F4 02 B7 87 01 00 93 87 C7 F5 23 22 F4 02 
B7 87 01 00 93 87 07 FE 23 24 F4 02 B7 87 01 00 
93 87 87 03 23 2E 84 00 23 26 F4 02 83 20 C1 00 
03 24 81 00 13 01 01 01 67 80 00 00 B7 B5 01 00 
93 85 85 F8 6F 00 50 28 13 05 00 00 67 80 00 00 
13 01 01 FF 23 22 91 00 13 06 80 06 93 84 F5 FF 
B3 84 C4 02 23 20 21 01 13 89 05 00 23 24 81 00 
23 26 11 00 93 85 44 07 EF C0 1F D3 13 04 05 00 
63 00 05 02 23 20 05 00 23 22 25 01 13 05 C5 00 
23 24 A4 00 13 86 84 06 93 05 00 00 EF D0 CF B6 
13 05 04 00 83 20 C1 00 03 24 81 00 83 24 41 00 
03 29 01 00 13 01 01 01 67 80 00 00 03 A5 81 81 
6F F0 DF F7 83 27 85 03 63 9E 07 06 13 01 01 FF 
B7 47 01 00 23 26 11 00 23 24 81 00 93 87 C7 94 
23 2E F5 02 93 07 30 00 23 22 F5 2E 93 07 C5 2E 
13 04 05 00 23 24 F5 2E 23 20 05 2E 03 25 45 00 
13 06 00 00 93 05 40 00 EF F0 DF EA 03 25 84 00 
13 06 10 00 93 05 90 00 EF F0 DF E9 03 25 C4 00 
13 06 20 00 93 05 20 01 EF F0 DF E8 93 07 10 00 
23 2C F4 02 83 20 C1 00 03 24 81 00 13 01 01 01 
67 80 00 00 67 80 00 00 13 01 01 FF 23 22 91 00 
83 A4 81 81 23 20 21 01 23 26 11 00 83 A7 84 03 
23 24 81 00 13 09 05 00 63 96 07 00 13 85 04 00 
EF F0 5F F5 93 84 04 2E 03 A4 84 00 83 A7 44 00 
93 87 F7 FF 63 DA 07 00 83 A7 04 00 63 80 07 08 
83 A4 04 00 6F F0 5F FE 03 17 C4 00 63 14 07 06 
B7 07 FF FF 93 87 17 00 23 22 04 06 23 20 04 00 
23 22 04 00 23 24 04 00 23 26 F4 00 23 28 04 00 
23 2A 04 00 23 2C 04 00 13 06 80 00 93 05 00 00 
13 05 C4 05 EF D0 4F A3 23 28 04 02 23 2A 04 02 
23 22 04 04 23 24 04 04 13 05 04 00 83 20 C1 00 
03 24 81 00 83 24 41 00 03 29 01 00 13 01 01 01 
67 80 00 00 13 04 84 06 6F F0 9F F7 93 05 40 00 
13 05 09 00 EF F0 DF E3 23 A0 A4 00 E3 1A 05 F6 
93 07 C0 00 23 20 F9 00 13 04 00 00 6F F0 DF FB 
67 80 00 00 67 80 00 00 67 80 00 00 67 80 00 00 
03 A5 01 82 B7 45 01 00 93 85 C5 8B 6F 00 C0 7D 
03 A5 01 82 B7 45 01 00 93 85 85 95 6F 00 C0 7C 
13 01 01 FE 23 28 21 01 37 39 02 00 23 2C 81 00 
23 2A 91 00 23 26 31 01 13 84 05 00 23 2E 11 00 
93 09 05 00 13 09 09 6D EF D0 CF A5 83 27 89 00 
37 17 00 00 83 A4 47 00 93 07 F7 FE 33 84 87 40 
93 F4 C4 FF 33 04 94 00 13 54 C4 00 13 04 F4 FF 
13 14 C4 00 63 56 E4 02 13 85 09 00 EF D0 CF A2 
13 05 00 00 83 20 C1 01 03 24 81 01 83 24 41 01 
03 29 01 01 83 29 C1 00 13 01 01 02 67 80 00 00 
93 05 00 00 13 85 09 00 EF D0 CF C1 83 27 89 00 
B3 87 97 00 E3 12 F5 FC B3 05 80 40 13 85 09 00 
EF D0 4F C0 93 07 F0 FF 63 1C F5 02 93 05 00 00 
13 85 09 00 EF D0 0F BF 03 27 89 00 93 06 F0 00 
B3 07 E5 40 E3 DA F6 F8 83 A6 41 82 93 E7 17 00 
23 22 F7 00 33 05 D5 40 23 A0 A1 86 6F F0 DF F7 
83 27 89 00 B3 84 84 40 93 E4 14 00 23 A2 97 00 
83 A7 01 86 13 85 09 00 33 84 87 40 23 A0 81 86 
EF D0 8F 98 13 05 10 00 6F F0 DF F5 63 8C 05 24 
13 01 01 FF 23 24 81 00 23 22 91 00 13 04 05 00 
93 84 05 00 23 26 11 00 EF D0 CF 95 03 A5 C4 FF 
37 36 02 00 93 86 84 FF 93 77 E5 FF 13 08 06 6D 
B3 85 F6 00 03 A7 45 00 03 28 88 00 13 06 06 6D 
13 77 C7 FF 13 75 15 00 63 10 B8 06 B3 87 E7 00 
63 10 05 02 03 A7 84 FF B3 86 E6 40 83 A5 86 00 
B3 87 E7 00 03 A7 C6 00 23 A6 E5 00 23 24 B7 00 
13 E7 17 00 23 A2 E6 00 03 A7 81 82 23 24 D6 00 
63 E8 E7 00 83 A5 C1 83 13 05 04 00 EF F0 5F E6 
13 05 04 00 03 24 81 00 83 20 C1 00 83 24 41 00 
13 01 01 01 6F D0 4F 8D 23 A2 E5 00 13 08 00 00 
63 16 05 02 03 A5 84 FF B7 38 02 00 93 88 88 6D 
B3 86 A6 40 B3 87 A7 00 03 A5 86 00 63 06 15 0B 
83 A8 C6 00 23 26 15 01 23 A4 A8 00 33 85 E5 00 
03 25 45 00 13 75 15 00 63 18 05 02 B3 87 E7 00 
03 A7 85 00 63 16 08 08 37 35 02 00 13 05 85 6D 
63 10 A7 08 23 2A D6 00 23 28 D6 00 23 A6 E6 00 
23 A4 E6 00 13 08 10 00 13 E7 17 00 23 A2 E6 00 
33 87 F6 00 23 20 F7 00 E3 14 08 F6 13 07 F0 1F 
63 60 F7 06 93 D7 37 00 93 D5 27 40 13 07 10 00 
33 17 B7 00 83 25 46 00 93 87 17 00 93 97 37 00 
B3 07 F6 00 33 67 B7 00 23 22 E6 00 03 A7 07 00 
13 86 87 FF 23 A6 C6 00 23 A4 E6 00 23 A0 D7 00 
23 26 D7 00 6F F0 DF F1 13 08 10 00 6F F0 1F F6 
83 A5 C5 00 23 26 B7 00 23 A4 E5 00 6F F0 DF F8 
93 D5 97 00 13 07 40 00 63 68 B7 04 13 D7 67 00 
13 07 87 03 93 05 17 00 93 95 35 00 B3 05 B6 00 
13 85 85 FF 83 A5 05 00 63 14 B5 08 93 07 10 00 
13 57 27 40 33 97 E7 00 83 27 46 00 33 67 F7 00 
23 22 E6 00 23 A6 A6 00 23 A4 B6 00 23 24 D5 00 
23 A6 D5 00 6F F0 DF EA 13 07 40 01 63 66 B7 00 
13 87 B5 05 6F F0 1F FB 13 07 40 05 63 68 B7 00 
13 D7 C7 00 13 07 E7 06 6F F0 DF F9 13 07 40 15 
63 68 B7 00 13 D7 F7 00 13 07 77 07 6F F0 9F F8 
13 05 40 55 13 07 E0 07 E3 6E B5 F6 13 D7 27 01 
13 07 C7 07 6F F0 1F F7 83 A5 85 00 63 08 B5 00 
03 A7 45 00 13 77 C7 FF E3 E8 E7 FE 03 A5 C5 00 
6F F0 5F F8 67 80 00 00 83 27 86 00 63 98 07 00 
93 07 00 00 13 85 07 00 67 80 00 00 83 D7 C5 00 
13 01 01 FB 23 24 81 04 23 20 21 05 23 2A 51 03 
23 26 11 04 23 22 91 04 23 2E 31 03 23 2C 41 03 
23 28 61 03 23 26 71 03 23 24 81 03 23 22 91 03 
23 20 A1 03 23 2E B1 01 93 F7 87 00 93 0A 06 00 
13 84 05 00 13 09 05 00 63 82 07 0E 83 A7 05 01 
63 8E 07 0C 83 57 C4 00 03 AA 0A 00 13 F7 27 00 
63 1A 07 16 93 F7 17 00 63 84 07 20 93 0B 00 00 
13 05 00 00 13 0B 00 00 93 09 00 00 63 84 09 36 
63 12 05 02 13 86 09 00 93 05 A0 00 13 05 0B 00 
EF 20 C0 78 93 8B 19 00 63 06 05 00 13 05 15 00 
B3 0B 65 41 13 8C 0B 00 63 F4 79 01 13 8C 09 00 
03 25 04 00 83 27 04 01 83 26 44 01 63 FE A7 32 
83 24 84 00 B3 84 96 00 63 D8 84 33 93 05 0B 00 
13 86 04 00 EF 20 50 04 83 27 04 00 93 05 04 00 
13 05 09 00 B3 87 97 00 23 20 F4 00 EF F0 9F 86 
63 16 05 16 B3 8B 9B 40 13 05 10 00 63 9A 0B 00 
93 05 04 00 13 05 09 00 EF F0 DF 84 63 18 05 14 
83 A7 8A 00 33 0B 9B 00 B3 89 99 40 B3 84 97 40 
23 A4 9A 00 E3 9C 04 F4 6F 00 80 06 93 05 04 00 
13 05 09 00 EF F0 CF B5 93 07 F0 FF E3 0C 05 F0 
6F 00 40 05 83 29 0A 00 83 24 4A 00 13 0A 8A 00 
E3 8A 04 FE 93 86 04 00 63 74 9B 00 93 06 0B 00 
83 27 44 02 83 25 C4 01 13 86 09 00 13 05 09 00 
E7 80 07 00 63 54 A0 0E 83 A7 8A 00 B3 89 A9 00 
B3 84 A4 40 33 85 A7 40 23 A4 AA 00 E3 12 05 FC 
93 07 00 00 83 20 C1 04 03 24 81 04 83 24 41 04 
03 29 01 04 83 29 C1 03 03 2A 81 03 83 2A 41 03 
03 2B 01 03 83 2B C1 02 03 2C 81 02 83 2C 41 02 
03 2D 01 02 83 2D C1 01 13 85 07 00 13 01 01 05 
67 80 00 00 37 0B 00 80 93 09 00 00 93 04 00 00 
13 4B 0B C0 6F F0 DF F6 03 2B 0A 00 83 24 4A 00 
13 0A 8A 00 E3 8A 04 FE 03 57 C4 00 83 27 84 00 
03 25 04 00 93 76 07 20 63 88 06 14 63 E2 F4 0C 
93 76 07 48 63 8E 06 0A 83 2D 44 01 83 25 04 01 
B3 8D BC 03 B3 09 B5 40 93 87 19 00 B3 87 97 00 
B3 CD AD 03 63 F4 FD 00 93 8D 07 00 13 77 07 40 
63 04 07 0E 93 85 0D 00 13 05 09 00 EF C0 CF D7 
63 10 05 04 93 07 C0 00 23 20 F9 00 83 57 C4 00 
93 E7 07 04 23 16 F4 00 93 07 F0 FF 6F F0 9F F2 
B7 0B 00 80 13 CC EB FF 13 0B 00 00 93 04 00 00 
93 CB FB FF 93 0C 30 00 13 0D 20 00 6F F0 9F F6 
83 25 04 01 13 86 09 00 23 26 A1 00 EF 20 40 5A 
03 57 C4 00 83 27 C1 00 13 77 F7 B7 13 67 07 08 
23 16 E4 00 23 28 F4 00 23 2A B4 01 B3 87 37 01 
B3 8D 3D 41 23 20 F4 00 23 24 B4 01 93 87 04 00 
93 89 04 00 63 F4 F4 00 93 87 04 00 03 25 04 00 
13 86 07 00 93 05 0B 00 23 26 F1 00 EF 20 C0 62 
03 27 84 00 83 27 C1 00 33 07 F7 40 23 24 E4 00 
03 27 04 00 B3 07 F7 00 23 20 F4 00 83 A7 8A 00 
33 0B 3B 01 B3 84 34 41 B3 89 37 41 23 A4 3A 01 
E3 9A 09 EC 6F F0 DF E6 13 86 0D 00 13 05 09 00 
EF 30 80 4B 93 07 05 00 E3 1E 05 F6 83 25 04 01 
13 05 09 00 EF F0 9F A4 83 57 C4 00 93 F7 F7 F7 
23 16 F4 00 6F F0 1F F0 03 27 04 01 63 66 A7 00 
83 26 44 01 63 F6 D4 04 93 89 07 00 63 F4 F4 00 
93 89 04 00 13 86 09 00 93 05 0B 00 EF 20 C0 59 
83 27 84 00 03 27 04 00 B3 87 37 41 33 07 37 01 
23 24 F4 00 23 20 E4 00 E3 9A 07 F6 93 05 04 00 
13 05 09 00 EF F0 0F DB E3 02 05 F6 6F F0 1F EB 
93 87 04 00 63 74 9C 00 93 87 0B 00 B3 C7 D7 02 
03 27 44 02 83 25 C4 01 13 06 0B 00 13 05 09 00 
B3 86 D7 02 E7 00 07 00 93 09 05 00 E3 48 A0 F2 
6F F0 DF E7 03 2B 0A 00 83 29 4A 00 13 05 00 00 
13 0A 8A 00 6F F0 9F C8 63 42 DC 02 83 27 44 02 
83 25 C4 01 13 06 0B 00 13 05 09 00 E7 80 07 00 
93 04 05 00 E3 40 A0 CE 6F F0 5F E4 13 06 0C 00 
93 05 0B 00 EF 20 40 4F 83 27 84 00 93 04 0C 00 
B3 87 87 41 23 24 F4 00 83 27 04 00 B3 87 87 01 
23 20 F4 00 6F F0 1F CB 13 01 01 FD 23 24 81 02 
23 20 21 03 23 2C 41 01 23 2A 51 01 23 26 11 02 
23 22 91 02 23 2E 31 01 13 04 05 2E 13 09 00 00 
13 0A 10 00 93 0A F0 FF 63 16 04 02 83 20 C1 02 
03 24 81 02 13 05 09 00 83 24 41 02 03 29 01 02 
83 29 C1 01 03 2A 81 01 83 2A 41 01 13 01 01 03 
67 80 00 00 83 24 84 00 83 29 44 00 93 89 F9 FF 
63 D6 09 00 03 24 04 00 6F F0 1F FC 83 D7 C4 00 
63 70 FA 02 83 97 E4 00 63 8C 57 01 13 85 04 00 
23 26 B1 00 E7 80 05 00 83 25 C1 00 33 69 A9 00 
93 84 84 06 6F F0 9F FC 13 01 01 FD 23 24 81 02 
23 20 21 03 23 2C 41 01 23 2A 51 01 23 28 61 01 
23 26 71 01 23 26 11 02 23 22 91 02 23 2E 31 01 
13 0A 05 00 93 8A 05 00 13 04 05 2E 13 09 00 00 
13 0B 10 00 93 0B F0 FF 63 1A 04 02 83 20 C1 02 
03 24 81 02 13 05 09 00 83 24 41 02 03 29 01 02 
83 29 C1 01 03 2A 81 01 83 2A 41 01 03 2B 01 01 
83 2B C1 00 13 01 01 03 67 80 00 00 83 24 84 00 
83 29 44 00 93 89 F9 FF 63 D6 09 00 03 24 04 00 
6F F0 9F FB 83 D7 C4 00 63 7E FB 00 83 97 E4 00 
63 8A 77 01 93 85 04 00 13 05 0A 00 E7 80 0A 00 
33 69 A9 00 93 84 84 06 6F F0 DF FC 93 07 45 01 
13 05 25 00 23 1F 05 FE E3 1C F5 FE 67 80 00 00 
93 07 00 00 13 07 40 01 B3 06 F5 00 03 D6 06 00 
B3 86 F5 00 93 87 27 00 23 90 C6 00 E3 96 E7 FE 
67 80 00 00 93 07 A5 01 13 05 25 00 23 1F 05 FE 
E3 1C F5 FE 67 80 00 00 93 07 00 00 13 07 80 01 
B3 06 F5 00 03 D6 06 00 B3 86 F5 00 93 87 27 00 
23 90 C6 00 E3 96 E7 FE 23 9C 05 00 67 80 00 00 
93 07 40 00 13 06 A0 01 33 07 F5 00 83 56 07 00 
33 87 F5 00 03 57 07 00 63 8A E6 00 13 05 10 00 
63 6C D7 00 13 05 F0 FF 67 80 00 00 93 87 27 00 
E3 9C C7 FC 13 05 00 00 67 80 00 00 93 06 45 00 
93 07 00 00 13 05 A5 01 37 86 FF FF 03 D7 06 00 
93 75 17 00 63 84 05 00 93 E7 17 00 93 F5 27 00 
13 57 17 00 63 90 05 02 93 97 17 00 23 90 E6 00 
93 97 07 01 93 86 26 00 93 D7 07 01 E3 18 D5 FC 
67 80 00 00 33 67 C7 00 6F F0 1F FE 93 06 65 01 
13 07 00 00 83 D7 26 00 13 96 07 01 13 56 06 41 
63 54 06 00 13 67 17 00 93 97 17 00 93 97 07 01 
13 76 27 00 93 D7 07 01 63 10 06 02 13 17 17 00 
23 91 F6 00 13 17 07 01 93 86 E6 FF 13 57 07 01 
E3 12 D5 FC 67 80 00 00 93 E7 17 00 6F F0 1F FE 
93 07 45 00 13 07 00 00 13 05 A5 01 83 D6 07 00 
93 87 27 00 13 D6 86 00 33 67 C7 00 23 9F E7 FE 
13 97 86 00 13 17 07 01 13 57 07 01 E3 10 F5 FE 
67 80 00 00 93 07 65 01 13 07 00 00 83 D6 27 00 
93 87 E7 FF 13 96 86 00 33 67 C7 00 23 92 E7 00 
13 D7 86 00 E3 14 F5 FE 67 80 00 00 93 07 45 00 
13 07 85 01 93 87 27 00 83 D6 07 00 23 9F D7 FE 
E3 1A F7 FE 23 1C 05 00 67 80 00 00 93 07 85 01 
13 07 45 00 93 87 E7 FF 83 D6 07 00 23 91 D7 00 
E3 1A F7 FE 23 12 05 00 67 80 00 00 93 85 85 01 
13 07 65 01 93 06 00 00 83 57 27 00 03 D6 05 00 
13 07 E7 FF 93 85 E5 FF B3 87 C7 00 B3 87 D7 00 
23 91 F5 00 93 D7 07 01 93 F6 17 00 E3 1E E5 FC 
67 80 00 00 93 85 85 01 13 07 65 01 93 06 00 00 
83 D7 05 00 13 07 E7 FF 93 85 E5 FF B3 87 D7 40 
83 56 47 00 B3 87 D7 40 23 91 F5 00 93 D7 07 01 
93 F6 17 00 E3 1E E5 FC 67 80 00 00 13 01 01 FE 
37 03 01 00 93 88 85 01 23 1D 01 00 23 1E 01 00 
93 85 45 00 93 06 C1 01 13 03 F3 FF 03 D7 08 00 
93 86 E6 FF 93 88 E8 FF 63 1C 07 02 23 9F 06 FE 
E3 96 15 FF 93 07 40 00 13 07 A0 01 93 05 41 00 
B3 85 F5 00 83 D5 05 00 B3 06 F6 00 93 87 27 00 
23 90 B6 00 E3 94 E7 FE 13 01 01 02 67 80 00 00 
33 07 A7 02 03 D8 26 00 B3 77 67 00 B3 87 07 01 
13 D8 07 01 23 91 F6 00 93 57 07 01 03 D7 06 00 
B3 87 E7 00 B3 87 07 01 23 90 F6 00 93 D7 07 01 
23 9F F6 FE 6F F0 DF F9 83 57 25 01 93 C7 F7 FF 
13 97 17 01 63 1C 07 00 93 07 25 01 13 05 25 00 
03 57 E5 FF 63 18 07 00 E3 9A A7 FE 13 05 00 00 
67 80 00 00 13 05 10 00 67 80 00 00 13 01 01 FF 
23 24 81 00 23 26 11 00 13 04 05 00 EF F0 DF FB 
63 1E 05 00 03 15 24 01 13 55 F5 01 83 20 C1 00 
03 24 81 00 13 01 01 01 67 80 00 00 13 05 00 00 
6F F0 DF FE 83 17 25 01 13 01 01 FF 23 26 11 00 
23 24 81 00 23 22 91 00 23 20 21 01 63 D8 07 06 
93 07 F0 FF 23 90 F5 00 03 57 25 01 B7 87 00 00 
93 87 F7 FF 33 F7 E7 00 23 91 E5 00 13 09 05 01 
63 16 F7 06 13 84 05 00 93 04 05 00 EF F0 DF F4 
63 02 05 04 93 07 64 00 23 12 04 00 13 85 C4 FF 
13 09 E9 FF 03 57 29 00 93 87 27 00 23 9F E7 FE 
E3 18 A9 FE 83 20 C1 00 03 24 81 00 83 24 41 00 
03 29 01 00 13 01 01 01 67 80 00 00 23 90 05 00 
6F F0 9F F9 93 07 44 00 93 05 A4 01 93 87 27 00 
23 9F 07 FE E3 9C B7 FE 6F F0 DF FC 93 87 65 00 
23 92 05 00 13 05 E5 FF 13 09 E9 FF 03 57 29 00 
93 87 27 00 23 9F E7 FE E3 18 A9 FE 23 9C 05 00 
6F F0 5F FA 13 01 01 FB 23 22 91 04 23 20 21 05 
23 26 11 04 23 24 81 04 13 09 05 00 93 84 05 00 
EF F0 9F EA 63 10 05 0E 13 85 04 00 EF F0 DF E9 
13 04 05 00 63 18 05 0C 93 05 81 00 13 05 09 00 
EF F0 5F EF 93 05 41 02 13 85 04 00 EF F0 9F EE 
03 57 81 00 83 57 41 02 63 80 E7 06 93 07 20 00 
93 06 80 01 13 06 81 00 33 06 F6 00 03 56 06 00 
63 1C 06 02 13 06 41 02 33 06 F6 00 03 56 06 00 
63 14 06 02 93 87 27 00 E3 9E D7 FC 13 05 04 00 
83 20 C1 04 03 24 81 04 83 24 41 04 03 29 01 04 
13 01 01 05 67 80 00 00 13 04 10 00 E3 00 07 FE 
13 04 F0 FF 6F F0 9F FD 13 07 10 00 63 84 07 00 
13 07 F0 FF 93 07 00 00 93 05 80 01 93 06 81 00 
B3 86 F6 00 03 D6 06 00 93 06 41 02 B3 86 F6 00 
83 D6 06 00 63 0A D6 00 13 04 07 00 E3 E0 C6 FA 
33 04 E0 40 6F F0 9F F9 93 87 27 00 E3 98 B7 FC 
6F F0 DF F8 13 04 E0 FF 6F F0 5F F8 83 57 25 01 
93 C7 F7 FF 13 97 17 01 63 10 07 02 13 01 01 FF 
23 26 11 00 EF F0 5F DA 83 20 C1 00 13 35 15 00 
13 01 01 01 67 80 00 00 13 05 00 00 67 80 00 00 
13 07 25 01 93 07 05 00 93 87 27 00 23 9F 07 FE 
E3 9C E7 FE 83 57 25 01 37 87 00 00 13 07 F7 FF 
B3 E7 E7 00 23 19 F5 00 67 80 00 00 13 01 01 FE 
23 2C 81 00 23 26 31 01 23 2E 11 00 23 2A 91 00 
23 28 21 01 23 24 41 01 23 22 51 01 93 09 05 00 
13 84 05 00 63 D2 05 10 33 09 B0 40 13 0A 09 00 
93 04 00 00 93 0A F0 00 63 CE 4A 03 13 59 49 00 
93 05 00 FF B3 05 B9 02 13 0A 70 00 33 84 85 40 
13 09 04 00 63 4C 2A 03 93 55 34 00 93 07 80 FF 
B3 85 F5 02 33 84 85 00 63 1E 04 02 33 35 90 00 
6F 00 40 09 83 D7 89 01 13 85 09 00 13 0A 0A FF 
B3 E4 F4 00 EF F0 9F BA 6F F0 1F FB 83 C7 89 01 
13 85 09 00 13 09 89 FF B3 E4 97 00 EF F0 5F B1 
6F F0 5F FB 83 D7 89 01 13 85 09 00 13 04 F4 FF 
93 F7 17 00 B3 E4 97 00 EF F0 5F A5 6F F0 DF FA 
13 85 09 00 EF F0 9F B4 93 84 04 FF E3 4A 99 FE 
93 55 44 00 93 07 00 FF B3 85 F5 02 13 09 70 00 
33 04 B4 00 93 04 04 00 63 46 99 04 93 55 34 00 
93 07 80 FF B3 85 F5 02 33 04 B4 00 63 14 04 04 
13 05 00 00 83 20 C1 01 03 24 81 01 83 24 41 01 
03 29 01 01 83 29 C1 00 03 2A 81 00 83 2A 41 00 
13 01 01 02 67 80 00 00 93 84 05 00 13 09 F0 00 
6F F0 DF F9 13 85 09 00 EF F0 DF AA 93 84 84 FF 
6F F0 9F FA 13 85 09 00 EF F0 5F A1 13 04 F4 FF 
6F F0 DF FA 83 57 45 00 13 01 01 FF 23 22 91 00 
23 26 11 00 23 24 81 00 23 20 21 01 93 04 05 00 
63 80 07 02 93 F7 07 F0 13 04 00 00 63 86 07 00 
EF F0 1F A3 13 04 80 FF 13 09 F0 F6 6F 00 40 09 
83 17 65 00 13 04 00 00 13 09 00 0A 63 D8 07 02 
13 05 04 00 83 20 C1 00 03 24 81 00 83 24 41 00 
03 29 01 00 13 01 01 01 67 80 00 00 13 85 04 00 
13 04 04 01 EF F0 9F A4 E3 0C 24 FD 83 D7 64 00 
E3 86 07 FE 83 D7 64 00 93 F7 07 F0 63 82 07 02 
13 09 00 0A 83 97 64 00 E3 CC 07 FA 13 85 04 00 
13 04 14 00 EF F0 9F 96 E3 56 89 FE 6F F0 5F FA 
13 85 04 00 EF F0 1F 9E 13 04 84 00 6F F0 9F FC 
13 85 04 00 13 04 F4 FF EF F0 5F 8F E3 02 24 F9 
83 D7 44 00 E3 96 07 FE 6F F0 9F F7 13 07 05 01 
93 07 05 00 93 87 27 00 23 9F 07 FE E3 9C E7 FE 
B7 C7 FF 7F 23 28 F5 00 67 80 00 00 13 07 05 00 
83 56 07 00 13 85 05 00 83 57 27 00 63 86 06 00 
B7 86 FF FF B3 E7 D7 00 23 19 F5 00 03 56 27 00 
B7 86 00 00 93 86 F6 FF 93 07 67 00 63 1E D6 00 
13 07 A7 01 83 D6 07 00 63 98 06 02 93 87 27 00 
E3 9A E7 FE 6F F0 DF D3 13 05 05 01 13 07 87 01 
93 87 27 00 83 D6 E7 FF 13 05 E5 FF 23 11 D5 00 
E3 98 E7 FE 67 80 00 00 6F F0 5F F7 13 01 01 FD 
23 22 91 02 93 04 05 00 13 05 41 00 23 24 81 02 
23 26 11 02 13 84 05 00 EF F0 CF FB 03 D7 E4 00 
93 17 07 01 93 D7 07 41 63 C2 07 04 23 12 01 00 
B7 86 00 00 93 86 F6 FF 33 77 D7 00 93 87 E4 00 
63 1C D7 06 13 87 04 00 83 56 07 00 63 86 06 02 
13 05 04 00 EF F0 9F F1 83 20 C1 02 03 24 81 02 
83 24 41 02 13 01 01 03 67 80 00 00 93 07 F0 FF 
23 12 F1 00 6F F0 DF FB 13 07 27 00 E3 96 E7 FC 
13 05 04 00 EF F0 8F F1 13 05 04 00 EF F0 5F C8 
83 97 E4 00 E3 D2 07 FC 13 05 04 00 EF F0 DF 9F 
E3 1C 05 FA 83 57 24 01 37 87 FF FF B3 C7 E7 00 
23 19 F4 00 6F F0 5F FA 23 13 E1 00 93 06 41 00 
93 87 E7 FF 03 D6 07 00 93 86 26 00 23 92 C6 00 
E3 98 F4 FE 63 1C 07 00 23 14 01 00 93 05 04 00 
13 05 41 00 EF F0 9F EA 6F F0 1F F7 93 07 10 00 
93 05 F0 FF 13 05 41 00 23 14 F1 00 EF F0 1F C4 
6F F0 DF FD 13 01 01 FE 23 2C 81 00 23 2A 91 00 
23 28 21 01 23 26 31 01 23 24 41 01 23 22 51 01 
13 89 06 00 13 84 07 00 23 2E 11 00 93 04 05 00 
93 89 05 00 13 0A 06 00 93 0A 07 00 EF F0 9F D5 
93 07 00 09 33 09 A9 40 63 D4 A7 04 B7 87 00 00 
93 87 E7 FF 63 CC 27 05 93 87 24 00 93 84 A4 01 
93 87 27 00 23 9F 07 FE E3 9C 97 FE 83 20 C1 01 
03 24 81 01 83 24 41 01 03 29 01 01 83 29 C1 00 
03 2A 81 00 83 2A 41 00 13 01 01 02 67 80 00 00 
63 5E 09 00 93 07 00 F7 63 44 F9 18 93 05 09 00 
13 85 04 00 EF F0 9F B9 63 18 05 18 63 80 0A 14 
03 27 44 00 83 27 04 00 63 06 F7 06 13 05 A4 01 
EF F0 4F E1 83 27 44 00 13 07 80 03 63 86 E7 1C 
63 48 F7 16 13 07 80 01 63 8E E7 1E 13 07 50 03 
63 8A E7 1C 13 07 C0 00 23 24 E4 00 37 07 01 80 
13 07 F7 FF 23 2A E4 00 13 07 10 00 23 1C E4 00 
13 07 B0 00 23 26 E4 00 03 27 C4 00 83 56 84 01 
13 07 87 00 13 17 17 00 33 07 E4 00 23 15 D7 00 
23 20 F4 00 63 42 20 03 03 27 44 00 93 07 00 09 
63 0C F7 00 83 D7 84 01 13 85 04 00 93 F7 17 00 
B3 E9 F9 00 EF F0 8F E0 83 26 84 00 03 56 44 01 
83 25 44 00 13 97 16 00 33 87 E4 00 83 57 07 00 
B3 F7 C7 00 13 06 F0 08 63 4A B6 00 93 86 16 00 
13 06 07 00 93 05 C0 00 63 D2 D5 16 83 56 44 01 
03 56 07 00 93 C6 F6 FF B3 F6 C6 00 23 10 D7 00 
03 57 64 01 B3 76 F7 00 63 84 06 02 63 10 F7 16 
63 9C 09 14 83 27 C4 00 03 57 84 01 93 97 17 00 
B3 87 F4 00 83 D7 07 00 B3 F7 E7 00 63 90 07 14 
63 4C 20 01 03 27 44 00 93 07 00 09 63 06 F7 00 
13 85 04 00 EF F0 8F DC 83 D7 44 00 63 88 07 00 
13 85 04 00 EF F0 8F D6 13 09 19 00 B7 87 00 00 
23 9C 04 00 93 87 E7 FF 63 DA 27 11 B7 87 FF FF 
93 C7 F7 FF 23 91 F4 00 93 87 44 00 93 84 84 01 
23 90 07 00 93 87 27 00 E3 9C F4 FE 6F F0 1F E5 
93 87 24 00 93 84 A4 01 93 87 27 00 23 9F 07 FE 
E3 9C 97 FE 6F F0 9F E3 93 09 10 00 6F F0 1F E7 
13 07 00 04 63 88 E7 02 13 07 10 07 E3 9C E7 E8 
37 87 00 40 13 07 F7 FF 93 06 A0 00 23 2A E4 00 
23 24 D4 00 37 87 FF FF 23 1C E4 00 23 26 D4 00 
6F F0 9F E9 13 07 70 00 23 24 E4 00 37 07 01 80 
13 07 F7 FF 23 2A E4 00 13 07 10 00 23 1C E4 00 
13 07 60 00 6F F0 1F E7 93 06 60 00 37 07 80 00 
13 07 F7 0F 23 2A E4 00 23 24 D4 00 13 07 00 10 
6F F0 9F FB 37 07 00 04 13 07 F7 7F 93 06 60 00 
23 2A E4 00 37 17 00 00 23 24 D4 00 13 07 07 80 
6F F0 9F F9 93 06 40 00 6F F0 5F FC 03 55 26 00 
63 04 05 00 93 E7 17 00 23 11 06 00 93 86 16 00 
13 06 26 00 6F F0 5F E8 E3 14 0A EC 93 85 04 00 
13 05 A4 01 EF F0 8F D8 6F F0 9F EB 63 56 09 00 
23 91 04 00 6F F0 9F D5 23 91 24 01 6F F0 1F D5 
13 01 01 FE 23 24 41 01 03 5A 25 00 23 2C 81 00 
13 84 05 00 23 2E 11 00 23 2A 91 00 23 28 21 01 
23 22 51 01 23 20 61 01 13 09 06 00 13 0B 46 03 
23 26 31 01 93 0A 05 00 EF F0 DF A3 83 54 24 00 
33 0A AA 40 13 05 04 00 EF F0 DF A2 B3 84 A4 40 
13 05 0B 00 EF F0 0F B6 63 D2 44 05 13 05 04 00 
03 24 81 01 83 20 C1 01 83 29 C1 00 03 2A 81 00 
83 2A 41 00 03 2B 01 00 93 07 09 00 93 86 04 00 
03 29 01 01 83 24 41 01 13 07 00 00 13 06 00 00 
93 05 00 00 13 01 01 02 6F F0 DF C4 93 05 04 00 
13 85 0A 00 EF F0 CF B4 93 09 00 00 63 4A A0 00 
93 05 04 00 13 85 0A 00 EF F0 CF CE 93 09 10 00 
13 05 0B 00 EF F0 8F BB 83 57 C9 04 13 05 04 00 
93 84 F4 FF B3 E9 F9 00 23 16 39 05 EF F0 0F BA 
6F F0 9F F7 13 01 01 F7 23 24 81 08 23 22 91 08 
23 20 21 09 23 2C 41 07 23 26 11 08 23 2E 31 07 
23 2A 51 07 23 28 61 07 23 26 71 07 23 24 81 07 
13 09 05 00 13 84 05 00 93 04 06 00 13 8A 06 00 
EF F0 8F D5 63 00 05 04 93 85 04 00 13 05 09 00 
EF F0 0F A6 83 20 C1 08 03 24 81 08 83 24 41 08 
03 29 01 08 83 29 C1 07 03 2A 81 07 83 2A 41 07 
03 2B 01 07 83 2B C1 06 03 2C 81 06 13 01 01 09 
67 80 00 00 13 05 04 00 EF F0 0F D1 63 08 05 00 
93 85 04 00 13 05 04 00 6F F0 9F FB 13 05 09 00 
EF F0 CF F3 63 14 05 06 13 05 04 00 EF F0 0F F3 
63 0C 05 00 B7 15 02 00 93 85 85 74 13 05 09 00 
EF F0 4F E1 63 0E 05 04 13 05 09 00 EF F0 0F F1 
63 18 05 00 13 05 04 00 EF F0 4F F0 63 0C 05 04 
13 05 09 00 EF F0 8F CE 13 09 05 00 13 05 04 00 
EF F0 CF CD 63 0C A9 02 B7 87 FF FF 23 99 F4 00 
13 85 04 00 EF F0 CF F0 6F F0 DF F4 B7 15 02 00 
93 85 85 74 13 05 04 00 EF F0 CF DB E3 16 05 F8 
13 85 04 00 EF F0 9F 94 6F F0 DF F2 23 99 04 00 
6F F0 1F FD 93 05 C1 00 13 05 09 00 EF F0 8F CC 
13 05 04 00 93 05 81 02 EF F0 CF CB 83 59 E1 00 
03 54 A1 02 63 8A 09 0E 83 57 A1 02 13 0B 04 00 
63 80 07 10 83 27 81 02 13 09 4A 03 93 0B EA 04 
23 2A FA 02 93 07 8A 03 23 90 07 00 93 87 27 00 
E3 9C 77 FF 13 04 C1 00 13 0C 81 FF 93 0A 00 00 
03 55 84 01 63 0E 05 00 93 05 81 02 13 06 41 04 
EF F0 CF B5 93 05 09 00 13 05 41 04 EF F0 0F AE 
83 57 CA 04 13 05 09 00 13 04 E4 FF B3 EA FA 00 
EF F0 CF AA E3 16 8C FC 93 05 09 00 93 07 81 02 
03 D7 05 00 93 85 25 00 93 87 27 00 23 9F E7 FE 
E3 98 75 FF B7 C6 FF FF B3 89 69 01 93 86 26 00 
93 07 0A 00 13 07 00 04 B3 86 D9 00 13 06 00 00 
93 85 0A 00 13 05 81 02 EF F0 DF 9F 03 57 C1 00 
83 57 81 02 63 1A F7 06 23 14 01 02 93 85 04 00 
13 05 81 02 EF F0 9F 86 6F F0 DF E2 93 87 27 00 
83 D6 27 00 63 8E 06 00 13 05 C1 00 EF F0 8F F5 
B3 09 A0 40 6F F0 5F F1 93 07 C1 00 13 07 01 02 
E3 9E E7 FC 13 85 04 00 EF F0 4F 84 6F F0 9F DF 
93 07 81 02 13 07 C1 03 E3 86 E7 FE 93 87 27 00 
83 D6 27 00 E3 8A 06 FE 13 05 81 02 EF F0 8F F1 
33 0B A4 40 6F F0 1F EE 93 07 F0 FF 23 14 F1 02 
6F F0 DF F8 13 01 01 F7 23 24 81 08 23 22 91 08 
23 20 21 09 23 2A 51 07 23 26 11 08 23 2E 31 07 
23 2C 41 07 23 28 61 07 23 26 71 07 23 24 81 07 
23 22 91 07 13 09 05 00 13 84 05 00 93 04 06 00 
93 8A 06 00 EF F0 4F AC 63 02 05 04 93 85 04 00 
13 05 09 00 EF E0 DF FC 83 20 C1 08 03 24 81 08 
83 24 41 08 03 29 01 08 83 29 C1 07 03 2A 81 07 
83 2A 41 07 03 2B 01 07 83 2B C1 06 03 2C 81 06 
83 2C 41 06 13 01 01 09 67 80 00 00 13 05 04 00 
EF F0 8F A7 63 08 05 00 93 85 04 00 13 05 04 00 
6F F0 5F FB B7 19 02 00 93 85 89 74 13 05 09 00 
EF F0 4F B9 63 06 05 04 13 05 09 00 EF F0 0F C9 
93 09 05 00 13 05 04 00 EF F0 4F C8 63 98 09 04 
63 0E 05 04 13 05 09 00 EF F0 4F A6 13 09 05 00 
13 05 04 00 EF F0 8F A5 63 0A A9 20 B7 87 FF FF 
23 99 F4 00 13 85 04 00 EF F0 8F C8 6F F0 DF F5 
93 85 89 74 13 05 04 00 EF F0 CF B3 E3 16 05 FA 
13 85 04 00 EF F0 8F EC 6F F0 1F F4 E3 1A 05 FE 
13 85 04 00 EF E0 9F EE 6F F0 1F F3 13 05 09 00 
93 05 C1 00 EF F0 0F A4 13 05 04 00 93 05 81 02 
EF F0 4F A3 03 59 A1 02 03 54 E1 00 63 0A 09 14 
83 57 E1 00 93 0B 04 00 63 86 07 18 03 27 81 02 
93 87 8A 03 13 8B EA 04 23 AA EA 02 93 89 07 00 
93 87 27 00 23 9F 07 FE E3 9C 67 FF 13 05 81 02 
EF E0 DF F3 03 5C 21 01 37 0A 01 00 13 0A FA FF 
B3 0C 4C 03 83 57 C1 02 03 54 E1 02 93 97 07 01 
B3 87 87 00 13 04 0A 00 63 E8 FC 00 33 D4 87 03 
13 14 04 01 13 54 04 01 93 05 C1 00 13 05 04 00 
13 06 41 04 EF F0 8F 8A 93 05 81 02 13 05 41 04 
EF E0 1F EB 63 56 A0 02 93 05 41 04 13 05 C1 00 
EF F0 4F 85 93 05 81 02 13 05 41 04 EF E0 5F E9 
63 4A A0 10 13 04 F4 FF 13 14 04 01 13 54 04 01 
93 05 81 02 13 05 41 04 EF F0 CF 82 13 05 81 02 
23 90 89 00 93 89 29 00 EF E0 5F FA E3 1C 3B F7 
13 07 81 02 93 06 E1 03 93 07 07 00 93 05 00 00 
03 D6 47 00 93 87 27 00 B3 E5 C5 00 E3 9A F6 FE 
B3 35 B0 00 93 87 4A 03 83 D6 07 00 93 87 27 00 
13 07 27 00 23 1F D7 FE E3 18 FB FE B7 46 00 00 
33 09 79 41 93 86 F6 FF 93 87 0A 00 13 07 00 04 
B3 06 D9 00 13 06 00 00 13 05 81 02 EF F0 8F EF 
03 57 C1 00 83 57 81 02 63 1C F7 08 23 14 01 02 
93 85 04 00 13 05 81 02 EF F0 4F D6 6F F0 DF DB 
93 07 81 02 13 07 C1 03 E3 8C E7 E6 93 87 27 00 
83 D6 27 00 E3 8A 06 FE 13 05 81 02 EF F0 8F C4 
33 09 A0 40 6F F0 DF E8 93 87 27 00 83 D6 27 00 
63 8E 06 00 13 05 C1 00 EF F0 CF C2 B3 0B A4 40 
6F F0 DF E7 93 07 C1 00 13 07 01 02 E3 9E E7 FC 
03 57 C1 00 83 57 81 02 E3 1A F7 DE 23 99 04 00 
6F F0 5F DF 13 04 E4 FF 13 14 04 01 93 05 41 04 
13 05 C1 00 13 54 04 01 EF E0 DF F1 6F F0 5F EE 
93 07 F0 FF 23 14 F1 02 6F F0 9F F6 03 AE 05 00 
03 A3 45 00 83 A8 85 00 83 A5 C5 00 13 01 01 E2 
23 2C 81 1C 23 26 B1 02 13 84 07 00 83 25 05 04 
93 07 F0 FF 23 28 F1 14 93 07 00 09 23 24 41 1D 
23 20 61 1D 23 2A 91 1B 23 28 A1 1B 23 2E 11 1C 
23 2A 91 1C 23 28 21 1D 23 26 31 1D 23 22 51 1D 
23 2E 71 1B 23 2C 81 1B 23 26 B1 1B 23 28 01 01 
23 20 C1 03 23 22 61 02 23 24 11 03 23 2A F1 14 
13 0A 05 00 13 0B 06 00 93 8C 06 00 13 0D 07 00 
63 80 05 02 83 27 45 04 13 07 10 00 33 17 F7 00 
23 A2 F5 00 23 A4 E5 00 EF 10 40 0C 23 20 0A 04 
13 05 01 02 93 05 01 05 EF F0 4F C9 13 05 01 05 
EF E0 DF F5 63 00 05 0E 93 07 10 00 23 20 F4 00 
93 07 30 00 63 0C FB 0C 93 09 40 01 63 0A 0B 00 
93 89 FC FF 93 07 A0 02 63 D4 37 01 93 09 A0 02 
83 27 41 15 13 05 01 05 23 2A F1 00 EF E0 DF EE 
93 0B 05 00 63 08 05 0A B7 25 02 00 93 85 C5 99 
13 05 41 11 37 24 00 00 EF 20 C0 5D 13 04 F4 70 
83 27 41 01 13 05 01 05 23 20 81 16 23 2A F1 14 
EF F0 CF 8F 13 09 41 11 63 18 05 00 13 05 01 05 
EF E0 9F EA E3 0E 05 14 B7 27 00 00 93 87 F7 70 
23 20 FD 00 93 07 09 00 13 06 00 02 93 06 D0 02 
03 C7 07 00 E3 0C C7 18 E3 0A D7 18 93 04 09 00 
93 87 17 00 03 C7 F7 FF 93 86 14 00 A3 8F E6 FE 
E3 12 07 18 13 07 20 00 93 07 10 00 63 08 EB 00 
93 87 09 00 63 D4 89 00 93 07 04 00 93 06 00 03 
6F 00 50 17 23 20 04 00 6F F0 9F F2 93 89 0C 00 
6F F0 5F F3 93 07 00 09 93 05 C1 06 13 05 01 05 
23 2A F1 14 EF E0 DF B3 83 57 E1 07 23 20 01 00 
13 97 07 01 13 57 07 41 63 5E 07 00 93 97 17 01 
93 D7 17 01 23 1F F1 06 B7 07 01 00 93 87 F7 FF 
23 20 F1 00 37 14 02 00 13 05 84 74 93 05 81 08 
13 05 85 11 EF E0 DF AF 03 57 E1 07 37 29 02 00 
23 24 81 00 93 04 84 74 13 09 09 86 E3 12 07 1C 
93 07 C1 06 13 07 E1 07 83 D6 07 00 63 94 06 10 
93 87 27 00 E3 1A F7 FE 13 04 00 00 93 05 01 0C 
13 05 81 08 EF E0 1F E1 93 05 81 08 13 05 01 0C 
EF E0 9F AE 93 05 01 0C 13 05 C1 06 EF E0 9F DF 
93 05 C1 06 13 05 01 0C EF E0 1F AD 13 06 01 15 
93 05 C1 06 13 05 81 08 EF F0 8F EF 83 54 C1 19 
63 9C 04 00 83 27 81 00 13 05 C1 06 93 85 87 74 
EF E0 5F E9 63 1C 05 66 83 27 01 00 63 8E 07 6A 
93 07 D0 02 23 0A F1 10 93 07 30 00 13 89 09 00 
63 1A FB 00 33 89 89 00 93 07 A0 02 63 D4 27 01 
13 09 A0 02 93 07 A0 00 63 9C F4 68 93 07 10 03 
A3 0A F1 10 93 07 E0 02 23 0B F1 10 93 04 71 11 
63 5A 20 01 93 07 00 03 A3 0B F1 10 13 09 F9 FF 
93 04 81 11 13 04 14 00 63 5E 09 66 B7 25 02 00 
13 06 04 00 93 85 05 9C 13 85 04 00 EF 20 80 3E 
6F F0 1F E1 B7 25 02 00 93 85 05 9B 6F F0 5F DF 
83 17 C1 07 63 C8 07 00 B7 25 02 00 93 85 C5 9B 
6F F0 1F DE 93 05 C1 06 13 05 09 00 EF E0 9F DE 
E3 0C 05 EE 63 5A 05 42 93 05 41 0A 13 05 C1 06 
EF E0 1F 9B B7 47 00 00 93 87 E7 08 23 1B F1 0A 
93 07 00 01 23 22 F1 00 B7 87 00 00 93 87 F7 FF 
23 2C F1 00 B7 C7 FF FF 93 87 27 00 13 04 00 00 
13 8C 44 0B 23 2E F1 00 93 06 01 15 13 06 81 08 
93 05 41 0A 13 05 0C 00 EF F0 DF 94 93 05 C1 03 
13 05 81 08 EF E0 DF 95 83 27 81 01 83 5A E1 04 
B3 FD FA 00 83 27 C1 01 B3 8D FD 00 63 4A B0 05 
13 05 01 0C EF E0 9F 92 93 9A 0A 01 93 DA 0A 41 
63 D4 0A 10 93 07 00 00 13 07 C1 03 33 07 F7 00 
83 56 07 00 13 07 01 0C 33 07 F7 00 03 57 07 00 
63 8C E6 36 13 05 09 00 EF E0 1F BF 63 02 05 08 
93 05 01 0C 13 05 09 00 EF E0 9F 8F 6F 00 C0 0C 
93 07 00 09 B3 8D B7 41 93 05 01 0C 13 05 C1 03 
EF E0 1F 8E 63 5A B0 0B 13 07 01 0C 93 87 0D 00 
93 06 F0 00 63 CE F6 02 93 D7 4D 00 13 97 17 00 
93 06 01 0C 33 87 E6 00 93 06 00 FF B3 87 D7 02 
83 56 07 00 B3 87 B7 01 93 97 17 00 B3 87 F4 00 
83 D7 C7 12 B3 F7 D7 00 23 10 F7 00 6F F0 DF F5 
23 10 07 00 93 87 07 FF 13 07 27 00 6F F0 9F FB 
13 05 01 0C EF E0 5F B6 63 08 05 00 93 05 01 0C 
13 85 05 00 6F F0 5F F7 13 05 09 00 EF E0 1F D9 
93 0A 05 00 13 05 01 0C EF E0 5F D8 93 0D 05 00 
63 84 0A 14 63 0C 05 10 13 05 09 00 EF E0 1F B6 
93 0A 05 00 13 05 01 0C EF E0 5F B5 63 90 AA 10 
13 05 01 0C EF E0 9F FE 93 07 00 00 13 07 81 08 
33 07 F7 00 83 56 07 00 13 07 01 0C 33 07 F7 00 
03 57 07 00 63 92 E6 02 93 87 27 00 13 07 20 01 
E3 9E E7 FC 93 05 41 0A 13 05 81 08 EF E0 4F FF 
83 27 41 00 33 04 F4 00 83 27 41 00 13 0C 4C 01 
93 8D 44 01 93 D7 17 00 23 22 F1 00 93 87 84 11 
E3 1C FC E4 83 57 61 0B 03 57 E1 07 93 05 C1 06 
13 05 41 0A B3 87 E7 00 37 C7 FF FF 13 07 27 F7 
B3 87 E7 00 23 1B F1 0A EF E0 8F FA 93 05 81 08 
13 05 0C 00 EF E0 CF F9 B7 1A 00 00 93 84 44 10 
93 05 41 0A 13 85 04 00 EF E0 DF BA E3 40 A0 CC 
93 05 41 0A 13 85 0D 00 EF E0 DF B9 63 48 A0 02 
13 06 41 0A 93 05 06 00 93 06 01 15 13 85 0D 00 
EF F0 4F F4 13 06 81 08 93 06 01 15 93 05 06 00 
13 85 0D 00 EF F0 0F CA 33 04 54 01 93 DA 1A 00 
E3 8E 9D C6 93 8D 4D 01 6F F0 9F FA 13 05 09 00 
93 05 01 0C EF E0 CF F2 13 05 01 0C EF E0 DF A0 
E3 1C 05 EE 83 57 21 0D 37 87 FF FF B3 C7 E7 00 
23 19 F1 0C 6F F0 5F EE E3 1A 05 E8 93 05 C1 0D 
13 05 09 00 EF E0 1F A5 93 05 81 0F 13 05 01 0C 
EF E0 5F A4 83 57 C1 0D 83 5A A1 0F 93 C7 F7 FF 
23 1E F1 0C 83 57 E1 0D B3 85 57 41 23 26 F1 00 
63 5A B0 02 93 05 41 11 13 05 81 0F EF E0 CF EF 
93 05 81 0F 13 05 C1 0D EF E0 0F EF 93 05 C1 0D 
13 05 41 11 EF E0 4F EE 83 27 C1 00 B3 85 FA 40 
83 5A A1 0F 63 88 05 04 93 07 F0 F6 63 C4 F5 08 
13 05 C1 0D EF E0 9F C1 23 26 A1 00 03 57 C1 0D 
83 57 81 0F 93 05 81 0F 13 05 C1 0D 63 18 F7 0C 
EF E0 DF 84 83 25 C1 00 93 07 01 15 13 07 00 04 
93 86 0A 00 13 86 0D 00 13 05 81 0F EF E0 9F FA 
6F 00 40 04 93 05 81 0F 13 05 C1 0D EF E0 4F EA 
63 16 05 06 03 57 C1 0D 83 57 81 0F 63 08 F7 00 
13 05 01 0C EF E0 8F E1 6F F0 1F E0 83 57 A1 0F 
63 92 07 02 83 17 E1 0F 63 CE 07 00 13 05 81 0F 
EF E0 CF EF 93 05 01 0C 13 05 81 0F EF E0 1F DE 
6F F0 9F DD 93 07 81 0F 13 07 E1 10 83 D6 27 00 
63 88 06 00 93 8A 1A 00 23 1D 51 0F 6F F0 9F FD 
93 87 27 00 E3 14 F7 FE 6F F0 1F FF 23 26 01 00 
E3 56 A0 F4 93 05 41 11 13 05 81 0F EF E0 CF DF 
93 05 81 0F 13 05 C1 0D EF E0 0F DF 93 05 C1 0D 
13 05 41 11 EF E0 4F DE 6F F0 5F F2 EF E0 8F FB 
93 0D 10 00 6F F0 1F F3 93 87 27 00 13 07 20 01 
E3 94 E7 C6 6F F0 5F D6 83 57 E1 07 13 04 00 00 
93 8A 44 10 63 88 07 0A 93 05 01 0C 13 05 C1 06 
B7 4A 00 00 EF E0 1F 8C 93 8A EA FF 13 0C 50 FD 
83 57 81 0D 93 F7 77 00 63 92 07 06 93 05 41 0A 
13 05 01 0C EF E0 4F D8 13 05 41 0A EF E0 0F DE 
13 05 41 0A EF E0 8F DD 93 05 41 0A 13 05 01 0C 
EF E0 CF F0 83 57 61 0A 93 87 37 00 23 13 F1 0A 
83 57 81 0A 63 9A 07 10 83 57 C1 0B 63 90 07 02 
83 57 61 0A 63 EC FA 00 93 05 01 0C 13 05 41 0A 
13 04 F4 FF EF E0 4F D3 E3 1C 84 F9 93 05 C1 06 
13 05 01 0C EF E0 9F CC 6F 00 40 02 13 06 C1 06 
93 06 01 15 93 05 06 00 13 85 0A 00 EF F0 8F A2 
13 04 F4 FF 83 17 C1 07 E3 D2 07 FE 93 05 01 0C 
13 05 C1 06 EF E0 CF CB 93 05 81 08 13 05 09 00 
EF E0 0F CB 93 87 44 01 13 0C 00 00 B7 FA FF FF 
23 22 F1 00 93 0D 20 00 B7 27 02 00 93 87 87 89 
33 87 87 01 83 27 41 00 93 05 01 0C 13 05 09 00 
23 26 E1 00 B3 84 87 01 EF E0 DF 89 03 27 C1 00 
63 58 A0 04 93 05 01 0C 13 05 07 00 EF E0 9F 88 
63 48 05 02 13 06 01 0C 93 05 06 00 93 06 01 15 
13 85 04 00 EF F0 0F 9A 13 06 81 08 93 06 01 15 
93 05 06 00 13 85 04 00 EF F0 CF 98 33 04 54 01 
13 0C 4C 01 93 07 40 10 B3 CA BA 03 E3 16 FC F8 
13 06 81 08 93 06 01 15 93 05 09 00 13 05 06 00 
EF F0 4F BF 6F F0 9F 94 13 05 41 0A EF E0 0F CA 
83 57 61 0A 93 87 17 00 6F F0 5F ED 13 05 C1 06 
EF E0 CF CD 93 05 41 0A 13 05 C1 06 EF E0 CF C1 
13 05 41 0A EF E0 8F CC 13 05 41 0A EF E0 0F CC 
93 05 C1 06 13 05 41 0A EF E0 4F DA 13 06 01 15 
93 05 C1 06 13 05 81 08 EF F0 8F 82 13 04 F4 FF 
83 54 C1 19 6F F0 DF 92 93 07 00 02 6F F0 9F 94 
93 84 04 03 93 07 E0 02 A3 0A 91 10 23 0B F1 10 
93 04 71 11 B3 8A 74 01 63 56 79 05 83 57 C1 19 
13 07 40 00 93 84 FA FF E3 5A F7 96 13 07 50 00 
63 84 E7 08 93 87 04 00 13 06 E0 02 93 05 80 03 
93 06 00 03 93 87 F7 FF 03 C7 07 00 13 77 F7 07 
63 58 09 0A 13 07 10 03 23 80 E7 00 13 04 14 00 
6F F0 DF 93 13 05 C1 06 EF E0 4F C2 93 05 41 0A 
13 05 C1 06 EF E0 4F B6 13 05 41 0A EF E0 0F C1 
13 05 41 0A EF E0 8F C0 93 05 C1 06 13 05 41 0A 
EF E0 CF CE 13 06 01 15 93 05 C1 06 13 05 81 08 
EF E0 1F F7 83 47 C1 19 93 8B 1B 00 93 87 07 03 
23 80 FA 00 6F F0 1F F6 93 05 81 08 13 05 C1 06 
EF E0 DF AB 83 27 81 00 13 05 81 08 93 85 87 74 
EF E0 4F EF E3 10 05 F6 E3 42 09 8C 83 C7 EA FF 
93 87 27 FD 93 B7 17 00 93 C7 F7 FF B3 87 F4 00 
83 C7 07 00 93 F7 17 00 E3 9E 07 F2 6F F0 1F 8A 
63 14 C7 02 03 C7 F7 FF 93 06 80 03 63 E8 E6 00 
13 07 17 00 A3 8F E7 FE 6F F0 5F 88 13 04 14 00 
13 07 10 03 6F F0 1F FF 63 E8 E5 00 13 07 17 00 
23 80 E7 00 6F F0 9F 86 23 80 D7 00 6F F0 9F F0 
93 07 14 00 23 20 FD 00 93 06 E0 02 93 07 09 00 
03 C7 07 00 63 16 07 00 13 07 50 04 6F 00 C0 02 
13 86 17 00 63 06 D7 00 93 07 06 00 6F F0 5F FE 
03 C7 17 00 93 87 17 00 A3 8F E7 FE E3 1A 07 FE 
6F F0 9F FD 93 87 F7 FF 83 C6 07 00 63 84 E6 00 
E3 6A F9 FE 23 80 07 00 6F F0 CF E5 93 87 17 00 
6F F0 0F E6 93 84 06 00 6F F0 8F E6 93 84 F4 FF 
23 80 04 00 03 C7 F4 FF 63 16 D7 00 33 87 24 41 
E3 C6 E7 FE 13 07 30 00 93 87 9C 00 63 12 EB 02 
33 84 89 00 63 58 04 00 23 0A 01 10 23 20 0D 00 
93 04 09 00 83 27 0D 00 B3 8C FC 00 93 87 3C 00 
23 22 0A 04 13 07 40 00 93 06 47 01 83 25 4A 04 
63 F8 D7 06 13 05 0A 00 EF 00 C0 55 23 20 AA 04 
93 05 09 00 13 04 05 00 EF 10 90 52 83 27 01 01 
63 88 07 00 B3 84 24 41 B3 04 94 00 23 A0 97 00 
13 05 04 00 83 20 C1 1D 03 24 81 1D 83 24 41 1D 
03 29 01 1D 83 29 C1 1C 03 2A 81 1C 83 2A 41 1C 
03 2B 01 1C 83 2B C1 1B 03 2C 81 1B 83 2C 41 1B 
03 2D 01 1B 83 2D C1 1A 13 01 01 1E 67 80 00 00 
93 85 15 00 23 22 BA 04 13 17 17 00 6F F0 DF F7 
B7 87 00 00 93 87 F7 FF 63 1C F7 F2 83 27 01 00 
63 82 07 F2 B7 25 02 00 93 85 45 9A 6F F0 4F D1 
83 27 05 00 13 01 01 FC 93 05 41 01 23 20 F1 00 
83 27 45 00 23 2E 11 02 23 22 F1 00 83 27 85 00 
23 24 F1 00 83 27 C5 00 13 05 01 00 23 26 F1 00 
EF E0 DF 91 83 57 61 02 13 05 00 00 93 C7 F7 FF 
13 97 17 01 63 1A 07 00 13 05 41 01 EF E0 CF B9 
13 35 15 00 13 05 15 00 83 20 C1 03 13 01 01 04 
67 80 00 00 13 05 05 0F 67 80 00 00 83 A7 01 82 
03 A5 47 03 63 16 05 00 37 45 02 00 13 05 85 AD 
13 05 05 0F 67 80 00 00 83 A7 01 82 03 A5 47 03 
63 16 05 00 37 45 02 00 13 05 85 AD 13 05 05 0F 
67 80 00 00 13 01 01 FF 23 22 91 00 23 26 11 00 
23 24 81 00 B7 24 02 00 63 1E 06 00 13 85 44 9C 
83 20 C1 00 03 24 81 00 83 24 41 00 13 01 01 01 
67 80 00 00 B7 25 02 00 93 85 85 9C 13 05 06 00 
13 04 06 00 EF A0 DF BD E3 0A 05 FC 93 85 44 9C 
13 05 04 00 EF A0 DF BC E3 02 05 FC B7 15 02 00 
93 85 85 16 13 05 04 00 EF A0 9F BB E3 08 05 FA 
13 05 00 00 6F F0 DF FA 83 A7 01 82 83 A7 47 03 
63 96 07 00 B7 47 02 00 93 87 87 AD 03 C5 87 12 
67 80 00 00 03 25 C5 0E 67 80 00 00 83 A7 01 82 
83 A7 47 03 63 96 07 00 B7 47 02 00 93 87 87 AD 
03 A5 C7 0E 67 80 00 00 13 86 05 00 93 05 05 00 
03 A5 01 82 6F F0 1F F4 13 01 01 F8 23 2A 91 06 
93 84 05 00 83 95 E5 00 23 2C 81 06 23 2E 11 06 
13 04 06 00 63 DE 05 00 83 D7 C4 00 23 A0 06 00 
93 F7 07 08 63 98 07 04 93 07 00 40 6F 00 C0 04 
13 06 81 01 23 26 D1 00 EF 40 D0 4B 83 26 C1 00 
E3 4C 05 FC 03 27 C1 01 B7 F7 00 00 37 15 00 00 
B3 F7 E7 00 37 E7 FF FF B3 87 E7 00 93 B7 17 00 
23 A0 F6 00 93 07 00 40 23 20 F4 00 13 05 05 80 
6F 00 00 01 93 07 00 04 23 20 F4 00 13 05 00 00 
83 20 C1 07 03 24 81 07 83 24 41 07 13 01 01 08 
67 80 00 00 83 D7 C5 00 13 01 01 FE 23 2C 81 00 
23 2E 11 00 23 2A 91 00 23 28 21 01 93 F7 27 00 
13 84 05 00 63 88 07 02 93 07 34 04 23 20 F4 00 
23 28 F4 00 93 07 10 00 23 2A F4 00 83 20 C1 01 
03 24 81 01 83 24 41 01 03 29 01 01 13 01 01 02 
67 80 00 00 93 06 C1 00 13 06 81 00 93 04 05 00 
EF F0 9F F0 83 25 81 00 13 09 05 00 13 85 04 00 
EF A0 8F 8A 63 10 05 02 83 17 C4 00 13 F7 07 20 
E3 1E 07 FA 93 F7 C7 FF 93 E7 27 00 23 16 F4 00 
6F F0 9F F9 B7 47 01 00 93 87 C7 94 23 AE F4 02 
83 57 C4 00 23 20 A4 00 23 28 A4 00 93 E7 07 08 
23 16 F4 00 83 27 81 00 23 2A F4 00 83 27 C1 00 
63 82 07 02 83 15 E4 00 13 85 04 00 EF 40 90 3E 
63 0A 05 00 83 57 C4 00 93 F7 C7 FF 93 E7 17 00 
23 16 F4 00 83 57 C4 00 33 69 F9 00 23 16 24 01 
6F F0 DF F4 83 A7 01 82 83 A7 47 03 63 96 07 00 
B7 47 02 00 93 87 87 AD 03 A3 47 0E 67 00 03 00 
63 9A 05 02 13 01 01 FF 93 05 C1 00 13 05 00 00 
63 0E 06 00 13 05 E0 FF 63 8A 06 00 83 47 06 00 
23 A0 F5 00 03 45 06 00 33 35 A0 00 13 01 01 01 
67 80 00 00 13 05 00 00 63 00 06 02 13 05 E0 FF 
63 8C 06 00 83 47 06 00 23 A0 F5 00 03 45 06 00 
33 35 A0 00 67 80 00 00 67 80 00 00 93 F5 F5 0F 
33 06 C5 00 63 16 C5 00 13 05 00 00 67 80 00 00 
83 47 05 00 E3 8C B7 FE 13 05 15 00 6F F0 9F FE 
B3 C7 A5 00 93 F7 37 00 33 07 C5 00 63 96 07 00 
93 07 30 00 63 E2 C7 02 93 07 05 00 63 7C E5 0A 
83 C6 05 00 93 87 17 00 93 85 15 00 A3 8F D7 FE 
E3 E8 E7 FE 67 80 00 00 93 76 35 00 93 07 05 00 
63 8E 06 00 83 C6 05 00 93 87 17 00 93 85 15 00 
A3 8F D7 FE 93 F6 37 00 6F F0 9F FE 93 76 C7 FF 
13 86 06 FE 63 F4 C7 06 83 A3 05 00 83 A2 45 00 
83 AF 85 00 03 AF C5 00 83 AE 05 01 03 AE 45 01 
03 A3 85 01 83 A8 C5 01 93 85 45 02 23 A0 77 00 
03 A8 C5 FF 23 A2 57 00 23 A4 F7 01 23 A6 E7 01 
23 A8 D7 01 23 AA C7 01 23 AC 67 00 23 AE 17 01 
93 87 47 02 23 AE 07 FF 6F F0 DF FA 03 A6 05 00 
93 87 47 00 93 85 45 00 23 AE C7 FE E3 E8 D7 FE 
E3 E8 E7 F4 67 80 00 00 63 FA A5 04 B3 86 C5 00 
63 76 D5 04 93 45 F6 FF 93 07 00 00 93 87 F7 FF 
63 94 F5 00 67 80 00 00 33 87 F6 00 03 48 07 00 
33 87 C7 00 33 07 E5 00 23 00 07 01 6F F0 1F FE 
33 87 F5 00 83 46 07 00 33 07 F5 00 93 87 17 00 
23 00 D7 00 E3 16 F6 FE 67 80 00 00 93 07 00 00 
6F F0 5F FF 83 27 C5 04 13 01 01 FF 23 22 91 00 
23 20 21 01 23 26 11 00 23 24 81 00 93 04 05 00 
13 89 05 00 63 82 07 04 03 A7 C4 04 93 17 29 00 
B3 07 F7 00 03 A5 07 00 63 10 05 06 13 04 10 00 
33 14 24 01 13 06 54 00 13 16 26 00 93 05 10 00 
13 85 04 00 EF 40 C0 5E 63 02 05 02 23 22 25 01 
23 24 85 00 6F 00 C0 03 13 06 10 02 93 05 40 00 
EF 40 00 5D 23 A6 A4 04 E3 18 05 FA 13 05 00 00 
83 20 C1 00 03 24 81 00 83 24 41 00 03 29 01 00 
13 01 01 01 67 80 00 00 03 27 05 00 23 A0 E7 00 
23 28 05 00 23 26 05 00 6F F0 9F FD 63 80 05 02 
83 A7 45 00 13 97 27 00 83 27 C5 04 B3 87 E7 00 
03 A7 07 00 23 A0 E5 00 23 A0 B7 00 67 80 00 00 
13 01 01 FD 23 2E 31 01 93 09 05 00 37 05 01 00 
23 24 81 02 23 22 91 02 13 84 05 00 83 A4 05 01 
23 26 11 02 23 20 21 03 93 85 45 01 13 08 00 00 
13 05 F5 FF 83 A7 05 00 93 85 45 00 13 08 18 00 
33 F7 A7 00 33 07 C7 02 93 D7 07 01 B3 87 C7 02 
33 07 D7 00 93 56 07 01 33 77 A7 00 B3 87 D7 00 
93 D6 07 01 93 97 07 01 B3 87 E7 00 23 AE F5 FE 
E3 42 98 FC 63 84 06 06 83 27 84 00 63 C4 F4 04 
83 25 44 00 13 85 09 00 23 26 D1 00 93 85 15 00 
EF F0 5F EA 03 26 04 01 93 05 C4 00 13 09 05 00 
13 06 26 00 13 16 26 00 13 05 C5 00 EF F0 5F D5 
93 05 04 00 13 85 09 00 EF F0 5F F2 83 26 C1 00 
13 04 09 00 93 87 44 00 93 97 27 00 B3 07 F4 00 
23 A2 D7 00 93 84 14 00 23 28 94 00 13 05 04 00 
83 20 C1 02 03 24 81 02 83 24 41 02 03 29 01 02 
83 29 C1 01 13 01 01 03 67 80 00 00 13 01 01 FD 
93 87 86 00 23 2C 41 01 13 8A 06 00 93 06 90 00 
23 24 81 02 23 22 91 02 23 2E 31 01 13 84 05 00 
B3 C7 D7 02 23 26 11 02 23 20 21 03 23 2A 51 01 
93 09 05 00 93 04 06 00 93 06 10 00 93 05 00 00 
63 C4 F6 08 13 85 09 00 23 26 E1 00 EF F0 9F DE 
03 27 C1 00 93 07 10 00 23 28 F5 00 23 2A E5 00 
93 07 90 00 63 D8 97 06 93 0A 94 00 13 89 0A 00 
33 04 94 00 13 09 19 00 83 46 F9 FF 93 05 05 00 
13 06 A0 00 93 86 06 FD 13 85 09 00 EF F0 5F E7 
E3 12 89 FE 13 84 84 FF 33 84 8A 00 13 89 04 00 
63 40 49 05 83 20 C1 02 03 24 81 02 83 24 41 02 
03 29 01 02 83 29 C1 01 03 2A 81 01 83 2A 41 01 
13 01 01 03 67 80 00 00 93 96 16 00 93 85 15 00 
6F F0 1F F7 13 04 A4 00 93 04 90 00 6F F0 1F FC 
B3 07 99 40 B3 07 F4 00 83 C6 07 00 93 05 05 00 
13 06 A0 00 93 86 06 FD 13 85 09 00 EF F0 5F E0 
13 09 19 00 6F F0 DF F9 37 07 FF FF 33 77 E5 00 
93 07 05 00 13 05 00 00 63 16 07 00 93 97 07 01 
13 05 00 01 37 07 00 FF 33 F7 E7 00 63 16 07 00 
13 05 85 00 93 97 87 00 37 07 00 F0 33 F7 E7 00 
63 16 07 00 13 05 45 00 93 97 47 00 37 07 00 C0 
33 F7 E7 00 63 16 07 00 13 05 25 00 93 97 27 00 
63 CA 07 00 13 97 17 00 13 05 15 00 63 44 07 00 
13 05 00 02 67 80 00 00 83 27 05 00 13 F7 77 00 
63 0E 07 02 93 F6 17 00 13 07 00 00 63 9C 06 00 
13 F7 27 00 63 0C 07 00 93 D7 17 00 23 20 F5 00 
13 07 10 00 13 05 07 00 67 80 00 00 93 D7 27 00 
23 20 F5 00 13 07 20 00 6F F0 DF FE 93 96 07 01 
93 D6 06 01 13 07 00 00 63 96 06 00 93 D7 07 01 
13 07 00 01 93 F6 F7 0F 63 96 06 00 13 07 87 00 
93 D7 87 00 93 F6 F7 00 63 96 06 00 13 07 47 00 
93 D7 47 00 93 F6 37 00 63 96 06 00 13 07 27 00 
93 D7 27 00 93 F6 17 00 63 98 06 00 93 D7 17 00 
13 07 17 00 63 86 07 00 23 20 F5 00 6F F0 9F F8 
13 07 00 02 6F F0 1F F8 13 01 01 FF 23 24 81 00 
13 84 05 00 93 05 10 00 23 26 11 00 EF F0 9F BF 
23 2A 85 00 83 20 C1 00 03 24 81 00 13 07 10 00 
23 28 E5 00 13 01 01 01 67 80 00 00 03 A7 05 01 
83 27 06 01 13 01 01 FD 23 22 91 02 23 26 11 02 
23 24 81 02 23 20 21 03 23 2E 31 01 93 84 05 00 
63 56 F7 00 93 04 06 00 13 86 05 00 83 A9 04 01 
03 29 06 01 83 A7 84 00 83 A5 44 00 33 84 29 01 
63 D4 87 00 93 85 15 00 23 26 C1 00 EF F0 9F B8 
03 26 C1 00 13 08 45 01 13 13 24 00 33 03 68 00 
93 07 08 00 63 EC 67 04 93 85 44 01 93 98 29 00 
13 06 46 01 13 1E 29 00 B7 06 01 00 B3 88 15 01 
33 0E C6 01 93 86 F6 FF 63 60 C6 05 63 58 80 00 
13 03 C3 FF 83 27 03 00 63 8E 07 10 23 28 85 00 
83 20 C1 02 03 24 81 02 83 24 41 02 03 29 01 02 
83 29 C1 01 13 01 01 03 67 80 00 00 23 A0 07 00 
93 87 47 00 6F F0 1F FA 83 2F 06 00 B3 FF DF 00 
63 84 0F 06 13 0F 08 00 93 82 05 00 93 04 00 00 
03 A7 02 00 83 23 0F 00 13 0F 4F 00 B3 7E D7 00 
B3 8E FE 03 B3 F7 D3 00 93 D3 03 01 93 82 42 00 
B3 8E FE 00 93 57 07 01 B3 87 F7 03 B3 8E 9E 00 
13 D7 0E 01 B3 FE DE 00 B3 87 77 00 B3 87 E7 00 
93 D4 07 01 93 97 07 01 B3 E7 D7 01 23 2E FF FE 
E3 E8 12 FB 23 20 9F 00 83 52 26 00 63 86 02 06 
83 27 08 00 93 0E 08 00 13 8F 05 00 93 0F 00 00 
03 27 0F 00 83 D3 2E 00 B3 F7 D7 00 33 77 D7 00 
33 07 57 02 93 8E 4E 00 13 0F 4F 00 33 07 77 00 
33 07 F7 01 93 1F 07 01 B3 E7 FF 00 23 AE FE FE 
83 57 EF FF 83 AF 0E 00 13 57 07 01 B3 87 57 02 
B3 FF DF 00 B3 87 F7 01 B3 87 E7 00 93 DF 07 01 
E3 68 1F FB 23 A0 FE 00 13 06 46 00 13 08 48 00 
6F F0 9F ED 13 04 F4 FF 6F F0 5F ED 13 01 01 FE 
23 2A 91 00 23 28 21 01 23 26 31 01 23 2E 11 00 
23 2C 81 00 23 24 41 01 93 77 36 00 13 09 05 00 
93 04 06 00 93 89 05 00 63 84 07 02 93 87 F7 FF 
37 27 02 00 13 07 87 9D 93 97 27 00 B3 07 F7 00 
03 A6 07 00 93 06 00 00 EF F0 9F A9 93 09 05 00 
93 D4 24 40 63 80 04 08 03 24 89 04 63 1E 04 00 
93 05 10 27 13 05 09 00 EF F0 1F DA 23 24 A9 04 
13 04 05 00 23 20 05 00 93 F7 14 00 63 84 07 02 
93 85 09 00 13 06 04 00 13 05 09 00 EF F0 1F DB 
13 0A 05 00 93 85 09 00 13 05 09 00 EF F0 1F A2 
93 09 0A 00 93 D4 14 40 63 86 04 02 03 25 04 00 
63 1E 05 00 13 06 04 00 93 05 04 00 13 05 09 00 
EF F0 DF D7 23 20 A4 00 23 20 05 00 13 04 05 00 
6F F0 9F FA 83 20 C1 01 03 24 81 01 13 85 09 00 
83 24 41 01 03 29 01 01 83 29 C1 00 03 2A 81 00 
13 01 01 02 67 80 00 00 13 01 01 FD 23 22 91 02 
93 84 05 00 23 2E 31 01 83 A9 04 01 23 24 81 02 
83 A5 45 00 13 54 56 40 83 A7 84 00 B3 09 34 01 
23 20 21 03 23 2A 51 01 23 26 11 02 23 2C 41 01 
93 0A 05 00 13 89 19 00 63 C6 27 0D 13 85 0A 00 
23 26 C1 00 EF F0 1F 8D 03 26 C1 00 93 07 45 01 
13 0A 05 00 93 86 07 00 13 07 00 00 93 86 46 00 
63 48 87 0A 63 54 04 00 13 04 00 00 83 A6 04 01 
13 14 24 00 33 87 87 00 93 96 26 00 93 87 44 01 
13 76 F6 01 B3 86 D7 00 63 0A 06 08 13 08 00 02 
33 08 C8 40 93 05 00 00 03 A5 07 00 13 07 47 00 
93 87 47 00 33 15 C5 00 B3 65 B5 00 23 2E B7 FE 
83 A5 C7 FF B3 D5 05 01 E3 E0 D7 FE 23 20 B7 00 
63 84 05 00 13 89 29 00 13 09 F9 FF 23 28 2A 01 
13 85 0A 00 93 85 04 00 EF F0 5F 8E 83 20 C1 02 
03 24 81 02 13 05 0A 00 83 24 41 02 03 29 01 02 
83 29 C1 01 03 2A 81 01 83 2A 41 01 13 01 01 03 
67 80 00 00 93 85 15 00 93 97 17 00 6F F0 DF F2 
23 AE 06 FE 13 07 17 00 6F F0 5F F4 93 87 47 00 
03 A6 C7 FF 13 07 47 00 23 2E C7 FE E3 E8 D7 FE 
6F F0 9F F9 83 27 05 01 03 A7 05 01 B3 87 E7 40 
63 9C 07 02 13 17 27 00 13 05 45 01 93 85 45 01 
B3 06 E5 00 B3 85 E5 00 93 86 C6 FF 93 85 C5 FF 
03 A6 06 00 03 A7 05 00 63 0C E6 00 93 07 F0 FF 
63 64 E6 00 93 07 10 00 13 85 07 00 67 80 00 00 
E3 6C D5 FC 6F F0 5F FF 13 01 01 FE 23 2A 91 00 
93 84 05 00 23 26 31 01 93 05 06 00 93 09 05 00 
13 85 04 00 23 2C 81 00 23 2E 11 00 23 28 21 01 
13 04 06 00 EF F0 1F F8 63 1C 05 02 93 05 00 00 
13 85 09 00 EF F0 0F F5 93 07 10 00 23 28 F5 00 
23 2A 05 00 83 20 C1 01 03 24 81 01 83 24 41 01 
03 29 01 01 83 29 C1 00 13 01 01 02 67 80 00 00 
13 09 10 00 63 4A 05 00 93 07 04 00 13 09 00 00 
13 84 04 00 93 84 07 00 83 25 44 00 13 85 09 00 
EF F0 4F F0 03 23 04 01 83 A8 04 01 13 06 44 01 
13 1E 23 00 13 88 44 01 93 98 28 00 B7 0E 01 00 
23 26 25 01 33 0E C6 01 B3 08 18 01 93 06 45 01 
13 0F 00 00 93 8E FE FF 03 27 06 00 83 2F 08 00 
93 86 46 00 B3 75 D7 01 B3 F7 DF 01 B3 85 E5 01 
B3 85 F5 40 93 DF 0F 01 93 57 07 01 B3 87 F7 41 
13 D7 05 41 B3 87 E7 00 13 DF 07 41 B3 F5 D5 01 
93 97 07 01 B3 E7 B7 00 13 08 48 00 23 AE F6 FE 
13 06 46 00 E3 6A 18 FB B7 05 01 00 93 85 F5 FF 
63 6C C6 01 93 86 C6 FF 83 A7 06 00 63 82 07 04 
23 28 65 00 6F F0 1F F2 83 27 06 00 93 86 46 00 
13 06 46 00 33 F7 B7 00 33 07 E7 01 13 58 07 41 
93 D7 07 01 B3 87 07 01 13 DF 07 41 33 77 B7 00 
93 97 07 01 B3 E7 E7 00 23 AE F6 FE 6F F0 5F FB 
13 03 F3 FF 6F F0 1F FB B7 07 F0 7F B3 F5 B7 00 
B7 07 C0 FC B3 85 F5 00 63 58 B0 00 93 07 00 00 
13 85 07 00 67 80 00 00 B3 05 B0 40 93 D7 45 41 
13 07 30 01 63 48 F7 00 B7 05 08 00 B3 D5 F5 40 
6F F0 DF FD 13 87 C7 FE 93 06 E0 01 93 05 00 00 
93 07 10 00 E3 C6 E6 FC B7 07 00 80 B3 D7 E7 00 
6F F0 1F FC 13 01 01 FD 23 22 91 02 83 24 05 01 
23 2E 31 01 93 09 45 01 93 94 24 00 B3 84 99 00 
23 24 81 02 03 A4 C4 FF 23 20 21 03 23 26 B1 00 
13 05 04 00 23 26 11 02 EF F0 1F 86 83 25 C1 00 
93 07 00 02 B3 87 A7 40 23 A0 F5 00 93 07 A0 00 
13 89 C4 FF 63 CC A7 04 93 07 B0 00 B3 87 A7 40 
37 07 F0 3F B3 56 F4 00 B3 E6 E6 00 13 07 00 00 
63 F4 29 01 03 A7 84 FF 13 05 55 01 33 15 A4 00 
B3 57 F7 00 B3 67 F5 00 83 20 C1 02 03 24 81 02 
83 24 41 02 03 29 01 02 83 29 C1 01 13 85 07 00 
93 85 06 00 13 01 01 03 67 80 00 00 93 07 00 00 
63 F6 29 01 83 A7 84 FF 13 89 84 FF 13 05 55 FF 
63 0E 05 02 13 07 00 02 33 06 A7 40 33 D7 C7 00 
33 14 A4 00 33 64 E4 00 B7 06 F0 3F B3 66 D4 00 
13 07 00 00 63 F4 29 01 03 27 C9 FF B3 97 A7 00 
33 57 C7 00 B3 E7 E7 00 6F F0 1F F9 B7 06 F0 3F 
B3 66 D4 00 6F F0 5F F8 13 01 01 FD 23 24 81 02 
13 84 05 00 93 05 10 00 23 22 91 02 23 20 21 03 
93 04 06 00 23 2E 31 01 23 2C 41 01 13 09 07 00 
23 26 11 02 13 8A 06 00 EF F0 CF C8 37 07 10 00 
93 07 F7 FF B3 F7 97 00 93 D4 44 01 93 F4 F4 7F 
93 09 05 00 63 9A 04 08 23 26 F1 00 63 0E 04 08 
13 05 81 00 23 24 81 00 EF F0 0F FA 83 26 81 00 
63 00 05 08 03 27 C1 00 93 07 00 02 B3 87 A7 40 
B3 17 F7 00 B3 E7 D7 00 33 57 A7 00 23 AA F9 00 
23 26 E1 00 03 24 C1 00 23 AC 89 00 33 34 80 00 
13 04 14 00 23 A8 89 00 63 8A 04 06 93 84 D4 BC 
B3 84 A4 00 93 07 50 03 23 20 9A 00 33 85 A7 40 
23 20 A9 00 83 20 C1 02 03 24 81 02 13 85 09 00 
83 24 41 02 03 29 01 02 83 29 C1 01 03 2A 81 01 
13 01 01 03 67 80 00 00 B3 E7 E7 00 6F F0 DF F6 
23 AA D9 00 6F F0 1F FA 13 05 C1 00 EF F0 CF F0 
83 27 C1 00 13 05 05 02 13 04 10 00 23 AA F9 00 
93 07 10 00 23 A8 F9 00 6F F0 1F F9 93 17 24 00 
13 05 E5 BC B3 87 F9 00 23 20 AA 00 03 A5 07 01 
13 14 54 00 EF F0 4F E6 33 04 A4 40 23 20 89 00 
6F F0 5F F8 13 01 01 FD 23 20 21 03 13 89 05 00 
93 05 81 00 23 26 11 02 23 24 81 02 23 22 91 02 
23 2E 31 01 23 2C 41 01 13 0A 05 00 EF F0 9F D9 
93 09 05 00 93 84 05 00 13 84 05 00 13 05 09 00 
93 05 C1 00 EF F0 1F D8 83 27 09 01 03 27 0A 01 
83 26 81 00 33 07 F7 40 83 27 C1 00 13 17 57 00 
B3 86 F6 40 B3 07 D7 00 63 54 F0 04 93 97 47 01 
13 86 05 00 33 84 97 00 13 07 06 00 93 05 04 00 
13 06 05 00 93 06 07 00 13 85 09 00 EF 50 C0 4A 
83 20 C1 02 03 24 81 02 83 24 41 02 03 29 01 02 
83 29 C1 01 03 2A 81 01 13 01 01 03 67 80 00 00 
37 07 F0 FF B3 87 E7 02 33 86 B7 00 6F F0 DF FB 
13 01 01 FF 23 24 81 00 23 26 11 00 23 22 21 01 
23 20 31 01 93 07 70 01 13 04 05 00 63 CA A7 02 
B7 27 02 00 13 14 35 00 93 87 87 9D 33 84 87 00 
03 25 04 01 83 25 44 01 83 20 C1 00 03 24 81 00 
03 29 41 00 83 29 01 00 13 01 01 01 67 80 00 00 
B7 47 02 00 03 A5 87 C4 83 A5 C7 C4 B7 47 02 00 
03 A9 07 C5 83 A9 47 C5 13 06 09 00 93 86 09 00 
13 04 F4 FF EF 50 50 2D E3 18 04 FE 6F F0 DF FB 
93 87 F5 FF 03 27 06 01 93 D7 57 40 93 87 17 00 
93 97 27 00 93 06 46 01 13 17 27 00 B3 07 F5 00 
33 87 E6 00 63 E6 E6 00 63 6E F5 00 67 80 00 00 
93 86 46 00 03 A6 C6 FF 13 05 45 00 23 2E C5 FE 
6F F0 5F FE 13 05 45 00 23 2E 05 FE 6F F0 DF FD 
83 26 05 01 93 D7 55 40 13 07 45 01 63 C0 F6 04 
63 D4 D7 02 93 F5 F5 01 63 80 05 02 93 96 27 00 
B3 06 D7 00 03 A6 06 00 13 05 10 00 B3 56 B6 00 
B3 95 B6 00 63 18 B6 02 93 97 27 00 B3 07 F7 00 
63 6A F7 00 13 05 00 00 67 80 00 00 93 87 06 00 
6F F0 9F FE 93 87 C7 FF 83 A6 07 00 E3 82 06 FE 
13 05 10 00 67 80 00 00 13 01 01 FC 23 2C 81 02 
23 2E 11 02 13 84 05 00 23 2A 91 02 23 28 21 03 
23 26 31 03 23 24 41 03 23 22 51 03 23 20 61 03 
23 2E 71 01 23 2C 81 01 93 05 06 00 63 1A 04 02 
03 24 81 03 83 20 C1 03 83 24 41 03 03 29 01 03 
83 29 C1 02 03 2A 81 02 83 2A 41 02 03 2B 01 02 
83 2B C1 01 03 2C 81 01 13 01 01 04 6F 80 DF F7 
93 0A 05 00 23 26 C1 00 EF 90 CF EA 83 25 C1 00 
93 07 60 01 93 89 B5 00 63 F6 37 05 13 FB 89 FF 
63 54 0B 04 93 07 C0 00 23 A0 FA 00 13 0A 00 00 
83 20 C1 03 03 24 81 03 13 05 0A 00 83 24 41 03 
03 29 01 03 83 29 C1 02 03 2A 81 02 83 2A 41 02 
03 2B 01 02 83 2B C1 01 03 2C 81 01 13 01 01 04 
67 80 00 00 13 0B 00 01 E3 6E BB FA 83 26 C4 FF 
93 0B 84 FF 13 F9 C6 FF 63 5C 69 45 37 3C 02 00 
13 07 0C 6D 03 26 87 00 B3 87 2B 01 03 A7 47 00 
13 0C 0C 6D 63 0C F6 00 13 75 E7 FF 33 85 A7 00 
03 25 45 00 13 75 15 00 63 14 05 06 13 77 C7 FF 
B3 09 E9 00 63 10 F6 04 13 05 0B 01 63 CE A9 04 
B3 8B 6B 01 B3 89 69 41 23 24 7C 01 93 E9 19 00 
23 A2 3B 01 83 29 C4 FF 13 85 0A 00 13 0A 04 00 
93 F9 19 00 B3 E9 69 01 23 2E 34 FF EF 90 CF DC 
6F F0 1F F4 63 C2 69 03 03 A7 C7 00 83 A7 87 00 
23 A6 E7 00 23 24 F7 00 93 84 0B 00 6F 00 00 19 
13 07 00 00 93 07 00 00 93 F6 16 00 63 98 06 2C 
83 24 84 FF B3 84 9B 40 03 AA 44 00 13 7A CA FF 
33 0A 2A 01 63 82 07 20 B3 09 47 01 63 16 F6 0E 
93 07 0B 01 63 CA F9 1E 03 A7 84 00 83 A7 C4 00 
13 06 C9 FF 13 8A 84 00 23 26 F7 00 23 A4 E7 00 
13 07 40 02 63 6A C7 0A 93 06 30 01 93 07 0A 00 
63 F2 C6 02 83 27 04 00 23 A4 F4 00 83 27 44 00 
23 A6 F4 00 93 07 B0 01 63 EA C7 04 13 04 84 00 
93 87 04 01 03 27 04 00 23 A0 E7 00 03 27 44 00 
23 A2 E7 00 03 27 84 00 23 A4 E7 00 B3 87 64 01 
B3 89 69 41 23 24 FC 00 93 E9 19 00 23 A2 37 01 
83 A7 44 00 93 F7 17 00 B3 E9 67 01 23 A2 34 01 
13 85 0A 00 EF 90 4F CE 6F F0 9F E5 83 27 84 00 
23 A8 F4 00 83 27 C4 00 23 AA F4 00 63 08 E6 00 
13 04 04 01 93 87 84 01 6F F0 DF F9 83 27 04 01 
13 04 84 01 23 AC F4 00 03 27 C4 FF 93 87 04 02 
23 AE E4 00 6F F0 1F F8 93 05 04 00 13 05 0A 00 
EF E0 9F EA 6F F0 9F F8 63 C8 69 11 03 A7 C7 00 
83 A7 87 00 13 06 C9 FF 13 85 84 00 23 A6 E7 00 
23 24 F7 00 03 A7 84 00 83 A7 C4 00 23 26 F7 00 
23 A4 E7 00 93 07 40 02 63 EA C7 0C 13 07 30 01 
63 72 C7 02 03 27 04 00 23 A4 E4 00 03 27 44 00 
23 A6 E4 00 13 07 B0 01 63 6C C7 06 13 04 84 00 
13 85 04 01 83 27 04 00 23 20 F5 00 83 27 44 00 
23 22 F5 00 83 27 84 00 23 24 F5 00 03 A7 44 00 
B3 86 69 41 13 06 F0 00 13 77 17 00 B3 87 34 01 
63 74 D6 22 B3 69 EB 00 23 A2 34 01 B3 85 64 01 
93 E6 16 00 23 A2 D5 00 03 A7 47 00 93 85 85 00 
13 85 0A 00 13 67 17 00 23 A2 E7 00 EF C0 0F A6 
13 85 0A 00 EF 90 4F BD 13 8A 84 00 6F F0 5F D4 
03 27 84 00 23 A8 E4 00 03 27 C4 00 23 AA E4 00 
63 08 F6 00 13 04 04 01 13 85 84 01 6F F0 9F F7 
83 27 04 01 13 85 04 02 13 04 84 01 23 AC F4 00 
83 27 C4 FF 23 AE F4 00 6F F0 DF F5 93 05 04 00 
EF E0 9F D9 6F F0 9F F6 63 4A 6A 0B 83 A7 C4 00 
03 A7 84 00 13 06 C9 FF 13 85 84 00 23 26 F7 00 
23 A4 E7 00 93 07 40 02 63 E4 C7 08 13 07 30 01 
63 72 C7 02 03 27 04 00 23 A4 E4 00 03 27 44 00 
23 A6 E4 00 13 07 B0 01 63 66 C7 02 13 04 84 00 
13 85 04 01 83 27 04 00 23 20 F5 00 83 27 44 00 
23 22 F5 00 83 27 84 00 23 24 F5 00 93 09 0A 00 
6F F0 DF EF 03 27 84 00 23 A8 E4 00 03 27 C4 00 
23 AA E4 00 63 08 F6 00 13 04 04 01 13 85 84 01 
6F F0 5F FC 83 27 04 01 13 85 04 02 13 04 84 01 
23 AC F4 00 83 27 C4 FF 23 AE F4 00 6F F0 9F FA 
93 05 04 00 EF E0 5F CE 6F F0 5F FB 13 85 0A 00 
EF 80 9F B8 13 0A 05 00 E3 0C 05 DC 83 27 C4 FF 
13 07 85 FF 93 F7 E7 FF B3 87 FB 00 63 9A E7 00 
83 29 C5 FF 93 F9 C9 FF B3 89 29 01 6F F0 DF CE 
13 06 C9 FF 93 07 40 02 63 EE C7 08 13 07 30 01 
63 74 C7 08 03 27 04 00 23 20 E5 00 03 27 44 00 
23 22 E5 00 13 07 B0 01 63 6A C7 02 13 07 84 00 
93 07 85 00 83 26 07 00 23 A0 D7 00 83 26 47 00 
23 A2 D7 00 03 27 87 00 23 A4 E7 00 93 05 04 00 
13 85 0A 00 EF C0 8F 8C 6F F0 9F D5 03 27 84 00 
23 24 E5 00 03 27 C4 00 23 26 E5 00 63 08 F6 00 
13 07 04 01 93 07 05 01 6F F0 DF FB 83 27 04 01 
13 07 84 01 23 28 F5 00 83 26 44 01 93 07 85 01 
23 2A D5 00 6F F0 1F FA 93 07 05 00 13 07 04 00 
6F F0 5F F9 93 05 04 00 EF E0 1F C0 6F F0 1F FA 
93 09 09 00 6F F0 5F C3 B3 E9 E9 00 23 A2 34 01 
03 A7 47 00 13 67 17 00 23 A2 E7 00 6F F0 5F DF 
13 01 01 FF 23 24 81 00 13 84 05 00 83 A5 05 00 
23 22 91 00 23 26 11 00 93 04 05 00 63 84 05 00 
EF F0 1F FE 93 05 04 00 03 24 81 00 83 20 C1 00 
13 85 04 00 83 24 41 00 13 01 01 01 6F C0 0F 81 
83 A7 01 82 63 84 A7 10 83 27 C5 04 13 01 01 FE 
23 2C 81 00 23 2A 91 00 23 28 21 01 23 2E 11 00 
23 26 31 01 13 04 05 00 93 04 00 00 13 09 00 08 
63 9A 07 06 83 25 04 04 63 86 05 00 13 05 04 00 
EF B0 DF FC 83 25 84 14 93 04 C4 14 63 90 05 08 
83 25 44 05 63 98 05 08 83 27 84 03 63 8A 07 08 
83 27 C4 03 13 05 04 00 E7 80 07 00 83 25 04 2E 
63 80 05 08 13 05 04 00 03 24 81 01 83 20 C1 01 
83 24 41 01 03 29 01 01 83 29 C1 00 13 01 01 02 
6F F0 1F F3 B3 85 95 00 83 A5 05 00 63 9E 05 00 
93 84 44 00 83 25 C4 04 E3 96 24 FF 13 05 04 00 
EF B0 DF F5 6F F0 1F F8 83 A9 05 00 13 05 04 00 
EF B0 DF F4 93 85 09 00 6F F0 5F FD E3 82 95 F8 
03 A9 05 00 13 05 04 00 EF B0 5F F3 93 05 09 00 
6F F0 DF FE 13 05 04 00 EF B0 5F F2 6F F0 DF F6 
83 20 C1 01 03 24 81 01 83 24 41 01 03 29 01 01 
83 29 C1 00 13 01 01 02 67 80 00 00 67 80 00 00 
13 01 01 FF 23 22 91 00 B7 04 00 80 23 24 81 00 
23 26 11 00 93 C4 F4 FF 33 F7 B4 00 23 20 06 00 
37 08 F0 7F 93 06 05 00 93 87 05 00 13 04 06 00 
63 52 07 07 B3 68 A7 00 63 8E 08 04 33 F8 05 01 
13 86 05 00 63 14 08 02 B7 47 02 00 03 A6 87 C5 
83 A6 C7 C5 EF 50 40 31 93 07 A0 FC 93 06 05 00 
13 86 05 00 33 F7 B4 00 23 20 F4 00 83 27 04 00 
13 57 47 41 13 07 27 C0 33 87 E7 00 B7 07 10 80 
93 87 F7 FF 33 76 F6 00 B7 07 E0 3F 23 20 E4 00 
B3 67 F6 00 83 20 C1 00 03 24 81 00 83 24 41 00 
13 85 06 00 93 85 07 00 13 01 01 01 67 80 00 00 
13 01 01 F6 23 2A F1 08 B7 07 00 80 93 C7 F7 FF 
23 2E F1 00 23 28 F1 00 B7 07 FF FF 23 26 D1 08 
23 24 B1 00 23 2C B1 00 93 87 87 20 93 06 C1 08 
93 05 81 00 23 2E 11 06 23 2A F1 00 23 28 E1 08 
23 2C 01 09 23 2E 11 09 23 22 D1 00 EF 00 80 21 
83 27 81 00 23 80 07 00 83 20 C1 07 13 01 01 0A 
67 80 00 00 13 01 01 F6 23 2A F1 08 B7 07 00 80 
93 C7 F7 FF 23 2E F1 00 23 28 F1 00 B7 07 FF FF 
93 87 87 20 23 2A F1 00 23 24 A1 00 23 2C A1 00 
03 A5 01 82 23 24 C1 08 23 26 D1 08 13 86 05 00 
93 06 81 08 93 05 81 00 23 2E 11 06 23 28 E1 08 
23 2C 01 09 23 2E 11 09 23 22 D1 00 EF 00 80 1A 
83 27 81 00 23 80 07 00 83 20 C1 07 13 01 01 0A 
67 80 00 00 13 01 01 FF 23 24 81 00 13 84 05 00 
83 95 E5 00 23 26 11 00 EF 30 C0 3D 63 40 05 02 
83 27 04 05 B3 87 A7 00 23 28 F4 04 83 20 C1 00 
03 24 81 00 13 01 01 01 67 80 00 00 83 57 C4 00 
37 F7 FF FF 13 07 F7 FF B3 F7 E7 00 23 16 F4 00 
6F F0 DF FD 13 05 00 00 67 80 00 00 83 D7 C5 00 
13 01 01 FE 23 2C 81 00 23 2A 91 00 23 28 21 01 
23 26 31 01 23 2E 11 00 93 F7 07 10 93 04 05 00 
13 84 05 00 13 09 06 00 93 89 06 00 63 8A 07 00 
83 95 E5 00 93 06 20 00 13 06 00 00 EF 30 40 30 
83 57 C4 00 37 F7 FF FF 13 07 F7 FF B3 F7 E7 00 
23 16 F4 00 83 15 E4 00 03 24 81 01 83 20 C1 01 
93 86 09 00 13 06 09 00 83 29 C1 00 03 29 01 01 
13 85 04 00 83 24 41 01 13 01 01 02 6F 20 10 67 
13 01 01 FF 23 24 81 00 13 84 05 00 83 95 E5 00 
23 26 11 00 EF 30 C0 2A 93 07 F0 FF 03 57 C4 00 
63 12 F5 02 B7 F7 FF FF 93 87 F7 FF B3 F7 E7 00 
23 16 F4 00 83 20 C1 00 03 24 81 00 13 01 01 01 
67 80 00 00 B7 17 00 00 B3 67 F7 00 23 16 F4 00 
23 28 A4 04 6F F0 1F FE 83 95 E5 00 6F 20 10 70 
93 07 05 00 03 C7 05 00 93 87 17 00 93 85 15 00 
A3 8F E7 FE E3 18 07 FE 67 80 00 00 93 07 05 00 
63 0E 06 00 93 85 15 00 03 C7 F5 FF 93 87 17 00 
13 06 F6 FF A3 8F E7 FE E3 14 07 FE 33 86 C7 00 
63 94 C7 00 67 80 00 00 93 87 17 00 A3 8F 07 FE 
6F F0 1F FF 13 01 01 E2 23 2E 11 1C 23 2A 91 1C 
23 28 21 1D 23 26 31 1D 23 22 51 1D 93 89 05 00 
93 04 06 00 93 8A 06 00 23 2C 81 1C 23 24 41 1D 
23 20 61 1D 23 2E 71 1B 23 2C 81 1B 23 2A 91 1B 
23 28 A1 1B 23 26 B1 1B 13 09 05 00 EF E0 0F B3 
83 27 05 00 13 85 07 00 23 2A F1 02 EF 90 0F 8F 
83 D7 C9 00 23 20 A1 02 23 20 01 0E 23 22 01 0E 
23 24 01 0E 23 26 01 0E 93 F7 07 08 63 80 07 04 
83 A7 09 01 63 9C 07 02 93 05 00 04 13 05 09 00 
EF 80 8F D9 23 A0 A9 00 23 A8 A9 00 63 1C 05 00 
93 07 C0 00 23 20 F9 00 93 07 F0 FF 23 22 F1 02 
6F 00 40 7C 93 07 00 04 23 AA F9 00 B7 27 02 00 
93 87 07 B0 B7 2B 02 00 93 08 C1 0F 23 26 F1 04 
93 87 CB C7 23 2A 11 0D 23 2E 01 0C 23 2C 01 0C 
13 0A 00 00 13 8C 08 00 23 20 01 04 23 2E 01 02 
23 28 01 00 23 28 01 02 23 2C 01 02 23 22 01 02 
23 2A F1 00 13 84 04 00 13 07 50 02 83 47 04 00 
63 84 07 00 63 9C E7 0A 33 0B 94 40 63 0A 0B 04 
83 27 C1 0D 23 20 9C 00 23 22 6C 01 B3 87 67 01 
23 2E F1 0C 83 27 81 0D 13 07 70 00 13 0C 8C 00 
93 87 17 00 23 2C F1 0C 63 5E F7 00 13 06 41 0D 
93 85 09 00 13 05 09 00 EF 30 00 16 63 16 05 70 
13 0C C1 0F 83 27 41 02 B3 87 67 01 23 22 F1 02 
83 47 04 00 63 94 07 00 6F 10 50 56 93 07 14 00 
A3 0B 01 0A 93 0B F0 FF 23 24 01 02 13 04 00 00 
13 0D A0 05 93 0D A0 00 93 0C 90 00 03 CB 07 00 
13 87 17 00 23 2E E1 00 93 06 A0 02 93 07 0B FE 
63 74 FD 00 6F 10 80 24 03 27 C1 04 93 97 27 00 
B3 87 E7 00 83 A7 07 00 67 80 07 00 13 04 14 00 
6F F0 DF F3 13 05 09 00 EF E0 4F 9A 83 27 45 00 
13 85 07 00 23 2C F1 02 EF 80 5F F6 23 28 A1 02 
13 05 09 00 EF E0 8F 98 83 27 85 00 23 28 F1 00 
83 27 01 03 63 8C 07 00 83 27 01 01 63 88 07 00 
83 C7 07 00 63 84 07 00 13 64 04 40 83 27 C1 01 
6F F0 DF F7 83 47 71 0B E3 9A 07 FE 93 07 00 02 
A3 0B F1 0A 6F F0 9F FE 13 64 14 00 6F F0 1F FE 
83 A7 0A 00 93 8A 4A 00 23 24 F1 02 E3 D8 07 FC 
B3 07 F0 40 23 24 F1 02 13 64 44 00 6F F0 1F FC 
93 07 B0 02 6F F0 DF FC 03 27 C1 01 83 27 C1 01 
03 4B 07 00 93 87 17 00 63 10 DB 04 83 AB 0A 00 
13 87 4A 00 63 D4 0B 00 93 0B F0 FF 93 0A 07 00 
23 2E F1 00 6F F0 9F F8 33 83 BB 03 93 87 17 00 
03 CB F7 FF B3 0B E3 00 13 07 0B FD E3 F6 EC FE 
23 2E F1 00 6F F0 9F EF 93 0B 00 00 6F F0 DF FE 
13 64 04 08 6F F0 9F F5 83 27 C1 01 23 24 01 02 
03 27 81 02 13 0B 0B FD 93 87 17 00 33 07 B7 03 
33 07 EB 00 03 CB F7 FF 23 24 E1 02 13 07 0B FD 
E3 F0 EC FE 6F F0 DF FB 13 64 84 00 6F F0 1F F2 
83 27 C1 01 03 C7 07 00 93 07 80 06 63 1C F7 00 
83 27 C1 01 13 64 04 20 93 87 17 00 23 2E F1 00 
6F F0 DF EF 13 64 04 04 6F F0 5F EF 83 27 C1 01 
03 C7 07 00 93 07 C0 06 63 1C F7 00 83 27 C1 01 
93 87 17 00 23 2E F1 00 13 64 04 02 6F F0 1F ED 
13 64 04 01 6F F0 9F EC 93 87 4A 00 23 2C F1 00 
83 A7 0A 00 A3 0B 01 0A 23 0E F1 12 23 26 01 00 
93 0B 10 00 93 0A 00 00 13 0D 00 00 93 0C 00 00 
93 0D 00 00 93 04 C1 13 23 26 51 03 63 D4 7A 01 
23 26 71 03 03 47 71 0B 63 08 07 00 83 27 C1 02 
93 87 17 00 23 26 F1 02 93 77 24 00 23 22 F1 04 
63 88 07 00 83 27 C1 02 93 87 27 00 23 26 F1 02 
93 77 44 08 23 24 F1 04 63 9C 07 06 83 27 81 02 
03 27 C1 02 33 87 E7 40 63 54 E0 06 B7 27 02 00 
93 0E 00 01 13 8E C7 C6 13 0F 70 00 83 26 81 0D 
23 20 CC 01 03 26 C1 0D 93 86 16 00 93 05 8C 00 
63 D4 EE 00 6F 10 C0 00 23 22 EC 00 33 07 C7 00 
23 2E E1 0C 23 2C D1 0C 13 07 70 00 13 8C 05 00 
63 50 D7 02 13 06 41 0D 93 85 09 00 13 05 09 00 
EF 20 90 68 63 04 05 00 6F 10 10 24 13 0C C1 0F 
03 47 71 0B 63 0A 07 04 13 07 71 0B 23 20 EC 00 
13 07 10 00 23 22 EC 00 03 27 C1 0D 93 06 70 00 
13 0C 8C 00 13 07 17 00 23 2E E1 0C 03 27 81 0D 
13 07 17 00 23 2C E1 0C 63 D0 E6 02 13 06 41 0D 
93 85 09 00 13 05 09 00 EF 20 10 63 63 04 05 00 
6F 10 90 1E 13 0C C1 0F 83 27 41 04 63 8A 07 04 
13 07 81 0B 23 20 EC 00 13 07 20 00 23 22 EC 00 
03 27 C1 0D 93 06 70 00 13 0C 8C 00 13 07 27 00 
23 2E E1 0C 03 27 81 0D 13 07 17 00 23 2C E1 0C 
63 D0 E6 02 13 06 41 0D 93 85 09 00 13 05 09 00 
EF 20 90 5D 63 04 05 00 6F 10 10 19 13 0C C1 0F 
83 27 81 04 13 07 00 08 63 98 E7 06 83 27 81 02 
03 27 C1 02 B3 87 E7 40 63 50 F0 06 13 0E 00 01 
93 0E 70 00 83 25 41 01 83 26 81 0D 03 27 C1 0D 
23 20 BC 00 93 86 16 00 13 06 8C 00 E3 4A FE 72 
33 87 E7 00 23 22 FC 00 23 2E E1 0C 23 2C D1 0C 
13 07 70 00 13 0C 06 00 63 50 D7 02 13 06 41 0D 
93 85 09 00 13 05 09 00 EF 20 10 56 63 04 05 00 
6F 10 90 11 13 0C C1 0F B3 8A 7A 41 63 50 50 07 
13 08 00 01 13 0E 70 00 83 27 41 01 03 27 81 0D 
83 26 C1 0D 23 20 FC 00 13 07 17 00 13 06 8C 00 
E3 4C 58 71 23 22 5C 01 B3 8A DA 00 23 2E 51 0D 
23 2C E1 0C 93 06 70 00 13 0C 06 00 63 D0 E6 02 
13 06 41 0D 93 85 09 00 13 05 09 00 EF 20 D0 4F 
63 04 05 00 6F 10 50 0B 13 0C C1 0F 93 76 04 10 
03 27 C1 0D E3 9A 06 70 83 27 81 0D 33 83 EB 00 
23 20 9C 00 93 87 17 00 23 22 7C 01 23 2E 61 0C 
23 2C F1 0C 13 07 70 00 13 0C 8C 00 63 44 F7 00 
6F 10 00 1B 13 06 41 0D 93 85 09 00 13 05 09 00 
EF 20 90 4A 63 04 05 00 6F 10 10 06 13 0C C1 0F 
6F 10 00 19 13 64 04 01 93 77 04 02 63 84 07 06 
93 8A 7A 00 93 FA 8A FF 83 AD 0A 00 03 AD 4A 00 
93 87 8A 00 23 2C F1 00 63 44 0D 00 6F 10 10 0B 
B3 0D B0 41 B3 37 B0 01 33 0D A0 41 33 0D FD 40 
93 07 D0 02 A3 0B F1 0A 93 07 10 00 13 07 F0 FF 
E3 8C EB 3E 13 07 04 00 B3 E6 AD 01 13 74 F4 F7 
E3 94 06 3E E3 8E 0B 54 13 07 10 00 E3 92 E7 3E 
6F 10 10 08 93 87 4A 00 23 2C F1 00 93 77 04 01 
63 88 07 00 83 AD 0A 00 13 DD FD 41 6F F0 DF F9 
93 77 04 04 83 AD 0A 00 63 88 07 00 93 9D 0D 01 
93 DD 0D 41 6F F0 5F FE 93 77 04 20 E3 8E 07 FC 
93 9D 8D 01 93 DD 8D 41 6F F0 1F FD 93 77 84 00 
63 88 07 0A 93 87 4A 00 23 2C F1 00 83 A7 0A 00 
03 A6 07 00 83 A6 47 00 03 A7 87 00 83 A7 C7 00 
23 20 C1 0E 23 22 D1 0E 23 24 E1 0E 13 05 01 0E 
23 26 F1 0E EF D0 DF BF 23 2E A1 0A 93 07 20 00 
63 1E F5 0A 83 27 01 0E 93 05 01 09 13 05 01 0A 
23 20 F1 0A 83 27 41 0E 23 28 01 08 23 2A 01 08 
23 22 F1 0A 83 27 81 0E 23 2C 01 08 23 2E 01 08 
23 24 F1 0A 83 27 C1 0E 23 26 F1 0A EF 50 00 0D 
63 56 05 00 93 07 D0 02 A3 0B F1 0A 93 07 70 04 
63 D0 67 07 B7 14 02 00 93 84 04 71 13 74 F4 F7 
23 26 01 00 93 0B 30 00 93 0A 00 00 6F 00 10 34 
93 8A 7A 00 93 FA 8A FF 83 A5 0A 00 03 A6 4A 00 
93 87 8A 00 13 05 01 0A 23 2C F1 00 EF 70 50 1C 
83 27 01 0A 23 20 F1 0E 83 27 41 0A 23 22 F1 0E 
83 27 81 0A 23 24 F1 0E 83 27 C1 0A 6F F0 1F F4 
B7 14 02 00 93 84 C4 70 6F F0 5F FA 93 07 10 00 
63 1A F5 02 83 27 C1 0E 63 D6 07 00 93 07 D0 02 
A3 0B F1 0A 93 07 70 04 63 D8 67 01 B7 14 02 00 
93 84 84 71 6F F0 9F F7 B7 14 02 00 93 84 44 71 
6F F0 DF F6 93 7C FB FD 93 07 10 04 63 9C FC 08 
93 07 00 03 23 0C F1 0A 13 07 10 06 93 07 80 07 
63 04 EB 00 93 07 80 05 A3 0C F1 0A 93 07 30 06 
13 64 24 00 63 DC 77 4D 93 85 1B 00 13 05 09 00 
EF 70 9F DD 93 04 05 00 63 18 05 4C 83 D7 C9 00 
93 E7 07 04 23 96 F9 00 83 D7 C9 00 93 F7 07 04 
E3 9C 07 82 83 20 C1 1D 03 24 81 1D 03 25 41 02 
83 24 41 1D 03 29 01 1D 83 29 C1 1C 03 2A 81 1C 
83 2A 41 1C 03 2B 01 1C 83 2B C1 1B 03 2C 81 1B 
83 2C 41 1B 03 2D 01 1B 83 2D C1 1A 13 01 01 1E 
67 80 00 00 93 07 F0 FF 63 8C FB 46 93 07 70 04 
23 26 01 00 63 98 FC 00 63 96 0B 00 23 26 71 01 
93 0B 10 00 03 2A C1 0E 93 67 04 10 23 26 F1 02 
23 22 01 04 83 2E 01 0E 03 2E 41 0E 83 2D 81 0E 
63 5A 0A 00 B7 07 00 80 33 CA 47 01 93 07 D0 02 
23 22 F1 04 93 07 10 04 63 9E FC 46 13 05 01 0A 
23 20 D1 0B 23 22 C1 0B 23 24 B1 0B 23 26 41 0B 
EF 70 D0 25 13 06 C1 0B EF F0 8F BC 13 86 05 00 
93 05 05 00 13 05 01 0A EF 70 90 03 83 27 01 0A 
13 06 01 07 93 05 01 08 23 20 F1 08 83 27 41 0A 
13 05 01 09 23 28 01 06 23 22 F1 08 83 27 81 0A 
23 2A 01 06 23 2C 01 06 23 24 F1 08 83 27 C1 0A 
23 26 F1 08 B7 07 FC 3F 23 2E F1 06 EF 40 90 7F 
03 28 01 09 03 26 41 09 83 26 81 09 83 2D C1 09 
93 05 01 09 13 05 01 0A 23 20 01 0B 23 2A 01 05 
23 22 C1 0A 23 28 C1 04 23 24 D1 0A 23 24 D1 04 
23 26 B1 0B 23 28 01 08 23 2A 01 08 23 2C 01 08 
23 2E 01 08 EF 40 50 45 83 26 81 04 03 26 01 05 
03 28 41 05 63 16 05 00 13 07 10 00 23 2E E1 0A 
13 07 10 06 63 0C EB 34 37 1A 02 00 13 0A 0A 73 
13 8E FB FF 13 8D 04 00 B7 07 03 40 93 05 01 09 
23 2A C1 08 13 05 01 0A 13 06 01 08 23 2C C1 05 
23 28 01 09 23 2C D1 08 23 2E B1 09 23 26 F1 08 
23 20 01 08 23 22 01 08 23 24 01 08 EF 40 90 74 
03 26 01 0A 83 26 41 0A 83 27 81 0A 13 05 01 0A 
23 2A C1 04 23 28 D1 04 23 24 F1 04 EF 70 80 44 
93 05 05 00 93 0A 05 00 13 05 01 0A 83 2D C1 0A 
EF 70 40 58 83 27 81 04 03 26 41 05 83 26 01 05 
23 24 F1 08 83 27 01 0A 23 20 C1 08 93 05 01 08 
23 28 F1 06 83 27 41 0A 13 06 01 07 13 05 01 09 
23 2A F1 06 83 27 81 0A 23 26 B1 09 23 22 D1 08 
23 2C F1 06 83 27 C1 0A 13 0D 1D 00 23 2E F1 06 
EF 50 D0 6C B3 05 5A 01 83 C5 05 00 03 2E 81 05 
83 2E C1 09 83 22 01 09 83 2F 41 09 03 2F 81 09 
23 24 C1 05 A3 0F BD FE 93 07 F0 FF 93 8D 0E 00 
63 0C FE 06 13 0E FE FF 93 05 01 09 13 05 01 0A 
23 26 D1 07 23 24 E1 07 23 22 F1 07 23 20 51 06 
23 2E C1 05 23 20 51 0A 23 2C 51 04 23 22 F1 0B 
23 2A F1 05 23 24 E1 0B 23 28 E1 05 23 26 D1 0B 
23 28 01 08 23 2A 01 08 23 2C 01 08 23 2E 01 08 
EF 40 90 2E 83 26 01 05 03 26 41 05 03 28 81 05 
03 2E C1 05 83 22 01 06 83 2F 41 06 03 2F 81 06 
83 2E C1 06 E3 12 05 EA B7 0D FE 3F 93 05 01 09 
13 05 01 0A 23 20 51 0A 23 2E 51 04 23 22 F1 0B 
23 2C F1 05 23 24 E1 0B 23 2A E1 05 23 26 D1 0B 
23 28 D1 05 23 28 01 08 23 2A 01 08 23 2C 01 08 
23 2E B1 09 EF 40 10 35 63 46 A0 04 83 22 C1 05 
83 2F 81 05 03 2F 41 05 83 2E 01 05 93 05 01 09 
13 05 01 0A 23 20 51 0A 23 22 F1 0B 23 24 E1 0B 
23 26 D1 0B 23 28 01 08 23 2A 01 08 23 2C 01 08 
23 2E B1 09 EF 40 50 24 63 1C 05 18 93 FA 1A 00 
63 88 0A 18 03 46 FA 00 23 26 A1 0D 93 05 00 03 
83 26 C1 0C 93 87 F6 FF 23 26 F1 0C 83 C7 F6 FF 
63 84 C7 14 13 06 90 03 63 94 C7 14 83 47 AA 00 
A3 8F F6 FE 13 0A 0D 00 13 07 70 04 33 0A 9A 40 
83 2D C1 0B 63 90 EC 2A 13 07 D0 FF 63 C4 ED 00 
63 DA BB 31 13 0B EB FF 93 86 FD FF 23 2E D1 0A 
13 76 FB FD 13 05 10 04 13 77 FB 0F 93 05 00 00 
63 18 A6 00 13 07 F7 00 13 77 F7 0F 93 05 10 00 
23 02 E1 0C 93 07 B0 02 63 D8 06 00 93 06 10 00 
B3 86 B6 41 93 07 D0 02 A3 02 F1 0C 93 07 90 00 
63 D8 D7 28 13 07 31 0D 13 05 07 00 93 05 A0 00 
13 08 30 06 B3 E7 B6 02 13 06 F7 FF 93 87 07 03 
A3 0F F7 FE B3 C7 B6 02 63 44 D8 24 93 87 07 03 
A3 0F F6 FE 13 07 E7 FF 13 06 61 0C 63 60 A7 24 
93 07 41 0C B3 07 F6 40 23 2E F1 02 B3 8B 47 01 
93 07 10 00 63 C6 47 01 93 77 14 00 63 86 07 00 
83 27 01 02 B3 8B FB 00 13 74 F4 BF 93 67 04 10 
23 26 F1 02 13 0D 00 00 93 0C 00 00 93 0D 00 00 
83 27 41 04 63 86 07 00 13 07 D0 02 A3 0B E1 0A 
03 24 C1 02 93 0A 00 00 6F F0 0F E7 23 26 01 00 
93 04 C1 13 6F F0 1F BB 23 26 A1 00 6F F0 9F BA 
23 26 01 00 93 0B 60 00 6F F0 DF B9 37 1A 02 00 
13 0A CA 71 6F F0 DF CA A3 8F B6 FE 6F F0 5F EA 
93 87 17 00 93 F7 F7 0F 6F F0 9F EB 13 0A 1A 00 
A3 0F EA FE B3 07 4D 41 E3 DA 07 FE 6F F0 DF EA 
83 27 81 04 13 0A 0D 00 13 07 00 03 33 0D FD 00 
6F F0 5F FE 93 07 60 04 63 8E FC 00 93 07 50 04 
93 8A 1B 00 63 84 FC 00 93 8A 0B 00 13 06 20 00 
6F 00 C0 00 93 8A 0B 00 13 06 30 00 93 07 01 0C 
13 08 C1 0C 13 07 C1 0B 93 86 0A 00 93 05 01 0A 
13 05 09 00 23 20 D1 0B 23 28 D1 05 23 22 C1 0B 
23 24 C1 05 23 24 B1 0B 23 26 41 0B EF C0 1F 94 
93 07 70 04 93 04 05 00 03 2E 81 04 83 2E 01 05 
63 9A FC 00 93 77 14 00 63 96 07 00 03 2A C1 0C 
6F F0 9F E1 93 07 60 04 33 8D 54 01 63 92 FC 06 
03 C7 04 00 93 07 00 03 63 18 F7 04 93 05 01 09 
13 05 01 0A 23 20 D1 0B 23 28 D1 05 23 22 C1 0B 
23 24 C1 05 23 24 B1 0B 23 26 41 0B 23 28 01 08 
23 2A 01 08 23 2C 01 08 23 2E 01 08 EF 40 C0 7C 
03 2E 81 04 83 2E 01 05 63 08 05 00 93 07 10 00 
B3 8A 57 41 23 2E 51 0B 83 27 C1 0B 33 0D FD 00 
93 05 01 09 13 05 01 0A 23 20 D1 0B 23 22 C1 0B 
23 24 B1 0B 23 26 41 0B 23 28 01 08 23 2A 01 08 
23 2C 01 08 23 2E 01 08 EF 40 00 78 63 14 05 00 
23 26 A1 0D 13 07 00 03 6F 00 00 01 93 86 17 00 
23 26 D1 0C 23 80 E7 00 83 27 C1 0C E3 E8 A7 FF 
6F F0 DF F3 13 07 60 04 E3 98 EC D6 13 77 14 00 
33 67 77 01 63 50 B0 07 63 00 07 0C 83 27 01 02 
33 87 FD 00 B3 8B EB 00 13 0B 60 06 6F 00 00 09 
13 07 06 00 93 86 07 00 6F F0 DF D9 13 07 17 00 
83 47 F7 FF 13 06 16 00 A3 0F F6 FE 6F F0 1F DB 
13 07 61 0C 63 98 05 00 93 07 00 03 23 03 F1 0C 
13 07 71 0C 93 87 06 03 13 06 17 00 23 00 F7 00 
6F F0 1F D9 63 06 07 06 83 27 01 02 13 87 17 00 
6F F0 5F FA 63 C0 4D 03 13 77 14 00 93 8B 0D 00 
63 06 07 00 83 27 01 02 B3 8B FD 00 13 0B 70 06 
6F 00 C0 01 83 27 01 02 13 0B 70 06 B3 0B FA 00 
63 46 B0 01 33 83 BB 41 93 0B 13 00 93 7C 04 40 
13 0D 00 00 E3 8E 0C D6 93 0C 00 00 E3 5A B0 D7 
93 06 F0 0F 6F 00 80 03 93 8B 0D 00 6F F0 DF F4 
13 0B 60 06 93 0B 10 00 6F F0 5F FD 63 56 B7 03 
83 27 01 01 B3 8D ED 40 03 C7 17 00 63 08 07 02 
93 87 17 00 93 8C 1C 00 23 28 F1 00 83 27 01 01 
03 C7 07 00 E3 1C D7 FC 83 27 01 03 33 87 AC 01 
33 07 F7 02 B3 0B 77 01 6F F0 9F D1 13 0D 1D 00 
6F F0 DF FD 13 87 4A 00 23 2C E1 00 13 77 04 02 
83 A7 0A 00 63 00 07 02 03 27 41 02 23 A0 E7 00 
13 57 F7 41 23 A2 E7 00 83 2A 81 01 83 24 C1 01 
6F F0 4F 8E 13 77 04 01 63 08 07 00 03 27 41 02 
23 A0 E7 00 6F F0 5F FE 13 77 04 04 63 08 07 00 
03 27 41 02 23 90 E7 00 6F F0 1F FD 13 74 04 20 
E3 0E 04 FC 03 27 41 02 23 80 E7 00 6F F0 DF FB 
13 64 04 01 93 77 04 02 63 86 07 02 93 8A 7A 00 
93 FA 8A FF 83 AD 0A 00 03 AD 4A 00 93 87 8A 00 
23 2C F1 00 13 74 F4 BF 93 07 00 00 A3 0B 01 0A 
6F F0 CF DD 93 87 4A 00 23 2C F1 00 93 77 04 01 
63 86 07 00 83 AD 0A 00 6F 00 00 01 93 77 04 04 
63 88 07 00 83 DD 0A 00 13 0D 00 00 6F F0 9F FC 
93 77 04 20 E3 80 07 FE 83 CD 0A 00 6F F0 DF FE 
93 87 4A 00 23 2C F1 00 B7 87 FF FF 93 C7 07 83 
23 1C F1 0A B7 17 02 00 93 87 C7 71 23 20 F1 04 
83 AD 0A 00 13 0D 00 00 13 64 24 00 93 07 20 00 
13 0B 80 07 6F F0 9F F8 93 87 4A 00 23 2C F1 00 
A3 0B 01 0A 93 07 F0 FF 83 A4 0A 00 63 84 FB 02 
13 86 0B 00 93 05 00 00 13 85 04 00 EF D0 0F D5 
23 26 A1 00 63 0A 05 E4 B3 0B 95 40 23 26 01 00 
6F F0 8F E4 13 85 04 00 EF 80 4F 80 93 0B 05 00 
6F F0 DF FE 13 64 04 01 93 77 04 02 63 82 07 02 
93 8A 7A 00 93 FA 8A FF 83 AD 0A 00 03 AD 4A 00 
93 87 8A 00 23 2C F1 00 93 07 10 00 6F F0 1F F1 
93 87 4A 00 23 2C F1 00 93 77 04 01 63 86 07 00 
83 AD 0A 00 6F 00 00 01 93 77 04 04 63 88 07 00 
83 DD 0A 00 13 0D 00 00 6F F0 1F FD 93 77 04 20 
E3 80 07 FE 83 CD 0A 00 6F F0 DF FE B7 17 02 00 
93 87 07 73 23 20 F1 04 93 77 04 02 63 8A 07 04 
93 8A 7A 00 93 FA 8A FF 83 AD 0A 00 03 AD 4A 00 
93 87 8A 00 23 2C F1 00 93 77 14 00 63 8E 07 00 
B3 E7 AD 01 63 8A 07 00 93 07 00 03 23 0C F1 0A 
A3 0C 61 0B 13 64 24 00 13 74 F4 BF 93 07 20 00 
6F F0 DF E7 B7 17 02 00 93 87 C7 71 6F F0 9F FA 
93 87 4A 00 23 2C F1 00 93 77 04 01 63 86 07 00 
83 AD 0A 00 6F 00 00 01 93 77 04 04 63 88 07 00 
83 DD 0A 00 13 0D 00 00 6F F0 1F FA 93 77 04 20 
E3 80 07 FE 83 CD 0A 00 6F F0 DF FE 13 07 04 00 
93 07 10 00 6F F0 4F C1 13 07 10 00 E3 8C E7 48 
13 07 20 00 63 8A E7 12 93 07 01 1A 93 16 DD 01 
13 F7 7D 00 93 DD 3D 00 13 07 07 03 B3 ED B6 01 
13 5D 3D 00 A3 8F E7 FE B3 E6 AD 01 93 84 F7 FF 
63 9E 06 02 93 76 14 00 63 8A 06 00 93 06 00 03 
63 06 D7 00 A3 8F D4 FE 93 84 E7 FF 93 07 01 1A 
93 8A 0B 00 23 26 01 00 B3 8B 97 40 13 0D 00 00 
93 0C 00 00 93 0D 00 00 6F F0 0F 8B 93 87 04 00 
6F F0 DF F9 13 77 04 40 13 0A 00 00 93 07 01 1A 
23 26 E1 00 93 0C F0 0F 93 0A 90 00 13 06 A0 00 
93 06 00 00 13 85 0D 00 93 05 0D 00 93 84 F7 FF 
23 26 F1 02 EF 30 40 26 83 27 C1 02 13 05 05 03 
13 0A 1A 00 A3 8F A7 FE 83 27 C1 00 63 88 07 04 
83 27 01 01 83 C7 07 00 63 12 FA 04 63 00 9A 05 
63 14 0D 00 63 FC BA 03 83 27 01 03 83 25 81 03 
13 0A 00 00 B3 84 F4 40 13 86 07 00 13 85 04 00 
EF E0 DF C6 83 27 01 01 83 C7 17 00 63 88 07 00 
83 27 01 01 93 87 17 00 23 28 F1 00 13 06 A0 00 
93 06 00 00 13 85 0D 00 93 05 0D 00 EF 20 90 5B 
63 14 0D 00 E3 F4 BA F3 93 0D 05 00 13 8D 05 00 
93 87 04 00 6F F0 9F F5 93 04 01 1A 03 27 01 04 
93 F7 FD 00 93 84 F4 FF B3 07 F7 00 83 C7 07 00 
93 DD 4D 00 23 80 F4 00 93 17 CD 01 B3 ED B7 01 
13 5D 4D 00 B3 E7 AD 01 E3 9A 07 FC 6F F0 1F EE 
93 04 01 1A E3 9C 07 EC 13 77 17 00 E3 08 07 EC 
93 07 00 03 A3 0F F1 18 6F 00 10 32 E3 00 0B 2E 
23 0E 61 13 A3 0B 01 0A 23 2C 51 01 6F E0 1F F6 
13 06 06 01 23 22 DC 01 23 2E C1 0C 23 2C D1 0C 
63 5A DF 02 13 06 41 0D 93 85 09 00 13 05 09 00 
23 28 E1 04 EF 10 50 68 E3 10 05 24 03 27 01 05 
B7 27 02 00 93 05 C1 0F 13 0F 70 00 13 8E C7 C6 
93 0E 00 01 13 07 07 FF 13 8C 05 00 6F E0 1F F9 
13 07 07 01 23 22 CC 01 23 2E E1 0C 23 2C D1 0C 
63 D6 DE 02 13 06 41 0D 93 85 09 00 13 05 09 00 
23 22 F1 04 EF 10 50 63 E3 18 05 1E 83 27 41 04 
13 06 C1 0F 93 0E 70 00 13 0E 00 01 93 87 07 FF 
13 0C 06 00 6F F0 0F 87 93 86 06 01 23 22 0C 01 
23 2E D1 0C 23 2C E1 0C 63 52 EE 02 13 06 41 0D 
93 85 09 00 13 05 09 00 EF 10 10 5F E3 16 05 1A 
13 06 C1 0F 13 0E 70 00 13 08 00 01 93 8A 0A FF 
13 0C 06 00 6F F0 4F 89 93 06 50 06 63 D4 66 73 
83 26 01 0E 93 05 01 09 13 05 01 0A 23 20 D1 0A 
83 26 41 0E 23 22 E1 04 23 28 01 08 23 22 D1 0A 
83 26 81 0E 23 2A 01 08 23 2C 01 08 23 24 D1 0A 
83 26 C1 0E 23 2E 01 08 23 26 D1 0A EF 40 C0 0E 
03 27 41 04 63 1A 05 12 B7 17 02 00 93 87 47 74 
23 20 FC 00 93 07 10 00 23 22 FC 00 83 27 81 0D 
13 07 17 00 23 2E E1 0C 93 87 17 00 23 2C F1 0C 
13 07 70 00 13 0C 8C 00 63 5E F7 00 13 06 41 0D 
93 85 09 00 13 05 09 00 EF 10 10 54 E3 1E 05 0E 
13 0C C1 0F 83 27 C1 0B 63 C6 47 01 93 77 14 00 
63 80 07 22 83 27 41 03 03 27 01 02 13 0C 8C 00 
23 2C FC FE 83 27 01 02 23 2E FC FE 83 27 C1 0D 
B3 87 E7 00 23 2E F1 0C 83 27 81 0D 13 07 70 00 
93 87 17 00 23 2C F1 0C 63 5E F7 00 13 06 41 0D 
93 85 09 00 13 05 09 00 EF 10 10 4E E3 1E 05 08 
13 0C C1 0F 93 04 FA FF 63 54 90 1C 93 0A 00 01 
13 0B 70 00 03 26 41 01 83 27 81 0D 03 27 C1 0D 
23 20 CC 00 93 87 17 00 93 06 8C 00 63 C2 9A 02 
23 22 9C 00 B3 84 E4 00 23 2E 91 0C 23 2C F1 0C 
13 07 70 00 13 8C 06 00 63 54 F7 18 6F E0 9F FD 
13 07 07 01 23 22 5C 01 23 2E E1 0C 23 2C F1 0C 
63 5E FB 00 13 06 41 0D 93 85 09 00 13 05 09 00 
EF 10 90 46 E3 12 05 02 93 06 C1 0F 93 84 04 FF 
13 8C 06 00 6F F0 1F F9 83 26 C1 0B 63 48 D0 1C 
B7 17 02 00 93 87 47 74 23 20 FC 00 93 07 10 00 
23 22 FC 00 83 27 81 0D 13 07 17 00 23 2E E1 0C 
93 87 17 00 23 2C F1 0C 13 07 70 00 13 0C 8C 00 
63 5E F7 00 13 06 41 0D 93 85 09 00 13 05 09 00 
EF 10 90 40 63 12 05 7C 13 0C C1 0F 83 27 C1 0B 
93 76 14 00 03 27 C1 0D B3 67 FA 00 B3 E7 D7 00 
63 80 07 0E 83 27 41 03 93 08 8C 00 23 20 FC 00 
83 27 01 02 23 22 FC 00 B3 87 E7 00 23 2E F1 0C 
83 27 81 0D 13 07 70 00 93 87 17 00 23 2C F1 0C 
63 5E F7 00 13 06 41 0D 93 85 09 00 13 05 09 00 
EF 10 90 3A 63 12 05 76 93 08 C1 0F 83 2A C1 0B 
63 D0 0A 06 B3 0A 50 41 13 87 08 00 13 0B 00 01 
93 0C 70 00 03 26 41 01 83 27 81 0D 83 26 C1 0D 
23 20 C7 00 93 87 17 00 93 88 88 00 63 4C 5B 0B 
23 22 57 01 B3 8A DA 00 23 2E 51 0D 23 2C F1 0C 
13 07 70 00 63 5E F7 00 13 06 41 0D 93 85 09 00 
13 05 09 00 EF 10 50 34 63 10 05 70 93 08 C1 0F 
83 27 C1 0D 23 A0 98 00 23 A2 48 01 B3 87 47 01 
23 2E F1 0C 83 27 81 0D 13 07 70 00 13 8C 88 00 
93 87 17 00 23 2C F1 0C 63 54 F7 00 6F E0 9F E5 
13 74 44 00 63 12 04 66 03 2B 81 02 83 27 C1 02 
63 54 FB 00 13 8B 07 00 83 27 41 02 B3 87 67 01 
23 22 F1 02 83 27 C1 0D 63 8C 07 00 13 06 41 0D 
93 85 09 00 13 05 09 00 EF 10 10 2D 63 16 05 68 
83 27 C1 00 23 2C 01 0C 63 9A 07 6C 13 0C C1 0F 
6F F0 9F 81 93 86 06 01 23 22 67 01 23 2E D1 0C 
23 2C F1 0C 63 DE FC 00 13 06 41 0D 93 85 09 00 
13 05 09 00 EF 10 50 29 63 18 05 64 93 08 C1 0F 
93 8A 0A FF 13 87 08 00 6F F0 DF EF 93 8A 0D 00 
63 54 BA 01 93 0A 0A 00 63 52 50 05 33 87 EA 00 
23 2E E1 0C 03 27 81 0D 23 20 9C 00 23 22 5C 01 
13 07 17 00 23 2C E1 0C 93 06 70 00 13 0C 8C 00 
63 DE E6 00 13 06 41 0D 93 85 09 00 13 05 09 00 
EF 10 90 23 63 1A 05 5E 13 0C C1 0F 63 D4 0A 00 
93 0A 00 00 B3 8A 5D 41 63 5E 50 05 13 0B 00 01 
93 0B 70 00 83 27 41 01 03 27 81 0D 83 26 C1 0D 
23 20 FC 00 13 07 17 00 13 06 8C 00 63 4C 5B 19 
23 22 5C 01 B3 8A DA 00 23 2E 51 0D 23 2C E1 0C 
93 06 70 00 13 0C 06 00 63 DE E6 00 13 06 41 0D 
93 85 09 00 13 05 09 00 EF 10 10 1D 63 16 05 58 
13 0C C1 0F 93 77 04 40 B3 8A B4 01 63 80 07 02 
13 0B 70 00 B3 8B 44 01 63 92 0C 18 63 12 0D 18 
B3 87 44 01 63 F4 57 01 93 8A 07 00 83 27 C1 0B 
63 C6 47 01 93 77 14 00 63 8A 07 04 83 27 41 03 
03 27 01 02 13 0C 8C 00 23 2C FC FE 83 27 01 02 
23 2E FC FE 83 27 C1 0D B3 87 E7 00 23 2E F1 0C 
83 27 81 0D 13 07 70 00 93 87 17 00 23 2C F1 0C 
63 5E F7 00 13 06 41 0D 93 85 09 00 13 05 09 00 
EF 10 90 14 63 12 05 50 13 0C C1 0F B3 84 44 01 
B3 87 54 41 83 24 C1 0B B3 04 9A 40 63 D4 97 00 
93 84 07 00 63 54 90 04 83 27 C1 0D 23 20 5C 01 
23 22 9C 00 B3 87 F4 00 23 2E F1 0C 83 27 81 0D 
13 07 70 00 13 0C 8C 00 93 87 17 00 23 2C F1 0C 
63 5E F7 00 13 06 41 0D 93 85 09 00 13 05 09 00 
EF 10 90 0E 63 12 05 4A 13 0C C1 0F 93 87 04 00 
63 D4 04 00 93 07 00 00 83 24 C1 0B B3 04 9A 40 
B3 84 F4 40 E3 5E 90 DA 93 0A 00 01 13 0B 70 00 
03 26 41 01 83 27 81 0D 03 27 C1 0D 23 20 CC 00 
93 87 17 00 93 06 8C 00 E3 DC 9A BE 13 07 07 01 
23 22 5C 01 23 2E E1 0C 23 2C F1 0C 63 5E FB 00 
13 06 41 0D 93 85 09 00 13 05 09 00 EF 10 D0 07 
63 1C 05 42 93 06 C1 0F 93 84 04 FF 13 8C 06 00 
6F F0 1F FB 93 86 06 01 23 22 6C 01 23 2E D1 0C 
23 2C E1 0C 63 DE EB 00 13 06 41 0D 93 85 09 00 
13 05 09 00 EF 10 50 04 63 10 05 40 13 06 C1 0F 
93 8A 0A FF 13 0C 06 00 6F F0 DF E1 63 02 0D 0E 
13 0D FD FF 83 27 81 03 03 27 01 03 13 0C 8C 00 
23 2C FC FE 83 27 01 03 23 2E FC FE 83 27 C1 0D 
B3 87 E7 00 23 2E F1 0C 83 27 81 0D 93 87 17 00 
23 2C F1 0C 63 5E FB 00 13 06 41 0D 93 85 09 00 
13 05 09 00 EF 10 40 7E 63 10 05 3A 13 0C C1 0F 
83 27 01 01 33 87 5B 41 83 C7 07 00 63 54 F7 00 
93 07 07 00 63 56 F0 04 03 27 C1 0D 23 20 5C 01 
23 22 FC 00 33 87 E7 00 23 2E E1 0C 03 27 81 0D 
13 0C 8C 00 13 07 17 00 23 2C E1 0C 63 52 EB 02 
13 06 41 0D 93 85 09 00 13 05 09 00 23 22 F1 04 
EF 10 80 78 63 12 05 34 83 27 41 04 13 0C C1 0F 
13 87 07 00 63 D4 07 00 13 07 00 00 83 27 01 01 
13 08 00 01 83 C7 07 00 B3 87 E7 40 63 44 F0 06 
83 27 01 01 83 C7 07 00 B3 8A FA 00 6F F0 DF D9 
83 27 01 01 93 8C FC FF 93 87 F7 FF 23 28 F1 00 
6F F0 5F F1 93 86 06 01 23 22 0C 01 23 2E D1 0C 
23 2C E1 0C 63 54 EB 02 13 06 41 0D 93 85 09 00 
13 05 09 00 23 22 F1 04 EF 10 00 71 63 16 05 2C 
83 27 41 04 13 06 C1 0F 13 08 00 01 93 87 07 FF 
13 0C 06 00 83 25 41 01 03 27 81 0D 83 26 C1 0D 
23 20 BC 00 13 07 17 00 13 06 8C 00 E3 44 F8 FA 
23 22 FC 00 B3 87 D7 00 23 2E F1 0C 23 2C E1 0C 
13 0C 06 00 E3 56 EB F6 13 06 41 0D 93 85 09 00 
13 05 09 00 EF 10 40 6B 63 18 05 26 13 0C C1 0F 
6F F0 1F F5 83 27 81 0D 93 06 10 00 23 20 9C 00 
13 07 17 00 93 87 17 00 13 0B 8C 00 63 C6 46 01 
13 76 14 00 63 06 06 1C 93 06 10 00 23 2E E1 0C 
23 22 DC 00 23 2C F1 0C 13 07 70 00 63 5E F7 00 
13 06 41 0D 93 85 09 00 13 05 09 00 EF 10 C0 65 
63 1C 05 20 13 0B C1 0F 83 27 41 03 03 27 01 02 
13 0B 8B 00 23 2C FB FE 83 27 01 02 23 2E FB FE 
83 27 C1 0D B3 87 E7 00 23 2E F1 0C 83 27 81 0D 
13 07 70 00 93 87 17 00 23 2C F1 0C 63 5E F7 00 
13 06 41 0D 93 85 09 00 13 05 09 00 EF 10 C0 60 
63 14 05 1C 13 0B C1 0F 83 27 01 0E 93 05 01 09 
13 05 01 0A 23 20 F1 0A 83 27 41 0E 93 0A FA FF 
23 28 01 08 23 22 F1 0A 83 27 81 0E 23 2A 01 08 
23 2C 01 08 23 24 F1 0A 83 27 C1 0E 23 2E 01 08 
23 26 F1 0A EF 30 50 12 63 06 05 08 83 27 C1 0D 
03 27 81 0D 93 84 14 00 93 87 F7 FF B3 87 47 01 
13 07 17 00 23 20 9B 00 23 22 5B 01 23 2E F1 0C 
23 2C E1 0C 93 07 70 00 13 0B 8B 00 63 DE E7 00 
13 06 41 0D 93 85 09 00 13 05 09 00 EF 10 C0 57 
63 1C 05 12 13 0B C1 0F 93 07 41 0C 23 20 FB 00 
83 27 C1 03 03 27 C1 03 13 0C 8B 00 23 22 FB 00 
83 27 C1 0D B3 87 E7 00 23 2E F1 0C 83 27 81 0D 
13 07 70 00 93 87 17 00 23 2C F1 0C E3 5A F7 A2 
6F E0 5F 88 E3 52 50 FD 93 04 00 01 93 0C 70 00 
03 26 41 01 03 27 81 0D 83 27 C1 0D 23 20 CB 00 
13 07 17 00 93 06 8B 00 63 C0 54 03 B3 87 FA 00 
23 22 5B 01 23 2E F1 0C 23 2C E1 0C 93 07 70 00 
13 8B 06 00 6F F0 9F F6 93 87 07 01 23 22 9B 00 
23 2E F1 0C 23 2C E1 0C 63 DE EC 00 13 06 41 0D 
93 85 09 00 13 05 09 00 EF 10 00 4D 63 16 05 08 
93 06 C1 0F 93 8A 0A FF 13 8B 06 00 6F F0 5F F9 
23 2E E1 0C 23 22 DC 00 23 2C F1 0C 13 07 70 00 
E3 5C F7 F2 6F F0 DF F1 83 27 81 02 03 27 C1 02 
33 84 E7 40 E3 5A 80 98 B7 27 02 00 93 0A 00 01 
93 84 C7 C6 13 0B 70 00 83 27 81 0D 23 20 9C 00 
03 27 C1 0D 93 87 17 00 63 C6 8A 04 23 22 8C 00 
33 04 E4 00 23 2E 81 0C 23 2C F1 0C 13 07 70 00 
E3 5C F7 94 13 06 41 0D 93 85 09 00 13 05 09 00 
EF 10 80 44 E3 02 05 94 83 27 C1 00 63 94 07 00 
6F E0 9F 9E 93 85 07 00 13 05 09 00 EF 90 1F D6 
6F E0 9F 9D 13 07 07 01 23 22 5C 01 23 2E E1 0C 
23 2C F1 0C 13 0C 8C 00 63 5E FB 00 13 06 41 0D 
93 85 09 00 13 05 09 00 EF 10 00 40 E3 1E 05 FA 
13 0C C1 0F 13 04 04 FF 6F F0 1F F7 83 25 C1 00 
13 05 09 00 EF 90 9F D1 6F F0 5F 92 83 27 C1 0D 
63 94 07 00 6F E0 5F 98 13 06 41 0D 93 85 09 00 
13 05 09 00 EF 10 40 3C 6F E0 1F 97 93 07 F0 FF 
63 9E FB B4 63 10 0D BE 93 07 90 00 63 EC B7 BD 
93 8D 0D 03 A3 0F B1 19 93 04 F1 19 6F F0 0F BA 
83 27 86 00 13 01 01 FD 23 24 81 02 23 26 11 02 
23 22 91 02 23 20 21 03 23 2E 31 01 23 2C 41 01 
23 2A 51 01 23 28 61 01 23 26 71 01 23 24 81 01 
13 04 06 00 63 9E 07 02 23 22 06 00 13 05 00 00 
83 20 C1 02 03 24 81 02 83 24 41 02 03 29 01 02 
83 29 C1 01 03 2A 81 01 83 2A 41 01 03 2B 01 01 
83 2B C1 00 03 2C 81 00 13 01 01 03 67 80 00 00 
83 A7 45 06 93 89 05 00 13 97 27 01 63 58 07 06 
83 24 06 00 93 0A 05 00 13 0B F0 FF 03 A9 44 00 
03 AC 04 00 13 0A 00 00 93 5B 29 00 63 46 7A 03 
83 27 84 00 13 79 C9 FF 93 84 84 00 B3 87 27 41 
23 24 F4 00 E3 9C 07 FC 13 05 00 00 23 24 04 00 
23 22 04 00 6F F0 DF F7 93 17 2A 00 B3 07 FC 00 
83 A5 07 00 13 86 09 00 13 85 0A 00 EF 10 80 0F 
63 0A 65 01 13 0A 1A 00 6F F0 5F FB EF 90 DF E3 
6F F0 DF FC 13 05 F0 FF 6F F0 5F FC 13 01 01 ED 
23 24 81 12 23 20 21 13 23 2E 31 11 23 2A 51 11 
23 26 11 12 23 22 91 12 23 2C 41 11 23 28 61 11 
23 26 71 11 23 24 81 11 23 22 91 11 23 20 A1 11 
23 2E B1 0F 93 09 05 00 13 84 05 00 93 0A 06 00 
13 89 06 00 63 08 05 00 83 27 85 03 63 94 07 00 
EF 90 5F 8D 83 17 C4 00 13 97 27 01 63 42 07 02 
B7 26 00 00 03 27 44 06 B3 E7 D7 00 23 16 F4 00 
B7 E7 FF FF 93 87 F7 FF B3 77 F7 00 23 22 F4 06 
83 57 C4 00 93 F7 87 00 63 80 07 04 83 27 04 01 
63 8C 07 02 83 57 C4 00 13 07 A0 00 93 F7 A7 01 
63 9E E7 06 83 17 E4 00 63 CA 07 06 93 06 09 00 
13 86 0A 00 93 05 04 00 13 85 09 00 EF 00 90 3D 
13 0C 05 00 6F 00 80 01 93 05 04 00 13 85 09 00 
EF 90 0F A0 E3 00 05 FC 13 0C F0 FF 83 20 C1 12 
03 24 81 12 13 05 0C 00 83 24 41 12 03 29 01 12 
83 29 C1 11 03 2A 81 11 83 2A 41 11 03 2B 01 11 
83 2B C1 10 03 2C 81 10 83 2C 41 10 03 2D 01 10 
83 2D C1 0F 13 01 01 13 67 80 00 00 B7 27 02 00 
93 87 C7 C8 23 24 F1 02 B7 27 02 00 93 87 87 E0 
23 2A F1 00 B7 27 02 00 93 0B C1 04 93 87 87 DF 
23 20 71 05 23 24 01 04 23 22 01 04 93 8D 0B 00 
23 26 01 00 23 24 01 00 23 28 01 00 23 2E 01 00 
13 0C 00 00 23 2C F1 00 93 84 0A 00 93 06 50 02 
83 C7 04 00 63 84 07 00 63 92 D7 0A 33 8A 54 41 
63 06 0A 04 83 27 81 04 23 A0 5D 01 23 A2 4D 01 
B3 87 47 01 23 24 F1 04 83 27 41 04 93 06 70 00 
93 8D 8D 00 93 87 17 00 23 22 F1 04 63 DE F6 00 
13 06 01 04 93 05 04 00 13 85 09 00 EF F0 5F D4 
E3 1C 05 22 93 8D 0B 00 33 0C 4C 01 83 C7 04 00 
E3 88 07 26 93 86 14 00 A3 0D 01 02 93 04 F0 FF 
13 0A 00 00 13 0D 00 00 13 0B A0 00 93 0C 90 00 
03 C6 06 00 93 8A 16 00 13 05 A0 05 13 08 A0 02 
93 06 06 FE E3 6C D5 0A 83 27 81 02 93 96 26 00 
B3 86 F6 00 83 A6 06 00 67 80 06 00 93 84 14 00 
6F F0 1F F5 B7 16 02 00 93 87 C6 71 23 26 F1 00 
93 76 0D 02 63 8C 06 68 13 09 79 00 13 79 89 FF 
03 23 09 00 03 2B 49 00 93 0C 89 00 93 76 1D 00 
63 8E 06 00 B3 66 63 01 63 8A 06 00 93 06 00 03 
23 0E D1 02 A3 0E C1 02 13 6D 2D 00 13 7D FD BF 
6F 00 C0 2F 13 85 09 00 EF C0 4F 8E 83 27 45 00 
13 85 07 00 23 2E F1 00 EF 60 5F EA 23 28 A1 00 
13 85 09 00 EF C0 8F 8C 83 27 85 00 23 24 F1 00 
83 27 01 01 63 8C 07 00 83 27 81 00 63 88 07 00 
83 C6 07 00 63 84 06 00 13 6D 0D 40 93 86 0A 00 
6F F0 1F F3 83 46 B1 03 E3 9A 06 FE 93 06 00 02 
A3 0D D1 02 6F F0 9F FE 13 6D 1D 00 6F F0 1F FE 
03 2A 09 00 13 09 49 00 E3 5A 0A FC 33 0A 40 41 
13 6D 4D 00 6F F0 9F FC 93 06 B0 02 6F F0 5F FD 
03 C6 0A 00 93 86 1A 00 63 10 06 05 83 24 09 00 
13 06 49 00 63 D4 04 00 93 04 F0 FF 13 09 06 00 
93 8A 06 00 6F F0 9F F9 B3 84 64 03 93 86 16 00 
03 C6 F6 FF B3 84 B4 00 93 05 06 FD E3 F6 BC FE 
93 8A 06 00 6F F0 DF EB 93 04 00 00 6F F0 DF FE 
13 6D 0D 08 6F F0 9F F6 93 86 0A 00 13 0A 00 00 
33 0A 6A 03 13 06 06 FD 93 86 16 00 33 0A 46 01 
03 C6 F6 FF 93 05 06 FD E3 F4 BC FE 6F F0 5F FC 
03 C6 0A 00 93 06 80 06 63 18 D6 00 93 8A 1A 00 
13 6D 0D 20 6F F0 9F F2 13 6D 0D 04 6F F0 1F F2 
03 C6 0A 00 93 06 C0 06 63 18 D6 00 93 8A 1A 00 
13 6D 0D 02 6F F0 9F F0 13 6D 0D 01 6F F0 1F F0 
83 26 09 00 93 0C 49 00 A3 0D 01 02 23 06 D1 08 
93 04 10 00 13 0B 00 00 13 09 C1 08 6F 00 80 1C 
13 6D 0D 01 93 76 0D 02 63 80 06 06 13 09 79 00 
13 79 89 FF 03 23 09 00 03 2B 49 00 93 0C 89 00 
E3 5E 0B 04 33 03 60 40 B3 36 60 00 33 08 60 41 
33 0B D8 40 93 06 D0 02 A3 0D D1 02 93 06 10 00 
13 06 F0 FF 63 86 C4 4E 13 06 0D 00 B3 65 63 01 
13 7D FD F7 63 9E 05 4C 63 84 04 66 13 06 10 00 
63 9C C6 4C 6F 00 D0 02 93 76 0D 01 93 0C 49 00 
63 88 06 00 03 23 09 00 13 5B F3 41 6F F0 5F FA 
93 76 0D 04 03 23 09 00 63 88 06 00 13 13 03 01 
13 53 03 41 6F F0 5F FE 93 76 0D 20 E3 8E 06 FC 
13 13 83 01 13 53 83 41 6F F0 1F FD 13 76 0D 02 
83 26 09 00 13 09 49 00 63 0A 06 00 93 57 FC 41 
23 A0 86 01 23 A2 F6 00 6F F0 1F CC 13 76 0D 01 
63 06 06 00 23 A0 86 01 6F F0 1F CB 13 76 0D 04 
63 06 06 00 23 90 86 01 6F F0 1F CA 93 77 0D 20 
E3 82 07 FE 23 80 86 01 6F F0 1F C9 13 6D 0D 01 
93 76 0D 02 63 84 06 02 13 09 79 00 13 79 89 FF 
03 23 09 00 03 2B 49 00 93 0C 89 00 13 7D FD BF 
93 06 00 00 A3 0D 01 02 6F F0 9F F1 93 76 0D 01 
93 0C 49 00 63 86 06 00 03 23 09 00 6F 00 00 01 
93 76 0D 04 63 88 06 00 03 53 09 00 13 0B 00 00 
6F F0 DF FC 93 76 0D 20 E3 80 06 FE 03 43 09 00 
6F F0 DF FE B7 86 FF FF 93 C6 06 83 23 1E D1 02 
03 23 09 00 B7 16 02 00 93 87 C6 71 93 0C 49 00 
13 0B 00 00 13 6D 2D 00 23 26 F1 00 93 06 20 00 
6F F0 5F F9 A3 0D 01 02 93 06 F0 FF 93 0C 49 00 
03 29 09 00 63 84 D4 2C 13 86 04 00 93 05 00 00 
13 05 09 00 EF C0 8F 8C 13 0B 00 00 63 04 05 00 
B3 04 25 41 23 22 61 01 63 54 9B 00 23 22 91 00 
83 46 B1 03 63 88 06 00 83 27 41 00 93 87 17 00 
23 22 F1 00 93 77 2D 00 23 20 F1 02 63 88 07 00 
83 27 41 00 93 87 27 00 23 22 F1 00 93 77 4D 08 
23 22 F1 02 63 94 07 06 83 27 41 00 B3 06 FA 40 
63 5E D0 04 13 08 00 01 93 08 70 00 83 27 81 01 
03 26 41 04 83 25 81 04 23 A0 FD 00 13 06 16 00 
13 85 8D 00 63 4E D8 4A 23 A2 DD 00 B3 86 B6 00 
23 24 D1 04 23 22 C1 04 93 06 70 00 93 0D 05 00 
63 DE C6 00 13 06 01 04 93 05 04 00 13 85 09 00 
EF F0 1F 8C 63 1A 05 5A 93 8D 0B 00 83 46 B1 03 
63 88 06 04 13 06 B1 03 23 A0 CD 00 13 06 10 00 
83 26 41 04 23 A2 CD 00 03 26 81 04 93 86 16 00 
23 22 D1 04 13 06 16 00 23 24 C1 04 13 06 70 00 
93 8D 8D 00 63 5E D6 00 13 06 01 04 93 05 04 00 
13 85 09 00 EF F0 DF 86 63 10 05 56 93 8D 0B 00 
83 27 01 02 63 88 07 04 13 06 C1 03 23 A0 CD 00 
13 06 20 00 83 26 41 04 23 A2 CD 00 03 26 81 04 
93 86 16 00 23 22 D1 04 13 06 26 00 23 24 C1 04 
13 06 70 00 93 8D 8D 00 63 5E D6 00 13 06 01 04 
93 05 04 00 13 85 09 00 EF F0 9F 81 63 16 05 50 
93 8D 0B 00 83 27 41 02 93 06 00 08 63 94 D7 06 
83 27 41 00 B3 06 FA 40 63 5E D0 04 13 08 00 01 
93 08 70 00 83 27 41 01 03 26 41 04 83 25 81 04 
23 A0 FD 00 13 06 16 00 13 85 8D 00 63 46 D8 3E 
23 A2 DD 00 B3 86 B6 00 23 24 D1 04 23 22 C1 04 
93 06 70 00 93 0D 05 00 63 DE C6 00 13 06 01 04 
93 05 04 00 13 85 09 00 EF F0 8F FA 63 1E 05 48 
93 8D 0B 00 33 0B 9B 40 63 5E 60 05 13 08 00 01 
93 08 70 00 83 27 41 01 83 26 41 04 03 26 81 04 
23 A0 FD 00 93 86 16 00 93 85 8D 00 63 4A 68 3D 
23 A2 6D 01 33 0B CB 00 23 24 61 05 23 22 D1 04 
13 06 70 00 93 8D 05 00 63 5E D6 00 13 06 01 04 
93 05 04 00 13 85 09 00 EF F0 8F F4 63 1E 05 42 
93 8D 0B 00 83 26 81 04 23 A2 9D 00 23 A0 2D 01 
B3 84 96 00 83 26 41 04 23 24 91 04 13 06 70 00 
93 86 16 00 23 22 D1 04 13 87 8D 00 63 5E D6 00 
13 06 01 04 93 05 04 00 13 85 09 00 EF F0 4F F0 
63 1C 05 3E 13 87 0B 00 93 77 4D 00 63 9A 07 38 
83 27 41 00 63 54 FA 00 13 8A 07 00 83 27 81 04 
33 0C 4C 01 63 8C 07 00 13 06 01 04 93 05 04 00 
13 85 09 00 EF F0 CF EC 63 10 05 3C 23 22 01 04 
13 89 0C 00 93 8D 0B 00 6F F0 1F 92 13 05 09 00 
EF 60 DF 8D 93 04 05 00 13 0B 00 00 6F F0 9F D4 
13 6D 0D 01 93 76 0D 02 63 80 06 02 13 09 79 00 
13 79 89 FF 03 23 09 00 03 2B 49 00 93 0C 89 00 
93 06 10 00 6F F0 1F C8 93 76 0D 01 93 0C 49 00 
63 86 06 00 03 23 09 00 6F 00 00 01 93 76 0D 04 
63 88 06 00 03 53 09 00 13 0B 00 00 6F F0 5F FD 
93 76 0D 20 E3 80 06 FE 03 43 09 00 6F F0 DF FE 
B7 16 02 00 93 87 06 73 6F F0 5F 96 93 76 0D 01 
93 0C 49 00 63 86 06 00 03 23 09 00 6F 00 00 01 
93 76 0D 04 63 88 06 00 03 53 09 00 13 0B 00 00 
6F F0 DF 95 93 76 0D 20 E3 80 06 FE 03 43 09 00 
6F F0 DF FE 13 06 0D 00 93 06 10 00 6F F0 1F B2 
13 06 10 00 63 88 C6 34 13 06 20 00 63 86 C6 14 
93 06 01 0F 93 15 DB 01 13 76 73 00 13 53 33 00 
13 06 06 03 33 E3 65 00 13 5B 3B 00 A3 8F C6 FE 
B3 65 63 01 13 89 F6 FF 63 96 05 02 93 75 1D 00 
63 8A 05 00 93 05 00 03 63 06 B6 00 A3 0F B9 FE 
13 89 E6 FF 93 07 01 0F 13 8B 04 00 B3 84 27 41 
6F F0 5F C3 93 06 09 00 6F F0 DF FA 93 77 0D 40 
93 08 00 00 13 0E 01 0F 23 22 F1 00 13 05 03 00 
13 06 A0 00 93 06 00 00 93 05 0B 00 23 26 11 03 
13 09 FE FF 23 22 C1 03 23 20 61 02 EF 10 D0 3A 
03 2E 41 02 83 28 C1 02 83 27 41 00 13 05 05 03 
A3 0F AE FE 93 88 18 00 03 23 01 02 63 8E 07 04 
83 27 81 00 83 C6 07 00 63 98 16 05 93 07 F0 0F 
63 84 F8 04 63 16 0B 00 93 07 90 00 63 FE 67 02 
83 27 01 01 83 25 C1 01 23 20 61 02 33 09 F9 40 
13 86 07 00 13 05 09 00 EF D0 4F DA 83 27 81 00 
93 08 00 00 03 23 01 02 83 C6 17 00 63 86 06 00 
93 87 17 00 23 24 F1 00 13 05 03 00 13 06 A0 00 
93 06 00 00 93 05 0B 00 23 22 11 03 23 20 61 02 
EF 10 40 6E 03 23 01 02 83 28 41 02 63 16 0B 00 
93 07 90 00 E3 F8 67 F0 13 03 05 00 13 8B 05 00 
13 0E 09 00 6F F0 9F F2 13 09 01 0F 83 27 C1 00 
93 76 F3 00 13 09 F9 FF B3 86 D7 00 83 C6 06 00 
13 53 43 00 23 00 D9 00 93 16 CB 01 33 E3 66 00 
13 5B 4B 00 B3 66 63 01 E3 9A 06 FC 6F F0 9F EC 
13 09 01 0F E3 90 06 EC 13 76 16 00 E3 0C 06 EA 
93 06 00 03 A3 07 D1 0E 6F 00 00 1C 63 02 06 18 
23 06 C1 08 A3 0D 01 02 93 0C 09 00 6F F0 5F 90 
93 85 05 01 23 A2 0D 01 23 24 B1 04 23 22 C1 04 
63 D6 C8 02 13 06 01 04 93 05 04 00 13 85 09 00 
23 26 D1 02 EF F0 CF C0 63 10 05 10 83 26 C1 02 
13 85 0B 00 93 08 70 00 13 08 00 01 93 86 06 FF 
93 0D 05 00 6F F0 9F AE 93 85 05 01 23 A2 0D 01 
23 24 B1 04 23 22 C1 04 63 D6 C8 02 13 06 01 04 
93 05 04 00 13 85 09 00 23 20 D1 02 EF F0 4F BC 
63 1C 05 0A 83 26 01 02 13 85 0B 00 93 08 70 00 
13 08 00 01 93 86 06 FF 93 0D 05 00 6F F0 9F BB 
13 06 06 01 23 A2 0D 01 23 24 C1 04 23 22 D1 04 
63 D2 D8 02 13 06 01 04 93 05 04 00 13 85 09 00 
EF F0 0F B8 63 1A 05 06 93 85 0B 00 93 08 70 00 
13 08 00 01 13 0B 0B FF 93 8D 05 00 6F F0 9F BD 
83 27 41 00 B3 04 FA 40 E3 54 90 C6 13 09 00 01 
13 0B 70 00 03 26 81 01 83 27 41 04 83 26 81 04 
23 20 C7 00 93 87 17 00 63 40 99 04 23 22 97 00 
B3 84 D4 00 23 24 91 04 23 22 F1 04 13 07 70 00 
E3 58 F7 C2 13 06 01 04 93 05 04 00 13 85 09 00 
EF F0 0F B1 E3 0E 05 C0 83 57 C4 00 93 F7 07 04 
63 8E 07 CC 6F F0 4F CD 93 86 06 01 23 22 27 01 
23 24 D1 04 23 22 F1 04 13 07 87 00 63 5E FB 00 
13 06 01 04 93 05 04 00 13 85 09 00 EF F0 4F AD 
E3 14 05 FC 13 87 0B 00 93 84 04 FF 6F F0 9F F7 
83 27 81 04 E3 8A 07 FA 13 06 01 04 93 05 04 00 
13 85 09 00 EF F0 CF AA 6F F0 1F FA 93 06 F0 FF 
E3 92 D4 CA E3 1C 0B D0 93 06 90 00 E3 E8 66 D0 
13 03 03 03 A3 07 61 0E 13 09 F1 0E 6F F0 9F CE 
93 06 06 00 13 86 05 00 93 05 05 00 03 A5 01 82 
6F F0 CF B6 83 D7 C5 00 13 01 01 B8 23 2C 81 46 
93 F7 D7 FF 23 1A F1 00 83 A7 45 06 13 84 05 00 
23 2A 91 46 23 26 F1 06 83 D7 E5 00 23 28 21 47 
23 2E 11 46 23 1B F1 00 83 A7 C5 01 13 09 05 00 
23 20 01 02 23 22 F1 02 83 A7 45 02 93 05 81 00 
23 26 F1 02 93 07 01 07 23 24 F1 00 23 2C F1 00 
93 07 00 40 23 28 F1 00 23 2E F1 00 EF F0 0F B0 
93 04 05 00 63 4C 05 00 93 05 81 00 13 05 09 00 
EF 80 5F A8 63 04 05 00 93 04 F0 FF 83 57 41 01 
93 F7 07 04 63 88 07 00 83 57 C4 00 93 E7 07 04 
23 16 F4 00 83 20 C1 47 03 24 81 47 13 85 04 00 
03 29 01 47 83 24 41 47 13 01 01 48 67 80 00 00 
83 A7 01 82 83 A7 47 03 63 96 07 00 B7 47 02 00 
93 87 87 AD 03 A3 07 0E 67 00 03 00 63 84 05 02 
93 07 F0 0F 63 FA C7 00 93 07 A0 08 23 20 F5 00 
13 05 F0 FF 67 80 00 00 23 80 C5 00 13 05 10 00 
67 80 00 00 13 05 00 00 67 80 00 00 13 01 01 FF 
23 24 81 00 23 22 91 00 37 64 02 00 93 04 05 00 
13 85 05 00 93 05 06 00 13 86 06 00 23 26 11 00 
23 2E 04 4C EF 50 0F E6 93 07 F0 FF 63 18 F5 00 
83 27 C4 4D 63 84 07 00 23 A0 F4 00 83 20 C1 00 
03 24 81 00 83 24 41 00 13 01 01 01 67 80 00 00 
B3 85 C5 02 13 01 01 FF 23 24 81 00 23 26 11 00 
EF 50 9F 80 13 04 05 00 63 02 05 04 03 26 C5 FF 
13 07 40 02 13 76 C6 FF 13 06 C6 FF 63 62 C7 06 
93 06 30 01 93 07 05 00 63 FC C6 00 23 20 05 00 
23 22 05 00 93 07 B0 01 63 E4 C7 02 93 07 85 00 
23 A0 07 00 23 A2 07 00 23 A4 07 00 13 05 04 00 
83 20 C1 00 03 24 81 00 13 01 01 01 67 80 00 00 
23 24 05 00 23 26 05 00 93 07 05 01 E3 1A E6 FC 
23 28 05 00 93 07 85 01 23 2A 05 00 6F F0 5F FC 
93 05 00 00 EF 50 5F DE 6F F0 5F FC 13 01 01 FF 
23 24 81 00 23 22 91 00 37 64 02 00 93 04 05 00 
13 85 05 00 23 26 11 00 23 2E 04 4C EF 50 CF D9 
93 07 F0 FF 63 18 F5 00 83 27 C4 4D 63 84 07 00 
23 A0 F4 00 83 20 C1 00 03 24 81 00 83 24 41 00 
13 01 01 01 67 80 00 00 13 01 01 FF 23 26 11 00 
23 24 81 00 23 22 91 00 23 20 21 01 63 92 05 02 
13 09 00 00 83 20 C1 00 03 24 81 00 13 05 09 00 
83 24 41 00 03 29 01 00 13 01 01 01 67 80 00 00 
93 04 05 00 13 84 05 00 63 08 05 00 83 27 85 03 
63 94 07 00 EF 80 1F A0 83 17 C4 00 E3 82 07 FC 
93 05 04 00 13 85 04 00 EF 80 4F E5 83 27 C4 02 
13 09 05 00 63 8C 07 00 83 25 C4 01 13 85 04 00 
E7 80 07 00 63 54 05 00 13 09 F0 FF 83 57 C4 00 
93 F7 07 08 63 88 07 00 83 25 04 01 13 85 04 00 
EF 80 DF C5 83 25 04 03 63 8C 05 00 93 07 04 04 
63 86 F5 00 13 85 04 00 EF 80 5F C4 23 28 04 02 
83 25 44 04 63 88 05 00 13 85 04 00 EF 80 1F C3 
23 22 04 04 EF 80 DF AE 23 16 04 00 EF 80 9F AE 
6F F0 5F F4 93 05 05 00 03 A5 01 82 6F F0 DF F1 
13 01 01 FD 23 24 81 02 23 22 91 02 23 2C 41 01 
23 26 11 02 23 20 21 03 23 2E 31 01 23 2A 51 01 
23 28 61 01 13 0A 05 00 93 84 05 00 13 04 06 00 
EF B0 8F C1 93 07 10 00 63 1A F5 04 93 87 F4 FF 
13 07 E0 0F 63 64 F7 04 23 06 91 00 93 09 10 00 
13 09 00 00 93 0A F0 FF 13 0B A0 00 63 12 39 07 
13 85 04 00 83 20 C1 02 03 24 81 02 83 24 41 02 
03 29 01 02 83 29 C1 01 03 2A 81 01 83 2A 41 01 
03 2B 01 01 13 01 01 03 67 80 00 00 93 06 C4 05 
13 86 04 00 93 05 C1 00 13 05 0A 00 EF 10 C0 02 
93 07 F0 FF 93 09 05 00 E3 14 F5 FA 83 57 C4 00 
93 E7 07 04 23 16 F4 00 13 05 F0 FF 6F F0 9F FA 
93 07 C1 00 B3 87 27 01 83 C5 07 00 83 27 84 00 
93 87 F7 FF 23 24 F4 00 63 D8 07 00 03 27 84 01 
63 C0 E7 02 63 8E 65 01 83 27 04 00 13 87 17 00 
23 20 E4 00 23 80 B7 00 13 09 19 00 6F F0 1F F6 
13 06 04 00 13 05 0A 00 EF 80 8F 8C E3 16 55 FF 
6F F0 9F FA 83 17 C6 00 13 97 27 01 63 40 07 02 
03 27 46 06 B7 26 00 00 B3 E7 D7 00 23 16 F6 00 
B7 27 00 00 B3 67 F7 00 23 22 F6 06 6F F0 5F EC 
13 01 01 FE 23 2C 81 00 03 A4 01 82 23 2A 91 00 
23 2E 11 00 93 04 05 00 13 86 05 00 63 0E 04 00 
83 27 84 03 63 9A 07 00 13 05 04 00 23 26 B1 00 
EF 80 4F FF 03 26 C1 00 13 05 04 00 03 24 81 01 
83 20 C1 01 93 85 04 00 83 24 41 01 13 01 01 02 
6F F0 5F F8 13 01 01 FF 23 24 81 00 23 22 91 00 
37 64 02 00 93 04 05 00 13 85 05 00 93 05 06 00 
23 26 11 00 23 2E 04 4C EF 50 8F AD 93 07 F0 FF 
63 18 F5 00 83 27 C4 4D 63 84 07 00 23 A0 F4 00 
83 20 C1 00 03 24 81 00 83 24 41 00 13 01 01 01 
67 80 00 00 13 01 01 FF 23 24 81 00 23 22 91 00 
37 64 02 00 93 04 05 00 13 85 05 00 23 26 11 00 
23 2E 04 4C EF 50 0F A3 93 07 F0 FF 63 18 F5 00 
83 27 C4 4D 63 84 07 00 23 A0 F4 00 83 20 C1 00 
03 24 81 00 83 24 41 00 13 01 01 01 67 80 00 00 
13 01 01 FF 23 24 81 00 23 22 91 00 37 64 02 00 
93 04 05 00 13 85 05 00 93 05 06 00 13 86 06 00 
23 26 11 00 23 2E 04 4C EF 50 CF 9D 93 07 F0 FF 
63 18 F5 00 83 27 C4 4D 63 84 07 00 23 A0 F4 00 
83 20 C1 00 03 24 81 00 83 24 41 00 13 01 01 01 
67 80 00 00 13 01 01 FF 23 24 81 00 23 22 91 00 
37 64 02 00 93 04 05 00 13 85 05 00 93 05 06 00 
13 86 06 00 23 26 11 00 23 2E 04 4C EF 50 0F 9B 
93 07 F0 FF 63 18 F5 00 83 27 C4 4D 63 84 07 00 
23 A0 F4 00 83 20 C1 00 03 24 81 00 83 24 41 00 
13 01 01 01 67 80 00 00 83 27 86 00 13 01 01 FD 
23 2E 31 01 23 26 11 02 23 24 81 02 23 22 91 02 
23 20 21 03 23 2C 41 01 23 2A 51 01 23 28 61 01 
23 26 71 01 23 24 81 01 23 22 91 01 23 20 A1 01 
93 09 06 00 63 84 07 12 83 2A 06 00 13 0A 05 00 
13 84 05 00 13 0B 00 00 13 09 00 00 93 0B 30 00 
13 0C 20 00 63 00 09 08 03 2D 84 00 63 60 A9 0D 
83 57 C4 00 13 F7 07 48 63 0A 07 0A 83 24 04 00 
83 25 04 01 B3 8C B4 40 83 24 44 01 13 87 1C 00 
33 07 27 01 B3 84 9B 02 B3 C4 84 03 63 F4 E4 00 
93 04 07 00 93 F7 07 40 63 82 07 10 93 85 04 00 
13 05 0A 00 EF 50 4F AC 13 0D 05 00 63 1C 05 02 
93 07 C0 00 23 20 FA 00 83 57 C4 00 13 05 F0 FF 
93 E7 07 04 23 16 F4 00 23 A4 09 00 23 A2 09 00 
6F 00 40 09 03 AB 0A 00 03 A9 4A 00 93 8A 8A 00 
6F F0 5F F7 83 25 04 01 13 86 0C 00 EF B0 4F AF 
83 57 C4 00 93 F7 F7 B7 93 E7 07 08 23 16 F4 00 
23 28 A4 01 23 2A 94 00 33 0D 9D 01 B3 84 94 41 
23 20 A4 01 23 24 94 00 13 0D 09 00 63 74 A9 01 
13 0D 09 00 03 25 04 00 13 06 0D 00 93 05 0B 00 
EF B0 8F B8 83 27 84 00 B3 87 A7 41 23 24 F4 00 
83 27 04 00 33 8D A7 01 83 A7 89 00 23 20 A4 01 
33 89 27 41 23 A4 29 01 E3 1E 09 F6 23 A2 09 00 
13 05 00 00 83 20 C1 02 03 24 81 02 83 24 41 02 
03 29 01 02 83 29 C1 01 03 2A 81 01 83 2A 41 01 
03 2B 01 01 83 2B C1 00 03 2C 81 00 83 2C 41 00 
03 2D 01 00 13 01 01 03 67 80 00 00 13 86 04 00 
13 05 0A 00 EF C0 4F 9E 13 0D 05 00 E3 1A 05 F4 
83 25 04 01 13 05 0A 00 EF 80 4F F7 6F F0 5F EF 
83 D7 C5 00 13 01 01 ED 23 22 91 12 23 20 21 13 
23 2C 41 11 23 28 61 11 23 26 11 12 23 24 81 12 
23 2E 31 11 23 2A 51 11 23 26 71 11 23 24 81 11 
23 22 91 11 23 20 A1 11 23 2E B1 0F 93 F7 07 08 
13 0A 05 00 13 89 05 00 13 0B 06 00 93 84 06 00 
63 8C 07 02 83 A7 05 01 63 98 07 02 93 05 00 04 
EF 50 8F 94 23 20 A9 00 23 28 A9 00 63 1A 05 00 
93 07 C0 00 23 20 FA 00 13 0C F0 FF 6F 00 50 2F 
93 07 00 04 23 2A F9 00 B7 27 02 00 93 87 C7 F1 
23 24 F1 02 B7 27 02 00 93 87 87 09 23 2A F1 00 
B7 27 02 00 93 0B C1 04 93 87 87 08 23 20 71 05 
23 24 01 04 23 22 01 04 93 8D 0B 00 23 28 01 00 
23 24 01 00 23 26 01 00 23 2E 01 00 13 0C 00 00 
23 2C F1 00 13 04 0B 00 93 06 50 02 83 47 04 00 
63 84 07 00 63 92 D7 0A B3 09 64 41 63 86 09 04 
83 27 81 04 23 A0 6D 01 23 A2 3D 01 B3 87 37 01 
23 24 F1 04 83 27 41 04 93 06 70 00 93 8D 8D 00 
93 87 17 00 23 22 F1 04 63 DE F6 00 13 06 01 04 
93 05 09 00 13 05 0A 00 EF F0 1F D1 E3 1C 05 22 
93 8D 0B 00 33 0C 3C 01 83 47 04 00 E3 86 07 2A 
93 06 14 00 A3 0D 01 02 13 04 F0 FF 93 09 00 00 
13 0D 00 00 93 0A A0 00 93 0C 90 00 03 C6 06 00 
13 8B 16 00 13 05 A0 05 13 08 A0 02 93 06 06 FE 
E3 6C D5 0A 83 27 81 02 93 96 26 00 B3 86 F6 00 
83 A6 06 00 67 80 06 00 13 04 14 00 6F F0 1F F5 
B7 16 02 00 93 87 C6 71 23 28 F1 00 93 76 0D 02 
63 8C 06 68 93 84 74 00 93 F4 84 FF 03 A3 04 00 
83 AA 44 00 93 8C 84 00 93 76 1D 00 63 8E 06 00 
B3 66 53 01 63 8A 06 00 93 06 00 03 23 0E D1 02 
A3 0E C1 02 13 6D 2D 00 13 7D FD BF 6F 00 C0 2F 
13 05 0A 00 EF A0 9F D1 83 27 45 00 13 85 07 00 
23 2E F1 00 EF 50 9F AD 23 26 A1 00 13 05 0A 00 
EF A0 DF CF 83 27 85 00 23 24 F1 00 83 27 C1 00 
63 8C 07 00 83 27 81 00 63 88 07 00 83 C6 07 00 
63 84 06 00 13 6D 0D 40 93 06 0B 00 6F F0 1F F3 
83 46 B1 03 E3 9A 06 FE 93 06 00 02 A3 0D D1 02 
6F F0 9F FE 13 6D 1D 00 6F F0 1F FE 83 A9 04 00 
93 84 44 00 E3 DA 09 FC B3 09 30 41 13 6D 4D 00 
6F F0 9F FC 93 06 B0 02 6F F0 5F FD 03 46 0B 00 
93 06 1B 00 63 10 06 05 03 A4 04 00 13 86 44 00 
63 54 04 00 13 04 F0 FF 93 04 06 00 13 8B 06 00 
6F F0 9F F9 33 04 54 03 93 86 16 00 03 C6 F6 FF 
33 04 B4 00 93 05 06 FD E3 F6 BC FE 13 8B 06 00 
6F F0 DF EB 13 04 00 00 6F F0 DF FE 13 6D 0D 08 
6F F0 9F F6 93 06 0B 00 93 09 00 00 B3 89 59 03 
13 06 06 FD 93 86 16 00 B3 09 36 01 03 C6 F6 FF 
93 05 06 FD E3 F4 BC FE 6F F0 5F FC 03 46 0B 00 
93 06 80 06 63 18 D6 00 13 0B 1B 00 13 6D 0D 20 
6F F0 9F F2 13 6D 0D 04 6F F0 1F F2 03 46 0B 00 
93 06 C0 06 63 18 D6 00 13 0B 1B 00 13 6D 0D 02 
6F F0 9F F0 13 6D 0D 01 6F F0 1F F0 83 A6 04 00 
93 8C 44 00 A3 0D 01 02 23 06 D1 08 13 04 10 00 
93 0A 00 00 93 04 C1 08 6F 00 80 1C 13 6D 0D 01 
93 76 0D 02 63 80 06 06 93 84 74 00 93 F4 84 FF 
03 A3 04 00 83 AA 44 00 93 8C 84 00 E3 DC 0A 08 
33 03 60 40 B3 36 60 00 33 08 50 41 B3 0A D8 40 
93 06 D0 02 A3 0D D1 02 93 06 10 00 13 06 F0 FF 
63 06 C4 4E 13 06 0D 00 B3 65 53 01 13 7D FD F7 
63 9E 05 4C 63 04 04 66 13 06 10 00 63 9C C6 4C 
6F 00 90 06 93 76 0D 01 93 8C 44 00 63 88 06 00 
03 A3 04 00 93 5A F3 41 6F F0 5F FA 93 76 0D 04 
03 A3 04 00 63 88 06 00 13 13 03 01 13 53 03 41 
6F F0 5F FE 93 76 0D 20 E3 8E 06 FC 13 13 83 01 
13 53 83 41 6F F0 1F FD 13 76 0D 02 83 A6 04 00 
93 84 44 00 63 0A 06 00 93 57 FC 41 23 A0 86 01 
23 A2 F6 00 6F F0 1F CC 13 76 0D 01 63 06 06 00 
23 A0 86 01 6F F0 1F CB 13 76 0D 04 63 06 06 00 
23 90 86 01 6F F0 1F CA 93 77 0D 20 E3 82 07 FE 
23 80 86 01 6F F0 1F C9 13 6D 0D 01 93 76 0D 02 
63 84 06 02 93 84 74 00 93 F4 84 FF 03 A3 04 00 
83 AA 44 00 93 8C 84 00 13 7D FD BF 93 06 00 00 
A3 0D 01 02 6F F0 9F F1 93 76 0D 01 93 8C 44 00 
63 86 06 00 03 A3 04 00 6F 00 00 01 93 76 0D 04 
63 88 06 00 03 D3 04 00 93 0A 00 00 6F F0 DF FC 
93 76 0D 20 E3 80 06 FE 03 C3 04 00 6F F0 DF FE 
B7 86 FF FF 93 C6 06 83 23 1E D1 02 03 A3 04 00 
B7 16 02 00 93 87 C6 71 93 8C 44 00 93 0A 00 00 
13 6D 2D 00 23 28 F1 00 93 06 20 00 6F F0 5F F9 
A3 0D 01 02 93 06 F0 FF 93 8C 44 00 83 A4 04 00 
63 04 D4 2C 13 06 04 00 93 05 00 00 13 85 04 00 
EF A0 DF CF 93 0A 00 00 63 04 05 00 33 04 95 40 
23 22 51 01 63 D4 8A 00 23 22 81 00 83 46 B1 03 
63 88 06 00 83 27 41 00 93 87 17 00 23 22 F1 00 
93 77 2D 00 23 20 F1 02 63 88 07 00 83 27 41 00 
93 87 27 00 23 22 F1 00 93 77 4D 08 23 22 F1 02 
63 94 07 06 83 27 41 00 B3 86 F9 40 63 5E D0 04 
13 08 00 01 93 08 70 00 83 27 81 01 03 26 41 04 
83 25 81 04 23 A0 FD 00 13 06 16 00 13 85 8D 00 
63 4E D8 4A 23 A2 DD 00 B3 86 B6 00 23 24 D1 04 
23 22 C1 04 93 06 70 00 93 0D 05 00 63 DE C6 00 
13 06 01 04 93 05 09 00 13 05 0A 00 EF F0 DF 88 
63 1A 05 5A 93 8D 0B 00 83 46 B1 03 63 88 06 04 
13 06 B1 03 23 A0 CD 00 13 06 10 00 83 26 41 04 
23 A2 CD 00 03 26 81 04 93 86 16 00 23 22 D1 04 
13 06 16 00 23 24 C1 04 13 06 70 00 93 8D 8D 00 
63 5E D6 00 13 06 01 04 93 05 09 00 13 05 0A 00 
EF F0 9F 83 63 10 05 56 93 8D 0B 00 83 27 01 02 
63 88 07 04 13 06 C1 03 23 A0 CD 00 13 06 20 00 
83 26 41 04 23 A2 CD 00 03 26 81 04 93 86 16 00 
23 22 D1 04 13 06 26 00 23 24 C1 04 13 06 70 00 
93 8D 8D 00 63 5E D6 00 13 06 01 04 93 05 09 00 
13 05 0A 00 EF F0 4F FE 63 16 05 50 93 8D 0B 00 
83 27 41 02 93 06 00 08 63 94 D7 06 83 27 41 00 
B3 86 F9 40 63 5E D0 04 13 08 00 01 93 08 70 00 
83 27 41 01 03 26 41 04 83 25 81 04 23 A0 FD 00 
13 06 16 00 13 85 8D 00 63 46 D8 3E 23 A2 DD 00 
B3 86 B6 00 23 24 D1 04 23 22 C1 04 93 06 70 00 
93 0D 05 00 63 DE C6 00 13 06 01 04 93 05 09 00 
13 05 0A 00 EF F0 4F F7 63 1E 05 48 93 8D 0B 00 
B3 8A 8A 40 63 5E 50 05 13 08 00 01 93 08 70 00 
83 27 41 01 83 26 41 04 03 26 81 04 23 A0 FD 00 
93 86 16 00 93 85 8D 00 63 4A 58 3D 23 A2 5D 01 
B3 8A CA 00 23 24 51 05 23 22 D1 04 13 06 70 00 
93 8D 05 00 63 5E D6 00 13 06 01 04 93 05 09 00 
13 05 0A 00 EF F0 4F F1 63 1E 05 42 93 8D 0B 00 
83 26 81 04 23 A2 8D 00 23 A0 9D 00 33 84 86 00 
83 26 41 04 23 24 81 04 13 06 70 00 93 86 16 00 
23 22 D1 04 13 87 8D 00 63 5E D6 00 13 06 01 04 
93 05 09 00 13 05 0A 00 EF F0 0F ED 63 1C 05 3E 
13 87 0B 00 93 77 4D 00 63 9A 07 38 83 27 41 00 
63 D4 F9 00 93 89 07 00 83 27 81 04 33 0C 3C 01 
63 8C 07 00 13 06 01 04 93 05 09 00 13 05 0A 00 
EF F0 8F E9 63 10 05 3C 23 22 01 04 93 84 0C 00 
93 8D 0B 00 6F F0 1F 92 13 85 04 00 EF 50 0F D1 
13 04 05 00 93 0A 00 00 6F F0 9F D4 13 6D 0D 01 
93 76 0D 02 63 80 06 02 93 84 74 00 93 F4 84 FF 
03 A3 04 00 83 AA 44 00 93 8C 84 00 93 06 10 00 
6F F0 1F C8 93 76 0D 01 93 8C 44 00 63 86 06 00 
03 A3 04 00 6F 00 00 01 93 76 0D 04 63 88 06 00 
03 D3 04 00 93 0A 00 00 6F F0 5F FD 93 76 0D 20 
E3 80 06 FE 03 C3 04 00 6F F0 DF FE B7 16 02 00 
93 87 06 73 6F F0 5F 96 93 76 0D 01 93 8C 44 00 
63 86 06 00 03 A3 04 00 6F 00 00 01 93 76 0D 04 
63 88 06 00 03 D3 04 00 93 0A 00 00 6F F0 DF 95 
93 76 0D 20 E3 80 06 FE 03 C3 04 00 6F F0 DF FE 
13 06 0D 00 93 06 10 00 6F F0 1F B2 13 06 10 00 
63 86 C6 38 13 06 20 00 63 86 C6 14 93 06 01 0F 
93 95 DA 01 13 76 73 00 13 53 33 00 13 06 06 03 
33 E3 65 00 93 DA 3A 00 A3 8F C6 FE B3 65 53 01 
93 84 F6 FF 63 96 05 02 93 75 1D 00 63 8A 05 00 
93 05 00 03 63 06 B6 00 A3 8F B4 FE 93 84 E6 FF 
93 07 01 0F 93 0A 04 00 33 84 97 40 6F F0 5F C3 
93 86 04 00 6F F0 DF FA 93 77 0D 40 93 08 00 00 
13 0E 01 0F 23 22 F1 00 13 05 03 00 13 06 A0 00 
93 06 00 00 93 85 0A 00 23 26 11 03 93 04 FE FF 
23 22 C1 03 23 20 61 02 EF 00 00 7E 03 2E 41 02 
83 28 C1 02 83 27 41 00 13 05 05 03 A3 0F AE FE 
93 88 18 00 03 23 01 02 63 8E 07 04 83 27 81 00 
83 C6 07 00 63 98 16 05 93 07 F0 0F 63 84 F8 04 
63 96 0A 00 93 07 90 00 63 FE 67 02 83 27 C1 00 
83 25 C1 01 23 20 61 02 B3 84 F4 40 13 86 07 00 
13 85 04 00 EF C0 8F 9D 83 27 81 00 93 08 00 00 
03 23 01 02 83 C6 17 00 63 86 06 00 93 87 17 00 
23 24 F1 00 13 05 03 00 13 06 A0 00 93 06 00 00 
93 85 0A 00 23 22 11 03 23 20 61 02 EF 00 80 31 
03 23 01 02 83 28 41 02 63 96 0A 00 93 07 90 00 
E3 F8 67 F0 13 03 05 00 93 8A 05 00 13 8E 04 00 
6F F0 9F F2 93 04 01 0F 83 27 01 01 93 76 F3 00 
93 84 F4 FF B3 86 D7 00 83 C6 06 00 13 53 43 00 
23 80 D4 00 93 96 CA 01 33 E3 66 00 93 DA 4A 00 
B3 66 53 01 E3 9A 06 FC 6F F0 9F EC 93 04 01 0F 
E3 90 06 EC 13 76 16 00 E3 0C 06 EA 93 06 00 03 
A3 07 D1 0E 6F 00 C0 1F 63 00 06 1C 23 06 C1 08 
A3 0D 01 02 93 8C 04 00 6F F0 5F 90 93 85 05 01 
23 A2 0D 01 23 24 B1 04 23 22 C1 04 63 D6 C8 02 
13 06 01 04 93 05 09 00 13 05 0A 00 23 26 D1 02 
EF F0 8F BD 63 10 05 10 83 26 C1 02 13 85 0B 00 
93 08 70 00 13 08 00 01 93 86 06 FF 93 0D 05 00 
6F F0 9F AE 93 85 05 01 23 A2 0D 01 23 24 B1 04 
23 22 C1 04 63 D6 C8 02 13 06 01 04 93 05 09 00 
13 05 0A 00 23 20 D1 02 EF F0 0F B9 63 1C 05 0A 
83 26 01 02 13 85 0B 00 93 08 70 00 13 08 00 01 
93 86 06 FF 93 0D 05 00 6F F0 9F BB 13 06 06 01 
23 A2 0D 01 23 24 C1 04 23 22 D1 04 63 D2 D8 02 
13 06 01 04 93 05 09 00 13 05 0A 00 EF F0 CF B4 
63 1A 05 06 93 85 0B 00 93 08 70 00 13 08 00 01 
93 8A 0A FF 93 8D 05 00 6F F0 9F BD 83 27 41 00 
33 84 F9 40 E3 54 80 C6 93 04 00 01 93 0A 70 00 
03 26 81 01 83 27 41 04 83 26 81 04 23 20 C7 00 
93 87 17 00 63 CE 84 06 B3 86 86 00 23 22 87 00 
23 24 D1 04 23 22 F1 04 13 07 70 00 E3 58 F7 C2 
13 06 01 04 93 05 09 00 13 05 0A 00 EF F0 CF AD 
E3 0E 05 C0 83 57 C9 00 93 F7 07 04 63 96 07 D0 
83 20 C1 12 03 24 81 12 13 05 0C 00 83 24 41 12 
03 29 01 12 83 29 C1 11 03 2A 81 11 83 2A 41 11 
03 2B 01 11 83 2B C1 10 03 2C 81 10 83 2C 41 10 
03 2D 01 10 83 2D C1 0F 13 01 01 13 67 80 00 00 
93 86 06 01 23 22 97 00 23 24 D1 04 23 22 F1 04 
13 07 87 00 63 DE FA 00 13 06 01 04 93 05 09 00 
13 05 0A 00 EF F0 4F A6 E3 16 05 F8 13 87 0B 00 
13 04 04 FF 6F F0 DF F3 83 27 81 04 E3 8C 07 F6 
13 06 01 04 93 05 09 00 13 05 0A 00 EF F0 CF A3 
6F F0 5F F6 93 06 F0 FF E3 14 D4 C6 E3 9E 0A CC 
93 06 90 00 E3 EA 66 CC 13 03 03 03 A3 07 61 0E 
93 04 F1 0E 6F F0 DF CA 83 A7 01 82 13 01 01 FE 
23 2C 81 00 23 2A 91 00 23 2E 11 00 13 04 05 00 
93 84 06 00 83 A7 47 03 63 98 05 04 63 96 07 00 
B7 47 02 00 93 87 87 AD 83 A7 07 0E 93 86 04 00 
13 06 00 00 93 05 41 00 13 05 04 00 E7 80 07 00 
93 07 F0 FF 63 18 F5 00 23 A0 04 00 93 07 A0 08 
23 20 F4 00 83 20 C1 01 03 24 81 01 83 24 41 01 
13 01 01 02 67 80 00 00 63 96 07 00 B7 47 02 00 
93 87 87 AD 83 A7 07 0E 93 86 04 00 6F F0 DF FB 
93 06 06 00 13 86 05 00 93 05 05 00 03 A5 01 82 
6F F0 9F F6 93 87 05 00 13 08 06 00 93 88 06 00 
13 03 05 00 63 96 06 28 37 27 02 00 13 07 C7 15 
63 F6 C5 0E B7 06 01 00 63 78 D6 0C 93 06 F0 0F 
B3 B6 C6 00 93 96 36 00 B3 58 D6 00 33 07 17 01 
03 47 07 00 B3 06 D7 00 13 07 00 02 33 07 D7 40 
63 0C 07 00 B3 97 E7 00 B3 56 D5 00 33 18 E6 00 
B3 E5 F6 00 33 13 E5 00 13 55 08 01 33 F7 A5 02 
13 16 08 01 13 56 06 01 93 56 03 01 B3 D5 A5 02 
13 17 07 01 B3 66 D7 00 B3 07 B6 02 13 87 05 00 
63 FE F6 00 B3 86 06 01 13 87 F5 FF 63 E8 06 01 
63 F6 F6 00 13 87 E5 FF B3 86 06 01 B3 86 F6 40 
B3 F7 A6 02 13 13 03 01 13 53 03 01 B3 D6 A6 02 
93 97 07 01 33 E3 67 00 B3 05 D6 02 13 85 06 00 
63 7C B3 00 33 03 68 00 13 85 F6 FF 63 66 03 01 
63 74 B3 00 13 85 E6 FF 13 17 07 01 33 67 A7 00 
93 05 00 00 6F 00 40 0E B7 08 00 01 93 06 00 01 
E3 6C 16 F3 93 06 80 01 6F F0 1F F3 63 16 06 00 
93 06 10 00 33 D8 C6 02 B7 06 01 00 63 72 D8 0C 
93 06 F0 0F 63 F4 06 01 93 08 80 00 B3 56 18 01 
33 07 D7 00 83 46 07 00 13 07 00 02 B3 86 16 01 
33 07 D7 40 63 18 07 0A B3 87 07 41 93 05 10 00 
13 56 08 01 93 18 08 01 93 D8 08 01 93 56 03 01 
33 F7 C7 02 B3 D7 C7 02 13 17 07 01 B3 66 D7 00 
33 85 F8 02 13 87 07 00 63 FE A6 00 B3 86 06 01 
13 87 F7 FF 63 E8 06 01 63 F6 A6 00 13 87 E7 FF 
B3 86 06 01 B3 86 A6 40 B3 F7 C6 02 13 13 03 01 
13 53 03 01 B3 D6 C6 02 93 97 07 01 33 E3 67 00 
B3 88 D8 02 13 85 06 00 63 7C 13 01 33 03 68 00 
13 85 F6 FF 63 66 03 01 63 74 13 01 13 85 E6 FF 
13 17 07 01 33 67 A7 00 13 05 07 00 67 80 00 00 
B7 06 00 01 93 08 00 01 E3 62 D8 F4 93 08 80 01 
6F F0 DF F3 33 18 E8 00 B3 D5 D7 00 33 13 E5 00 
B3 56 D5 00 13 55 08 01 B3 97 E7 00 33 F7 A5 02 
B3 E8 F6 00 93 17 08 01 93 D7 07 01 13 D6 08 01 
B3 D5 A5 02 13 17 07 01 33 67 C7 00 B3 86 B7 02 
13 86 05 00 63 7E D7 00 33 07 07 01 13 86 F5 FF 
63 68 07 01 63 76 D7 00 13 86 E5 FF 33 07 07 01 
B3 06 D7 40 33 F7 A6 02 93 98 08 01 93 D8 08 01 
B3 D6 A6 02 13 17 07 01 B3 85 D7 02 B3 67 17 01 
13 87 06 00 63 FE B7 00 B3 87 07 01 13 87 F6 FF 
63 E8 07 01 63 F6 B7 00 13 87 E6 FF B3 87 07 01 
B3 87 B7 40 93 15 06 01 B3 E5 E5 00 6F F0 5F EB 
63 E6 D5 18 37 07 01 00 63 F4 E6 04 13 08 F0 0F 
33 37 D8 00 13 17 37 00 37 28 02 00 13 08 C8 15 
B3 D5 E6 00 B3 85 05 01 03 C8 05 00 93 05 00 02 
33 08 E8 00 B3 85 05 41 63 96 05 02 13 07 10 00 
E3 EC F6 EE 33 35 C5 00 13 47 15 00 6F F0 DF EE 
B7 05 00 01 13 07 00 01 E3 E0 B6 FC 13 07 80 01 
6F F0 9F FB 33 57 06 01 B3 96 B6 00 B3 66 D7 00 
93 DE 06 01 33 D7 07 01 B3 78 D7 03 B3 97 B7 00 
33 58 05 01 33 63 F8 00 93 97 06 01 93 D7 07 01 
13 58 03 01 33 16 B6 00 33 57 D7 03 93 98 08 01 
33 E8 08 01 33 8F E7 02 13 0E 07 00 63 7E E8 01 
33 08 D8 00 13 0E F7 FF 63 68 D8 00 63 76 E8 01 
13 0E E7 FF 33 08 D8 00 33 08 E8 41 B3 78 D8 03 
33 58 D8 03 93 98 08 01 B3 8E 07 03 93 17 03 01 
93 D7 07 01 B3 E7 F8 00 13 07 08 00 63 FE D7 01 
B3 87 D7 00 13 07 F8 FF 63 E8 D7 00 63 F6 D7 01 
13 07 E8 FF B3 87 D7 00 13 1E 0E 01 B3 87 D7 41 
B7 0E 01 00 33 67 EE 00 13 88 FE FF 33 73 07 01 
93 58 07 01 33 78 06 01 13 56 06 01 33 0E 03 03 
33 88 08 03 93 56 0E 01 33 03 C3 02 33 03 03 01 
B3 86 66 00 B3 88 C8 02 63 F4 06 01 B3 88 D8 01 
13 D6 06 01 B3 08 16 01 63 E6 17 03 E3 9A 17 CF 
B7 07 01 00 93 87 F7 FF B3 F6 F6 00 93 96 06 01 
33 7E FE 00 33 15 B5 00 B3 86 C6 01 93 05 00 00 
E3 7C D5 DA 13 07 F7 FF 6F F0 9F CC 93 05 00 00 
13 07 00 00 6F F0 5F DA 93 08 06 00 13 87 06 00 
93 07 05 00 13 88 05 00 63 9C 06 22 B7 26 02 00 
93 86 C6 15 63 FC C5 0C 37 03 01 00 63 7E 66 0A 
13 03 F0 0F 63 74 C3 00 13 07 80 00 33 53 E6 00 
B3 86 66 00 03 CE 06 00 13 03 00 02 33 0E EE 00 
33 03 C3 41 63 0C 03 00 B3 95 65 00 33 5E C5 01 
B3 18 66 00 33 68 BE 00 B3 17 65 00 13 D6 08 01 
33 77 C8 02 13 95 08 01 13 55 05 01 93 D6 07 01 
33 58 C8 02 13 17 07 01 B3 66 D7 00 33 08 05 03 
63 FA 06 01 B3 86 16 01 63 E6 16 01 63 F4 06 01 
B3 86 16 01 B3 86 06 41 33 F7 C6 02 93 97 07 01 
93 D7 07 01 B3 D6 C6 02 B3 06 D5 02 13 15 07 01 
B3 67 F5 00 63 FA D7 00 B3 87 17 01 63 E6 17 01 
63 F4 D7 00 B3 87 17 01 B3 87 D7 40 33 D5 67 00 
93 05 00 00 67 80 00 00 37 03 00 01 13 07 00 01 
E3 66 66 F4 13 07 80 01 6F F0 5F F4 63 16 06 00 
13 06 10 00 B3 58 16 03 37 06 01 00 63 F2 C8 0A 
13 06 F0 0F 63 74 16 01 13 07 80 00 33 D6 E8 00 
B3 86 C6 00 03 CE 06 00 13 03 00 02 33 0E EE 00 
33 03 C3 41 63 18 03 08 B3 85 15 41 13 D7 08 01 
13 95 08 01 13 55 05 01 13 D6 07 01 B3 F6 E5 02 
B3 D5 E5 02 93 96 06 01 B3 E6 C6 00 B3 05 B5 02 
63 FA B6 00 B3 86 16 01 63 E6 16 01 63 F4 B6 00 
B3 86 16 01 B3 85 B6 40 B3 F6 E5 02 93 97 07 01 
93 D7 07 01 B3 D5 E5 02 B3 05 B5 02 13 95 06 01 
B3 67 F5 00 63 FA B7 00 B3 87 17 01 63 E6 17 01 
63 F4 B7 00 B3 87 17 01 B3 87 B7 40 6F F0 1F F3 
37 06 00 01 13 07 00 01 E3 E2 C8 F6 13 07 80 01 
6F F0 DF F5 B3 98 68 00 33 D7 C5 01 B3 17 65 00 
33 5E C5 01 13 D5 08 01 B3 76 A7 02 B3 95 65 00 
33 6E BE 00 93 95 08 01 93 D5 05 01 13 56 0E 01 
33 57 A7 02 93 96 06 01 B3 E6 C6 00 33 87 E5 02 
63 FA E6 00 B3 86 16 01 63 E6 16 01 63 F4 E6 00 
B3 86 16 01 33 86 E6 40 B3 76 A6 02 13 1E 0E 01 
13 5E 0E 01 33 56 A6 02 93 96 06 01 33 86 C5 02 
B3 E5 C6 01 63 FA C5 00 B3 85 15 01 63 E6 15 01 
63 F4 C5 00 B3 85 15 01 B3 85 C5 40 6F F0 1F EF 
E3 EA D5 E8 37 07 01 00 63 FC E6 04 93 0E F0 0F 
33 B7 DE 00 13 17 37 00 37 23 02 00 B3 D8 E6 00 
13 03 C3 15 B3 88 68 00 83 CE 08 00 13 0E 00 02 
B3 8E EE 00 33 0E DE 41 63 1E 0E 02 63 E4 B6 00 
63 6A C5 00 B3 07 C5 40 B3 85 D5 40 33 35 F5 00 
33 88 A5 40 13 85 07 00 93 05 08 00 6F F0 9F E3 
B7 08 00 01 13 07 00 01 E3 E8 16 FB 13 07 80 01 
6F F0 9F FA 33 57 D6 01 B3 96 C6 01 B3 66 D7 00 
13 D8 06 01 33 D7 D5 01 33 73 07 03 B3 95 C5 01 
B3 57 D5 01 B3 E7 B7 00 93 95 06 01 93 D5 05 01 
93 D8 07 01 33 16 C6 01 33 15 C5 01 33 57 07 03 
13 13 03 01 B3 68 13 01 33 8F E5 02 13 03 07 00 
63 FE E8 01 B3 88 D8 00 13 03 F7 FF 63 E8 D8 00 
63 F6 E8 01 13 03 E7 FF B3 88 D8 00 B3 88 E8 41 
33 FF 08 03 B3 D8 08 03 13 1F 0F 01 33 88 15 03 
93 95 07 01 93 D5 05 01 B3 65 BF 00 93 87 08 00 
63 FE 05 01 B3 85 D5 00 93 87 F8 FF 63 E8 D5 00 
63 F6 05 01 93 87 E8 FF B3 85 D5 00 13 13 03 01 
37 0F 01 00 33 63 F3 00 93 07 FF FF B3 78 F3 00 
B3 85 05 41 13 53 03 01 13 58 06 01 B3 77 F6 00 
33 87 F8 02 B3 07 F3 02 B3 88 08 03 33 03 03 03 
B3 88 F8 00 13 58 07 01 33 08 18 01 63 74 F8 00 
33 03 E3 01 93 57 08 01 33 83 67 00 B7 07 01 00 
93 87 F7 FF 33 78 F8 00 13 18 08 01 33 77 F7 00 
33 07 E8 00 63 E6 65 00 63 9E 65 00 63 7C E5 00 
33 06 C7 40 33 37 C7 00 33 07 D7 00 33 03 E3 40 
13 07 06 00 33 07 E5 40 33 35 E5 00 B3 85 65 40 
B3 85 A5 40 B3 97 D5 01 33 57 C7 01 33 E5 E7 00 
B3 D5 C5 01 6F F0 1F CD 13 01 01 FD 23 24 81 02 
23 28 61 01 13 04 05 00 13 0B 05 00 13 D5 45 01 
23 20 21 03 23 2E 31 01 23 2C 41 01 23 26 71 01 
13 99 C5 00 23 26 11 02 23 22 91 02 23 2A 51 01 
13 75 F5 7F 93 0B 06 00 13 8A 06 00 13 59 C9 00 
93 D9 F5 01 63 02 05 0A 93 07 F0 7F 63 02 F5 10 
93 5A DB 01 13 19 39 00 33 E9 2A 01 B7 0A 80 00 
B3 6A 59 01 13 14 3B 00 93 04 15 C0 13 0B 00 00 
13 55 4A 01 13 19 CA 00 13 75 F5 7F 13 88 0B 00 
13 59 C9 00 13 5A FA 01 63 00 05 10 93 07 F0 7F 
63 00 F5 16 93 D7 DB 01 13 19 39 00 B3 E7 27 01 
B7 08 80 00 B3 E8 17 01 13 98 3B 00 13 05 15 C0 
93 07 00 00 13 17 2B 00 33 67 F7 00 13 07 F7 FF 
93 06 E0 00 33 C6 49 01 33 85 A4 40 63 EE E6 14 
B7 26 02 00 13 17 27 00 93 86 86 0A 33 07 D7 00 
03 27 07 00 67 00 07 00 B3 6A 69 01 63 8E 0A 06 
63 00 09 04 13 05 09 00 EF 30 90 42 93 07 55 FF 
13 07 C0 01 63 4E F7 02 93 0A D0 01 13 04 85 FF 
B3 8A FA 40 33 19 89 00 B3 5A 5B 01 B3 EA 2A 01 
33 14 8B 00 93 04 D0 C0 B3 84 A4 40 6F F0 1F F4 
13 05 0B 00 EF 30 D0 3E 13 05 05 02 6F F0 1F FC 
13 09 85 FD B3 1A 2B 01 13 04 00 00 6F F0 9F FD 
B3 6A 69 01 63 82 0A 02 93 0A 09 00 93 04 F0 7F 
13 0B 30 00 6F F0 DF F0 13 04 00 00 93 04 00 00 
13 0B 10 00 6F F0 DF EF 13 04 00 00 93 04 F0 7F 
13 0B 20 00 6F F0 DF EE B3 68 79 01 63 8E 08 06 
63 00 09 04 13 05 09 00 EF 30 90 38 93 08 55 FF 
93 07 C0 01 63 CE 17 03 93 07 D0 01 13 08 85 FF 
B3 87 17 41 33 19 09 01 B3 D7 FB 00 B3 E8 27 01 
33 98 0B 01 93 07 D0 C0 33 85 A7 40 6F F0 5F EE 
13 85 0B 00 EF 30 D0 34 13 05 05 02 6F F0 1F FC 
93 07 85 FD B3 98 FB 00 13 08 00 00 6F F0 9F FD 
B3 68 79 01 63 82 08 02 93 08 09 00 13 05 F0 7F 
93 07 30 00 6F F0 1F EB 13 08 00 00 13 05 00 00 
93 07 10 00 6F F0 1F EA 13 08 00 00 13 05 F0 7F 
93 07 20 00 6F F0 1F E9 63 E6 58 01 63 98 1A 35 
63 66 04 35 93 96 FA 01 93 57 14 00 13 17 F4 01 
93 DA 1A 00 33 E4 F6 00 93 97 88 00 93 58 88 01 
B3 E7 F8 00 93 DE 07 01 B3 D8 DA 03 13 9E 07 01 
13 5E 0E 01 13 13 88 00 93 56 04 01 33 F9 DA 03 
93 85 08 00 33 08 1E 03 93 1A 09 01 B3 E6 56 01 
63 FE 06 01 B3 86 F6 00 93 85 F8 FF 63 E8 F6 00 
63 F6 06 01 93 85 E8 FF B3 86 F6 00 B3 86 06 41 
33 DF D6 03 13 14 04 01 13 54 04 01 B3 F6 D6 03 
13 08 0F 00 B3 08 EE 03 93 96 06 01 B3 66 D4 00 
63 FE 16 01 B3 86 F6 00 13 08 FF FF 63 E8 F6 00 
63 F6 16 01 13 08 EF FF B3 86 F6 00 33 84 16 41 
93 96 05 01 B7 05 01 00 B3 E6 06 01 13 8F F5 FF 
93 D2 06 01 33 F8 E6 01 93 5F 03 01 33 7F E3 01 
B3 03 E8 03 B3 84 E2 03 33 88 0F 03 B3 88 F2 03 
B3 02 98 00 13 D8 03 01 33 08 58 00 63 74 98 00 
B3 88 B8 00 93 52 08 01 B3 82 12 01 B7 08 01 00 
93 88 F8 FF B3 75 18 01 93 95 05 01 B3 F3 13 01 
B3 85 75 00 63 68 54 00 93 88 06 00 63 14 54 04 
63 72 B7 04 33 07 67 00 33 38 67 00 33 08 F8 00 
33 04 04 01 93 88 F6 FF 63 E6 87 00 63 94 87 02 
63 62 67 02 63 66 54 00 63 9E 82 00 63 7C B7 00 
33 07 67 00 93 88 E6 FF B3 36 67 00 B3 86 F6 00 
33 04 D4 00 B3 05 B7 40 33 04 54 40 33 37 B7 00 
33 04 E4 40 13 08 F0 FF 63 84 87 12 B3 52 D4 03 
93 D6 05 01 33 74 D4 03 13 88 02 00 33 07 5E 02 
13 14 04 01 33 E4 86 00 63 7E E4 00 33 04 F4 00 
13 88 F2 FF 63 68 F4 00 63 76 E4 00 13 88 E2 FF 
33 04 F4 00 33 04 E4 40 B3 56 D4 03 93 95 05 01 
93 D5 05 01 33 74 D4 03 13 87 06 00 33 0E DE 02 
13 14 04 01 33 E4 85 00 63 7E C4 01 33 04 F4 00 
13 87 F6 FF 63 68 F4 00 63 76 C4 01 13 87 E6 FF 
33 04 F4 00 13 18 08 01 33 68 E8 00 93 16 08 01 
93 D6 06 01 93 55 08 01 B3 8E E6 03 33 04 C4 41 
33 8F E5 03 33 8E BF 02 B3 8F DF 02 93 D6 0E 01 
B3 8F EF 01 B3 86 F6 01 63 F6 E6 01 37 07 01 00 
33 0E EE 00 93 D5 06 01 B3 85 C5 01 37 0E 01 00 
13 0E FE FF 33 F7 C6 01 13 17 07 01 B3 FE CE 01 
33 07 D7 01 63 66 B4 00 63 1C B4 22 63 02 07 04 
33 84 87 00 93 06 F8 FF 63 64 F4 02 63 66 B4 00 
63 1E B4 20 63 70 E3 02 93 06 E8 FF 13 18 13 00 
33 33 68 00 B3 07 F3 00 33 04 F4 00 13 03 08 00 
63 16 B4 00 13 88 06 00 63 04 67 00 13 E8 16 00 
93 06 F5 3F 63 52 D0 10 93 77 78 00 63 80 07 02 
93 77 F8 00 13 07 40 00 63 8A E7 00 93 07 48 00 
33 B8 07 01 B3 88 08 01 13 88 07 00 93 97 78 00 
63 DA 07 00 B7 07 00 FF 93 87 F7 FF B3 F8 F8 00 
93 06 05 40 93 07 E0 7F 63 C2 D7 18 13 58 38 00 
13 97 D8 01 33 67 07 01 93 D7 38 00 93 97 C7 00 
93 F6 F6 7F 93 96 46 01 83 20 C1 02 03 24 81 02 
93 D7 C7 00 13 16 F6 01 B3 E7 D7 00 B3 E6 C7 00 
83 24 41 02 03 29 01 02 83 29 C1 01 03 2A 81 01 
83 2A 41 01 03 2B 01 01 83 2B C1 00 13 05 07 00 
93 85 06 00 13 01 01 03 67 80 00 00 13 05 F5 FF 
13 07 00 00 6F F0 5F CC 13 86 09 00 93 88 0A 00 
13 08 04 00 93 07 0B 00 13 07 20 00 63 80 E7 10 
13 07 30 00 63 82 E7 0E 13 07 10 00 E3 92 E7 F2 
93 07 00 00 13 07 00 00 6F 00 40 09 13 06 0A 00 
6F F0 9F FD B7 08 08 00 13 08 00 00 13 06 00 00 
93 07 30 00 6F F0 5F FC 93 07 10 00 B3 87 D7 40 
13 07 80 03 E3 46 F7 FC 13 07 F0 01 63 44 F7 06 
13 05 E5 41 33 97 A8 00 B3 56 F8 00 33 15 A8 00 
33 67 D7 00 33 35 A0 00 33 67 A7 00 B3 D7 F8 00 
93 76 77 00 63 80 06 02 93 76 F7 00 93 05 40 00 
63 8A B6 00 93 06 47 00 33 B7 E6 00 B3 87 E7 00 
13 87 06 00 93 96 87 00 63 CA 06 06 13 98 D7 01 
13 57 37 00 33 67 E8 00 93 D7 37 00 93 06 00 00 
6F F0 DF ED 13 07 10 FE 33 07 D7 40 93 05 00 02 
33 D7 E8 00 93 06 00 00 63 86 B7 00 13 05 E5 43 
B3 96 A8 00 B3 E6 06 01 B3 36 D0 00 33 67 D7 00 
93 07 00 00 6F F0 DF F8 B7 07 08 00 13 07 00 00 
93 06 F0 7F 13 06 00 00 6F F0 5F E9 93 07 00 00 
13 07 00 00 93 06 F0 7F 6F F0 5F E8 93 07 00 00 
13 07 00 00 93 06 10 00 6F F0 5F E7 13 88 06 00 
93 06 08 00 6F F0 9F E0 13 01 01 FD 23 20 21 03 
13 D9 45 01 23 2E 31 01 23 2C 41 01 23 2A 51 01 
23 28 61 01 23 26 71 01 93 9A C5 00 23 26 11 02 
23 24 81 02 23 22 91 02 13 79 F9 7F 13 0B 05 00 
93 0B 06 00 13 8A 06 00 93 DA CA 00 93 D9 F5 01 
63 04 09 0A 93 07 F0 7F 63 02 F9 10 13 54 D5 01 
93 9A 3A 00 B3 6A 54 01 37 04 80 00 33 E4 8A 00 
93 14 35 00 13 09 19 C0 13 0B 00 00 13 55 4A 01 
93 1A CA 00 13 75 F5 7F 13 87 0B 00 93 DA CA 00 
13 5A FA 01 63 02 05 10 93 07 F0 7F 63 02 F5 16 
93 D7 DB 01 93 9A 3A 00 B3 EA 57 01 B7 07 80 00 
B3 E7 FA 00 13 97 3B 00 13 05 15 C0 93 06 00 00 
93 15 2B 00 B3 E5 D5 00 33 05 A9 00 93 85 F5 FF 
93 08 E0 00 33 C6 49 01 13 08 15 00 63 EE B8 14 
37 25 02 00 93 95 25 00 13 05 45 0E B3 85 A5 00 
83 A5 05 00 67 80 05 00 33 E4 AA 00 63 0E 04 06 
63 80 0A 04 13 85 0A 00 EF 30 80 55 93 07 55 FF 
13 07 C0 01 63 4C F7 02 13 04 D0 01 93 04 85 FF 
33 04 F4 40 B3 9A 9A 00 33 54 8B 00 33 64 54 01 
B3 14 9B 00 13 09 D0 C0 33 09 A9 40 6F F0 DF F3 
EF 30 00 52 13 05 05 02 6F F0 5F FC 13 04 85 FD 
33 14 8B 00 93 04 00 00 6F F0 DF FD 33 E4 AA 00 
63 04 04 02 93 04 05 00 13 84 0A 00 13 09 F0 7F 
13 0B 30 00 6F F0 9F F0 93 04 00 00 13 09 00 00 
13 0B 10 00 6F F0 9F EF 93 04 00 00 13 09 F0 7F 
13 0B 20 00 6F F0 9F EE B3 E7 7A 01 63 8E 07 06 
63 80 0A 04 13 85 0A 00 EF 30 80 4B 93 06 55 FF 
93 07 C0 01 63 CE D7 02 93 07 D0 01 13 07 85 FF 
B3 87 D7 40 B3 9A EA 00 B3 D7 FB 00 B3 E7 57 01 
33 97 EB 00 13 06 D0 C0 33 05 A6 40 6F F0 1F EE 
13 85 0B 00 EF 30 C0 47 13 05 05 02 6F F0 1F FC 
93 07 85 FD B3 97 FB 00 13 07 00 00 6F F0 9F FD 
B3 E7 7A 01 63 82 07 02 93 87 0A 00 13 05 F0 7F 
93 06 30 00 6F F0 DF EA 13 07 00 00 13 05 00 00 
93 06 10 00 6F F0 DF E9 13 07 00 00 13 05 F0 7F 
93 06 20 00 6F F0 DF E8 B7 0F 01 00 13 8F FF FF 
93 D6 04 01 13 53 07 01 B3 F4 E4 01 33 77 E7 01 
B3 08 93 02 B3 05 97 02 B3 82 E6 02 33 8E 58 00 
93 D8 05 01 B3 88 C8 01 B3 8E 66 02 63 F4 58 00 
B3 8E FE 01 13 D9 08 01 B3 F8 E8 01 93 DF 07 01 
B3 F5 E5 01 B3 F3 E7 01 93 98 08 01 B3 88 B8 00 
B3 87 76 02 B3 85 93 02 B3 84 9F 02 33 8E F4 00 
93 D4 05 01 B3 84 C4 01 B3 86 F6 03 63 F6 F4 00 
B7 07 01 00 B3 86 F6 00 13 DF 04 01 B7 09 01 00 
33 0F DF 00 93 86 F9 FF B3 F4 D4 00 B3 F5 D5 00 
93 57 04 01 93 94 04 01 33 74 D4 00 B3 84 B4 00 
B3 06 87 02 33 09 99 00 33 8E E7 02 B3 05 83 02 
33 07 F3 02 33 83 C5 01 93 D5 06 01 B3 85 65 00 
63 F4 C5 01 33 07 37 01 13 D3 05 01 B7 09 01 00 
B3 02 E3 00 13 87 F9 FF B3 F5 E5 00 B3 F6 E6 00 
33 83 83 02 93 95 05 01 B3 85 D5 00 33 87 77 02 
33 84 8F 02 33 8E FF 02 33 04 E4 00 93 57 03 01 
33 84 87 00 63 74 E4 00 33 0E 3E 01 B7 07 01 00 
93 87 F7 FF B3 76 F4 00 33 73 F3 00 93 96 06 01 
B3 8E 2E 01 B3 86 66 00 B3 B4 9E 00 B3 86 E6 01 
B3 87 96 00 B3 8E BE 00 B3 B5 BE 00 33 83 57 00 
B3 0F B3 00 B3 B6 E6 01 B3 B7 97 00 B3 E7 F6 00 
13 54 04 01 33 33 53 00 B3 B5 BF 00 B3 87 87 00 
B3 65 B3 00 B3 87 B7 00 B3 87 C7 01 13 D7 7F 01 
93 97 97 00 B3 E7 E7 00 13 97 9E 00 33 67 17 01 
33 37 E0 00 93 DE 7E 01 93 96 9F 00 33 67 D7 01 
33 67 D7 00 93 96 77 00 63 D2 06 10 93 56 17 00 
13 77 17 00 33 E7 E6 00 93 96 F7 01 33 67 D7 00 
93 D7 17 00 93 05 F8 3F 63 56 B0 0E 93 76 77 00 
63 80 06 02 93 76 F7 00 13 05 40 00 63 8A A6 00 
93 06 47 00 33 B7 E6 00 B3 87 E7 00 13 87 06 00 
93 96 77 00 63 DA 06 00 B7 06 00 FF 93 86 F6 FF 
B3 F7 D7 00 93 05 08 40 93 06 E0 7F 63 C6 B6 16 
93 56 37 00 13 97 D7 01 33 67 D7 00 93 D7 37 00 
93 F6 F5 7F 93 97 C7 00 93 96 46 01 83 20 C1 02 
03 24 81 02 93 D7 C7 00 13 16 F6 01 B3 E7 D7 00 
B3 E6 C7 00 83 24 41 02 03 29 01 02 83 29 C1 01 
03 2A 81 01 83 2A 41 01 03 2B 01 01 83 2B C1 00 
13 05 07 00 93 85 06 00 13 01 01 03 67 80 00 00 
13 86 09 00 93 07 04 00 13 87 04 00 93 06 0B 00 
93 05 20 00 63 8A B6 0E 93 05 30 00 63 8C B6 0C 
93 05 10 00 E3 98 B6 F2 93 07 00 00 13 07 00 00 
6F 00 80 08 13 06 0A 00 6F F0 9F FD 13 08 05 00 
6F F0 5F F1 13 05 10 00 33 05 B5 40 93 06 80 03 
E3 CC A6 FC 93 06 F0 01 63 C4 A6 06 13 08 E8 41 
B3 96 07 01 B3 55 A7 00 33 17 07 01 B3 E6 B6 00 
33 37 E0 00 33 E7 E6 00 B3 D7 A7 00 93 76 77 00 
63 80 06 02 93 76 F7 00 93 05 40 00 63 8A B6 00 
93 06 47 00 33 B7 E6 00 B3 87 E7 00 13 87 06 00 
93 96 87 00 63 CA 06 06 93 96 D7 01 13 57 37 00 
33 E7 E6 00 93 D7 37 00 93 05 00 00 6F F0 5F EF 
93 06 10 FE B3 86 B6 40 93 08 00 02 B3 D6 D7 00 
93 05 00 00 63 06 15 01 13 08 E8 43 B3 95 07 01 
33 E7 E5 00 33 37 E0 00 33 E7 E6 00 93 07 00 00 
6F F0 DF F8 B7 07 08 00 13 07 00 00 93 05 F0 7F 
13 06 00 00 6F F0 DF EA 93 07 00 00 13 07 00 00 
93 05 F0 7F 6F F0 DF E9 93 07 00 00 13 07 00 00 
93 05 10 00 6F F0 DF E8 83 27 C5 00 03 AF 05 00 
83 AF 45 00 83 A2 85 00 83 A5 C5 00 37 87 00 00 
93 D6 07 01 13 07 F7 FF 13 98 07 01 93 9E 05 01 
13 D6 F7 01 B3 F6 E6 00 93 D7 05 01 13 01 01 FF 
83 28 05 00 03 23 45 00 03 2E 85 00 13 58 08 01 
93 DE 0E 01 B3 F7 E7 00 93 D5 F5 01 63 90 E6 02 
33 E7 68 00 33 67 C7 01 33 67 07 01 13 05 10 00 
63 1A 07 04 63 98 D7 04 6F 00 80 00 63 9C E7 00 
33 67 FF 01 33 67 57 00 33 67 D7 01 13 05 10 00 
63 1A 07 02 13 05 10 00 63 96 D7 02 63 94 E8 03 
63 12 F3 03 63 10 5E 02 63 1E D8 01 63 00 B6 02 
63 9A 07 00 33 E5 68 00 33 65 C5 01 33 65 05 01 
33 35 A0 00 13 01 01 01 67 80 00 00 13 05 00 00 
6F F0 5F FF 83 27 C5 00 03 A6 C5 00 83 A2 05 00 
83 A8 45 00 03 AF 85 00 B7 85 00 00 93 D6 07 01 
93 85 F5 FF 13 93 07 01 13 1E 06 01 13 57 06 01 
B3 F6 B6 00 13 01 01 FF 83 2F 05 00 03 28 45 00 
83 2E 85 00 13 53 03 01 93 D7 F7 01 13 5E 0E 01 
33 77 B7 00 13 56 F6 01 63 90 B6 02 B3 65 F8 01 
B3 E5 D5 01 B3 E5 65 00 13 05 E0 FF 63 88 05 0C 
13 01 01 01 67 80 00 00 63 1C B7 00 B3 E5 58 00 
B3 E5 E5 01 B3 E5 C5 01 13 05 E0 FF E3 92 05 FE 
63 98 06 0A 33 65 F8 01 33 65 D5 01 33 65 65 00 
13 35 15 00 63 1A 07 00 B3 E5 58 00 B3 E5 E5 01 
B3 E5 C5 01 63 86 05 06 63 1A 05 00 63 8E C7 00 
13 05 10 00 E3 86 07 FA 6F 00 80 00 E3 12 06 FA 
13 05 F0 FF 6F F0 DF F9 E3 44 D7 FE 63 DA E6 00 
13 05 F0 FF E3 86 07 F8 13 05 10 00 6F F0 5F F8 
E3 68 6E FC 63 1C C3 03 E3 64 DF FD 63 1C DF 03 
E3 E0 08 FD 63 94 08 01 E3 EC F2 FB E3 6A 18 FD 
13 05 00 00 E3 9E 08 F5 E3 FC 5F F4 6F F0 5F FC 
E3 00 05 FA 13 05 00 00 6F F0 9F F4 E3 6A C3 FB 
6F F0 5F FF E3 E6 EE FB 6F F0 DF FE E3 00 D7 F4 
E3 1E 07 F6 13 05 00 00 6F F0 1F F6 83 27 C5 00 
03 A6 C5 00 83 A2 05 00 83 A8 45 00 03 AF 85 00 
B7 85 00 00 93 D6 07 01 93 85 F5 FF 13 93 07 01 
13 1E 06 01 13 57 06 01 B3 F6 B6 00 13 01 01 FF 
83 2F 05 00 03 28 45 00 83 2E 85 00 13 53 03 01 
93 D7 F7 01 13 5E 0E 01 33 77 B7 00 13 56 F6 01 
63 90 B6 02 B3 65 F8 01 B3 E5 D5 01 B3 E5 65 00 
13 05 20 00 63 88 05 0C 13 01 01 01 67 80 00 00 
63 1C B7 00 B3 E5 58 00 B3 E5 E5 01 B3 E5 C5 01 
13 05 20 00 E3 92 05 FE 63 98 06 0A 33 65 F8 01 
33 65 D5 01 33 65 65 00 13 35 15 00 63 1A 07 00 
B3 E5 58 00 B3 E5 E5 01 B3 E5 C5 01 63 86 05 06 
63 1A 05 00 63 8E C7 00 13 05 10 00 E3 86 07 FA 
6F 00 80 00 E3 12 06 FA 13 05 F0 FF 6F F0 DF F9 
E3 44 D7 FE 63 DA E6 00 13 05 F0 FF E3 86 07 F8 
13 05 10 00 6F F0 5F F8 E3 68 6E FC 63 1C C3 03 
E3 64 DF FD 63 1C DF 03 E3 E0 08 FD 63 94 08 01 
E3 EC F2 FB E3 6A 18 FD 13 05 00 00 E3 9E 08 F5 
E3 FC 5F F4 6F F0 5F FC E3 00 05 FA 13 05 00 00 
6F F0 9F F4 E3 6A C3 FB 6F F0 5F FF E3 E6 EE FB 
6F F0 DF FE E3 00 D7 F4 E3 1E 07 F6 13 05 00 00 
6F F0 1F F6 13 01 01 F4 23 26 31 0B 83 A9 C5 00 
83 A6 05 00 83 A7 45 00 23 26 A1 00 03 A5 85 00 
13 97 09 01 23 28 21 0B 23 24 41 0B 23 22 51 0B 
23 20 61 0B 03 2A 06 00 03 2B 46 00 83 2A 86 00 
03 29 C6 00 37 86 00 00 23 2A 91 0A 13 57 07 01 
93 D4 09 01 13 06 F6 FF 23 26 31 07 23 2E 11 0A 
23 2C 81 0A 23 2E 71 09 23 2C 81 09 23 2A 91 09 
23 28 A1 09 23 26 B1 09 23 20 D1 06 23 22 F1 06 
23 24 A1 06 23 28 D1 02 23 2A F1 02 23 2C A1 02 
23 2E E1 02 B3 F4 C4 00 93 D9 F9 01 63 88 04 12 
63 86 C4 24 B7 07 01 00 B3 67 F7 00 23 2E F1 02 
13 06 01 03 93 07 C1 03 03 A7 07 00 83 A6 C7 FF 
93 87 C7 FF 13 17 37 00 93 D6 D6 01 33 67 D7 00 
23 A2 E7 00 E3 12 F6 FE 83 27 01 03 37 C5 FF FF 
13 05 15 00 93 97 37 00 23 28 F1 02 B3 84 A4 00 
93 0B 00 00 13 15 09 01 37 87 00 00 93 57 09 01 
13 55 05 01 13 07 F7 FF 23 26 21 07 23 20 41 07 
23 22 61 07 23 24 51 07 23 20 41 05 23 22 61 05 
23 24 51 05 23 26 A1 04 B3 F7 E7 00 13 59 F9 01 
63 82 07 1E 63 80 E7 30 B7 0A 01 00 B3 6A 55 01 
23 26 51 05 93 05 01 04 13 07 C1 04 83 26 07 00 
03 26 C7 FF 13 07 C7 FF 93 96 36 00 13 56 D6 01 
B3 E6 C6 00 23 22 D7 00 E3 92 E5 FE 03 27 01 04 
37 C5 FF FF 13 05 15 00 13 17 37 00 23 20 E1 04 
B3 87 A7 00 13 07 00 00 B3 87 F4 00 23 20 F1 02 
93 87 17 00 23 2E F1 00 93 97 2B 00 B3 C6 29 01 
B3 E7 E7 00 23 28 D1 00 93 87 F7 FF 93 06 E0 00 
63 E6 F6 2A B7 26 02 00 93 97 27 00 93 86 06 12 
B3 87 D7 00 83 A7 07 00 67 80 07 00 33 E6 D7 00 
33 66 A6 00 33 66 E6 00 63 08 06 12 63 00 07 06 
13 05 07 00 EF 20 D0 35 93 06 45 FF 93 D7 56 40 
93 F6 F6 01 63 8E 06 06 13 07 C0 FF 33 87 E7 02 
13 03 01 03 13 08 00 02 93 95 27 00 33 08 D8 40 
13 07 C7 00 33 07 E3 00 63 14 E3 08 13 07 01 08 
B3 05 B7 00 03 27 01 03 93 87 F7 FF B3 16 D7 00 
23 A8 D5 FA 93 06 F0 FF 6F 00 00 0A 63 08 05 00 
EF 20 10 30 13 05 05 02 6F F0 1F FA 63 8A 07 00 
13 85 07 00 EF 20 D0 2E 13 05 05 04 6F F0 DF F8 
13 85 06 00 EF 20 D0 2D 13 05 05 06 6F F0 DF F7 
13 06 C0 FF 33 86 C7 02 13 07 C1 03 93 06 30 00 
B3 05 C7 00 83 A5 05 00 93 86 F6 FF 13 07 C7 FF 
23 22 B7 00 E3 D6 F6 FE 93 87 F7 FF 6F F0 9F F9 
03 26 C7 FF 83 28 07 00 33 0E B7 00 33 56 06 01 
B3 98 D8 00 33 66 16 01 23 20 CE 00 13 07 C7 FF 
6F F0 9F F5 13 97 27 00 13 06 01 03 33 07 E6 00 
23 20 07 00 93 87 F7 FF E3 96 D7 FE B7 C4 FF FF 
93 84 14 01 B3 84 A4 40 6F F0 9F E0 B3 E7 D7 00 
B3 E7 A7 00 B3 E7 E7 00 93 0B 30 00 E3 9C 07 DE 
93 0B 20 00 6F F0 1F DF 93 04 00 00 93 0B 10 00 
6F F0 5F DE B3 67 6A 01 B3 E7 57 01 B3 E7 A7 00 
63 88 07 12 63 0E 05 04 EF 20 90 21 13 06 45 FF 
13 57 56 40 13 76 F6 01 63 00 06 08 93 06 C0 FF 
B3 06 D7 02 13 03 01 04 93 07 00 02 13 18 27 00 
B3 87 C7 40 93 86 C6 00 B3 06 D3 00 63 16 D3 08 
93 07 01 08 33 88 07 01 83 27 01 04 13 07 F7 FF 
33 96 C7 00 23 20 C8 FC 93 06 F0 FF 6F 00 40 0A 
63 8A 0A 00 13 85 0A 00 EF 20 90 1B 13 05 05 02 
6F F0 DF F9 63 0A 0B 00 13 05 0B 00 EF 20 50 1A 
13 05 05 04 6F F0 9F F8 13 05 0A 00 EF 20 50 19 
13 05 05 06 6F F0 9F F7 13 06 C0 FF 33 06 C7 02 
93 06 C1 04 93 07 30 00 B3 85 C6 00 83 A5 05 00 
93 87 F7 FF 93 86 C6 FF 23 A2 B6 00 E3 D6 E7 FE 
13 07 F7 FF 6F F0 5F F9 83 A5 C6 FF 83 A8 06 00 
33 8E 06 01 B3 D5 F5 00 B3 98 C8 00 B3 E5 15 01 
23 20 BE 00 93 86 C6 FF 6F F0 5F F5 93 17 27 00 
13 06 01 04 B3 07 F6 00 23 A0 07 00 13 07 F7 FF 
E3 16 D7 FE B7 C7 FF FF 93 87 17 01 B3 87 A7 40 
6F F0 5F D5 33 6A 6A 01 B3 6A 5A 01 B3 EA AA 00 
13 07 30 00 E3 92 0A D4 13 07 20 00 6F F0 DF D3 
93 07 00 00 13 07 10 00 6F F0 1F D3 03 27 01 03 
03 2E 01 04 37 05 01 00 93 06 F5 FF 93 5F 07 01 
93 5A 0E 01 33 77 D7 00 33 7E DE 00 B3 87 EA 02 
33 06 EE 02 33 88 CF 03 B3 85 07 01 93 57 06 01 
B3 87 B7 00 33 8B 5F 03 63 F4 07 01 33 0B AB 00 
03 2F 41 04 93 D2 07 01 B3 F7 D7 00 33 76 D6 00 
93 97 07 01 B3 87 C7 00 93 54 0F 01 33 7F DF 00 
23 22 F1 02 23 20 F1 06 B3 06 EF 02 B3 87 E4 02 
33 86 EF 03 33 85 C7 00 93 D7 06 01 B3 87 A7 00 
33 8A 9F 02 63 F6 C7 00 37 06 01 00 33 0A CA 00 
37 06 01 00 93 05 F6 FF 33 F5 B7 00 93 DD 07 01 
83 27 41 03 B3 F6 B6 00 13 15 05 01 13 D9 07 01 
B3 F5 B7 00 33 05 D5 00 B3 87 BA 02 B3 82 A2 00 
B3 06 BE 02 33 03 C9 03 33 88 67 00 93 D7 06 01 
B3 87 07 01 B3 88 2A 03 63 F4 67 00 B3 88 C8 00 
93 D9 07 01 B3 89 19 01 B7 08 01 00 13 86 F8 FF 
33 F8 C7 00 13 18 08 01 B3 F7 C6 00 33 08 F8 00 
33 86 E5 03 B3 07 E9 03 93 5E 06 01 B3 86 B4 02 
B3 86 F6 00 B3 86 DE 00 33 83 24 03 63 F4 F6 00 
33 03 13 01 93 D7 06 01 83 2E 81 04 B3 87 67 00 
B7 03 01 00 23 24 F1 02 93 87 F3 FF 13 D4 0E 01 
B3 FE FE 00 B3 08 E4 02 33 76 F6 00 B3 F6 F6 00 
93 96 06 01 B3 86 C6 00 33 83 EE 02 B3 8B DF 03 
B3 87 78 01 93 58 03 01 B3 88 F8 00 33 86 8F 02 
63 F4 78 01 33 06 76 00 93 D7 08 01 37 0C 01 00 
B3 87 C7 00 13 06 FC FF 23 26 F1 02 B3 F7 C8 00 
83 28 81 03 33 73 C3 00 93 97 07 01 93 D3 08 01 
33 F6 C8 00 B3 87 67 00 B3 08 C6 03 B3 8C C3 03 
13 DD 08 01 33 83 CA 02 33 03 93 01 33 03 6D 00 
B3 8B 7A 02 63 74 93 01 B3 8B 8B 01 13 5C 03 01 
B3 0B 7C 01 37 0C 01 00 B3 02 5B 00 93 0C FC FF 
33 B5 A2 00 33 73 93 01 B3 8D AD 00 13 13 03 01 
B3 F8 98 01 33 8A 4D 01 B3 08 13 01 33 83 02 01 
33 38 03 01 23 2A 61 00 23 22 61 06 33 03 3A 01 
33 0B 03 01 B3 39 33 01 33 38 0B 01 33 E8 09 01 
33 35 AA 00 33 05 A8 00 03 28 81 02 B3 02 DB 00 
83 29 81 02 B3 B6 D2 00 33 05 05 01 03 23 C1 02 
33 08 D5 00 B3 82 F2 00 33 35 35 01 B3 36 D8 00 
B3 B7 F2 00 B3 0D 68 00 B3 66 D5 00 03 25 C1 02 
33 83 FD 00 B3 82 12 01 B3 B8 12 01 B3 37 F3 00 
23 2C 51 00 23 24 51 06 B3 02 73 01 03 23 C1 04 
33 8D 12 01 B3 BD AD 00 B3 E7 FD 00 B3 BB 72 01 
B3 38 1D 01 B3 86 F6 00 93 52 03 01 33 EA 1B 01 
33 73 93 01 B3 07 E3 02 33 8A 46 01 33 87 E2 02 
93 D8 07 01 B3 86 6F 02 33 07 D7 00 B3 88 E8 00 
B3 8F 5F 02 63 F4 D8 00 B3 8F 8F 01 83 29 C1 03 
B7 06 01 00 13 85 F6 FF 13 D7 08 01 B3 F8 A8 00 
33 07 F7 01 B3 F7 A7 00 93 DF 09 01 93 98 08 01 
B3 F9 A9 00 B3 88 F8 00 33 8B FA 03 93 0D 07 00 
B3 07 3E 03 B3 8A 3A 03 13 D8 07 01 33 8E CF 03 
B3 8A CA 01 B3 0A 58 01 63 F4 CA 01 33 0B DB 00 
13 D8 0A 01 33 07 68 01 37 0B 01 00 23 24 E1 02 
13 07 FB FF 33 F8 EA 00 B3 F7 E7 00 13 18 08 01 
33 08 F8 00 B3 86 BE 02 33 0E D9 03 13 D5 06 01 
B3 07 B4 02 B3 87 C7 01 B3 07 F5 00 33 07 89 02 
63 F4 C7 01 33 07 67 01 13 D5 07 01 33 07 E5 00 
37 0B 01 00 23 26 E1 02 13 07 FB FF 33 F5 E7 00 
B3 F6 E6 00 33 8E E3 03 13 15 05 01 33 05 D5 00 
33 07 E6 03 B3 87 C4 02 93 56 07 01 B3 87 C7 01 
B3 87 F6 00 B3 8A 74 02 63 F4 C7 01 B3 8A 6A 01 
B7 06 01 00 13 8E F6 FF B3 F6 C7 01 93 DB 07 01 
B3 07 1D 01 33 77 C7 01 B3 B8 17 01 33 0A BA 01 
93 96 06 01 B3 86 E6 00 33 0D 1A 01 03 27 81 02 
B3 38 1D 01 33 3A BA 01 B3 87 07 01 33 6A 1A 01 
83 28 81 02 33 B8 07 01 33 0B ED 00 03 27 C1 02 
B3 0C 0B 01 B3 87 A7 00 33 3B 1B 01 33 B8 0C 01 
33 B5 A7 00 33 87 EC 00 33 6B 0B 01 03 28 C1 02 
33 0C A7 00 B3 8B 5B 01 B3 87 D7 00 B3 B6 D7 00 
B3 0A 7C 01 33 8E DA 00 33 37 07 01 33 35 AC 00 
33 67 A7 00 B3 36 DE 00 33 0A 6A 01 B3 BA 7A 01 
33 0A EA 00 B3 EA DA 00 B3 06 5A 01 33 88 CE 02 
23 26 F1 06 33 8A D3 03 13 55 08 01 33 07 C4 02 
33 07 47 01 33 07 E5 00 B3 08 74 02 63 76 47 01 
37 05 01 00 B3 88 A8 00 37 0A 01 00 13 55 07 01 
93 0A FA FF B3 08 15 01 33 75 57 01 33 78 58 01 
13 15 05 01 B3 0A 69 02 33 05 05 01 33 08 B3 02 
B3 85 B2 02 13 57 08 01 B3 85 55 01 33 07 B7 00 
33 09 59 02 63 74 57 01 33 09 49 01 B7 0A 01 00 
93 55 07 01 13 8A FA FF 33 78 48 01 33 89 25 01 
B3 75 47 01 93 95 05 01 33 87 E9 03 B3 85 05 01 
33 8F EF 03 13 58 07 01 33 8A F4 03 B3 84 34 03 
B3 84 E4 01 B3 04 98 00 63 F4 E4 01 33 0A 5A 01 
13 DB 04 01 33 0B 4B 01 37 0A 01 00 13 0F FA FF 
33 F8 E4 01 33 77 E7 01 B3 84 63 02 13 18 08 01 
33 08 E8 00 33 0F 66 02 33 86 C2 02 13 57 0F 01 
33 06 96 00 33 06 C7 00 B3 83 53 02 63 74 96 00 
B3 83 43 01 37 0A 01 00 13 57 06 01 93 04 FA FF 
B3 03 77 00 33 77 96 00 33 7F 9F 00 13 17 07 01 
33 07 E7 01 33 06 34 03 33 8F 3E 03 B3 8E DF 03 
93 5A 0F 01 33 06 D6 01 33 86 CA 00 B3 04 F4 03 
63 74 D6 01 B3 84 44 01 13 5C 06 01 B7 0C 01 00 
33 0C 9C 00 33 0E AE 00 93 84 FC FF 33 35 AE 00 
B3 86 16 01 33 76 96 00 B3 8D A6 00 33 7F 9F 00 
33 0E BE 00 13 16 06 01 33 06 E6 01 B3 35 BE 00 
33 8F 2D 01 33 0E 0E 01 33 0D BF 00 B3 0E 6D 01 
23 28 C1 07 33 3E 0E 01 33 8A CE 01 B3 B6 16 01 
B3 35 BD 00 33 B5 AD 00 33 39 2F 01 33 E5 A6 00 
33 69 B9 00 B3 BE 6E 01 33 3E CA 01 33 05 25 01 
B3 EE CE 01 33 08 EA 00 33 05 D5 01 33 37 E8 00 
33 05 75 00 B3 06 E5 00 B3 33 75 00 33 05 33 03 
33 08 C8 00 33 B7 E6 00 33 36 C8 00 B3 86 86 01 
B3 85 C6 00 33 BC 86 01 33 B6 C5 00 23 2A 01 07 
33 E7 E3 00 33 83 6F 02 93 56 05 01 33 66 CC 00 
B3 89 32 03 B3 89 69 00 B3 8F F2 03 B3 82 36 01 
63 F4 62 00 B3 8F 9F 01 B3 F6 92 00 93 96 06 01 
B3 74 95 00 B3 84 96 00 93 D2 02 01 B3 85 95 00 
B3 82 E2 00 83 26 41 01 03 27 41 02 B3 B4 95 00 
B3 82 C2 00 B3 82 92 00 B3 8F F2 01 B3 62 D7 00 
03 27 81 01 93 97 D7 00 23 2C B1 06 B3 62 57 00 
23 2E F1 07 B3 E7 57 00 13 07 01 06 93 05 01 07 
83 26 C7 00 03 26 07 01 13 07 47 00 93 D6 36 01 
13 16 D6 00 B3 E6 C6 00 23 2E D7 FE E3 92 E5 FE 
03 27 01 06 83 26 81 06 B3 37 F0 00 B3 E7 E7 00 
23 2C D1 04 03 27 C1 06 83 26 41 06 23 28 F1 04 
23 2E E1 04 23 2A D1 04 93 16 B7 00 63 D8 06 22 
93 97 F7 01 13 07 01 05 93 05 C1 05 83 26 07 00 
03 26 47 00 13 07 47 00 93 D6 16 00 13 16 F6 01 
B3 E6 C6 00 23 2E D7 FE E3 92 E5 FE 03 27 C1 05 
B3 37 F0 00 13 57 17 00 23 2E E1 04 03 27 01 05 
B3 67 F7 00 23 28 F1 04 03 27 C1 01 B7 47 00 00 
93 87 F7 FF B3 07 F7 00 63 5C F0 1E 03 27 01 05 
93 76 77 00 63 84 06 04 93 76 F7 00 13 06 40 00 
63 8E C6 02 83 26 41 05 13 07 47 00 23 28 E1 04 
13 37 47 00 B3 06 D7 00 33 B7 E6 00 23 2A D1 04 
83 26 81 05 B3 06 D7 00 23 2C D1 04 B3 B6 E6 00 
03 27 C1 05 B3 86 E6 00 23 2E D1 04 03 27 C1 05 
93 16 B7 00 63 D0 06 02 B7 07 F0 FF 93 87 F7 FF 
33 77 F7 00 23 2E E1 04 03 27 C1 01 B7 47 00 00 
B3 07 F7 00 13 07 01 05 93 05 C1 05 83 26 07 00 
03 26 47 00 13 07 47 00 93 D6 36 00 13 16 D6 01 
B3 E6 C6 00 23 2E D7 FE E3 12 B7 FE 37 87 00 00 
93 06 E7 FF 63 CA F6 12 03 27 C1 05 13 57 37 00 
23 2E E1 04 03 27 C1 05 93 97 17 01 B7 06 01 80 
23 16 E1 06 03 27 C1 06 93 86 F6 FF 93 D7 17 01 
33 77 D7 00 93 97 07 01 B3 67 F7 00 03 27 01 01 
93 97 17 00 93 D7 17 00 13 17 F7 01 83 26 C1 00 
B3 E7 E7 00 03 27 01 05 83 20 C1 0B 03 24 81 0B 
23 A0 E6 00 03 27 41 05 23 A6 F6 00 83 24 41 0B 
23 A2 E6 00 03 27 81 05 03 29 01 0B 83 29 C1 0A 
23 A4 E6 00 03 2A 81 0A 83 2A 41 0A 03 2B 01 0A 
83 2B C1 09 03 2C 81 09 83 2C 41 09 03 2D 01 09 
83 2D C1 08 13 85 06 00 13 01 01 0C 67 80 00 00 
23 28 31 01 83 27 01 03 23 28 F1 04 83 27 41 03 
23 2A F1 04 83 27 81 03 23 2C F1 04 83 27 C1 03 
23 2E F1 04 93 07 20 00 63 8C FB 26 93 07 30 00 
63 86 FB 28 93 07 10 00 E3 90 FB E6 23 2E 01 04 
23 2C 01 04 23 2A 01 04 23 28 01 04 6F 00 40 21 
23 28 21 01 83 27 01 04 93 0B 07 00 23 28 F1 04 
83 27 41 04 23 2A F1 04 83 27 81 04 23 2C F1 04 
83 27 C1 04 23 2E F1 04 6F F0 DF FA 83 27 01 02 
23 2E F1 00 6F F0 5F E1 23 2E 01 04 23 2C 01 04 
23 2A 01 04 23 28 01 04 93 07 F7 FF 6F F0 9F EC 
13 07 10 00 B3 07 F7 40 13 07 40 07 63 4E F7 1A 
93 D8 57 40 13 07 00 00 93 F7 F7 01 93 06 00 00 
13 96 26 00 63 9A 16 03 63 94 07 04 13 05 30 00 
93 05 01 05 B3 06 D5 40 33 85 C5 00 03 25 05 00 
93 87 17 00 93 85 45 00 23 AE A5 FE E3 D6 F6 FE 
13 06 40 00 6F 00 80 0B 93 05 01 05 33 86 C5 00 
03 26 06 00 93 86 16 00 33 67 C7 00 6F F0 5F FB 
93 06 01 08 B3 86 C6 00 83 A6 06 FD 13 08 00 02 
33 08 F8 40 B3 96 06 01 33 67 D7 00 93 06 01 05 
33 86 C6 00 93 06 30 00 13 05 00 00 B3 86 16 41 
13 06 46 00 63 44 D5 02 13 06 01 08 93 96 26 00 
B3 06 D6 00 03 26 C1 05 B3 57 F6 00 23 A8 F6 FC 
93 07 40 00 B3 87 17 41 6F F0 9F F8 13 13 25 00 
93 05 01 05 33 83 65 00 03 2E 06 00 83 25 C6 FF 
13 05 15 00 33 1E 0E 01 B3 D5 F5 00 B3 E5 C5 01 
23 20 B3 00 6F F0 DF FA 93 96 27 00 93 05 01 05 
B3 86 D5 00 23 A0 06 00 93 87 17 00 E3 96 C7 FE 
83 26 01 05 33 37 E0 00 33 67 D7 00 23 28 E1 04 
93 76 77 00 63 82 06 04 93 76 F7 00 63 8E F6 02 
83 27 41 05 13 07 47 00 23 28 E1 04 13 37 47 00 
B3 07 F7 00 33 B7 E7 00 23 2A F1 04 83 27 81 05 
B3 07 F7 00 23 2C F1 04 B3 B7 E7 00 03 27 C1 05 
B3 87 E7 00 23 2E F1 04 83 27 C1 05 13 97 C7 00 
63 5E 07 00 23 2E 01 04 23 2C 01 04 23 2A 01 04 
23 28 01 04 93 07 10 00 6F F0 DF D3 93 07 01 05 
13 06 C1 05 03 A7 07 00 83 A6 47 00 93 87 47 00 
13 57 37 00 93 96 D6 01 33 67 D7 00 23 AE E7 FE 
E3 12 F6 FE 83 27 C1 05 93 D7 37 00 23 2E F1 04 
93 07 00 00 6F F0 1F D0 83 27 41 05 03 27 01 05 
33 67 F7 00 83 27 81 05 33 67 F7 00 83 27 C1 05 
33 67 F7 00 93 07 00 00 E3 0E 07 CC 23 2E 01 04 
23 2C 01 04 23 2A 01 04 23 28 01 04 6F F0 9F CC 
B7 87 00 00 23 2E 01 04 23 2C 01 04 23 2A 01 04 
23 28 01 04 93 87 F7 FF 6F F0 DF CA B7 87 00 00 
23 2E F1 04 23 2C 01 04 23 2A 01 04 23 28 01 04 
93 87 F7 FF 23 28 01 00 6F F0 DF C8 13 01 01 FA 
83 A7 85 00 23 28 21 05 03 A9 C5 00 03 A7 45 00 
23 2A 91 04 93 04 05 00 03 A5 05 00 23 2C F1 02 
23 2C F1 00 03 23 06 00 93 17 09 01 83 28 46 00 
83 26 86 00 03 28 C6 00 23 2C 81 04 93 D7 07 01 
13 14 19 00 23 2E 21 03 23 2E 11 04 23 26 31 05 
23 24 41 05 23 22 51 05 23 28 A1 02 23 2A E1 02 
23 28 A1 00 23 2A E1 00 23 2E F1 00 13 54 14 01 
13 59 F9 01 13 0E 01 01 93 05 C1 01 83 A7 05 00 
03 A7 C5 FF 93 85 C5 FF 93 97 37 00 13 57 D7 01 
B3 E7 E7 00 23 A2 F5 00 E3 12 BE FE 03 27 01 01 
93 17 08 01 13 16 18 00 13 17 37 00 93 D7 07 01 
23 28 61 02 23 2A 11 03 23 2E 01 03 23 20 61 02 
23 22 11 03 23 28 E1 00 23 2C D1 02 23 24 D1 02 
23 26 F1 02 13 56 16 01 13 58 F8 01 13 03 01 02 
93 08 C1 02 83 A7 08 00 83 A6 C8 FF 93 88 C8 FF 
93 97 37 00 93 D6 D6 01 B3 E7 D7 00 23 A2 F8 00 
E3 12 13 FF 83 27 01 02 B7 86 00 00 93 86 F6 FF 
93 97 37 00 23 20 F1 02 63 10 D6 02 03 25 81 02 
83 26 41 02 B3 E6 A6 00 03 25 C1 02 B3 E6 A6 00 
B3 E6 F6 00 63 94 06 00 13 48 18 00 33 05 C4 40 
E3 1C 28 13 63 54 A0 30 63 16 06 0C 83 25 41 02 
03 26 81 02 03 28 C1 02 B3 E6 C5 00 B3 E6 06 01 
B3 E6 F6 00 63 90 06 02 83 27 41 01 23 28 E1 02 
23 2A F1 02 83 27 81 01 23 2C F1 02 83 27 C1 01 
6F 00 C0 30 93 06 F5 FF 63 90 06 06 83 26 41 01 
B3 07 F7 00 33 B7 E7 00 B3 85 D5 00 23 28 F1 02 
B3 87 E5 00 33 B7 E7 00 23 2A F1 02 83 27 81 01 
B3 B6 D5 00 33 E7 E6 00 B3 06 F6 00 33 86 E6 00 
33 37 E6 00 B3 B7 F6 00 B3 E7 E7 00 03 27 C1 01 
23 2C C1 02 33 08 E8 00 B3 87 07 01 23 2E F1 02 
13 04 10 00 6F 00 C0 1D B7 87 00 00 93 87 F7 FF 
E3 0C F5 F6 93 07 40 07 63 D2 D7 06 93 07 10 00 
23 26 01 02 23 24 01 02 23 22 01 02 23 20 F1 02 
6F 00 80 14 B7 87 00 00 93 87 F7 FF 63 12 F4 02 
83 27 41 01 23 28 E1 02 23 2A F1 02 83 27 81 01 
23 2C F1 02 83 27 C1 01 23 2E F1 02 6F 00 80 25 
83 27 C1 02 37 07 08 00 B3 E7 E7 00 23 26 F1 02 
93 07 40 07 E3 C4 A7 FA 93 06 05 00 13 DE 56 40 
93 F7 F6 01 13 06 00 00 13 07 00 00 93 16 27 00 
63 18 C7 03 63 90 07 04 93 05 30 00 33 87 E5 40 
B3 85 D8 00 83 A5 05 00 93 87 17 00 93 88 48 00 
23 AE B8 FE E3 56 F7 FE 93 06 40 00 6F 00 80 0A 
B3 06 D3 00 83 A6 06 00 13 07 17 00 33 66 D6 00 
6F F0 DF FB 13 07 01 04 33 07 D7 00 03 27 07 FE 
13 08 00 02 33 08 F8 40 33 17 07 01 33 66 E6 00 
13 07 30 00 B3 06 D3 00 13 05 00 00 33 07 C7 41 
93 86 46 00 63 44 E5 02 93 06 01 04 13 17 27 00 
33 87 E6 00 83 26 C1 02 B3 D7 F6 00 23 20 F7 FE 
93 07 40 00 B3 87 C7 41 6F F0 1F F9 83 A5 C6 FF 
83 AE 06 00 93 18 25 00 B3 D5 F5 00 B3 9E 0E 01 
B3 08 13 01 B3 E5 D5 01 23 A0 B8 00 13 05 15 00 
6F F0 1F FB 13 97 27 00 33 07 E3 00 23 20 07 00 
93 87 17 00 E3 98 D7 FE 83 27 01 02 33 36 C0 00 
33 E6 C7 00 23 20 C1 02 83 26 01 01 83 27 01 02 
03 27 41 01 83 25 81 02 B3 87 F6 00 B3 B6 D7 00 
23 28 F1 02 83 27 41 02 03 25 C1 02 B3 07 F7 00 
33 86 D7 00 33 B7 E7 00 B3 37 D6 00 B3 67 F7 00 
03 27 81 01 83 26 C1 01 23 2A C1 02 B3 05 B7 00 
33 86 F5 00 33 B7 E5 00 B3 37 F6 00 B3 86 A6 00 
33 67 F7 00 33 87 E6 00 23 2C C1 02 23 2E E1 02 
83 27 C1 03 13 97 C7 00 63 56 07 0C 37 07 F8 FF 
13 07 F7 FF B3 F7 E7 00 23 2E F1 02 83 27 01 03 
13 04 14 00 93 05 C1 03 13 97 F7 01 93 07 01 03 
83 A6 07 00 03 A6 47 00 93 87 47 00 93 D6 16 00 
13 16 F6 01 B3 E6 C6 00 23 AE D7 FE E3 92 F5 FE 
83 27 C1 03 93 D7 17 00 23 2E F1 02 B3 37 E0 00 
03 27 01 03 B3 67 F7 00 23 28 F1 02 B7 87 00 00 
93 87 F7 FF 63 10 F4 06 23 2E 01 02 23 2C 01 02 
23 2A 01 02 23 28 01 02 6F 00 C0 04 63 08 05 40 
33 05 86 40 63 1C 04 22 83 28 41 01 03 28 81 01 
03 23 C1 01 B3 E6 08 01 B3 E6 66 00 B3 E6 E6 00 
63 98 06 18 23 28 F1 02 83 27 41 02 23 2A F1 02 
83 27 81 02 23 2C F1 02 83 27 C1 02 23 2E F1 02 
13 04 05 00 83 27 01 03 13 F7 77 00 63 04 07 04 
13 F7 F7 00 93 06 40 00 63 0E D7 02 03 27 41 03 
93 87 47 00 23 28 F1 02 93 B7 47 00 33 87 E7 00 
B3 37 F7 00 23 2A E1 02 03 27 81 03 33 87 E7 00 
23 2C E1 02 33 37 F7 00 83 27 C1 03 33 07 F7 00 
23 2E E1 02 83 27 C1 03 13 97 C7 00 63 54 07 02 
37 87 00 00 13 04 14 00 13 07 F7 FF 63 14 E4 00 
6F 10 00 00 37 07 F8 FF 13 07 F7 FF B3 F7 E7 00 
23 2E F1 02 93 07 01 03 13 06 C1 03 03 A7 07 00 
83 A6 47 00 93 87 47 00 13 57 37 00 93 96 D6 01 
33 67 D7 00 23 AE E7 FE E3 12 F6 FE 83 27 C1 03 
B7 86 00 00 13 D7 37 00 23 2E E1 02 93 87 F6 FF 
63 1A F4 02 03 26 41 03 83 27 01 03 B3 E7 C7 00 
03 26 81 03 B3 E7 C7 00 B3 E7 E7 00 63 8C 07 00 
23 2E D1 02 23 2C 01 02 23 2A 01 02 23 28 01 02 
13 09 00 00 83 27 C1 03 13 14 14 01 13 54 14 01 
23 16 F1 00 93 17 04 01 03 24 C1 00 37 07 01 80 
13 07 F7 FF 33 74 E4 00 33 64 F4 00 83 27 01 03 
13 14 14 00 13 19 F9 01 23 A0 F4 00 83 27 41 03 
13 54 14 00 33 64 24 01 23 A2 F4 00 83 27 81 03 
23 A6 84 00 83 20 C1 05 03 24 81 05 23 A4 F4 00 
13 85 04 00 03 29 01 05 83 24 41 05 83 29 C1 04 
03 2A 81 04 83 2A 41 04 13 01 01 06 67 80 00 00 
93 06 F5 FF 63 9E 06 04 83 26 41 02 33 07 F7 00 
B3 37 F7 00 33 86 D8 00 23 28 E1 02 33 07 F6 00 
B3 37 F7 00 23 2A E1 02 03 27 81 02 B3 36 D6 00 
B3 E7 F6 00 B3 06 E8 00 33 86 F6 00 B3 37 F6 00 
33 B7 E6 00 33 67 F7 00 83 27 C1 02 23 2C C1 02 
33 03 F3 00 33 07 67 00 23 2E E1 02 6F F0 5F B8 
37 87 00 00 13 07 F7 FF E3 06 E5 E0 93 07 40 07 
63 D4 D7 06 93 07 10 00 23 2E 01 00 23 2C 01 00 
23 2A 01 00 23 28 F1 00 6F 00 40 16 37 87 00 00 
13 07 F7 FF 63 14 E6 02 23 28 F1 02 83 27 41 02 
13 04 06 00 23 2A F1 02 83 27 81 02 23 2C F1 02 
83 27 C1 02 23 2E F1 02 6F F0 DF DD 83 27 C1 01 
37 07 08 00 B3 E7 E7 00 23 2E F1 00 93 07 40 07 
E3 C2 A7 FA 93 06 05 00 93 07 00 02 33 C5 F6 02 
13 07 00 00 B3 E7 F6 02 93 06 00 00 63 40 A7 04 
13 08 05 00 63 54 05 00 13 08 00 00 13 17 25 00 
63 92 07 04 13 08 30 00 33 05 A8 40 33 88 E5 00 
03 28 08 00 93 87 17 00 93 85 45 00 23 AE 05 FF 
E3 56 F5 FE 93 05 30 00 6F 00 00 0B 13 18 27 00 
33 08 0E 01 03 28 08 00 13 07 17 00 B3 E6 06 01 
6F F0 DF FA 93 05 01 04 13 18 28 00 33 88 05 01 
83 25 08 FD 13 03 00 02 33 03 F3 40 B3 95 65 00 
B3 E6 B6 00 B3 05 EE 00 13 07 30 00 93 08 00 00 
33 07 A7 40 93 85 45 00 63 C4 E8 02 93 05 01 04 
13 17 27 00 33 87 E5 00 83 25 C1 01 B3 D7 F5 00 
23 28 F7 FC 93 07 40 00 B3 87 A7 40 6F F0 9F F8 
03 A8 C5 FF 03 AF 05 00 93 9E 28 00 33 58 F8 00 
33 1F 6F 00 B3 0E DE 01 33 68 E8 01 23 A0 0E 01 
93 88 18 00 6F F0 1F FB 13 97 27 00 33 07 EE 00 
23 20 07 00 93 87 17 00 E3 D8 F5 FE 83 27 01 01 
B3 36 D0 00 B3 E6 D7 00 23 28 D1 00 83 26 01 02 
83 27 01 01 03 27 41 02 03 25 81 01 B3 87 F6 00 
B3 B6 D7 00 23 28 F1 02 83 27 41 01 03 28 C1 01 
13 04 06 00 B3 07 F7 00 B3 85 D7 00 33 B7 E7 00 
B3 B7 D5 00 B3 67 F7 00 03 27 81 02 83 26 C1 02 
23 2A B1 02 33 05 A7 00 B3 05 F5 00 33 37 E5 00 
B3 B7 F5 00 B3 86 06 01 33 67 F7 00 33 87 E6 00 
23 2C B1 02 23 2E E1 02 6F F0 9F B6 B7 8F 00 00 
13 0F 14 00 13 86 EF FF 33 76 CF 00 83 26 41 02 
83 25 81 02 03 25 C1 02 03 23 41 01 83 28 81 01 
03 2E C1 01 13 08 01 03 93 0E C1 03 63 16 06 14 
33 66 13 01 33 66 C6 01 33 66 E6 00 63 16 04 0A 
63 1C 06 00 23 28 F1 02 23 2A D1 02 23 2C B1 02 
23 2E A1 02 6F F0 1F BE 33 E6 B6 00 33 66 A6 00 
33 66 F6 00 63 1C 06 00 23 28 E1 02 23 2A 61 02 
23 2C 11 03 23 2E C1 03 6F F0 DF BB B3 07 F7 00 
33 B7 E7 00 B3 86 66 00 23 28 F1 02 B3 87 E6 00 
33 B7 E7 00 B3 B6 66 00 33 E7 E6 00 B3 85 15 01 
23 2A F1 02 B3 87 E5 00 33 B6 15 01 33 B7 E7 00 
33 67 E6 00 33 06 C5 01 33 06 C7 00 23 2C F1 02 
93 17 C6 00 63 C6 07 00 23 2E C1 02 6F F0 9F B6 
37 07 F8 FF 13 07 F7 FF 33 76 E6 00 23 2E C1 02 
13 04 10 00 6F F0 1F B5 63 1E 06 00 23 28 F1 02 
23 2A D1 02 23 2C B1 02 23 2E A1 02 13 84 FF FF 
6F F0 5F B3 33 E6 B6 00 33 66 A6 00 B3 67 F6 00 
63 9C 07 00 23 28 E1 02 23 2A 61 02 23 2C 11 03 
23 2E C1 03 6F F0 9F FD 23 2E F1 03 23 2C 01 02 
23 2A 01 02 23 28 01 02 93 87 0E 00 03 A7 07 00 
83 A6 C7 FF 93 87 C7 FF 13 17 37 00 93 D6 D6 01 
33 67 D7 00 23 A2 E7 00 E3 12 F8 FE 83 27 01 03 
37 84 00 00 13 09 00 00 93 97 37 00 23 28 F1 02 
13 04 F4 FF 6F F0 1F AC B3 07 F7 00 33 B7 E7 00 
B3 86 66 00 23 28 F1 02 B3 87 E6 00 33 B7 E7 00 
B3 B6 66 00 33 E7 E6 00 33 86 15 01 B3 06 E6 00 
33 B7 E6 00 33 36 16 01 33 66 E6 00 33 07 C5 01 
33 06 E6 00 23 2A F1 02 23 2C D1 02 23 2E C1 02 
93 07 08 00 03 A7 07 00 83 A6 47 00 93 87 47 00 
13 57 17 00 93 96 F6 01 33 67 D7 00 23 AE E7 FE 
E3 92 FE FE B7 87 00 00 93 87 F7 FF 63 0C FF 00 
83 27 C1 03 93 D7 17 00 23 2E F1 02 13 04 0F 00 
6F F0 5F A3 23 2E 01 02 23 2C 01 02 23 2A 01 02 
23 28 01 02 6F F0 9F FE 63 52 A0 28 63 12 06 0C 
03 28 41 02 03 26 81 02 03 2E C1 02 B3 65 C8 00 
B3 E5 C5 01 B3 E5 F5 00 63 88 05 EC 93 06 F5 FF 
63 9A 06 06 83 28 41 01 B3 07 F7 40 B3 35 F7 00 
33 85 08 41 33 B3 A8 00 33 05 B5 40 23 28 F1 02 
23 2A A1 02 93 05 00 00 63 76 F7 00 B3 05 18 41 
93 B5 15 00 03 28 81 01 B3 E5 65 00 33 05 C8 40 
B3 37 A8 00 33 05 B5 40 23 2C A1 02 63 86 05 00 
33 06 06 41 93 36 16 00 03 27 C1 01 B3 E7 F6 00 
33 07 C7 41 B3 07 F7 40 23 2E F1 02 13 04 10 00 
6F 00 C0 1C B7 87 00 00 93 87 F7 FF 63 06 F5 E4 
93 07 40 07 63 D2 D7 04 93 07 10 00 23 26 01 02 
23 24 01 02 23 22 01 02 23 20 F1 02 6F 00 80 12 
B7 87 00 00 93 87 F7 FF 63 0C F4 EC 83 27 C1 02 
37 07 08 00 B3 E7 E7 00 23 26 F1 02 93 07 40 07 
E3 C4 A7 FC 93 06 05 00 13 DE 56 40 93 F7 F6 01 
13 06 00 00 13 07 00 00 93 16 27 00 63 18 C7 03 
63 90 07 04 93 05 30 00 33 87 E5 40 B3 85 D8 00 
83 A5 05 00 93 87 17 00 93 88 48 00 23 AE B8 FE 
E3 56 F7 FE 93 06 40 00 6F 00 80 0A B3 06 D3 00 
83 A6 06 00 13 07 17 00 33 66 D6 00 6F F0 DF FB 
13 07 01 04 33 07 D7 00 03 27 07 FE 13 08 00 02 
33 08 F8 40 33 17 07 01 33 66 E6 00 13 07 30 00 
B3 06 D3 00 13 05 00 00 33 07 C7 41 93 86 46 00 
63 44 E5 02 93 06 01 04 13 17 27 00 33 87 E6 00 
83 26 C1 02 B3 D7 F6 00 23 20 F7 FE 93 07 40 00 
B3 87 C7 41 6F F0 1F F9 83 A5 C6 FF 83 AE 06 00 
93 18 25 00 B3 D5 F5 00 B3 9E 0E 01 B3 08 13 01 
B3 E5 D5 01 23 A0 B8 00 13 05 15 00 6F F0 1F FB 
13 97 27 00 33 07 E3 00 23 20 07 00 93 87 17 00 
E3 98 D7 FE 83 27 01 02 33 36 C0 00 33 E6 C7 00 
23 20 C1 02 83 26 41 01 83 25 01 01 03 27 01 02 
83 27 41 02 33 87 E5 40 B3 87 F6 40 33 B6 F6 00 
B3 B6 E5 00 B3 86 D7 40 23 2A D1 02 23 28 E1 02 
93 06 00 00 63 F4 E5 00 93 B6 17 00 B3 E6 C6 00 
03 27 81 02 03 26 81 01 33 07 E6 40 B3 07 D7 40 
23 2C F1 02 B3 35 E6 00 13 06 00 00 63 84 06 00 
13 36 17 00 83 27 C1 01 03 27 C1 02 33 66 B6 00 
B3 87 E7 40 B3 87 C7 40 23 2E F1 02 83 27 C1 03 
13 97 C7 00 63 58 07 FA 37 07 08 00 13 07 F7 FF 
B3 F7 E7 00 23 2E F1 02 6F 00 C0 59 63 0E 05 2C 
B3 06 86 40 63 16 04 0E 03 23 41 01 83 28 81 01 
03 2F C1 01 B3 6E 13 01 B3 EE EE 01 B3 EE EE 00 
63 96 0E 02 23 28 F1 02 83 27 41 02 13 84 06 00 
23 2A F1 02 83 27 81 02 23 2C F1 02 83 27 C1 02 
23 2E F1 02 13 09 08 00 6F F0 CF F4 13 85 F6 FF 
63 1A 05 06 83 25 41 02 33 87 E7 40 B3 B6 E7 00 
33 86 65 40 33 BE C5 00 33 06 D6 40 23 28 E1 02 
23 2A C1 02 93 06 00 00 63 F6 E7 00 B3 06 B3 40 
93 B6 16 00 83 25 81 02 33 E7 C6 01 B3 86 15 41 
33 B6 D5 00 B3 86 E6 40 23 2C D1 02 63 06 07 00 
B3 88 B8 40 13 B5 18 00 83 27 C1 02 33 65 C5 00 
13 09 08 00 B3 87 E7 41 33 85 A7 40 23 2E A1 02 
6F F0 DF D4 37 87 00 00 13 07 F7 FF E3 8C E6 F4 
93 07 40 07 63 DC A7 0A 93 07 10 00 23 2E 01 00 
23 2C 01 00 23 2A 01 00 23 28 F1 00 6F 00 80 16 
37 87 00 00 13 07 F7 FF 63 14 E6 02 23 28 F1 02 
83 27 41 02 13 04 06 00 23 2A F1 02 83 27 81 02 
23 2C F1 02 83 27 C1 02 23 2E F1 02 6F F0 9F F2 
83 27 C1 01 37 07 08 00 B3 E7 E7 00 23 2E F1 00 
93 07 40 07 E3 C2 D7 FA 93 07 00 02 33 C5 F6 02 
13 07 00 00 B3 E7 F6 02 93 06 00 00 63 44 A7 04 
93 08 05 00 63 54 05 00 93 08 00 00 13 17 25 00 
63 96 07 04 93 08 30 00 33 85 A8 40 B3 88 E5 00 
83 A8 08 00 93 87 17 00 93 85 45 00 23 AE 15 FF 
E3 56 F5 FE 93 05 30 00 6F 00 80 0B 93 06 05 00 
6F F0 9F FA 93 18 27 00 B3 08 1E 01 83 A8 08 00 
13 07 17 00 B3 E6 16 01 6F F0 5F FA 93 05 01 04 
93 98 28 00 B3 88 15 01 83 A5 08 FD 93 0E 00 02 
B3 8E FE 40 B3 95 D5 01 B3 E6 B6 00 B3 05 EE 00 
13 07 30 00 13 03 00 00 33 07 A7 40 93 85 45 00 
63 44 E3 02 93 05 01 04 13 17 27 00 33 87 E5 00 
83 25 C1 01 B3 D7 F5 00 23 28 F7 FC 93 07 40 00 
B3 87 A7 40 6F F0 1F F8 83 A8 C5 FF 83 AF 05 00 
13 1F 23 00 B3 D8 F8 00 B3 9F DF 01 33 0F EE 01 
B3 E8 F8 01 23 20 1F 01 13 03 13 00 6F F0 1F FB 
13 97 27 00 33 07 EE 00 23 20 07 00 93 87 17 00 
E3 D8 F5 FE 83 27 01 01 B3 36 D0 00 B3 E6 D7 00 
23 28 D1 00 83 26 41 02 03 25 01 02 03 27 01 01 
83 27 41 01 33 07 E5 40 B3 87 F6 40 B3 B5 F6 00 
B3 36 E5 00 B3 86 D7 40 23 2A D1 02 23 28 E1 02 
93 06 00 00 63 74 E5 00 93 B6 17 00 B3 E6 B6 00 
03 27 81 01 83 25 81 02 33 87 E5 40 B3 07 D7 40 
23 2C F1 02 33 B5 E5 00 93 05 00 00 63 84 06 00 
93 35 17 00 83 27 C1 02 03 27 C1 01 B3 E5 A5 00 
13 04 06 00 B3 87 E7 40 B3 87 B7 40 23 2E F1 02 
13 09 08 00 6F F0 9F D0 B7 8F 00 00 93 86 EF FF 
93 05 14 00 B3 F5 D5 00 03 26 41 02 83 26 41 01 
83 28 81 01 83 2E C1 01 03 23 81 02 03 2E C1 02 
63 9C 05 1C B3 65 66 00 33 EF 16 01 B3 E5 C5 01 
33 6F DF 01 B3 E5 F5 00 33 6F EF 00 63 18 04 10 
63 14 0F 02 23 28 F1 02 23 2A C1 02 23 2C 61 02 
23 2E C1 03 13 09 08 00 63 9E 05 C4 13 04 00 00 
13 09 00 00 6F F0 0F C5 63 9C 05 00 23 28 E1 02 
23 2A D1 02 23 2C 11 03 23 2E D1 03 6F F0 8F C3 
B3 05 F7 40 B3 82 C6 40 B3 3F B7 00 33 BF 56 00 
B3 82 F2 41 23 28 B1 02 23 2A 51 02 93 0F 00 00 
63 76 B7 00 B3 0F D6 40 93 BF 1F 00 B3 83 68 40 
B3 EF EF 01 33 8A F3 41 23 2C 41 03 B3 BA 78 00 
93 09 00 00 63 84 0F 00 93 B9 13 00 33 8F CE 41 
B3 E9 59 01 33 0F 3F 41 23 2E E1 03 93 1F CF 00 
63 DE 0F 04 33 87 E7 40 B3 06 D6 40 B3 B5 E7 00 
B3 85 B6 40 23 2A B1 02 23 28 E1 02 33 36 D6 00 
93 05 00 00 63 F4 E7 00 93 B5 16 00 33 07 13 41 
33 E6 C5 00 B3 37 E3 00 33 07 C7 40 23 2C E1 02 
63 04 06 00 13 B5 13 00 33 07 DE 41 B3 67 F5 00 
33 0E F7 40 23 2E C1 03 6F F0 DF C2 B3 E5 55 00 
B3 E5 45 01 B3 E5 E5 01 6F F0 1F F1 13 05 01 03 
63 1C 0F 04 63 9E 05 02 23 2E F1 03 23 2C 01 02 
23 2A 01 02 23 28 01 02 93 07 C1 03 03 A7 07 00 
83 A6 C7 FF 93 87 C7 FF 13 17 37 00 93 D6 D6 01 
33 67 D7 00 23 A2 E7 00 E3 12 F5 FE 6F F0 1F 85 
23 28 F1 02 23 2A C1 02 23 2C 61 02 23 2E C1 03 
13 09 08 00 6F F0 8F FD 63 9C 05 00 23 28 E1 02 
23 2A D1 02 23 2C 11 03 23 2E D1 03 6F F0 0F FC 
23 2E F1 03 23 2C 01 02 23 2A 01 02 23 28 01 02 
93 07 C1 03 03 A7 07 00 83 A6 C7 FF 93 87 C7 FF 
13 17 37 00 93 D6 D6 01 33 67 D7 00 23 A2 E7 00 
E3 12 F5 FE 6F F0 8F FE B3 05 F7 40 B3 82 C6 40 
B3 3F B7 00 33 BF 56 00 B3 82 F2 41 23 28 B1 02 
23 2A 51 02 93 0F 00 00 63 76 B7 00 B3 0F D6 40 
93 BF 1F 00 B3 83 68 40 B3 EF EF 01 33 8A F3 41 
23 2C 41 03 B3 BA 78 00 93 09 00 00 63 84 0F 00 
93 B9 13 00 33 8F CE 41 B3 E9 59 01 33 0F 3F 41 
23 2E E1 03 93 1F CF 00 63 DE 0F 0A 33 87 E7 40 
B3 06 D6 40 B3 B5 E7 00 B3 85 B6 40 23 2A B1 02 
23 28 E1 02 33 36 D6 00 93 05 00 00 63 F4 E7 00 
93 B5 16 00 33 07 13 41 33 E6 C5 00 B3 36 E3 00 
33 07 C7 40 23 2C E1 02 63 04 06 00 13 B5 13 00 
33 07 DE 41 B3 67 D5 00 B3 07 F7 40 23 2E F1 02 
13 09 08 00 03 25 C1 03 63 08 05 06 EF 00 50 29 
13 05 45 FF 93 06 00 02 33 68 D5 02 B3 47 D5 02 
63 08 08 08 13 07 C0 FF 13 03 01 03 93 95 27 00 
B3 86 06 41 33 87 E7 02 13 07 C7 00 33 07 E3 00 
63 10 E3 0A 13 07 01 04 B3 05 B7 00 03 27 01 03 
93 87 F7 FF 33 18 07 01 23 A8 05 FF 93 06 F0 FF 
6F 00 80 0B B3 E5 55 00 B3 E5 45 01 B3 E5 E5 01 
E3 8E 05 D2 6F F0 1F F9 03 25 81 03 63 08 05 00 
EF 00 10 22 13 05 05 02 6F F0 9F F8 03 25 41 03 
63 08 05 00 EF 00 D0 20 13 05 05 04 6F F0 5F F7 
03 25 01 03 EF 00 D0 1F 13 05 05 06 6F F0 5F F6 
13 06 C0 FF 33 86 C7 02 13 07 C1 03 93 06 30 00 
B3 05 C7 00 83 A5 05 00 93 86 F6 FF 13 07 C7 FF 
23 22 B7 00 E3 D6 F6 FE 93 87 F7 FF 6F F0 1F F8 
03 26 C7 FF 83 28 07 00 33 0E B7 00 33 56 D6 00 
B3 98 08 01 33 66 16 01 23 20 CE 00 13 07 C7 FF 
6F F0 1F F4 13 97 27 00 13 06 01 03 33 07 E6 00 
23 20 07 00 93 87 F7 FF E3 96 D7 FE 63 4E 85 12 
33 04 85 40 13 04 14 00 93 07 00 02 33 48 F4 02 
13 05 00 00 13 07 00 00 33 64 F4 02 63 42 07 05 
93 06 08 00 63 54 08 00 93 06 00 00 13 17 28 00 
63 16 04 04 93 07 30 00 93 06 01 03 33 88 07 41 
B3 87 E6 00 83 A7 07 00 13 04 14 00 93 86 46 00 
23 AE F6 FE E3 56 88 FE 13 07 30 00 6F 00 00 0C 
93 17 27 00 93 06 01 03 B3 87 F6 00 83 A7 07 00 
13 07 17 00 33 65 F5 00 6F F0 5F FA 93 07 01 04 
93 96 26 00 B3 86 D7 00 83 A7 06 FF 93 05 00 02 
B3 85 85 40 B3 97 B7 00 33 65 F5 00 93 07 01 03 
33 87 E7 00 93 07 30 00 13 06 00 00 B3 87 07 41 
13 07 47 00 63 44 F6 02 13 07 01 04 93 97 27 00 
B3 07 F7 00 03 27 C1 03 33 54 87 00 23 A8 87 FE 
13 04 40 00 33 04 04 41 6F F0 1F F8 93 18 26 00 
93 06 01 03 B3 88 16 01 03 23 07 00 83 26 C7 FF 
13 06 16 00 33 13 B3 00 B3 D6 86 00 B3 E6 66 00 
23 A0 D8 00 6F F0 DF FA 93 17 24 00 93 06 01 03 
B3 87 F6 00 23 A0 07 00 13 04 14 00 E3 56 87 FE 
03 27 01 03 B3 37 A0 00 13 04 00 00 B3 67 F7 00 
23 28 F1 02 6F E0 1F FB 83 27 C1 03 37 07 F8 FF 
13 07 F7 FF 33 04 A4 40 B3 F7 E7 00 6F E0 DF D3 
23 2E 01 02 23 2C 01 02 23 2A 01 02 23 28 01 02 
6F F0 4F 80 03 27 C5 00 83 27 85 00 83 26 45 00 
03 26 05 00 13 01 01 FE 23 24 F1 00 23 26 E1 00 
23 2C F1 00 93 15 07 01 93 17 17 00 13 58 F7 01 
37 47 00 00 23 22 D1 00 23 2A D1 00 23 20 C1 00 
93 D6 17 01 23 28 C1 00 93 07 E7 FF 13 05 00 00 
63 DC D7 00 93 07 D7 01 63 DC D7 00 37 05 00 80 
13 45 F5 FF 33 05 A8 00 13 01 01 02 67 80 00 00 
B7 07 01 00 93 D5 05 01 B3 E5 F5 00 93 07 F7 06 
B3 87 D7 40 13 D7 57 40 23 2E B1 00 93 F7 F7 01 
63 98 07 08 93 17 27 00 93 06 01 02 B3 87 F6 00 
83 A7 07 FF 13 06 20 00 23 28 F1 00 93 07 20 00 
63 84 E7 00 13 06 10 00 13 07 40 00 93 17 26 00 
93 06 01 01 B3 87 F6 00 23 A0 07 00 13 06 16 00 
E3 16 E6 FE 03 25 01 01 E3 08 08 F8 33 05 A0 40 
6F F0 9F F8 83 26 06 FF 03 23 07 FF B3 96 16 01 
33 53 F3 00 B3 E6 66 00 23 28 D1 00 93 06 10 00 
E3 C2 A6 FE 13 86 16 00 13 07 01 02 93 96 26 00 
B3 06 D7 00 B3 D7 F5 00 23 A8 F6 FE 6F F0 DF F9 
13 06 17 00 93 08 01 02 13 05 30 00 13 16 26 00 
33 05 E5 40 33 86 C8 00 13 17 27 00 93 08 00 02 
13 03 01 02 93 06 00 00 B3 88 F8 40 33 07 E3 00 
6F F0 1F FB 13 01 01 FD 23 22 91 02 23 26 11 02 
23 24 81 02 23 20 21 03 93 04 05 00 63 8C 05 14 
93 D7 F5 41 33 C4 B7 00 33 04 F4 40 13 05 04 00 
13 D9 F5 01 EF 00 C0 69 37 47 00 00 13 07 E7 01 
33 07 A7 40 13 05 15 05 23 28 81 00 23 2A 01 00 
23 2C 01 00 23 2E 01 00 93 75 F5 01 63 80 05 04 
93 07 F0 05 93 06 30 00 63 CC A7 00 93 06 00 02 
B3 86 B6 40 B3 56 D4 00 23 2E D1 00 93 06 20 00 
13 86 F6 FF 93 07 01 02 93 96 26 00 B3 86 D7 00 
33 14 B4 00 23 A8 86 FE 6F 00 00 05 93 57 55 40 
13 06 30 00 33 06 F6 40 93 06 01 02 13 16 26 00 
33 86 C6 00 83 26 06 FF 13 06 20 00 23 2E D1 00 
93 06 F0 05 63 C2 A6 02 93 06 20 00 B3 86 F6 40 
93 96 26 00 93 07 01 02 B3 86 D7 00 83 A7 06 FF 
13 06 10 00 23 2C F1 00 93 06 F0 FF 93 17 26 00 
93 05 01 01 B3 87 F5 00 23 A0 07 00 13 06 F6 FF 
E3 16 D6 FE 83 27 C1 01 13 17 17 01 13 57 17 01 
23 16 F1 00 93 17 07 01 03 27 C1 00 B7 06 01 80 
93 86 F6 FF 33 77 D7 00 33 67 F7 00 93 17 17 00 
03 27 01 01 13 19 F9 01 83 20 C1 02 23 A0 E4 00 
03 27 41 01 03 24 81 02 93 D7 17 00 23 A2 E4 00 
03 27 81 01 B3 E7 27 01 23 A6 F4 00 23 A4 E4 00 
13 85 04 00 03 29 01 02 83 24 41 02 13 01 01 03 
67 80 00 00 23 2E 01 00 23 2C 01 00 23 2A 01 00 
23 28 01 00 13 07 00 00 13 09 00 00 6F F0 9F F7 
93 57 46 01 13 17 C6 00 93 F7 F7 7F 13 01 01 FD 
13 57 C7 00 93 86 17 00 23 24 81 02 23 22 91 02 
23 26 11 02 23 28 B1 00 23 2A E1 00 23 2E 01 00 
23 2C 01 00 93 F6 E6 7F 93 04 05 00 13 54 F6 01 
63 80 06 0A B7 46 00 00 93 86 06 C0 13 D5 45 00 
B3 87 D7 00 93 56 47 00 13 17 C7 01 33 67 A7 00 
93 95 C5 01 23 2E D1 00 23 2C E1 00 23 2A B1 00 
23 28 01 00 03 27 C1 01 93 97 17 01 B7 06 01 80 
23 16 E1 00 03 27 C1 00 93 D7 17 01 93 86 F6 FF 
33 77 D7 00 93 97 07 01 B3 67 F7 00 03 27 01 01 
93 97 17 00 13 14 F4 01 23 A0 E4 00 03 27 41 01 
93 D7 17 00 B3 E7 87 00 23 A2 E4 00 03 27 81 01 
83 20 C1 02 03 24 81 02 23 A4 E4 00 23 A6 F4 00 
13 85 04 00 83 24 41 02 13 01 01 03 67 80 00 00 
33 65 B7 00 63 96 07 0E E3 06 05 F8 63 0E 07 04 
13 05 07 00 EF 00 C0 44 13 06 15 03 13 57 56 40 
13 76 F6 01 63 08 06 04 93 06 C0 FF B3 06 D7 02 
13 03 01 01 93 07 00 02 13 18 27 00 B3 87 C7 40 
93 86 C6 00 B3 06 D3 00 63 12 D3 08 93 07 01 02 
33 88 07 01 83 27 01 01 13 07 F7 FF 33 96 C7 00 
23 28 C8 FE 6F 00 C0 03 EF 00 80 3F 13 05 05 02 
6F F0 9F FA 13 06 C0 FF 33 06 C7 02 93 06 C1 01 
93 07 30 00 B3 85 C6 00 83 A5 05 00 93 87 F7 FF 
93 86 C6 FF 23 A2 B6 00 E3 D6 E7 FE 13 07 F7 FF 
93 06 F0 FF 93 17 27 00 13 06 01 01 B3 07 F6 00 
23 A0 07 00 13 07 F7 FF E3 16 D7 FE B7 47 00 00 
93 87 C7 C0 B3 87 A7 40 6F F0 DF EC 83 A5 C6 FF 
83 A8 06 00 33 8E 06 01 B3 D5 F5 00 B3 98 C8 00 
B3 E5 15 01 23 20 BE 00 93 86 C6 FF 6F F0 DF F5 
B7 87 00 00 63 08 05 02 93 17 C7 01 93 D6 45 00 
B3 E7 D7 00 23 2C F1 00 13 57 47 00 B7 87 00 00 
93 95 C5 01 33 67 F7 00 23 2A B1 00 23 28 01 00 
23 2E E1 00 93 87 F7 FF 6F F0 DF E6 83 25 C5 00 
83 27 85 00 03 27 45 00 13 01 01 FE 83 26 05 00 
23 24 F1 00 23 2C F1 00 93 97 05 01 23 22 E1 00 
23 2A E1 00 93 D7 07 01 13 97 15 00 23 26 B1 00 
23 20 D1 00 23 28 D1 00 23 2E F1 00 13 57 17 01 
93 D5 F5 01 13 03 01 01 13 06 C1 01 83 27 06 00 
83 26 C6 FF 13 06 C6 FF 93 97 37 00 93 D6 D6 01 
B3 E7 D7 00 23 22 F6 00 E3 12 C3 FE 83 26 01 01 
93 07 17 00 13 95 36 00 B7 86 00 00 93 86 E6 FF 
23 28 A1 00 B3 F7 D7 00 63 8A 07 1A B7 C7 FF FF 
93 87 07 40 33 07 F7 00 93 07 E0 7F 63 CC E7 1E 
63 58 E0 06 03 28 81 01 03 26 C1 01 83 27 41 01 
93 56 C8 01 13 16 46 00 33 66 D6 00 93 96 47 00 
B3 E6 A6 00 93 D7 C7 01 13 18 48 00 B3 36 D0 00 
B3 E7 07 01 B3 E6 F6 00 23 2A C1 00 23 28 D1 00 
83 26 01 01 83 27 41 01 13 F6 76 00 63 0A 06 1A 
13 F6 F6 00 13 05 40 00 63 04 A6 1A 13 86 46 00 
B3 36 D6 00 B3 87 D7 00 93 06 06 00 6F 00 40 19 
93 07 C0 FC 63 5C F7 00 23 2A 01 00 93 07 10 00 
23 28 F1 00 13 07 00 00 6F F0 9F FB 83 27 C1 01 
B7 06 08 00 13 0E 00 00 B3 E7 D7 00 23 2E F1 00 
93 07 D0 03 33 87 E7 40 13 55 57 40 93 06 03 00 
13 77 F7 01 93 07 00 00 03 A8 06 00 93 87 17 00 
93 86 46 00 33 6E 0E 01 E3 18 F5 FE 93 16 25 00 
63 16 07 04 93 07 30 00 33 85 A7 40 B3 07 D6 00 
83 A7 07 00 13 07 17 00 13 06 46 00 23 2E F6 FE 
E3 56 E5 FE 93 06 40 00 93 17 27 00 B3 07 F3 00 
23 A0 07 00 13 07 17 00 E3 18 D7 FE 03 27 01 01 
B3 37 C0 01 B3 67 F7 00 6F F0 9F F6 93 07 01 02 
B3 87 D7 00 83 A7 07 FF 93 08 00 02 B3 88 E8 40 
B3 97 17 01 33 6E FE 00 93 07 30 00 B3 06 D3 00 
13 08 00 00 B3 87 A7 40 93 86 46 00 63 44 F8 02 
93 06 01 02 93 97 27 00 B3 87 F6 00 83 26 C1 01 
33 D7 E6 00 23 A8 E7 FE 13 07 40 00 33 07 A7 40 
6F F0 5F F8 03 A6 C6 FF 03 AF 06 00 93 1E 28 00 
33 56 E6 00 33 1F 1F 01 B3 0E D3 01 33 66 E6 01 
23 A0 CE 00 13 08 18 00 6F F0 1F FB 03 26 41 01 
83 27 81 01 03 28 C1 01 B3 66 F6 00 B3 E6 06 01 
B3 E6 A6 00 63 18 07 00 B3 36 D0 00 93 07 00 00 
6F F0 9F E8 63 8C 06 0A 93 56 C6 01 13 18 48 00 
13 96 47 00 93 D7 C7 01 37 07 40 00 B3 E6 C6 00 
B3 E7 07 01 B3 E7 E7 00 93 F6 86 FF 13 07 F0 7F 
6F F0 9F E5 93 07 00 00 93 06 00 00 13 07 F0 7F 
13 96 87 00 63 5E 06 00 13 07 17 00 13 06 F0 7F 
63 0A C7 06 37 06 80 FF 13 06 F6 FF B3 F7 C7 00 
13 96 D7 01 93 D6 36 00 B3 66 D6 00 13 06 F0 7F 
93 D7 37 00 63 1E C7 00 B3 E6 F6 00 93 07 00 00 
63 88 06 00 B7 07 08 00 93 06 00 00 93 05 00 00 
93 97 C7 00 13 77 F7 7F 13 17 47 01 93 D7 C7 00 
93 95 F5 01 B3 E7 E7 00 33 E7 B7 00 13 85 06 00 
93 05 07 00 13 01 01 02 67 80 00 00 93 07 00 00 
6F F0 DF F7 93 07 00 00 93 06 00 00 6F F0 5F F9 
B7 07 01 00 63 7A F5 02 93 07 F0 0F B3 B7 A7 00 
93 97 37 00 13 07 00 02 33 07 F7 40 B3 57 F5 00 
37 25 02 00 13 05 C5 15 B3 87 A7 00 03 C5 07 00 
33 05 A7 40 67 80 00 00 37 07 00 01 93 07 00 01 
E3 6A E5 FC 93 07 80 01 6F F0 DF FC 13 01 01 F5 
13 05 00 03 23 26 11 0A 23 24 81 0A 23 24 81 09 
23 22 91 0A 23 20 21 0B 23 2E 31 09 23 2C 41 09 
23 2A 51 09 23 28 61 09 23 26 71 09 23 22 91 09 
23 20 A1 09 23 2E B1 07 EF F0 9E ED 13 04 05 00 
B7 67 02 00 13 05 00 03 23 AC 87 3E EF F0 5E EC 
37 16 02 00 B7 16 02 00 13 07 06 FA 93 87 C6 4F 
83 23 06 FA 83 22 47 00 83 2F 87 00 03 2F C7 00 
83 2E 07 01 03 2E 47 01 03 23 87 01 03 58 C7 01 
83 45 E7 01 03 A6 C6 4F 83 A6 47 00 83 A8 87 00 
13 07 20 00 23 24 E5 00 37 6C 02 00 13 07 80 02 
23 28 75 00 23 2A 55 00 23 2C F5 01 23 2E E5 01 
23 20 D5 03 23 22 C5 03 23 24 65 02 23 26 E5 00 
23 16 05 03 23 07 B5 02 23 20 85 00 23 22 05 00 
23 22 AC 40 23 28 C1 02 23 2A D1 02 03 A8 C7 00 
83 A5 07 01 03 A6 47 01 83 A6 87 01 23 2C 11 03 
03 D7 C7 01 83 C7 E7 01 13 05 A0 00 23 16 E1 04 
37 47 02 00 13 07 47 CE 23 07 F1 04 93 07 A0 00 
23 2E F7 64 23 2E 01 03 23 20 B1 04 23 22 C1 04 
23 24 D1 04 EF 00 CF DD 37 15 02 00 13 05 05 FC 
EF 00 8F F4 13 05 A0 00 EF 00 8F DC 83 A7 C1 82 
63 8A 07 6A 37 15 02 00 13 05 05 FF EF 00 CF F2 
13 05 A0 00 EF 00 CF DA 37 15 02 00 13 05 C5 04 
EF 00 CF D4 13 05 A0 00 EF 00 8F D9 37 15 02 00 
93 05 40 06 13 05 45 08 EF 00 4F D3 13 05 00 00 
EF F0 5E B8 23 AC A1 88 13 05 00 00 EF F0 1E B8 
B7 17 02 00 93 8B C7 51 83 A7 C7 51 37 1D 02 00 
03 2B CD 53 23 20 F1 00 83 A7 4B 00 93 04 10 00 
B7 69 02 00 23 22 F1 00 83 A7 8B 00 37 6A 02 00 
37 64 02 00 23 24 F1 00 83 A7 CB 00 B7 6A 02 00 
23 26 F1 00 83 A7 0B 01 23 28 F1 00 83 A7 4B 01 
23 2A F1 00 83 A7 8B 01 23 2C F1 00 83 D7 CB 01 
23 1F F1 00 B7 67 02 00 23 A4 A7 40 93 06 10 04 
23 80 D9 40 93 06 20 04 A3 00 D4 40 83 26 01 00 
03 C7 EB 01 93 07 10 00 23 28 D1 04 83 26 41 00 
93 05 01 05 13 05 01 03 23 2A D1 04 83 26 81 00 
23 07 E1 06 23 2A FA 4C 23 2C D1 04 83 26 C1 00 
23 26 F1 02 93 0D 10 04 23 2E D1 04 83 26 01 01 
13 09 30 00 93 0C CD 53 23 20 D1 06 83 26 41 01 
23 22 D1 06 83 26 81 01 23 24 D1 06 83 56 E1 01 
23 16 D1 06 EF F0 1E A4 93 37 15 00 13 06 81 02 
93 05 30 00 23 2A FA 4C 13 05 20 00 93 07 70 00 
23 24 F1 02 EF F0 5E 98 83 26 81 02 B7 47 02 00 
93 85 47 CE B7 67 02 00 13 06 30 00 13 85 C7 40 
EF F0 9E 97 03 25 4C 40 EF F0 0E EF 83 46 14 40 
13 07 00 04 63 74 D7 52 13 85 0D 00 93 05 30 04 
EF F0 1E 9C 83 27 C1 02 13 87 1D 00 63 02 F5 4A 
83 47 14 40 93 7D F7 0F E3 F0 B7 FF 93 17 19 00 
33 89 27 01 03 28 81 02 83 C6 09 40 13 07 10 04 
33 46 09 03 93 07 06 00 63 98 E6 00 03 A7 CA 3F 
93 07 96 00 B3 87 E7 40 93 84 14 00 13 07 50 06 
E3 9E E4 EC 13 05 00 00 23 24 01 01 23 22 C1 00 
23 20 F1 00 EF F0 1E 9D 37 67 02 00 23 2A A7 3E 
13 05 00 00 EF F0 9E 9C B7 66 02 00 23 AC A6 4C 
37 15 02 00 13 05 45 0B EF 00 0F D2 13 05 A0 00 
EF 00 0F BA 37 15 02 00 13 05 45 0C EF 00 CF D0 
13 05 A0 00 EF 00 CF B8 83 A5 CA 3F 37 15 02 00 
13 05 C5 0F B7 14 02 00 EF 00 4F B2 93 05 50 00 
13 85 84 11 EF 00 8F B1 83 25 4A 4D 37 15 02 00 
13 05 45 13 EF 00 8F B0 93 05 10 00 13 85 84 11 
EF 00 CF AF 83 C5 09 40 37 15 02 00 13 05 05 15 
EF 00 CF AE B7 19 02 00 93 05 10 04 13 85 C9 16 
EF 00 CF AD 83 45 14 40 37 15 02 00 13 05 85 18 
EF 00 CF AC 93 05 20 04 13 85 C9 16 EF 00 0F AC 
B7 67 02 00 93 8C C7 40 83 A5 0C 02 37 15 02 00 
13 05 45 1A EF 00 8F AA 93 05 70 00 13 85 84 11 
EF 00 CF A9 B7 47 02 00 93 87 47 CE 83 A5 C7 65 
37 15 02 00 13 05 05 1C EF 00 4F A8 37 15 02 00 
13 05 C5 1D EF 00 4F C4 37 15 02 00 13 05 85 20 
EF 00 8F C3 83 25 4C 40 B7 18 02 00 13 85 48 21 
83 A5 05 00 B7 1C 02 00 B7 1B 02 00 EF 00 0F A5 
37 15 02 00 13 05 05 23 EF 00 0F C1 83 25 4C 40 
13 85 0C 26 37 1B 02 00 83 A5 45 00 B7 1A 02 00 
37 1A 02 00 EF 00 8F A2 93 05 00 00 13 85 84 11 
EF 00 CF A1 83 25 4C 40 13 85 CB 27 83 A5 85 00 
93 0D 80 3E EF 00 8F A0 93 05 20 00 13 85 84 11 
EF 00 CF 9F 83 25 4C 40 13 05 8B 29 13 0D A0 00 
83 A5 C5 00 EF 00 8F 9E 93 05 10 01 13 85 84 11 
EF 00 CF 9D 83 25 4C 40 13 85 4A 2B 37 6C 02 00 
93 85 05 01 EF 00 8F 9C 13 05 0A 2D EF 00 CF B8 
37 15 02 00 13 05 45 30 EF 00 0F B8 83 25 8C 3F 
B7 18 02 00 13 85 48 21 83 A5 05 00 EF 00 0F 9A 
37 15 02 00 13 05 45 31 EF 00 0F B6 83 25 8C 3F 
13 85 0C 26 83 A5 45 00 EF 00 4F 98 93 05 00 00 
13 85 84 11 EF 00 8F 97 83 25 8C 3F 13 85 CB 27 
83 A5 85 00 EF 00 8F 96 93 05 10 00 13 85 84 11 
EF 00 CF 95 83 25 8C 3F 13 05 8B 29 83 A5 C5 00 
EF 00 CF 94 93 05 20 01 13 85 84 11 EF 00 0F 94 
83 25 8C 3F 13 85 4A 2B 93 85 05 01 EF 00 0F 93 
13 05 0A 2D EF 00 4F AF 83 27 01 00 37 15 02 00 
13 05 45 35 93 85 07 00 EF 00 4F 91 93 05 50 00 
13 85 84 11 EF 00 8F 90 03 28 81 00 03 26 41 00 
37 15 02 00 33 09 09 41 93 17 39 00 33 89 27 41 
B3 05 C9 40 13 05 05 37 EF 00 4F 8E 93 05 D0 00 
13 85 84 11 EF 00 8F 8D 83 25 81 02 37 15 02 00 
13 05 C5 38 EF 00 8F 8C 93 05 70 00 13 85 84 11 
EF 00 CF 8B 83 25 C1 02 37 15 02 00 13 05 85 3A 
EF 00 CF 8A 93 05 10 00 13 85 84 11 EF 00 0F 8A 
37 15 02 00 93 05 01 03 13 05 45 3C EF 00 0F 89 
37 15 02 00 13 05 05 3E EF 00 0F A5 37 15 02 00 
93 05 01 05 13 05 45 41 EF 00 4F 87 37 15 02 00 
13 05 05 43 EF 00 4F A3 13 05 A0 00 EF 00 4F 8B 
B7 66 02 00 03 A6 81 89 37 67 02 00 83 A7 86 4D 
B7 66 02 00 83 A6 86 40 03 27 47 3F 37 15 02 00 
B3 87 D7 40 33 07 C7 40 93 05 40 06 13 05 45 46 
23 AA E1 88 23 A8 F1 88 EF 00 4F 82 03 A6 01 89 
83 A5 41 89 37 15 02 00 13 05 85 47 EF 00 0F 81 
83 A5 41 89 83 A7 01 89 13 06 40 06 B3 85 BD 02 
37 15 02 00 13 05 85 49 B3 C5 F5 02 B3 C6 A5 03 
33 C6 C5 02 33 E7 A5 03 B3 E6 A6 03 33 66 A6 03 
B3 C5 B5 03 EF F0 9E FD 03 A4 41 89 B7 E7 F5 05 
93 87 07 10 33 C4 87 02 37 15 02 00 13 05 C5 4B 
93 05 04 00 33 04 B4 03 EF F0 5E FB B7 46 00 00 
37 B6 02 00 13 07 D0 6D 93 86 26 4A 13 06 46 E5 
B7 D5 1A 00 93 85 85 F4 37 15 02 00 33 47 E4 02 
13 05 05 4E B3 46 D4 02 33 46 C4 02 33 67 A7 03 
B3 E6 A6 03 33 66 A6 03 B3 45 B4 02 EF F0 1E F7 
83 20 C1 0A 03 24 81 0A 83 24 41 0A 03 29 01 0A 
83 29 C1 09 03 2A 81 09 83 2A 41 09 03 2B 01 09 
83 2B C1 08 03 2C 81 08 83 2C 41 08 03 2D 01 08 
83 2D C1 07 13 05 00 00 13 01 01 0B 67 80 00 00 
93 05 C1 02 13 05 00 00 EF F0 CE C3 03 A3 4C 00 
83 A8 8C 00 03 A8 CC 00 03 A5 0C 01 83 A5 4C 01 
03 A6 8C 01 83 D6 CC 01 03 C7 EC 01 83 47 14 40 
93 8D 1D 00 23 28 61 05 23 2A 61 04 23 2C 11 05 
23 2E 01 05 23 20 A1 06 23 22 B1 06 23 24 C1 06 
23 16 D1 06 23 07 E1 06 23 AE 9A 3E 93 FD FD 0F 
13 89 04 00 E3 F2 B7 AF 6F F0 5F B0 13 09 90 00 
6F F0 5F B0 37 15 02 00 13 05 C5 01 EF 00 CF 87 
13 05 A0 00 EF F0 DE EF 6F F0 1F 95 
@00020FA0
44 48 52 59 53 54 4F 4E 45 20 50 52 4F 47 52 41 
4D 2C 20 53 4F 4D 45 20 53 54 52 49 4E 47 00 00 
44 68 72 79 73 74 6F 6E 65 20 42 65 6E 63 68 6D 
61 72 6B 2C 20 56 65 72 73 69 6F 6E 20 32 2E 31 
20 28 4C 61 6E 67 75 61 67 65 3A 20 43 29 00 00 
50 72 6F 67 72 61 6D 20 63 6F 6D 70 69 6C 65 64 
20 77 69 74 68 20 27 72 65 67 69 73 74 65 72 27 
20 61 74 74 72 69 62 75 74 65 00 00 50 72 6F 67 
72 61 6D 20 63 6F 6D 70 69 6C 65 64 20 77 69 74 
68 6F 75 74 20 27 72 65 67 69 73 74 65 72 27 20 
61 74 74 72 69 62 75 74 65 00 00 00 50 6C 65 61 
73 65 20 67 69 76 65 20 74 68 65 20 6E 75 6D 62 
65 72 20 6F 66 20 72 75 6E 73 20 74 68 72 6F 75 
67 68 20 74 68 65 20 62 65 6E 63 68 6D 61 72 6B 
3A 20 00 00 45 78 65 63 75 74 69 6F 6E 20 73 74 
61 72 74 73 2C 20 25 64 20 72 75 6E 73 20 74 68 
72 6F 75 67 68 20 44 68 72 79 73 74 6F 6E 65 0A 
00 00 00 00 45 78 65 63 75 74 69 6F 6E 20 65 6E 
64 73 00 00 46 69 6E 61 6C 20 76 61 6C 75 65 73 
20 6F 66 20 74 68 65 20 76 61 72 69 61 62 6C 65 
73 20 75 73 65 64 20 69 6E 20 74 68 65 20 62 65 
6E 63 68 6D 61 72 6B 3A 00 00 00 00 49 6E 74 5F 
47 6C 6F 62 3A 20 20 20 20 20 20 20 20 20 20 20 
20 25 64 0A 00 00 00 00 20 20 20 20 20 20 20 20 
73 68 6F 75 6C 64 20 62 65 3A 20 20 20 25 64 0A 
00 00 00 00 42 6F 6F 6C 5F 47 6C 6F 62 3A 20 20 
20 20 20 20 20 20 20 20 20 25 64 0A 00 00 00 00 
43 68 5F 31 5F 47 6C 6F 62 3A 20 20 20 20 20 20 
20 20 20 20 20 25 63 0A 00 00 00 00 20 20 20 20 
20 20 20 20 73 68 6F 75 6C 64 20 62 65 3A 20 20 
20 25 63 0A 00 00 00 00 43 68 5F 32 5F 47 6C 6F 
62 3A 20 20 20 20 20 20 20 20 20 20 20 25 63 0A 
00 00 00 00 41 72 72 5F 31 5F 47 6C 6F 62 5B 38 
5D 3A 20 20 20 20 20 20 20 25 64 0A 00 00 00 00 
41 72 72 5F 32 5F 47 6C 6F 62 5B 38 5D 5B 37 5D 
3A 20 20 20 20 25 64 0A 00 00 00 00 20 20 20 20 
20 20 20 20 73 68 6F 75 6C 64 20 62 65 3A 20 20 
20 4E 75 6D 62 65 72 5F 4F 66 5F 52 75 6E 73 20 
2B 20 31 30 00 00 00 00 50 74 72 5F 47 6C 6F 62 
2D 3E 00 00 20 20 50 74 72 5F 43 6F 6D 70 3A 20 
20 20 20 20 20 20 20 20 20 25 64 0A 00 00 00 00 
20 20 20 20 20 20 20 20 73 68 6F 75 6C 64 20 62 
65 3A 20 20 20 28 69 6D 70 6C 65 6D 65 6E 74 61 
74 69 6F 6E 2D 64 65 70 65 6E 64 65 6E 74 29 00 
20 20 44 69 73 63 72 3A 20 20 20 20 20 20 20 20 
20 20 20 20 20 25 64 0A 00 00 00 00 20 20 45 6E 
75 6D 5F 43 6F 6D 70 3A 20 20 20 20 20 20 20 20 
20 25 64 0A 00 00 00 00 20 20 49 6E 74 5F 43 6F 
6D 70 3A 20 20 20 20 20 20 20 20 20 20 25 64 0A 
00 00 00 00 20 20 53 74 72 5F 43 6F 6D 70 3A 20 
20 20 20 20 20 20 20 20 20 25 73 0A 00 00 00 00 
20 20 20 20 20 20 20 20 73 68 6F 75 6C 64 20 62 
65 3A 20 20 20 44 48 52 59 53 54 4F 4E 45 20 50 
52 4F 47 52 41 4D 2C 20 53 4F 4D 45 20 53 54 52 
49 4E 47 00 4E 65 78 74 5F 50 74 72 5F 47 6C 6F 
62 2D 3E 00 20 20 20 20 20 20 20 20 73 68 6F 75 
6C 64 20 62 65 3A 20 20 20 28 69 6D 70 6C 65 6D 
65 6E 74 61 74 69 6F 6E 2D 64 65 70 65 6E 64 65 
6E 74 29 2C 20 73 61 6D 65 20 61 73 20 61 62 6F 
76 65 00 00 49 6E 74 5F 31 5F 4C 6F 63 3A 20 20 
20 20 20 20 20 20 20 20 20 25 64 0A 00 00 00 00 
49 6E 74 5F 32 5F 4C 6F 63 3A 20 20 20 20 20 20 
20 20 20 20 20 25 64 0A 00 00 00 00 49 6E 74 5F 
33 5F 4C 6F 63 3A 20 20 20 20 20 20 20 20 20 20 
20 25 64 0A 00 00 00 00 45 6E 75 6D 5F 4C 6F 63 
3A 20 20 20 20 20 20 20 20 20 20 20 20 25 64 0A 
00 00 00 00 53 74 72 5F 31 5F 4C 6F 63 3A 20 20 
20 20 20 20 20 20 20 20 20 25 73 0A 00 00 00 00 
20 20 20 20 20 20 20 20 73 68 6F 75 6C 64 20 62 
65 3A 20 20 20 44 48 52 59 53 54 4F 4E 45 20 50 
52 4F 47 52 41 4D 2C 20 31 27 53 54 20 53 54 52 
49 4E 47 00 53 74 72 5F 32 5F 4C 6F 63 3A 20 20 
20 20 20 20 20 20 20 20 20 25 73 0A 00 00 00 00 
20 20 20 20 20 20 20 20 73 68 6F 75 6C 64 20 62 
65 3A 20 20 20 44 48 52 59 53 54 4F 4E 45 20 50 
52 4F 47 52 41 4D 2C 20 32 27 4E 44 20 53 54 52 
49 4E 47 00 4E 75 6D 62 65 72 5F 4F 66 5F 52 75 
6E 73 3A 20 25 64 0A 00 55 73 65 72 5F 54 69 6D 
65 3A 20 25 64 20 63 79 63 6C 65 73 2C 20 25 64 
20 69 6E 73 6E 0A 00 00 43 79 63 6C 65 73 5F 50 
65 72 5F 49 6E 73 74 72 75 63 74 69 6F 6E 3A 20 
25 64 2E 25 64 25 64 25 64 0A 00 00 44 68 72 79 
73 74 6F 6E 65 73 5F 50 65 72 5F 53 65 63 6F 6E 
64 5F 50 65 72 5F 4D 48 7A 3A 20 25 64 0A 00 00 
44 4D 49 50 53 5F 50 65 72 5F 4D 48 7A 3A 20 25 
64 2E 25 64 25 64 25 64 0A 00 00 00 44 48 52 59 
53 54 4F 4E 45 20 50 52 4F 47 52 41 4D 2C 20 31 
27 53 54 20 53 54 52 49 4E 47 00 00 44 48 52 59 
53 54 4F 4E 45 20 50 52 4F 47 52 41 4D 2C 20 32 
27 4E 44 20 53 54 52 49 4E 47 00 00 44 48 52 59 
53 54 4F 4E 45 20 50 52 4F 47 52 41 4D 2C 20 33 
27 52 44 20 53 54 52 49 4E 47 00 00 55 6E 69 6D 
70 6C 65 6D 65 6E 74 65 64 20 73 79 73 74 65 6D 
20 63 61 6C 6C 20 63 61 6C 6C 65 64 21 0A 00 00 
B0 14 01 00 4C 26 01 00 4C 26 01 00 C4 14 01 00 
4C 26 01 00 4C 26 01 00 4C 26 01 00 60 14 01 00 
4C 26 01 00 4C 26 01 00 CC 14 01 00 EC 14 01 00 
4C 26 01 00 E4 14 01 00 F4 14 01 00 4C 26 01 00 
4C 15 01 00 54 15 01 00 54 15 01 00 54 15 01 00 
54 15 01 00 54 15 01 00 54 15 01 00 54 15 01 00 
54 15 01 00 54 15 01 00 4C 26 01 00 4C 26 01 00 
4C 26 01 00 4C 26 01 00 4C 26 01 00 4C 26 01 00 
4C 26 01 00 68 19 01 00 4C 26 01 00 E4 15 01 00 
B0 18 01 00 68 19 01 00 68 19 01 00 68 19 01 00 
4C 26 01 00 4C 26 01 00 4C 26 01 00 4C 26 01 00 
84 15 01 00 4C 26 01 00 4C 26 01 00 B0 22 01 00 
4C 26 01 00 4C 26 01 00 4C 26 01 00 58 23 01 00 
4C 26 01 00 A4 23 01 00 4C 26 01 00 4C 26 01 00 
0C 24 01 00 4C 26 01 00 4C 26 01 00 4C 26 01 00 
4C 26 01 00 4C 26 01 00 4C 26 01 00 4C 26 01 00 
4C 26 01 00 68 19 01 00 4C 26 01 00 E4 15 01 00 
B4 18 01 00 68 19 01 00 68 19 01 00 68 19 01 00 
8C 15 01 00 B4 18 01 00 D4 15 01 00 4C 26 01 00 
B8 15 01 00 4C 26 01 00 44 22 01 00 B4 22 01 00 
20 23 01 00 D4 15 01 00 4C 26 01 00 58 23 01 00 
A8 14 01 00 A8 23 01 00 4C 26 01 00 4C 26 01 00 
64 24 01 00 4C 26 01 00 A8 14 01 00 20 20 20 20 
20 20 20 20 20 20 20 20 20 20 20 20 30 30 30 30 
30 30 30 30 30 30 30 30 30 30 30 30 49 4E 46 00 
69 6E 66 00 4E 41 4E 00 6E 61 6E 00 30 31 32 33 
34 35 36 37 38 39 61 62 63 64 65 66 00 00 00 00 
30 31 32 33 34 35 36 37 38 39 41 42 43 44 45 46 
00 00 00 00 30 00 00 00 00 00 00 00 00 00 00 00 
00 00 00 00 00 00 00 00 00 00 00 00 76 65 92 4A 
4A 80 3F 15 4C C9 9A 97 20 8A 02 52 60 C4 25 75 
32 6A 52 CE 9A 32 CE 28 4D A7 E4 5D 3D C5 5D 3B 
8B 9E 92 5A 6C 52 CE 50 8B F1 28 3D 0D 65 17 0C 
75 81 86 75 76 C9 48 4D 66 9C F8 58 50 BC 54 5C 
65 CC C6 91 0E A6 AE A0 19 E3 A3 46 1E 85 B7 EA 
FE 98 1B 90 BB DD 8D DE F9 9D FB EB 7E AA 51 43 
35 02 37 01 B1 36 6C 33 6F C6 DF 8C E9 80 C9 47 
BA 93 A8 41 F8 50 FB 25 6B C7 71 6B BF 3C D5 A6 
CF FF 49 1F 78 C2 D3 40 00 00 00 00 00 00 00 00 
20 F0 9D B5 70 2B A8 AD C5 9D 69 40 00 00 00 00 
00 00 00 00 00 00 00 00 00 04 BF C9 1B 8E 34 40 
00 00 00 00 00 00 00 00 00 00 00 00 00 00 00 20 
BC BE 19 40 00 00 00 00 00 00 00 00 00 00 00 00 
00 00 00 00 40 9C 0C 40 00 00 00 00 00 00 00 00 
00 00 00 00 00 00 00 00 00 C8 05 40 00 00 00 00 
00 00 00 00 00 00 00 00 00 00 00 00 00 A0 02 40 
00 00 00 00 00 00 00 00 00 00 00 00 00 00 00 00 
00 80 FF 3F FF FF FE FF FC FF F8 FF F0 FF E0 FF 
C0 FF 80 FF 00 FF 00 FE 00 FC 00 F8 00 F0 00 E0 
00 C0 00 80 00 00 00 00 30 20 FC CF C3 A1 23 81 
E3 2D DE 9F CE D2 C8 04 DD A6 D8 0A 64 82 CB D2 
EA F2 D4 12 25 49 E4 2D 36 34 4F 53 AE CE 6B 25 
3F F5 98 F6 D3 6B 58 01 A6 87 BD C0 57 DA A5 82 
A6 A2 B5 32 31 E7 D4 04 F2 E3 32 D3 32 71 1C D2 
23 DB 32 EE 49 90 5A 39 3E A2 08 53 FB FE 55 11 
91 FA 39 19 7A 63 25 43 31 C0 AC 3C 6D E2 DE DB 
5D D0 F6 B3 7C AC A0 E4 BC 64 7C 46 D0 DD 55 3E 
20 2A 24 62 B3 47 D7 98 23 3F A5 E9 39 A5 27 EA 
7F A8 2A 3F 5B 0B F2 4A 81 A5 ED 18 DE 67 BA 94 
39 45 AD 1E B1 CF 94 3F 71 BF B3 A9 89 79 68 BE 
2E 4C 5B E1 4D C4 BE 94 95 E6 C9 3F 4D 3D 3D 7C 
BA 36 2B 0D C2 FD FC CE 61 84 11 77 CC AB E4 3F 
55 C1 A8 A4 4E 40 13 61 C3 D3 2B 65 19 E2 58 17 
B7 D1 F1 3F 0A D7 A3 70 3D 0A D7 A3 70 3D 0A D7 
A3 70 3D 0A D7 A3 F8 3F CD CC CC CC CC CC CC CC 
CC CC CC CC CC CC CC CC CC CC FB 3F 20 4E 61 4E 
20 00 00 00 20 2D 49 6E 66 69 6E 69 74 79 20 00 
20 49 6E 66 69 6E 69 74 79 20 00 00 4E 61 4E 00 
45 25 64 00 43 00 00 00 50 4F 53 49 58 00 00 00 
2E 00 00 00 00 00 00 00 05 00 00 00 19 00 00 00 
7D 00 00 00 00 00 00 00 00 00 00 00 00 00 F0 3F 
00 00 00 00 00 00 24 40 00 00 00 00 00 00 59 40 
00 00 00 00 00 40 8F 40 00 00 00 00 00 88 C3 40 
00 00 00 00 00 6A F8 40 00 00 00 00 80 84 2E 41 
00 00 00 00 D0 12 63 41 00 00 00 00 84 D7 97 41 
00 00 00 00 65 CD CD 41 00 00 00 20 5F A0 02 42 
00 00 00 E8 76 48 37 42 00 00 00 A2 94 1A 6D 42 
00 00 40 E5 9C 30 A2 42 00 00 90 1E C4 BC D6 42 
00 00 34 26 F5 6B 0C 43 00 80 E0 37 79 C3 41 43 
00 A0 D8 85 57 34 76 43 00 C8 4E 67 6D C1 AB 43 
00 3D 91 60 E4 58 E1 43 40 8C B5 78 1D AF 15 44 
50 EF E2 D6 E4 1A 4B 44 92 D5 4D 06 CF F0 80 44 
F6 4A E1 C7 02 2D B5 44 B4 9D D9 79 43 78 EA 44 
BC 89 D8 97 B2 D2 9C 3C 33 A7 A8 D5 23 F6 49 39 
3D A7 F4 44 FD 0F A5 32 9D 97 8C CF 08 BA 5B 25 
43 6F AC 64 28 06 C8 0A 00 80 E0 37 79 C3 41 43 
17 6E 05 B5 B5 B8 93 46 F5 F9 3F E9 03 4F 38 4D 
32 1D 30 F9 48 77 82 5A 3C BF 73 7F DD 4F 15 75 
B4 82 01 00 8C 94 01 00 8C 94 01 00 C8 82 01 00 
8C 94 01 00 8C 94 01 00 8C 94 01 00 64 82 01 00 
8C 94 01 00 8C 94 01 00 D0 82 01 00 F0 82 01 00 
8C 94 01 00 E8 82 01 00 F8 82 01 00 8C 94 01 00 
50 83 01 00 58 83 01 00 58 83 01 00 58 83 01 00 
58 83 01 00 58 83 01 00 58 83 01 00 58 83 01 00 
58 83 01 00 58 83 01 00 8C 94 01 00 8C 94 01 00 
8C 94 01 00 8C 94 01 00 8C 94 01 00 8C 94 01 00 
8C 94 01 00 6C 87 01 00 8C 94 01 00 E8 83 01 00 
B4 86 01 00 6C 87 01 00 6C 87 01 00 6C 87 01 00 
8C 94 01 00 8C 94 01 00 8C 94 01 00 8C 94 01 00 
88 83 01 00 8C 94 01 00 8C 94 01 00 F0 90 01 00 
8C 94 01 00 8C 94 01 00 8C 94 01 00 98 91 01 00 
8C 94 01 00 E4 91 01 00 8C 94 01 00 8C 94 01 00 
4C 92 01 00 8C 94 01 00 8C 94 01 00 8C 94 01 00 
8C 94 01 00 8C 94 01 00 8C 94 01 00 8C 94 01 00 
8C 94 01 00 6C 87 01 00 8C 94 01 00 E8 83 01 00 
B8 86 01 00 6C 87 01 00 6C 87 01 00 6C 87 01 00 
90 83 01 00 B8 86 01 00 D8 83 01 00 8C 94 01 00 
BC 83 01 00 8C 94 01 00 84 90 01 00 F4 90 01 00 
60 91 01 00 D8 83 01 00 8C 94 01 00 98 91 01 00 
AC 82 01 00 E8 91 01 00 8C 94 01 00 8C 94 01 00 
A4 92 01 00 8C 94 01 00 AC 82 01 00 20 20 20 20 
20 20 20 20 20 20 20 20 20 20 20 20 30 30 30 30 
30 30 30 30 30 30 30 30 30 30 30 30 74 A3 01 00 
6C AB 01 00 6C AB 01 00 88 A3 01 00 6C AB 01 00 
6C AB 01 00 6C AB 01 00 24 A3 01 00 6C AB 01 00 
6C AB 01 00 90 A3 01 00 A8 A3 01 00 6C AB 01 00 
A0 A3 01 00 B0 A3 01 00 6C AB 01 00 00 A4 01 00 
08 A4 01 00 08 A4 01 00 08 A4 01 00 08 A4 01 00 
08 A4 01 00 08 A4 01 00 08 A4 01 00 08 A4 01 00 
08 A4 01 00 6C AB 01 00 6C AB 01 00 6C AB 01 00 
6C AB 01 00 6C AB 01 00 6C AB 01 00 6C AB 01 00 
6C AB 01 00 6C AB 01 00 70 A4 01 00 90 A4 01 00 
6C AB 01 00 6C AB 01 00 6C AB 01 00 6C AB 01 00 
6C AB 01 00 6C AB 01 00 6C AB 01 00 6C AB 01 00 
6C AB 01 00 6C AB 01 00 8C A5 01 00 6C AB 01 00 
6C AB 01 00 6C AB 01 00 24 A6 01 00 6C AB 01 00 
10 A9 01 00 6C AB 01 00 6C AB 01 00 70 A9 01 00 
6C AB 01 00 6C AB 01 00 6C AB 01 00 6C AB 01 00 
6C AB 01 00 6C AB 01 00 6C AB 01 00 6C AB 01 00 
6C AB 01 00 6C AB 01 00 70 A4 01 00 94 A4 01 00 
6C AB 01 00 6C AB 01 00 6C AB 01 00 30 A4 01 00 
94 A4 01 00 60 A4 01 00 6C AB 01 00 50 A4 01 00 
6C AB 01 00 3C A5 01 00 90 A5 01 00 F4 A5 01 00 
60 A4 01 00 6C AB 01 00 24 A6 01 00 6C A3 01 00 
14 A9 01 00 6C AB 01 00 6C AB 01 00 D4 A2 01 00 
6C AB 01 00 6C A3 01 00 20 20 20 20 20 20 20 20 
20 20 20 20 20 20 20 20 30 30 30 30 30 30 30 30 
30 30 30 30 30 30 30 30 00 20 20 20 20 20 20 20 
20 20 28 28 28 28 28 20 20 20 20 20 20 20 20 20 
20 20 20 20 20 20 20 20 20 88 10 10 10 10 10 10 
10 10 10 10 10 10 10 10 10 04 04 04 04 04 04 04 
04 04 04 10 10 10 10 10 10 10 41 41 41 41 41 41 
01 01 01 01 01 01 01 01 01 01 01 01 01 01 01 01 
01 01 01 01 10 10 10 10 10 10 42 42 42 42 42 42 
02 02 02 02 02 02 02 02 02 02 02 02 02 02 02 02 
02 02 02 02 10 10 10 10 20 00 00 00 00 00 00 00 
00 00 00 00 00 00 00 00 00 00 00 00 00 00 00 00 
00 00 00 00 00 00 00 00 00 00 00 00 00 00 00 00 
00 00 00 00 00 00 00 00 00 00 00 00 00 00 00 00 
00 00 00 00 00 00 00 00 00 00 00 00 00 00 00 00 
00 00 00 00 00 00 00 00 00 00 00 00 00 00 00 00 
00 00 00 00 00 00 00 00 00 00 00 00 00 00 00 00 
00 00 00 00 00 00 00 00 00 00 00 00 00 00 00 00 
00 00 00 00 00 00 00 00 00 00 00 00 40 B7 01 00 
38 BF 01 00 38 BF 01 00 54 B7 01 00 38 BF 01 00 
38 BF 01 00 38 BF 01 00 F0 B6 01 00 38 BF 01 00 
38 BF 01 00 5C B7 01 00 74 B7 01 00 38 BF 01 00 
6C B7 01 00 7C B7 01 00 38 BF 01 00 CC B7 01 00 
D4 B7 01 00 D4 B7 01 00 D4 B7 01 00 D4 B7 01 00 
D4 B7 01 00 D4 B7 01 00 D4 B7 01 00 D4 B7 01 00 
D4 B7 01 00 38 BF 01 00 38 BF 01 00 38 BF 01 00 
38 BF 01 00 38 BF 01 00 38 BF 01 00 38 BF 01 00 
38 BF 01 00 38 BF 01 00 3C B8 01 00 5C B8 01 00 
38 BF 01 00 38 BF 01 00 38 BF 01 00 38 BF 01 00 
38 BF 01 00 38 BF 01 00 38 BF 01 00 38 BF 01 00 
38 BF 01 00 38 BF 01 00 58 B9 01 00 38 BF 01 00 
38 BF 01 00 38 BF 01 00 F0 B9 01 00 38 BF 01 00 
DC BC 01 00 38 BF 01 00 38 BF 01 00 3C BD 01 00 
38 BF 01 00 38 BF 01 00 38 BF 01 00 38 BF 01 00 
38 BF 01 00 38 BF 01 00 38 BF 01 00 38 BF 01 00 
38 BF 01 00 38 BF 01 00 3C B8 01 00 60 B8 01 00 
38 BF 01 00 38 BF 01 00 38 BF 01 00 FC B7 01 00 
60 B8 01 00 2C B8 01 00 38 BF 01 00 1C B8 01 00 
38 BF 01 00 08 B9 01 00 5C B9 01 00 C0 B9 01 00 
2C B8 01 00 38 BF 01 00 F0 B9 01 00 38 B7 01 00 
E0 BC 01 00 38 BF 01 00 38 BF 01 00 A0 B6 01 00 
38 BF 01 00 38 B7 01 00 20 20 20 20 20 20 20 20 
20 20 20 20 20 20 20 20 30 30 30 30 30 30 30 30 
30 30 30 30 30 30 30 30 BC D0 01 00 D0 CF 01 00 
DC CF 01 00 D0 CF 01 00 A8 D0 01 00 D0 CF 01 00 
DC CF 01 00 BC D0 01 00 BC D0 01 00 A8 D0 01 00 
DC CF 01 00 A8 CF 01 00 A8 CF 01 00 A8 CF 01 00 
E4 CF 01 00 90 D5 01 00 90 D5 01 00 B4 D5 01 00 
84 D5 01 00 84 D5 01 00 74 D6 01 00 B4 D5 01 00 
84 D5 01 00 74 D6 01 00 84 D5 01 00 B4 D5 01 00 
80 D5 01 00 80 D5 01 00 80 D5 01 00 74 D6 01 00 
84 E7 01 00 84 E7 01 00 80 E7 01 00 34 E7 01 00 
34 E7 01 00 EC E9 01 00 80 E7 01 00 34 E7 01 00 
EC E9 01 00 34 E7 01 00 80 E7 01 00 30 E7 01 00 
30 E7 01 00 30 E7 01 00 EC E9 01 00 00 01 02 02 
03 03 03 03 04 04 04 04 04 04 04 04 05 05 05 05 
05 05 05 05 05 05 05 05 05 05 05 05 06 06 06 06 
06 06 06 06 06 06 06 06 06 06 06 06 06 06 06 06 
06 06 06 06 06 06 06 06 06 06 06 06 07 07 07 07 
07 07 07 07 07 07 07 07 07 07 07 07 07 07 07 07 
07 07 07 07 07 07 07 07 07 07 07 07 07 07 07 07 
07 07 07 07 07 07 07 07 07 07 07 07 07 07 07 07 
07 07 07 07 07 07 07 07 07 07 07 07 08 08 08 08 
08 08 08 08 08 08 08 08 08 08 08 08 08 08 08 08 
08 08 08 08 08 08 08 08 08 08 08 08 08 08 08 08 
08 08 08 08 08 08 08 08 08 08 08 08 08 08 08 08 
08 08 08 08 08 08 08 08 08 08 08 08 08 08 08 08 
08 08 08 08 08 08 08 08 08 08 08 08 08 08 08 08 
08 08 08 08 08 08 08 08 08 08 08 08 08 08 08 08 
08 08 08 08 08 08 08 08 08 08 08 08 08 08 08 08 
08 08 08 08 08 08 08 08 08 08 08 08 
@0002325C
10 00 00 00 00 00 00 00 01 7A 52 00 01 7C 01 01 
1B 0D 02 00 10 00 00 00 18 00 00 00 5C 8F FF FF 
34 04 00 00 00 00 00 00 10 00 00 00 2C 00 00 00 
7C 93 FF FF 10 04 00 00 00 00 00 00 00 00 00 00 
@0002329C
04 01 01 00 
@000232A0
B0 00 01 00 
@000232A8
00 00 00 00 94 35 02 00 FC 35 02 00 64 36 02 00 
00 00 00 00 00 00 00 00 00 00 00 00 00 00 00 00 
00 00 00 00 00 00 00 00 00 00 00 00 00 00 00 00 
00 00 00 00 00 00 00 00 00 00 00 00 00 00 00 00 
00 00 00 00 00 00 00 00 00 00 00 00 00 00 00 00 
00 00 00 00 00 00 00 00 00 00 00 00 00 00 00 00 
00 00 00 00 00 00 00 00 00 00 00 00 00 00 00 00 
00 00 00 00 00 00 00 00 00 00 00 00 00 00 00 00 
00 00 00 00 00 00 00 00 00 00 00 00 00 00 00 00 
00 00 00 00 00 00 00 00 00 00 00 00 00 00 00 00 
00 00 00 00 00 00 00 00 01 00 00 00 00 00 00 00 
0E 33 CD AB 34 12 6D E6 EC DE 05 00 0B 00 00 00 
00 00 00 00 00 00 00 00 00 00 00 00 00 00 00 00 
00 00 00 00 00 00 00 00 00 00 00 00 00 00 00 00 
00 00 00 00 00 00 00 00 00 00 00 00 00 00 00 00 
00 00 00 00 00 00 00 00 00 00 00 00 00 00 00 00 
00 00 00 00 00 00 00 00 00 00 00 00 00 00 00 00 
00 00 00 00 00 00 00 00 00 00 00 00 00 00 00 00 
00 00 00 00 00 00 00 00 00 00 00 00 00 00 00 00 
00 00 00 00 00 00 00 00 00 00 00 00 00 00 00 00 
00 00 00 00 00 00 00 00 00 00 00 00 00 00 00 00 
00 00 00 00 00 00 00 00 00 00 00 00 00 00 00 00 
00 00 00 00 00 00 00 00 00 00 00 00 00 00 00 00 
00 00 00 00 00 00 00 00 00 00 00 00 00 00 00 00 
00 00 00 00 00 00 00 00 00 00 00 00 00 00 00 00 
00 00 00 00 00 00 00 00 00 00 00 00 00 00 00 00 
00 00 00 00 00 00 00 00 00 00 00 00 00 00 00 00 
00 00 00 00 00 00 00 00 00 00 00 00 00 00 00 00 
00 00 00 00 00 00 00 00 00 00 00 00 00 00 00 00 
00 00 00 00 00 00 00 00 00 00 00 00 00 00 00 00 
00 00 00 00 00 00 00 00 00 00 00 00 00 00 00 00 
00 00 00 00 00 00 00 00 00 00 00 00 00 00 00 00 
00 00 00 00 00 00 00 00 00 00 00 00 00 00 00 00 
00 00 00 00 00 00 00 00 00 00 00 00 00 00 00 00 
00 00 00 00 00 00 00 00 00 00 00 00 00 00 00 00 
00 00 00 00 00 00 00 00 00 00 00 00 00 00 00 00 
00 00 00 00 00 00 00 00 00 00 00 00 00 00 00 00 
00 00 00 00 00 00 00 00 00 00 00 00 00 00 00 00 
00 00 00 00 00 00 00 00 00 00 00 00 00 00 00 00 
00 00 00 00 00 00 00 00 00 00 00 00 00 00 00 00 
00 00 00 00 00 00 00 00 00 00 00 00 00 00 00 00 
00 00 00 00 00 00 00 00 00 00 00 00 00 00 00 00 
00 00 00 00 00 00 00 00 00 00 00 00 00 00 00 00 
00 00 00 00 00 00 00 00 00 00 00 00 00 00 00 00 
00 00 00 00 00 00 00 00 00 00 00 00 00 00 00 00 
00 00 00 00 00 00 00 00 00 00 00 00 00 00 00 00 
00 00 00 00 00 00 00 00 00 00 00 00 00 00 00 00 
00 00 00 00 00 00 00 00 00 00 00 00 00 00 00 00 
00 00 00 00 00 00 00 00 00 00 00 00 00 00 00 00 
00 00 00 00 00 00 00 00 00 00 00 00 00 00 00 00 
00 00 00 00 00 00 00 00 00 00 00 00 00 00 00 00 
00 00 00 00 00 00 00 00 00 00 00 00 00 00 00 00 
00 00 00 00 00 00 00 00 00 00 00 00 00 00 00 00 
00 00 00 00 00 00 00 00 00 00 00 00 00 00 00 00 
00 00 00 00 00 00 00 00 00 00 00 00 00 00 00 00 
00 00 00 00 00 00 00 00 00 00 00 00 00 00 00 00 
00 00 00 00 00 00 00 00 00 00 00 00 00 00 00 00 
00 00 00 00 00 00 00 00 00 00 00 00 00 00 00 00 
00 00 00 00 00 00 00 00 00 00 00 00 00 00 00 00 
00 00 00 00 00 00 00 00 00 00 00 00 00 00 00 00 
00 00 00 00 00 00 00 00 00 00 00 00 00 00 00 00 
00 00 00 00 00 00 00 00 00 00 00 00 00 00 00 00 
00 00 00 00 00 00 00 00 00 00 00 00 00 00 00 00 
00 00 00 00 00 00 00 00 00 00 00 00 00 00 00 00 
00 00 00 00 00 00 00 00 00 00 00 00 00 00 00 00 
00 00 00 00 00 00 00 00 00 00 00 00 00 00 00 00 
00 00 00 00 00 00 00 00 00 00 00 00 00 00 00 00 
D0 36 02 00 D0 36 02 00 D8 36 02 00 D8 36 02 00 
E0 36 02 00 E0 36 02 00 E8 36 02 00 E8 36 02 00 
F0 36 02 00 F0 36 02 00 F8 36 02 00 F8 36 02 00 
00 37 02 00 00 37 02 00 08 37 02 00 08 37 02 00 
10 37 02 00 10 37 02 00 18 37 02 00 18 37 02 00 
20 37 02 00 20 37 02 00 28 37 02 00 28 37 02 00 
30 37 02 00 30 37 02 00 38 37 02 00 38 37 02 00 
40 37 02 00 40 37 02 00 48 37 02 00 48 37 02 00 
50 37 02 00 50 37 02 00 58 37 02 00 58 37 02 00 
60 37 02 00 60 37 02 00 68 37 02 00 68 37 02 00 
70 37 02 00 70 37 02 00 78 37 02 00 78 37 02 00 
80 37 02 00 80 37 02 00 88 37 02 00 88 37 02 00 
90 37 02 00 90 37 02 00 98 37 02 00 98 37 02 00 
A0 37 02 00 A0 37 02 00 A8 37 02 00 A8 37 02 00 
B0 37 02 00 B0 37 02 00 B8 37 02 00 B8 37 02 00 
C0 37 02 00 C0 37 02 00 C8 37 02 00 C8 37 02 00 
D0 37 02 00 D0 37 02 00 D8 37 02 00 D8 37 02 00 
E0 37 02 00 E0 37 02 00 E8 37 02 00 E8 37 02 00 
F0 37 02 00 F0 37 02 00 F8 37 02 00 F8 37 02 00 
00 38 02 00 00 38 02 00 08 38 02 00 08 38 02 00 
10 38 02 00 10 38 02 00 18 38 02 00 18 38 02 00 
20 38 02 00 20 38 02 00 28 38 02 00 28 38 02 00 
30 38 02 00 30 38 02 00 38 38 02 00 38 38 02 00 
40 38 02 00 40 38 02 00 48 38 02 00 48 38 02 00 
50 38 02 00 50 38 02 00 58 38 02 00 58 38 02 00 
60 38 02 00 60 38 02 00 68 38 02 00 68 38 02 00 
70 38 02 00 70 38 02 00 78 38 02 00 78 38 02 00 
80 38 02 00 80 38 02 00 88 38 02 00 88 38 02 00 
90 38 02 00 90 38 02 00 98 38 02 00 98 38 02 00 
A0 38 02 00 A0 38 02 00 A8 38 02 00 A8 38 02 00 
B0 38 02 00 B0 38 02 00 B8 38 02 00 B8 38 02 00 
C0 38 02 00 C0 38 02 00 C8 38 02 00 C8 38 02 00 
D0 38 02 00 D0 38 02 00 D8 38 02 00 D8 38 02 00 
E0 38 02 00 E0 38 02 00 E8 38 02 00 E8 38 02 00 
F0 38 02 00 F0 38 02 00 F8 38 02 00 F8 38 02 00 
00 39 02 00 00 39 02 00 08 39 02 00 08 39 02 00 
10 39 02 00 10 39 02 00 18 39 02 00 18 39 02 00 
20 39 02 00 20 39 02 00 28 39 02 00 28 39 02 00 
30 39 02 00 30 39 02 00 38 39 02 00 38 39 02 00 
40 39 02 00 40 39 02 00 48 39 02 00 48 39 02 00 
50 39 02 00 50 39 02 00 58 39 02 00 58 39 02 00 
60 39 02 00 60 39 02 00 68 39 02 00 68 39 02 00 
70 39 02 00 70 39 02 00 78 39 02 00 78 39 02 00 
80 39 02 00 80 39 02 00 88 39 02 00 88 39 02 00 
90 39 02 00 90 39 02 00 98 39 02 00 98 39 02 00 
A0 39 02 00 A0 39 02 00 A8 39 02 00 A8 39 02 00 
B0 39 02 00 B0 39 02 00 B8 39 02 00 B8 39 02 00 
C0 39 02 00 C0 39 02 00 C8 39 02 00 C8 39 02 00 
D0 39 02 00 D0 39 02 00 D8 39 02 00 D8 39 02 00 
E0 39 02 00 E0 39 02 00 E8 39 02 00 E8 39 02 00 
F0 39 02 00 F0 39 02 00 F8 39 02 00 F8 39 02 00 
00 3A 02 00 00 3A 02 00 08 3A 02 00 08 3A 02 00 
10 3A 02 00 10 3A 02 00 18 3A 02 00 18 3A 02 00 
20 3A 02 00 20 3A 02 00 28 3A 02 00 28 3A 02 00 
30 3A 02 00 30 3A 02 00 38 3A 02 00 38 3A 02 00 
40 3A 02 00 40 3A 02 00 48 3A 02 00 48 3A 02 00 
50 3A 02 00 50 3A 02 00 58 3A 02 00 58 3A 02 00 
60 3A 02 00 60 3A 02 00 68 3A 02 00 68 3A 02 00 
70 3A 02 00 70 3A 02 00 78 3A 02 00 78 3A 02 00 
80 3A 02 00 80 3A 02 00 88 3A 02 00 88 3A 02 00 
90 3A 02 00 90 3A 02 00 98 3A 02 00 98 3A 02 00 
A0 3A 02 00 A0 3A 02 00 A8 3A 02 00 A8 3A 02 00 
B0 3A 02 00 B0 3A 02 00 B8 3A 02 00 B8 3A 02 00 
C0 3A 02 00 C0 3A 02 00 C8 3A 02 00 C8 3A 02 00 
43 00 00 00 00 00 00 00 00 00 00 00 00 00 00 00 
00 00 00 00 00 00 00 00 00 00 00 00 00 00 00 00 
43 00 00 00 00 00 00 00 00 00 00 00 00 00 00 00 
00 00 00 00 00 00 00 00 00 00 00 00 00 00 00 00 
43 00 00 00 00 00 00 00 00 00 00 00 00 00 00 00 
00 00 00 00 00 00 00 00 00 00 00 00 00 00 00 00 
43 00 00 00 00 00 00 00 00 00 00 00 00 00 00 00 
00 00 00 00 00 00 00 00 00 00 00 00 00 00 00 00 
43 00 00 00 00 00 00 00 00 00 00 00 00 00 00 00 
00 00 00 00 00 00 00 00 00 00 00 00 00 00 00 00 
43 00 00 00 00 00 00 00 00 00 00 00 00 00 00 00 
00 00 00 00 00 00 00 00 00 00 00 00 00 00 00 00 
43 00 00 00 00 00 00 00 00 00 00 00 00 00 00 00 
00 00 00 00 00 00 00 00 00 00 00 00 00 00 00 00 
1C AE 01 00 B0 66 01 00 00 00 00 00 18 1E 02 00 
D0 19 02 00 68 11 02 00 68 11 02 00 68 11 02 00 
68 11 02 00 68 11 02 00 68 11 02 00 68 11 02 00 
68 11 02 00 68 11 02 00 FF FF FF FF FF FF FF FF 
FF FF FF FF FF FF 00 00 01 00 41 53 43 49 49 00 
00 00 00 00 00 00 00 00 00 00 00 00 00 00 00 00 
00 00 00 00 00 00 00 00 00 00 41 53 43 49 49 00 
00 00 00 00 00 00 00 00 00 00 00 00 00 00 00 00 
00 00 00 00 00 00 00 00 00 00 00 00 
@00023C48
00 00 00 00 00 00 F0 3F 00 00 00 00 00 00 24 40 
00 00 00 00 00 00 50 43 A8 32 02 00 00 00 00 00 
A8 32 02 00 FF FF FF FF 00 00 02 00 
